[0.132s] DEBUG:colcon:Command line arguments: ['/usr/bin/colcon', 'build', '--packages-skip', 'ros_gz', 'ros_gz_sim', 'ros_gz_bridge', 'ros_gz_image', 'ros_gz_interfaces', 'ros_gz_point_cloud', 'ros_gz_sim_demos', 'test_ros_gz_bridge', '--cmake-args', '-DCMAKE_EXE_LINKER_FLAGS=-lcurl']
[0.133s] DEBUG:colcon:Parsed command line arguments: Namespace(log_base=None, log_level=None, verb_name='build', build_base='build', install_base='install', merge_install=False, symlink_install=False, test_result_base=None, continue_on_error=False, executor='parallel', parallel_workers=4, event_handlers=None, ignore_user_meta=False, metas=['./colcon.meta'], base_paths=['.'], packages_ignore=None, packages_ignore_regex=None, paths=None, packages_up_to=None, packages_up_to_regex=None, packages_above=None, packages_above_and_dependencies=None, packages_above_depth=None, packages_select_by_dep=None, packages_skip_by_dep=None, packages_skip_up_to=None, packages_select_build_failed=False, packages_skip_build_finished=False, packages_select_test_failures=False, packages_skip_test_passed=False, packages_select=None, packages_skip=['ros_gz', 'ros_gz_sim', 'ros_gz_bridge', 'ros_gz_image', 'ros_gz_interfaces', 'ros_gz_point_cloud', 'ros_gz_sim_demos', 'test_ros_gz_bridge'], packages_select_regex=None, packages_skip_regex=None, packages_start=None, packages_end=None, allow_overriding=[], cmake_args=['-DCMAKE_EXE_LINKER_FLAGS=-lcurl'], cmake_target=None, cmake_target_skip_unavailable=False, cmake_clean_cache=False, cmake_clean_first=False, cmake_force_configure=False, ament_cmake_args=None, catkin_cmake_args=None, catkin_skip_building_tests=False, mixin_files=None, mixin=None, verb_parser=<colcon_mixin.mixin.mixin_argument.MixinArgumentDecorator object at 0x769868600a10>, verb_extension=<colcon_core.verb.build.BuildVerb object at 0x769868600650>, main=<bound method BuildVerb.main of <colcon_core.verb.build.BuildVerb object at 0x769868600650>>, mixin_verb=('build',))
[0.175s] Level 1:colcon.colcon_core.package_discovery:discover_packages(colcon_meta) check parameters
[0.175s] Level 1:colcon.colcon_core.package_discovery:discover_packages(recursive) check parameters
[0.175s] Level 1:colcon.colcon_core.package_discovery:discover_packages(ignore) check parameters
[0.175s] Level 1:colcon.colcon_core.package_discovery:discover_packages(path) check parameters
[0.175s] Level 1:colcon.colcon_core.package_discovery:discover_packages(colcon_meta) discover
[0.176s] Level 1:colcon.colcon_core.package_discovery:discover_packages(recursive) discover
[0.176s] INFO:colcon.colcon_core.package_discovery:Crawling recursively for packages in '/home/andre/ros2_ws'
[0.176s] Level 1:colcon.colcon_core.package_identification:_identify(.) by extensions ['ignore', 'ignore_ament_install']
[0.176s] Level 1:colcon.colcon_core.package_identification:_identify(.) by extension 'ignore'
[0.176s] Level 1:colcon.colcon_core.package_identification:_identify(.) by extension 'ignore_ament_install'
[0.176s] Level 1:colcon.colcon_core.package_identification:_identify(.) by extensions ['colcon_pkg']
[0.176s] Level 1:colcon.colcon_core.package_identification:_identify(.) by extension 'colcon_pkg'
[0.176s] Level 1:colcon.colcon_core.package_identification:_identify(.) by extensions ['colcon_meta']
[0.176s] Level 1:colcon.colcon_core.package_identification:_identify(.) by extension 'colcon_meta'
[0.176s] Level 1:colcon.colcon_core.package_identification:_identify(.) by extensions ['ros']
[0.176s] Level 1:colcon.colcon_core.package_identification:_identify(.) by extension 'ros'
[0.202s] Level 1:colcon.colcon_core.package_identification:_identify(.) by extensions ['cmake', 'python']
[0.202s] Level 1:colcon.colcon_core.package_identification:_identify(.) by extension 'cmake'
[0.202s] Level 1:colcon.colcon_core.package_identification:_identify(.) by extension 'python'
[0.202s] Level 1:colcon.colcon_core.package_identification:_identify(.) by extensions ['python_setup_py']
[0.202s] Level 1:colcon.colcon_core.package_identification:_identify(.) by extension 'python_setup_py'
[0.202s] Level 1:colcon.colcon_core.package_identification:_identify(build) by extensions ['ignore', 'ignore_ament_install']
[0.202s] Level 1:colcon.colcon_core.package_identification:_identify(build) by extension 'ignore'
[0.202s] Level 1:colcon.colcon_core.package_identification:_identify(build) ignored
[0.202s] Level 1:colcon.colcon_core.package_identification:_identify(install) by extensions ['ignore', 'ignore_ament_install']
[0.203s] Level 1:colcon.colcon_core.package_identification:_identify(install) by extension 'ignore'
[0.203s] Level 1:colcon.colcon_core.package_identification:_identify(install) ignored
[0.203s] Level 1:colcon.colcon_core.package_identification:_identify(log) by extensions ['ignore', 'ignore_ament_install']
[0.203s] Level 1:colcon.colcon_core.package_identification:_identify(log) by extension 'ignore'
[0.203s] Level 1:colcon.colcon_core.package_identification:_identify(log) ignored
[0.203s] Level 1:colcon.colcon_core.package_identification:_identify(src) by extensions ['ignore', 'ignore_ament_install']
[0.203s] Level 1:colcon.colcon_core.package_identification:_identify(src) by extension 'ignore'
[0.203s] Level 1:colcon.colcon_core.package_identification:_identify(src) by extension 'ignore_ament_install'
[0.203s] Level 1:colcon.colcon_core.package_identification:_identify(src) by extensions ['colcon_pkg']
[0.203s] Level 1:colcon.colcon_core.package_identification:_identify(src) by extension 'colcon_pkg'
[0.203s] Level 1:colcon.colcon_core.package_identification:_identify(src) by extensions ['colcon_meta']
[0.203s] Level 1:colcon.colcon_core.package_identification:_identify(src) by extension 'colcon_meta'
[0.203s] Level 1:colcon.colcon_core.package_identification:_identify(src) by extensions ['ros']
[0.203s] Level 1:colcon.colcon_core.package_identification:_identify(src) by extension 'ros'
[0.203s] Level 1:colcon.colcon_core.package_identification:_identify(src) by extensions ['cmake', 'python']
[0.203s] Level 1:colcon.colcon_core.package_identification:_identify(src) by extension 'cmake'
[0.203s] Level 1:colcon.colcon_core.package_identification:_identify(src) by extension 'python'
[0.204s] Level 1:colcon.colcon_core.package_identification:_identify(src) by extensions ['python_setup_py']
[0.204s] Level 1:colcon.colcon_core.package_identification:_identify(src) by extension 'python_setup_py'
[0.204s] Level 1:colcon.colcon_core.package_identification:_identify(src/bringup) by extensions ['ignore', 'ignore_ament_install']
[0.204s] Level 1:colcon.colcon_core.package_identification:_identify(src/bringup) by extension 'ignore'
[0.204s] Level 1:colcon.colcon_core.package_identification:_identify(src/bringup) by extension 'ignore_ament_install'
[0.204s] Level 1:colcon.colcon_core.package_identification:_identify(src/bringup) by extensions ['colcon_pkg']
[0.204s] Level 1:colcon.colcon_core.package_identification:_identify(src/bringup) by extension 'colcon_pkg'
[0.204s] Level 1:colcon.colcon_core.package_identification:_identify(src/bringup) by extensions ['colcon_meta']
[0.204s] Level 1:colcon.colcon_core.package_identification:_identify(src/bringup) by extension 'colcon_meta'
[0.204s] Level 1:colcon.colcon_core.package_identification:_identify(src/bringup) by extensions ['ros']
[0.204s] Level 1:colcon.colcon_core.package_identification:_identify(src/bringup) by extension 'ros'
[0.204s] Level 1:colcon.colcon_core.package_identification:_identify(src/bringup) by extensions ['cmake', 'python']
[0.204s] Level 1:colcon.colcon_core.package_identification:_identify(src/bringup) by extension 'cmake'
[0.204s] Level 1:colcon.colcon_core.package_identification:_identify(src/bringup) by extension 'python'
[0.204s] Level 1:colcon.colcon_core.package_identification:_identify(src/bringup) by extensions ['python_setup_py']
[0.204s] Level 1:colcon.colcon_core.package_identification:_identify(src/bringup) by extension 'python_setup_py'
[0.204s] Level 1:colcon.colcon_core.package_identification:_identify(src/bringup/arm_bringup) by extensions ['ignore', 'ignore_ament_install']
[0.204s] Level 1:colcon.colcon_core.package_identification:_identify(src/bringup/arm_bringup) by extension 'ignore'
[0.205s] Level 1:colcon.colcon_core.package_identification:_identify(src/bringup/arm_bringup) by extension 'ignore_ament_install'
[0.205s] Level 1:colcon.colcon_core.package_identification:_identify(src/bringup/arm_bringup) by extensions ['colcon_pkg']
[0.205s] Level 1:colcon.colcon_core.package_identification:_identify(src/bringup/arm_bringup) by extension 'colcon_pkg'
[0.205s] Level 1:colcon.colcon_core.package_identification:_identify(src/bringup/arm_bringup) by extensions ['colcon_meta']
[0.205s] Level 1:colcon.colcon_core.package_identification:_identify(src/bringup/arm_bringup) by extension 'colcon_meta'
[0.205s] Level 1:colcon.colcon_core.package_identification:_identify(src/bringup/arm_bringup) by extensions ['ros']
[0.205s] Level 1:colcon.colcon_core.package_identification:_identify(src/bringup/arm_bringup) by extension 'ros'
[0.207s] DEBUG:colcon.colcon_core.package_identification:Package 'src/bringup/arm_bringup' with type 'ros.ament_cmake' and name 'arm_bringup'
[0.210s] Level 1:colcon.colcon_core.package_identification:_identify(src/build) by extensions ['ignore', 'ignore_ament_install']
[0.210s] Level 1:colcon.colcon_core.package_identification:_identify(src/build) by extension 'ignore'
[0.210s] Level 1:colcon.colcon_core.package_identification:_identify(src/build) ignored
[0.210s] Level 1:colcon.colcon_core.package_identification:_identify(src/external) by extensions ['ignore', 'ignore_ament_install']
[0.211s] Level 1:colcon.colcon_core.package_identification:_identify(src/external) by extension 'ignore'
[0.211s] Level 1:colcon.colcon_core.package_identification:_identify(src/external) by extension 'ignore_ament_install'
[0.211s] Level 1:colcon.colcon_core.package_identification:_identify(src/external) by extensions ['colcon_pkg']
[0.211s] Level 1:colcon.colcon_core.package_identification:_identify(src/external) by extension 'colcon_pkg'
[0.211s] Level 1:colcon.colcon_core.package_identification:_identify(src/external) by extensions ['colcon_meta']
[0.211s] Level 1:colcon.colcon_core.package_identification:_identify(src/external) by extension 'colcon_meta'
[0.211s] Level 1:colcon.colcon_core.package_identification:_identify(src/external) by extensions ['ros']
[0.211s] Level 1:colcon.colcon_core.package_identification:_identify(src/external) by extension 'ros'
[0.211s] Level 1:colcon.colcon_core.package_identification:_identify(src/external) by extensions ['cmake', 'python']
[0.211s] Level 1:colcon.colcon_core.package_identification:_identify(src/external) by extension 'cmake'
[0.211s] Level 1:colcon.colcon_core.package_identification:_identify(src/external) by extension 'python'
[0.211s] Level 1:colcon.colcon_core.package_identification:_identify(src/external) by extensions ['python_setup_py']
[0.211s] Level 1:colcon.colcon_core.package_identification:_identify(src/external) by extension 'python_setup_py'
[0.212s] Level 1:colcon.colcon_core.package_identification:_identify(src/external/realsense-ros) by extensions ['ignore', 'ignore_ament_install']
[0.212s] Level 1:colcon.colcon_core.package_identification:_identify(src/external/realsense-ros) by extension 'ignore'
[0.212s] Level 1:colcon.colcon_core.package_identification:_identify(src/external/realsense-ros) by extension 'ignore_ament_install'
[0.212s] Level 1:colcon.colcon_core.package_identification:_identify(src/external/realsense-ros) by extensions ['colcon_pkg']
[0.212s] Level 1:colcon.colcon_core.package_identification:_identify(src/external/realsense-ros) by extension 'colcon_pkg'
[0.212s] Level 1:colcon.colcon_core.package_identification:_identify(src/external/realsense-ros) by extensions ['colcon_meta']
[0.212s] Level 1:colcon.colcon_core.package_identification:_identify(src/external/realsense-ros) by extension 'colcon_meta'
[0.212s] Level 1:colcon.colcon_core.package_identification:_identify(src/external/realsense-ros) by extensions ['ros']
[0.212s] Level 1:colcon.colcon_core.package_identification:_identify(src/external/realsense-ros) by extension 'ros'
[0.212s] Level 1:colcon.colcon_core.package_identification:_identify(src/external/realsense-ros) by extensions ['cmake', 'python']
[0.212s] Level 1:colcon.colcon_core.package_identification:_identify(src/external/realsense-ros) by extension 'cmake'
[0.212s] Level 1:colcon.colcon_core.package_identification:_identify(src/external/realsense-ros) by extension 'python'
[0.212s] Level 1:colcon.colcon_core.package_identification:_identify(src/external/realsense-ros) by extensions ['python_setup_py']
[0.212s] Level 1:colcon.colcon_core.package_identification:_identify(src/external/realsense-ros) by extension 'python_setup_py'
[0.212s] Level 1:colcon.colcon_core.package_identification:_identify(src/external/ros_gz) by extensions ['ignore', 'ignore_ament_install']
[0.213s] Level 1:colcon.colcon_core.package_identification:_identify(src/external/ros_gz) by extension 'ignore'
[0.213s] Level 1:colcon.colcon_core.package_identification:_identify(src/external/ros_gz) by extension 'ignore_ament_install'
[0.213s] Level 1:colcon.colcon_core.package_identification:_identify(src/external/ros_gz) by extensions ['colcon_pkg']
[0.213s] Level 1:colcon.colcon_core.package_identification:_identify(src/external/ros_gz) by extension 'colcon_pkg'
[0.213s] Level 1:colcon.colcon_core.package_identification:_identify(src/external/ros_gz) by extensions ['colcon_meta']
[0.213s] Level 1:colcon.colcon_core.package_identification:_identify(src/external/ros_gz) by extension 'colcon_meta'
[0.213s] Level 1:colcon.colcon_core.package_identification:_identify(src/external/ros_gz) by extensions ['ros']
[0.213s] Level 1:colcon.colcon_core.package_identification:_identify(src/external/ros_gz) by extension 'ros'
[0.213s] Level 1:colcon.colcon_core.package_identification:_identify(src/external/ros_gz) by extensions ['cmake', 'python']
[0.213s] Level 1:colcon.colcon_core.package_identification:_identify(src/external/ros_gz) by extension 'cmake'
[0.213s] Level 1:colcon.colcon_core.package_identification:_identify(src/external/ros_gz) by extension 'python'
[0.213s] Level 1:colcon.colcon_core.package_identification:_identify(src/external/ros_gz) by extensions ['python_setup_py']
[0.213s] Level 1:colcon.colcon_core.package_identification:_identify(src/external/ros_gz) by extension 'python_setup_py'
[0.213s] Level 1:colcon.colcon_core.package_identification:_identify(src/external/ros_gz/img) by extensions ['ignore', 'ignore_ament_install']
[0.213s] Level 1:colcon.colcon_core.package_identification:_identify(src/external/ros_gz/img) by extension 'ignore'
[0.213s] Level 1:colcon.colcon_core.package_identification:_identify(src/external/ros_gz/img) by extension 'ignore_ament_install'
[0.214s] Level 1:colcon.colcon_core.package_identification:_identify(src/external/ros_gz/img) by extensions ['colcon_pkg']
[0.214s] Level 1:colcon.colcon_core.package_identification:_identify(src/external/ros_gz/img) by extension 'colcon_pkg'
[0.214s] Level 1:colcon.colcon_core.package_identification:_identify(src/external/ros_gz/img) by extensions ['colcon_meta']
[0.214s] Level 1:colcon.colcon_core.package_identification:_identify(src/external/ros_gz/img) by extension 'colcon_meta'
[0.214s] Level 1:colcon.colcon_core.package_identification:_identify(src/external/ros_gz/img) by extensions ['ros']
[0.214s] Level 1:colcon.colcon_core.package_identification:_identify(src/external/ros_gz/img) by extension 'ros'
[0.214s] Level 1:colcon.colcon_core.package_identification:_identify(src/external/ros_gz/img) by extensions ['cmake', 'python']
[0.214s] Level 1:colcon.colcon_core.package_identification:_identify(src/external/ros_gz/img) by extension 'cmake'
[0.214s] Level 1:colcon.colcon_core.package_identification:_identify(src/external/ros_gz/img) by extension 'python'
[0.214s] Level 1:colcon.colcon_core.package_identification:_identify(src/external/ros_gz/img) by extensions ['python_setup_py']
[0.214s] Level 1:colcon.colcon_core.package_identification:_identify(src/external/ros_gz/img) by extension 'python_setup_py'
[0.214s] Level 1:colcon.colcon_core.package_identification:_identify(src/external/ros_gz/ros_gz) by extensions ['ignore', 'ignore_ament_install']
[0.214s] Level 1:colcon.colcon_core.package_identification:_identify(src/external/ros_gz/ros_gz) by extension 'ignore'
[0.214s] Level 1:colcon.colcon_core.package_identification:_identify(src/external/ros_gz/ros_gz) by extension 'ignore_ament_install'
[0.214s] Level 1:colcon.colcon_core.package_identification:_identify(src/external/ros_gz/ros_gz) by extensions ['colcon_pkg']
[0.214s] Level 1:colcon.colcon_core.package_identification:_identify(src/external/ros_gz/ros_gz) by extension 'colcon_pkg'
[0.214s] Level 1:colcon.colcon_core.package_identification:_identify(src/external/ros_gz/ros_gz) by extensions ['colcon_meta']
[0.214s] Level 1:colcon.colcon_core.package_identification:_identify(src/external/ros_gz/ros_gz) by extension 'colcon_meta'
[0.215s] Level 1:colcon.colcon_core.package_identification:_identify(src/external/ros_gz/ros_gz) by extensions ['ros']
[0.215s] Level 1:colcon.colcon_core.package_identification:_identify(src/external/ros_gz/ros_gz) by extension 'ros'
[0.216s] DEBUG:colcon.colcon_core.package_identification:Package 'src/external/ros_gz/ros_gz' with type 'ros.ament_cmake' and name 'ros_gz'
[0.216s] Level 1:colcon.colcon_core.package_identification:_identify(src/external/ros_gz/ros_gz_bridge) by extensions ['ignore', 'ignore_ament_install']
[0.216s] Level 1:colcon.colcon_core.package_identification:_identify(src/external/ros_gz/ros_gz_bridge) by extension 'ignore'
[0.216s] Level 1:colcon.colcon_core.package_identification:_identify(src/external/ros_gz/ros_gz_bridge) by extension 'ignore_ament_install'
[0.216s] Level 1:colcon.colcon_core.package_identification:_identify(src/external/ros_gz/ros_gz_bridge) by extensions ['colcon_pkg']
[0.216s] Level 1:colcon.colcon_core.package_identification:_identify(src/external/ros_gz/ros_gz_bridge) by extension 'colcon_pkg'
[0.217s] Level 1:colcon.colcon_core.package_identification:_identify(src/external/ros_gz/ros_gz_bridge) by extensions ['colcon_meta']
[0.217s] Level 1:colcon.colcon_core.package_identification:_identify(src/external/ros_gz/ros_gz_bridge) by extension 'colcon_meta'
[0.217s] Level 1:colcon.colcon_core.package_identification:_identify(src/external/ros_gz/ros_gz_bridge) by extensions ['ros']
[0.217s] Level 1:colcon.colcon_core.package_identification:_identify(src/external/ros_gz/ros_gz_bridge) by extension 'ros'
[0.219s] DEBUG:colcon.colcon_core.package_identification:Package 'src/external/ros_gz/ros_gz_bridge' with type 'ros.ament_cmake' and name 'ros_gz_bridge'
[0.219s] Level 1:colcon.colcon_core.package_identification:_identify(src/external/ros_gz/ros_gz_image) by extensions ['ignore', 'ignore_ament_install']
[0.219s] Level 1:colcon.colcon_core.package_identification:_identify(src/external/ros_gz/ros_gz_image) by extension 'ignore'
[0.219s] Level 1:colcon.colcon_core.package_identification:_identify(src/external/ros_gz/ros_gz_image) by extension 'ignore_ament_install'
[0.219s] Level 1:colcon.colcon_core.package_identification:_identify(src/external/ros_gz/ros_gz_image) by extensions ['colcon_pkg']
[0.219s] Level 1:colcon.colcon_core.package_identification:_identify(src/external/ros_gz/ros_gz_image) by extension 'colcon_pkg'
[0.219s] Level 1:colcon.colcon_core.package_identification:_identify(src/external/ros_gz/ros_gz_image) by extensions ['colcon_meta']
[0.219s] Level 1:colcon.colcon_core.package_identification:_identify(src/external/ros_gz/ros_gz_image) by extension 'colcon_meta'
[0.219s] Level 1:colcon.colcon_core.package_identification:_identify(src/external/ros_gz/ros_gz_image) by extensions ['ros']
[0.219s] Level 1:colcon.colcon_core.package_identification:_identify(src/external/ros_gz/ros_gz_image) by extension 'ros'
[0.220s] DEBUG:colcon.colcon_core.package_identification:Package 'src/external/ros_gz/ros_gz_image' with type 'ros.ament_cmake' and name 'ros_gz_image'
[0.220s] Level 1:colcon.colcon_core.package_identification:_identify(src/external/ros_gz/ros_gz_interfaces) by extensions ['ignore', 'ignore_ament_install']
[0.220s] Level 1:colcon.colcon_core.package_identification:_identify(src/external/ros_gz/ros_gz_interfaces) by extension 'ignore'
[0.220s] Level 1:colcon.colcon_core.package_identification:_identify(src/external/ros_gz/ros_gz_interfaces) by extension 'ignore_ament_install'
[0.220s] Level 1:colcon.colcon_core.package_identification:_identify(src/external/ros_gz/ros_gz_interfaces) by extensions ['colcon_pkg']
[0.220s] Level 1:colcon.colcon_core.package_identification:_identify(src/external/ros_gz/ros_gz_interfaces) by extension 'colcon_pkg'
[0.220s] Level 1:colcon.colcon_core.package_identification:_identify(src/external/ros_gz/ros_gz_interfaces) by extensions ['colcon_meta']
[0.220s] Level 1:colcon.colcon_core.package_identification:_identify(src/external/ros_gz/ros_gz_interfaces) by extension 'colcon_meta'
[0.221s] Level 1:colcon.colcon_core.package_identification:_identify(src/external/ros_gz/ros_gz_interfaces) by extensions ['ros']
[0.221s] Level 1:colcon.colcon_core.package_identification:_identify(src/external/ros_gz/ros_gz_interfaces) by extension 'ros'
[0.221s] DEBUG:colcon.colcon_core.package_identification:Package 'src/external/ros_gz/ros_gz_interfaces' with type 'ros.ament_cmake' and name 'ros_gz_interfaces'
[0.221s] Level 1:colcon.colcon_core.package_identification:_identify(src/external/ros_gz/ros_gz_point_cloud) by extensions ['ignore', 'ignore_ament_install']
[0.221s] Level 1:colcon.colcon_core.package_identification:_identify(src/external/ros_gz/ros_gz_point_cloud) by extension 'ignore'
[0.221s] Level 1:colcon.colcon_core.package_identification:_identify(src/external/ros_gz/ros_gz_point_cloud) ignored
[0.222s] Level 1:colcon.colcon_core.package_identification:_identify(src/external/ros_gz/ros_gz_sim) by extensions ['ignore', 'ignore_ament_install']
[0.222s] Level 1:colcon.colcon_core.package_identification:_identify(src/external/ros_gz/ros_gz_sim) by extension 'ignore'
[0.222s] Level 1:colcon.colcon_core.package_identification:_identify(src/external/ros_gz/ros_gz_sim) by extension 'ignore_ament_install'
[0.222s] Level 1:colcon.colcon_core.package_identification:_identify(src/external/ros_gz/ros_gz_sim) by extensions ['colcon_pkg']
[0.222s] Level 1:colcon.colcon_core.package_identification:_identify(src/external/ros_gz/ros_gz_sim) by extension 'colcon_pkg'
[0.222s] Level 1:colcon.colcon_core.package_identification:_identify(src/external/ros_gz/ros_gz_sim) by extensions ['colcon_meta']
[0.222s] Level 1:colcon.colcon_core.package_identification:_identify(src/external/ros_gz/ros_gz_sim) by extension 'colcon_meta'
[0.222s] Level 1:colcon.colcon_core.package_identification:_identify(src/external/ros_gz/ros_gz_sim) by extensions ['ros']
[0.222s] Level 1:colcon.colcon_core.package_identification:_identify(src/external/ros_gz/ros_gz_sim) by extension 'ros'
[0.224s] DEBUG:colcon.colcon_core.package_identification:Package 'src/external/ros_gz/ros_gz_sim' with type 'ros.ament_cmake' and name 'ros_gz_sim'
[0.224s] Level 1:colcon.colcon_core.package_identification:_identify(src/external/ros_gz/ros_gz_sim_demos) by extensions ['ignore', 'ignore_ament_install']
[0.224s] Level 1:colcon.colcon_core.package_identification:_identify(src/external/ros_gz/ros_gz_sim_demos) by extension 'ignore'
[0.224s] Level 1:colcon.colcon_core.package_identification:_identify(src/external/ros_gz/ros_gz_sim_demos) by extension 'ignore_ament_install'
[0.224s] Level 1:colcon.colcon_core.package_identification:_identify(src/external/ros_gz/ros_gz_sim_demos) by extensions ['colcon_pkg']
[0.224s] Level 1:colcon.colcon_core.package_identification:_identify(src/external/ros_gz/ros_gz_sim_demos) by extension 'colcon_pkg'
[0.224s] Level 1:colcon.colcon_core.package_identification:_identify(src/external/ros_gz/ros_gz_sim_demos) by extensions ['colcon_meta']
[0.224s] Level 1:colcon.colcon_core.package_identification:_identify(src/external/ros_gz/ros_gz_sim_demos) by extension 'colcon_meta'
[0.224s] Level 1:colcon.colcon_core.package_identification:_identify(src/external/ros_gz/ros_gz_sim_demos) by extensions ['ros']
[0.224s] Level 1:colcon.colcon_core.package_identification:_identify(src/external/ros_gz/ros_gz_sim_demos) by extension 'ros'
[0.225s] DEBUG:colcon.colcon_core.package_identification:Package 'src/external/ros_gz/ros_gz_sim_demos' with type 'ros.ament_cmake' and name 'ros_gz_sim_demos'
[0.225s] Level 1:colcon.colcon_core.package_identification:_identify(src/external/ros_gz/test_ros_gz_bridge) by extensions ['ignore', 'ignore_ament_install']
[0.225s] Level 1:colcon.colcon_core.package_identification:_identify(src/external/ros_gz/test_ros_gz_bridge) by extension 'ignore'
[0.225s] Level 1:colcon.colcon_core.package_identification:_identify(src/external/ros_gz/test_ros_gz_bridge) by extension 'ignore_ament_install'
[0.225s] Level 1:colcon.colcon_core.package_identification:_identify(src/external/ros_gz/test_ros_gz_bridge) by extensions ['colcon_pkg']
[0.225s] Level 1:colcon.colcon_core.package_identification:_identify(src/external/ros_gz/test_ros_gz_bridge) by extension 'colcon_pkg'
[0.225s] Level 1:colcon.colcon_core.package_identification:_identify(src/external/ros_gz/test_ros_gz_bridge) by extensions ['colcon_meta']
[0.225s] Level 1:colcon.colcon_core.package_identification:_identify(src/external/ros_gz/test_ros_gz_bridge) by extension 'colcon_meta'
[0.225s] Level 1:colcon.colcon_core.package_identification:_identify(src/external/ros_gz/test_ros_gz_bridge) by extensions ['ros']
[0.225s] Level 1:colcon.colcon_core.package_identification:_identify(src/external/ros_gz/test_ros_gz_bridge) by extension 'ros'
[0.226s] DEBUG:colcon.colcon_core.package_identification:Package 'src/external/ros_gz/test_ros_gz_bridge' with type 'ros.ament_cmake' and name 'test_ros_gz_bridge'
[0.226s] Level 1:colcon.colcon_core.package_identification:_identify(src/external/ros_gz/tools) by extensions ['ignore', 'ignore_ament_install']
[0.226s] Level 1:colcon.colcon_core.package_identification:_identify(src/external/ros_gz/tools) by extension 'ignore'
[0.226s] Level 1:colcon.colcon_core.package_identification:_identify(src/external/ros_gz/tools) by extension 'ignore_ament_install'
[0.226s] Level 1:colcon.colcon_core.package_identification:_identify(src/external/ros_gz/tools) by extensions ['colcon_pkg']
[0.226s] Level 1:colcon.colcon_core.package_identification:_identify(src/external/ros_gz/tools) by extension 'colcon_pkg'
[0.226s] Level 1:colcon.colcon_core.package_identification:_identify(src/external/ros_gz/tools) by extensions ['colcon_meta']
[0.226s] Level 1:colcon.colcon_core.package_identification:_identify(src/external/ros_gz/tools) by extension 'colcon_meta'
[0.226s] Level 1:colcon.colcon_core.package_identification:_identify(src/external/ros_gz/tools) by extensions ['ros']
[0.226s] Level 1:colcon.colcon_core.package_identification:_identify(src/external/ros_gz/tools) by extension 'ros'
[0.226s] Level 1:colcon.colcon_core.package_identification:_identify(src/external/ros_gz/tools) by extensions ['cmake', 'python']
[0.226s] Level 1:colcon.colcon_core.package_identification:_identify(src/external/ros_gz/tools) by extension 'cmake'
[0.226s] Level 1:colcon.colcon_core.package_identification:_identify(src/external/ros_gz/tools) by extension 'python'
[0.226s] Level 1:colcon.colcon_core.package_identification:_identify(src/external/ros_gz/tools) by extensions ['python_setup_py']
[0.226s] Level 1:colcon.colcon_core.package_identification:_identify(src/external/ros_gz/tools) by extension 'python_setup_py'
[0.227s] Level 1:colcon.colcon_core.package_identification:_identify(src/hardware) by extensions ['ignore', 'ignore_ament_install']
[0.227s] Level 1:colcon.colcon_core.package_identification:_identify(src/hardware) by extension 'ignore'
[0.227s] Level 1:colcon.colcon_core.package_identification:_identify(src/hardware) by extension 'ignore_ament_install'
[0.227s] Level 1:colcon.colcon_core.package_identification:_identify(src/hardware) by extensions ['colcon_pkg']
[0.227s] Level 1:colcon.colcon_core.package_identification:_identify(src/hardware) by extension 'colcon_pkg'
[0.227s] Level 1:colcon.colcon_core.package_identification:_identify(src/hardware) by extensions ['colcon_meta']
[0.227s] Level 1:colcon.colcon_core.package_identification:_identify(src/hardware) by extension 'colcon_meta'
[0.227s] Level 1:colcon.colcon_core.package_identification:_identify(src/hardware) by extensions ['ros']
[0.227s] Level 1:colcon.colcon_core.package_identification:_identify(src/hardware) by extension 'ros'
[0.227s] Level 1:colcon.colcon_core.package_identification:_identify(src/hardware) by extensions ['cmake', 'python']
[0.227s] Level 1:colcon.colcon_core.package_identification:_identify(src/hardware) by extension 'cmake'
[0.227s] Level 1:colcon.colcon_core.package_identification:_identify(src/hardware) by extension 'python'
[0.227s] Level 1:colcon.colcon_core.package_identification:_identify(src/hardware) by extensions ['python_setup_py']
[0.227s] Level 1:colcon.colcon_core.package_identification:_identify(src/hardware) by extension 'python_setup_py'
[0.227s] Level 1:colcon.colcon_core.package_identification:_identify(src/hardware/mqtt_imu) by extensions ['ignore', 'ignore_ament_install']
[0.227s] Level 1:colcon.colcon_core.package_identification:_identify(src/hardware/mqtt_imu) by extension 'ignore'
[0.227s] Level 1:colcon.colcon_core.package_identification:_identify(src/hardware/mqtt_imu) by extension 'ignore_ament_install'
[0.228s] Level 1:colcon.colcon_core.package_identification:_identify(src/hardware/mqtt_imu) by extensions ['colcon_pkg']
[0.228s] Level 1:colcon.colcon_core.package_identification:_identify(src/hardware/mqtt_imu) by extension 'colcon_pkg'
[0.228s] Level 1:colcon.colcon_core.package_identification:_identify(src/hardware/mqtt_imu) by extensions ['colcon_meta']
[0.228s] Level 1:colcon.colcon_core.package_identification:_identify(src/hardware/mqtt_imu) by extension 'colcon_meta'
[0.228s] Level 1:colcon.colcon_core.package_identification:_identify(src/hardware/mqtt_imu) by extensions ['ros']
[0.228s] Level 1:colcon.colcon_core.package_identification:_identify(src/hardware/mqtt_imu) by extension 'ros'
[0.228s] DEBUG:colcon.colcon_core.package_identification:Package 'src/hardware/mqtt_imu' with type 'ros.ament_python' and name 'mqtt_imu'
[0.228s] Level 1:colcon.colcon_core.package_identification:_identify(src/hardware/pose_printer) by extensions ['ignore', 'ignore_ament_install']
[0.228s] Level 1:colcon.colcon_core.package_identification:_identify(src/hardware/pose_printer) by extension 'ignore'
[0.229s] Level 1:colcon.colcon_core.package_identification:_identify(src/hardware/pose_printer) by extension 'ignore_ament_install'
[0.229s] Level 1:colcon.colcon_core.package_identification:_identify(src/hardware/pose_printer) by extensions ['colcon_pkg']
[0.229s] Level 1:colcon.colcon_core.package_identification:_identify(src/hardware/pose_printer) by extension 'colcon_pkg'
[0.229s] Level 1:colcon.colcon_core.package_identification:_identify(src/hardware/pose_printer) by extensions ['colcon_meta']
[0.229s] Level 1:colcon.colcon_core.package_identification:_identify(src/hardware/pose_printer) by extension 'colcon_meta'
[0.229s] Level 1:colcon.colcon_core.package_identification:_identify(src/hardware/pose_printer) by extensions ['ros']
[0.229s] Level 1:colcon.colcon_core.package_identification:_identify(src/hardware/pose_printer) by extension 'ros'
[0.229s] DEBUG:colcon.colcon_core.package_identification:Package 'src/hardware/pose_printer' with type 'ros.ament_python' and name 'pose_printer'
[0.230s] Level 1:colcon.colcon_core.package_identification:_identify(src/install) by extensions ['ignore', 'ignore_ament_install']
[0.230s] Level 1:colcon.colcon_core.package_identification:_identify(src/install) by extension 'ignore'
[0.230s] Level 1:colcon.colcon_core.package_identification:_identify(src/install) ignored
[0.230s] Level 1:colcon.colcon_core.package_identification:_identify(src/interfaces) by extensions ['ignore', 'ignore_ament_install']
[0.230s] Level 1:colcon.colcon_core.package_identification:_identify(src/interfaces) by extension 'ignore'
[0.230s] Level 1:colcon.colcon_core.package_identification:_identify(src/interfaces) by extension 'ignore_ament_install'
[0.230s] Level 1:colcon.colcon_core.package_identification:_identify(src/interfaces) by extensions ['colcon_pkg']
[0.230s] Level 1:colcon.colcon_core.package_identification:_identify(src/interfaces) by extension 'colcon_pkg'
[0.230s] Level 1:colcon.colcon_core.package_identification:_identify(src/interfaces) by extensions ['colcon_meta']
[0.230s] Level 1:colcon.colcon_core.package_identification:_identify(src/interfaces) by extension 'colcon_meta'
[0.230s] Level 1:colcon.colcon_core.package_identification:_identify(src/interfaces) by extensions ['ros']
[0.230s] Level 1:colcon.colcon_core.package_identification:_identify(src/interfaces) by extension 'ros'
[0.230s] Level 1:colcon.colcon_core.package_identification:_identify(src/interfaces) by extensions ['cmake', 'python']
[0.230s] Level 1:colcon.colcon_core.package_identification:_identify(src/interfaces) by extension 'cmake'
[0.230s] Level 1:colcon.colcon_core.package_identification:_identify(src/interfaces) by extension 'python'
[0.230s] Level 1:colcon.colcon_core.package_identification:_identify(src/interfaces) by extensions ['python_setup_py']
[0.230s] Level 1:colcon.colcon_core.package_identification:_identify(src/interfaces) by extension 'python_setup_py'
[0.230s] Level 1:colcon.colcon_core.package_identification:_identify(src/interfaces/web_interface) by extensions ['ignore', 'ignore_ament_install']
[0.231s] Level 1:colcon.colcon_core.package_identification:_identify(src/interfaces/web_interface) by extension 'ignore'
[0.231s] Level 1:colcon.colcon_core.package_identification:_identify(src/interfaces/web_interface) by extension 'ignore_ament_install'
[0.231s] Level 1:colcon.colcon_core.package_identification:_identify(src/interfaces/web_interface) by extensions ['colcon_pkg']
[0.231s] Level 1:colcon.colcon_core.package_identification:_identify(src/interfaces/web_interface) by extension 'colcon_pkg'
[0.231s] Level 1:colcon.colcon_core.package_identification:_identify(src/interfaces/web_interface) by extensions ['colcon_meta']
[0.231s] Level 1:colcon.colcon_core.package_identification:_identify(src/interfaces/web_interface) by extension 'colcon_meta'
[0.231s] Level 1:colcon.colcon_core.package_identification:_identify(src/interfaces/web_interface) by extensions ['ros']
[0.231s] Level 1:colcon.colcon_core.package_identification:_identify(src/interfaces/web_interface) by extension 'ros'
[0.231s] DEBUG:colcon.colcon_core.package_identification:Package 'src/interfaces/web_interface' with type 'ros.ament_python' and name 'web_interface'
[0.231s] Level 1:colcon.colcon_core.package_identification:_identify(src/log) by extensions ['ignore', 'ignore_ament_install']
[0.231s] Level 1:colcon.colcon_core.package_identification:_identify(src/log) by extension 'ignore'
[0.232s] Level 1:colcon.colcon_core.package_identification:_identify(src/log) ignored
[0.232s] Level 1:colcon.colcon_core.package_identification:_identify(src/perception) by extensions ['ignore', 'ignore_ament_install']
[0.232s] Level 1:colcon.colcon_core.package_identification:_identify(src/perception) by extension 'ignore'
[0.232s] Level 1:colcon.colcon_core.package_identification:_identify(src/perception) by extension 'ignore_ament_install'
[0.232s] Level 1:colcon.colcon_core.package_identification:_identify(src/perception) by extensions ['colcon_pkg']
[0.232s] Level 1:colcon.colcon_core.package_identification:_identify(src/perception) by extension 'colcon_pkg'
[0.232s] Level 1:colcon.colcon_core.package_identification:_identify(src/perception) by extensions ['colcon_meta']
[0.232s] Level 1:colcon.colcon_core.package_identification:_identify(src/perception) by extension 'colcon_meta'
[0.232s] Level 1:colcon.colcon_core.package_identification:_identify(src/perception) by extensions ['ros']
[0.232s] Level 1:colcon.colcon_core.package_identification:_identify(src/perception) by extension 'ros'
[0.232s] Level 1:colcon.colcon_core.package_identification:_identify(src/perception) by extensions ['cmake', 'python']
[0.232s] Level 1:colcon.colcon_core.package_identification:_identify(src/perception) by extension 'cmake'
[0.232s] Level 1:colcon.colcon_core.package_identification:_identify(src/perception) by extension 'python'
[0.232s] Level 1:colcon.colcon_core.package_identification:_identify(src/perception) by extensions ['python_setup_py']
[0.232s] Level 1:colcon.colcon_core.package_identification:_identify(src/perception) by extension 'python_setup_py'
[0.232s] Level 1:colcon.colcon_core.package_identification:_identify(src/perception/chess_data_collector) by extensions ['ignore', 'ignore_ament_install']
[0.232s] Level 1:colcon.colcon_core.package_identification:_identify(src/perception/chess_data_collector) by extension 'ignore'
[0.232s] Level 1:colcon.colcon_core.package_identification:_identify(src/perception/chess_data_collector) by extension 'ignore_ament_install'
[0.233s] Level 1:colcon.colcon_core.package_identification:_identify(src/perception/chess_data_collector) by extensions ['colcon_pkg']
[0.233s] Level 1:colcon.colcon_core.package_identification:_identify(src/perception/chess_data_collector) by extension 'colcon_pkg'
[0.233s] Level 1:colcon.colcon_core.package_identification:_identify(src/perception/chess_data_collector) by extensions ['colcon_meta']
[0.233s] Level 1:colcon.colcon_core.package_identification:_identify(src/perception/chess_data_collector) by extension 'colcon_meta'
[0.233s] Level 1:colcon.colcon_core.package_identification:_identify(src/perception/chess_data_collector) by extensions ['ros']
[0.233s] Level 1:colcon.colcon_core.package_identification:_identify(src/perception/chess_data_collector) by extension 'ros'
[0.233s] DEBUG:colcon.colcon_core.package_identification:Package 'src/perception/chess_data_collector' with type 'ros.ament_python' and name 'chess_data_collector'
[0.233s] Level 1:colcon.colcon_core.package_identification:_identify(src/perception/yolov5_detection) by extensions ['ignore', 'ignore_ament_install']
[0.233s] Level 1:colcon.colcon_core.package_identification:_identify(src/perception/yolov5_detection) by extension 'ignore'
[0.234s] Level 1:colcon.colcon_core.package_identification:_identify(src/perception/yolov5_detection) by extension 'ignore_ament_install'
[0.234s] Level 1:colcon.colcon_core.package_identification:_identify(src/perception/yolov5_detection) by extensions ['colcon_pkg']
[0.234s] Level 1:colcon.colcon_core.package_identification:_identify(src/perception/yolov5_detection) by extension 'colcon_pkg'
[0.234s] Level 1:colcon.colcon_core.package_identification:_identify(src/perception/yolov5_detection) by extensions ['colcon_meta']
[0.234s] Level 1:colcon.colcon_core.package_identification:_identify(src/perception/yolov5_detection) by extension 'colcon_meta'
[0.234s] Level 1:colcon.colcon_core.package_identification:_identify(src/perception/yolov5_detection) by extensions ['ros']
[0.234s] Level 1:colcon.colcon_core.package_identification:_identify(src/perception/yolov5_detection) by extension 'ros'
[0.234s] DEBUG:colcon.colcon_core.package_identification:Package 'src/perception/yolov5_detection' with type 'ros.ament_python' and name 'yolov5_detection'
[0.235s] Level 1:colcon.colcon_core.package_identification:_identify(src/planning) by extensions ['ignore', 'ignore_ament_install']
[0.235s] Level 1:colcon.colcon_core.package_identification:_identify(src/planning) by extension 'ignore'
[0.235s] Level 1:colcon.colcon_core.package_identification:_identify(src/planning) by extension 'ignore_ament_install'
[0.235s] Level 1:colcon.colcon_core.package_identification:_identify(src/planning) by extensions ['colcon_pkg']
[0.235s] Level 1:colcon.colcon_core.package_identification:_identify(src/planning) by extension 'colcon_pkg'
[0.235s] Level 1:colcon.colcon_core.package_identification:_identify(src/planning) by extensions ['colcon_meta']
[0.235s] Level 1:colcon.colcon_core.package_identification:_identify(src/planning) by extension 'colcon_meta'
[0.235s] Level 1:colcon.colcon_core.package_identification:_identify(src/planning) by extensions ['ros']
[0.235s] Level 1:colcon.colcon_core.package_identification:_identify(src/planning) by extension 'ros'
[0.235s] Level 1:colcon.colcon_core.package_identification:_identify(src/planning) by extensions ['cmake', 'python']
[0.235s] Level 1:colcon.colcon_core.package_identification:_identify(src/planning) by extension 'cmake'
[0.235s] Level 1:colcon.colcon_core.package_identification:_identify(src/planning) by extension 'python'
[0.235s] Level 1:colcon.colcon_core.package_identification:_identify(src/planning) by extensions ['python_setup_py']
[0.235s] Level 1:colcon.colcon_core.package_identification:_identify(src/planning) by extension 'python_setup_py'
[0.235s] Level 1:colcon.colcon_core.package_identification:_identify(src/planning/esp32_controller) by extensions ['ignore', 'ignore_ament_install']
[0.235s] Level 1:colcon.colcon_core.package_identification:_identify(src/planning/esp32_controller) by extension 'ignore'
[0.235s] Level 1:colcon.colcon_core.package_identification:_identify(src/planning/esp32_controller) by extension 'ignore_ament_install'
[0.235s] Level 1:colcon.colcon_core.package_identification:_identify(src/planning/esp32_controller) by extensions ['colcon_pkg']
[0.235s] Level 1:colcon.colcon_core.package_identification:_identify(src/planning/esp32_controller) by extension 'colcon_pkg'
[0.236s] Level 1:colcon.colcon_core.package_identification:_identify(src/planning/esp32_controller) by extensions ['colcon_meta']
[0.236s] Level 1:colcon.colcon_core.package_identification:_identify(src/planning/esp32_controller) by extension 'colcon_meta'
[0.236s] Level 1:colcon.colcon_core.package_identification:_identify(src/planning/esp32_controller) by extensions ['ros']
[0.236s] Level 1:colcon.colcon_core.package_identification:_identify(src/planning/esp32_controller) by extension 'ros'
[0.236s] DEBUG:colcon.colcon_core.package_identification:Package 'src/planning/esp32_controller' with type 'ros.ament_cmake' and name 'esp32_controller'
[0.236s] Level 1:colcon.colcon_core.package_identification:_identify(src/planning/move_program) by extensions ['ignore', 'ignore_ament_install']
[0.237s] Level 1:colcon.colcon_core.package_identification:_identify(src/planning/move_program) by extension 'ignore'
[0.237s] Level 1:colcon.colcon_core.package_identification:_identify(src/planning/move_program) by extension 'ignore_ament_install'
[0.237s] Level 1:colcon.colcon_core.package_identification:_identify(src/planning/move_program) by extensions ['colcon_pkg']
[0.237s] Level 1:colcon.colcon_core.package_identification:_identify(src/planning/move_program) by extension 'colcon_pkg'
[0.237s] Level 1:colcon.colcon_core.package_identification:_identify(src/planning/move_program) by extensions ['colcon_meta']
[0.237s] Level 1:colcon.colcon_core.package_identification:_identify(src/planning/move_program) by extension 'colcon_meta'
[0.237s] Level 1:colcon.colcon_core.package_identification:_identify(src/planning/move_program) by extensions ['ros']
[0.237s] Level 1:colcon.colcon_core.package_identification:_identify(src/planning/move_program) by extension 'ros'
[0.238s] DEBUG:colcon.colcon_core.package_identification:Package 'src/planning/move_program' with type 'ros.ament_cmake' and name 'move_program'
[0.238s] Level 1:colcon.colcon_core.package_identification:_identify(src/planning/moveit_controls) by extensions ['ignore', 'ignore_ament_install']
[0.238s] Level 1:colcon.colcon_core.package_identification:_identify(src/planning/moveit_controls) by extension 'ignore'
[0.238s] Level 1:colcon.colcon_core.package_identification:_identify(src/planning/moveit_controls) by extension 'ignore_ament_install'
[0.238s] Level 1:colcon.colcon_core.package_identification:_identify(src/planning/moveit_controls) by extensions ['colcon_pkg']
[0.238s] Level 1:colcon.colcon_core.package_identification:_identify(src/planning/moveit_controls) by extension 'colcon_pkg'
[0.238s] Level 1:colcon.colcon_core.package_identification:_identify(src/planning/moveit_controls) by extensions ['colcon_meta']
[0.238s] Level 1:colcon.colcon_core.package_identification:_identify(src/planning/moveit_controls) by extension 'colcon_meta'
[0.238s] Level 1:colcon.colcon_core.package_identification:_identify(src/planning/moveit_controls) by extensions ['ros']
[0.238s] Level 1:colcon.colcon_core.package_identification:_identify(src/planning/moveit_controls) by extension 'ros'
[0.239s] DEBUG:colcon.colcon_core.package_identification:Package 'src/planning/moveit_controls' with type 'ros.ament_python' and name 'moveit_controls'
[0.239s] Level 1:colcon.colcon_core.package_identification:_identify(src/robot) by extensions ['ignore', 'ignore_ament_install']
[0.239s] Level 1:colcon.colcon_core.package_identification:_identify(src/robot) by extension 'ignore'
[0.239s] Level 1:colcon.colcon_core.package_identification:_identify(src/robot) by extension 'ignore_ament_install'
[0.239s] Level 1:colcon.colcon_core.package_identification:_identify(src/robot) by extensions ['colcon_pkg']
[0.239s] Level 1:colcon.colcon_core.package_identification:_identify(src/robot) by extension 'colcon_pkg'
[0.239s] Level 1:colcon.colcon_core.package_identification:_identify(src/robot) by extensions ['colcon_meta']
[0.239s] Level 1:colcon.colcon_core.package_identification:_identify(src/robot) by extension 'colcon_meta'
[0.239s] Level 1:colcon.colcon_core.package_identification:_identify(src/robot) by extensions ['ros']
[0.239s] Level 1:colcon.colcon_core.package_identification:_identify(src/robot) by extension 'ros'
[0.239s] Level 1:colcon.colcon_core.package_identification:_identify(src/robot) by extensions ['cmake', 'python']
[0.239s] Level 1:colcon.colcon_core.package_identification:_identify(src/robot) by extension 'cmake'
[0.239s] Level 1:colcon.colcon_core.package_identification:_identify(src/robot) by extension 'python'
[0.240s] Level 1:colcon.colcon_core.package_identification:_identify(src/robot) by extensions ['python_setup_py']
[0.240s] Level 1:colcon.colcon_core.package_identification:_identify(src/robot) by extension 'python_setup_py'
[0.240s] Level 1:colcon.colcon_core.package_identification:_identify(src/robot/robotic_arm_model_v3) by extensions ['ignore', 'ignore_ament_install']
[0.240s] Level 1:colcon.colcon_core.package_identification:_identify(src/robot/robotic_arm_model_v3) by extension 'ignore'
[0.240s] Level 1:colcon.colcon_core.package_identification:_identify(src/robot/robotic_arm_model_v3) by extension 'ignore_ament_install'
[0.240s] Level 1:colcon.colcon_core.package_identification:_identify(src/robot/robotic_arm_model_v3) by extensions ['colcon_pkg']
[0.240s] Level 1:colcon.colcon_core.package_identification:_identify(src/robot/robotic_arm_model_v3) by extension 'colcon_pkg'
[0.240s] Level 1:colcon.colcon_core.package_identification:_identify(src/robot/robotic_arm_model_v3) by extensions ['colcon_meta']
[0.240s] Level 1:colcon.colcon_core.package_identification:_identify(src/robot/robotic_arm_model_v3) by extension 'colcon_meta'
[0.240s] Level 1:colcon.colcon_core.package_identification:_identify(src/robot/robotic_arm_model_v3) by extensions ['ros']
[0.240s] Level 1:colcon.colcon_core.package_identification:_identify(src/robot/robotic_arm_model_v3) by extension 'ros'
[0.240s] DEBUG:colcon.colcon_core.package_identification:Package 'src/robot/robotic_arm_model_v3' with type 'ros.ament_cmake' and name 'robotic_arm_model_v3'
[0.241s] Level 1:colcon.colcon_core.package_identification:_identify(src/robot/robotic_arm_v3_config) by extensions ['ignore', 'ignore_ament_install']
[0.241s] Level 1:colcon.colcon_core.package_identification:_identify(src/robot/robotic_arm_v3_config) by extension 'ignore'
[0.241s] Level 1:colcon.colcon_core.package_identification:_identify(src/robot/robotic_arm_v3_config) by extension 'ignore_ament_install'
[0.241s] Level 1:colcon.colcon_core.package_identification:_identify(src/robot/robotic_arm_v3_config) by extensions ['colcon_pkg']
[0.241s] Level 1:colcon.colcon_core.package_identification:_identify(src/robot/robotic_arm_v3_config) by extension 'colcon_pkg'
[0.241s] Level 1:colcon.colcon_core.package_identification:_identify(src/robot/robotic_arm_v3_config) by extensions ['colcon_meta']
[0.241s] Level 1:colcon.colcon_core.package_identification:_identify(src/robot/robotic_arm_v3_config) by extension 'colcon_meta'
[0.241s] Level 1:colcon.colcon_core.package_identification:_identify(src/robot/robotic_arm_v3_config) by extensions ['ros']
[0.241s] Level 1:colcon.colcon_core.package_identification:_identify(src/robot/robotic_arm_v3_config) by extension 'ros'
[0.242s] DEBUG:colcon.colcon_core.package_identification:Package 'src/robot/robotic_arm_v3_config' with type 'ros.ament_cmake' and name 'robotic_arm_v3_config'
[0.242s] Level 1:colcon.colcon_core.package_discovery:discover_packages(recursive) using defaults
[0.242s] Level 1:colcon.colcon_core.package_discovery:discover_packages(ignore) discover
[0.242s] Level 1:colcon.colcon_core.package_discovery:discover_packages(ignore) using defaults
[0.242s] Level 1:colcon.colcon_core.package_discovery:discover_packages(path) discover
[0.242s] Level 1:colcon.colcon_core.package_discovery:discover_packages(path) using defaults
[0.242s] WARNING:colcon.colcon_core.package_selection:ignoring unknown package 'ros_gz_point_cloud' in --packages-skip
[0.268s] INFO:colcon.colcon_core.package_selection:Skipping package 'ros_gz_interfaces' in 'src/external/ros_gz/ros_gz_interfaces'
[0.268s] INFO:colcon.colcon_core.package_selection:Skipping package 'ros_gz_bridge' in 'src/external/ros_gz/ros_gz_bridge'
[0.268s] INFO:colcon.colcon_core.package_selection:Skipping package 'ros_gz_image' in 'src/external/ros_gz/ros_gz_image'
[0.268s] INFO:colcon.colcon_core.package_selection:Skipping package 'ros_gz_sim' in 'src/external/ros_gz/ros_gz_sim'
[0.268s] INFO:colcon.colcon_core.package_selection:Skipping package 'test_ros_gz_bridge' in 'src/external/ros_gz/test_ros_gz_bridge'
[0.268s] INFO:colcon.colcon_core.package_selection:Skipping package 'ros_gz_sim_demos' in 'src/external/ros_gz/ros_gz_sim_demos'
[0.268s] INFO:colcon.colcon_core.package_selection:Skipping package 'ros_gz' in 'src/external/ros_gz/ros_gz'
[0.269s] Level 1:colcon.colcon_core.package_discovery:discover_packages(prefix_path) check parameters
[0.269s] Level 1:colcon.colcon_core.package_discovery:discover_packages(prefix_path) discover
[0.271s] DEBUG:colcon.colcon_installed_package_information.package_discovery:Found 14 installed packages in /home/andre/ros2_ws/install
[0.274s] DEBUG:colcon.colcon_installed_package_information.package_discovery:Found 496 installed packages in /opt/ros/jazzy
[0.275s] Level 1:colcon.colcon_core.package_discovery:discover_packages(prefix_path) using defaults
[0.357s] Level 5:colcon.colcon_core.verb:set package 'chess_data_collector' build argument 'cmake_args' from command line to '['-DCMAKE_EXE_LINKER_FLAGS=-lcurl']'
[0.357s] Level 5:colcon.colcon_core.verb:set package 'chess_data_collector' build argument 'cmake_target' from command line to 'None'
[0.357s] Level 5:colcon.colcon_core.verb:set package 'chess_data_collector' build argument 'cmake_target_skip_unavailable' from command line to 'False'
[0.357s] Level 5:colcon.colcon_core.verb:set package 'chess_data_collector' build argument 'cmake_clean_cache' from command line to 'False'
[0.357s] Level 5:colcon.colcon_core.verb:set package 'chess_data_collector' build argument 'cmake_clean_first' from command line to 'False'
[0.357s] Level 5:colcon.colcon_core.verb:set package 'chess_data_collector' build argument 'cmake_force_configure' from command line to 'False'
[0.357s] Level 5:colcon.colcon_core.verb:set package 'chess_data_collector' build argument 'ament_cmake_args' from command line to 'None'
[0.357s] Level 5:colcon.colcon_core.verb:set package 'chess_data_collector' build argument 'catkin_cmake_args' from command line to 'None'
[0.357s] Level 5:colcon.colcon_core.verb:set package 'chess_data_collector' build argument 'catkin_skip_building_tests' from command line to 'False'
[0.357s] DEBUG:colcon.colcon_core.verb:Building package 'chess_data_collector' with the following arguments: {'ament_cmake_args': None, 'build_base': '/home/andre/ros2_ws/build/chess_data_collector', 'catkin_cmake_args': None, 'catkin_skip_building_tests': False, 'cmake_args': ['-DCMAKE_EXE_LINKER_FLAGS=-lcurl'], 'cmake_clean_cache': False, 'cmake_clean_first': False, 'cmake_force_configure': False, 'cmake_target': None, 'cmake_target_skip_unavailable': False, 'install_base': '/home/andre/ros2_ws/install/chess_data_collector', 'merge_install': False, 'path': '/home/andre/ros2_ws/src/perception/chess_data_collector', 'symlink_install': False, 'test_result_base': None}
[0.357s] Level 5:colcon.colcon_core.verb:set package 'move_program' build argument 'cmake_args' from command line to '['-DCMAKE_EXE_LINKER_FLAGS=-lcurl']'
[0.357s] Level 5:colcon.colcon_core.verb:set package 'move_program' build argument 'cmake_target' from command line to 'None'
[0.357s] Level 5:colcon.colcon_core.verb:set package 'move_program' build argument 'cmake_target_skip_unavailable' from command line to 'False'
[0.357s] Level 5:colcon.colcon_core.verb:set package 'move_program' build argument 'cmake_clean_cache' from command line to 'False'
[0.358s] Level 5:colcon.colcon_core.verb:set package 'move_program' build argument 'cmake_clean_first' from command line to 'False'
[0.358s] Level 5:colcon.colcon_core.verb:set package 'move_program' build argument 'cmake_force_configure' from command line to 'False'
[0.358s] Level 5:colcon.colcon_core.verb:set package 'move_program' build argument 'ament_cmake_args' from command line to 'None'
[0.358s] Level 5:colcon.colcon_core.verb:set package 'move_program' build argument 'catkin_cmake_args' from command line to 'None'
[0.358s] Level 5:colcon.colcon_core.verb:set package 'move_program' build argument 'catkin_skip_building_tests' from command line to 'False'
[0.358s] DEBUG:colcon.colcon_core.verb:Building package 'move_program' with the following arguments: {'ament_cmake_args': None, 'build_base': '/home/andre/ros2_ws/build/move_program', 'catkin_cmake_args': None, 'catkin_skip_building_tests': False, 'cmake_args': ['-DCMAKE_EXE_LINKER_FLAGS=-lcurl'], 'cmake_clean_cache': False, 'cmake_clean_first': False, 'cmake_force_configure': False, 'cmake_target': None, 'cmake_target_skip_unavailable': False, 'install_base': '/home/andre/ros2_ws/install/move_program', 'merge_install': False, 'path': '/home/andre/ros2_ws/src/planning/move_program', 'symlink_install': False, 'test_result_base': None}
[0.358s] Level 5:colcon.colcon_core.verb:set package 'moveit_controls' build argument 'cmake_args' from command line to '['-DCMAKE_EXE_LINKER_FLAGS=-lcurl']'
[0.358s] Level 5:colcon.colcon_core.verb:set package 'moveit_controls' build argument 'cmake_target' from command line to 'None'
[0.358s] Level 5:colcon.colcon_core.verb:set package 'moveit_controls' build argument 'cmake_target_skip_unavailable' from command line to 'False'
[0.358s] Level 5:colcon.colcon_core.verb:set package 'moveit_controls' build argument 'cmake_clean_cache' from command line to 'False'
[0.358s] Level 5:colcon.colcon_core.verb:set package 'moveit_controls' build argument 'cmake_clean_first' from command line to 'False'
[0.358s] Level 5:colcon.colcon_core.verb:set package 'moveit_controls' build argument 'cmake_force_configure' from command line to 'False'
[0.358s] Level 5:colcon.colcon_core.verb:set package 'moveit_controls' build argument 'ament_cmake_args' from command line to 'None'
[0.358s] Level 5:colcon.colcon_core.verb:set package 'moveit_controls' build argument 'catkin_cmake_args' from command line to 'None'
[0.358s] Level 5:colcon.colcon_core.verb:set package 'moveit_controls' build argument 'catkin_skip_building_tests' from command line to 'False'
[0.358s] DEBUG:colcon.colcon_core.verb:Building package 'moveit_controls' with the following arguments: {'ament_cmake_args': None, 'build_base': '/home/andre/ros2_ws/build/moveit_controls', 'catkin_cmake_args': None, 'catkin_skip_building_tests': False, 'cmake_args': ['-DCMAKE_EXE_LINKER_FLAGS=-lcurl'], 'cmake_clean_cache': False, 'cmake_clean_first': False, 'cmake_force_configure': False, 'cmake_target': None, 'cmake_target_skip_unavailable': False, 'install_base': '/home/andre/ros2_ws/install/moveit_controls', 'merge_install': False, 'path': '/home/andre/ros2_ws/src/planning/moveit_controls', 'symlink_install': False, 'test_result_base': None}
[0.358s] Level 5:colcon.colcon_core.verb:set package 'mqtt_imu' build argument 'cmake_args' from command line to '['-DCMAKE_EXE_LINKER_FLAGS=-lcurl']'
[0.358s] Level 5:colcon.colcon_core.verb:set package 'mqtt_imu' build argument 'cmake_target' from command line to 'None'
[0.358s] Level 5:colcon.colcon_core.verb:set package 'mqtt_imu' build argument 'cmake_target_skip_unavailable' from command line to 'False'
[0.359s] Level 5:colcon.colcon_core.verb:set package 'mqtt_imu' build argument 'cmake_clean_cache' from command line to 'False'
[0.359s] Level 5:colcon.colcon_core.verb:set package 'mqtt_imu' build argument 'cmake_clean_first' from command line to 'False'
[0.359s] Level 5:colcon.colcon_core.verb:set package 'mqtt_imu' build argument 'cmake_force_configure' from command line to 'False'
[0.359s] Level 5:colcon.colcon_core.verb:set package 'mqtt_imu' build argument 'ament_cmake_args' from command line to 'None'
[0.359s] Level 5:colcon.colcon_core.verb:set package 'mqtt_imu' build argument 'catkin_cmake_args' from command line to 'None'
[0.359s] Level 5:colcon.colcon_core.verb:set package 'mqtt_imu' build argument 'catkin_skip_building_tests' from command line to 'False'
[0.359s] DEBUG:colcon.colcon_core.verb:Building package 'mqtt_imu' with the following arguments: {'ament_cmake_args': None, 'build_base': '/home/andre/ros2_ws/build/mqtt_imu', 'catkin_cmake_args': None, 'catkin_skip_building_tests': False, 'cmake_args': ['-DCMAKE_EXE_LINKER_FLAGS=-lcurl'], 'cmake_clean_cache': False, 'cmake_clean_first': False, 'cmake_force_configure': False, 'cmake_target': None, 'cmake_target_skip_unavailable': False, 'install_base': '/home/andre/ros2_ws/install/mqtt_imu', 'merge_install': False, 'path': '/home/andre/ros2_ws/src/hardware/mqtt_imu', 'symlink_install': False, 'test_result_base': None}
[0.359s] Level 5:colcon.colcon_core.verb:set package 'pose_printer' build argument 'cmake_args' from command line to '['-DCMAKE_EXE_LINKER_FLAGS=-lcurl']'
[0.359s] Level 5:colcon.colcon_core.verb:set package 'pose_printer' build argument 'cmake_target' from command line to 'None'
[0.359s] Level 5:colcon.colcon_core.verb:set package 'pose_printer' build argument 'cmake_target_skip_unavailable' from command line to 'False'
[0.359s] Level 5:colcon.colcon_core.verb:set package 'pose_printer' build argument 'cmake_clean_cache' from command line to 'False'
[0.359s] Level 5:colcon.colcon_core.verb:set package 'pose_printer' build argument 'cmake_clean_first' from command line to 'False'
[0.359s] Level 5:colcon.colcon_core.verb:set package 'pose_printer' build argument 'cmake_force_configure' from command line to 'False'
[0.359s] Level 5:colcon.colcon_core.verb:set package 'pose_printer' build argument 'ament_cmake_args' from command line to 'None'
[0.359s] Level 5:colcon.colcon_core.verb:set package 'pose_printer' build argument 'catkin_cmake_args' from command line to 'None'
[0.359s] Level 5:colcon.colcon_core.verb:set package 'pose_printer' build argument 'catkin_skip_building_tests' from command line to 'False'
[0.359s] DEBUG:colcon.colcon_core.verb:Building package 'pose_printer' with the following arguments: {'ament_cmake_args': None, 'build_base': '/home/andre/ros2_ws/build/pose_printer', 'catkin_cmake_args': None, 'catkin_skip_building_tests': False, 'cmake_args': ['-DCMAKE_EXE_LINKER_FLAGS=-lcurl'], 'cmake_clean_cache': False, 'cmake_clean_first': False, 'cmake_force_configure': False, 'cmake_target': None, 'cmake_target_skip_unavailable': False, 'install_base': '/home/andre/ros2_ws/install/pose_printer', 'merge_install': False, 'path': '/home/andre/ros2_ws/src/hardware/pose_printer', 'symlink_install': False, 'test_result_base': None}
[0.359s] Level 5:colcon.colcon_core.verb:set package 'robotic_arm_model_v3' build argument 'cmake_args' from command line to '['-DCMAKE_EXE_LINKER_FLAGS=-lcurl']'
[0.359s] Level 5:colcon.colcon_core.verb:set package 'robotic_arm_model_v3' build argument 'cmake_target' from command line to 'None'
[0.359s] Level 5:colcon.colcon_core.verb:set package 'robotic_arm_model_v3' build argument 'cmake_target_skip_unavailable' from command line to 'False'
[0.359s] Level 5:colcon.colcon_core.verb:set package 'robotic_arm_model_v3' build argument 'cmake_clean_cache' from command line to 'False'
[0.360s] Level 5:colcon.colcon_core.verb:set package 'robotic_arm_model_v3' build argument 'cmake_clean_first' from command line to 'False'
[0.360s] Level 5:colcon.colcon_core.verb:set package 'robotic_arm_model_v3' build argument 'cmake_force_configure' from command line to 'False'
[0.360s] Level 5:colcon.colcon_core.verb:set package 'robotic_arm_model_v3' build argument 'ament_cmake_args' from command line to 'None'
[0.360s] Level 5:colcon.colcon_core.verb:set package 'robotic_arm_model_v3' build argument 'catkin_cmake_args' from command line to 'None'
[0.360s] Level 5:colcon.colcon_core.verb:set package 'robotic_arm_model_v3' build argument 'catkin_skip_building_tests' from command line to 'False'
[0.360s] DEBUG:colcon.colcon_core.verb:Building package 'robotic_arm_model_v3' with the following arguments: {'ament_cmake_args': None, 'build_base': '/home/andre/ros2_ws/build/robotic_arm_model_v3', 'catkin_cmake_args': None, 'catkin_skip_building_tests': False, 'cmake_args': ['-DCMAKE_EXE_LINKER_FLAGS=-lcurl'], 'cmake_clean_cache': False, 'cmake_clean_first': False, 'cmake_force_configure': False, 'cmake_target': None, 'cmake_target_skip_unavailable': False, 'install_base': '/home/andre/ros2_ws/install/robotic_arm_model_v3', 'merge_install': False, 'path': '/home/andre/ros2_ws/src/robot/robotic_arm_model_v3', 'symlink_install': False, 'test_result_base': None}
[0.360s] Level 5:colcon.colcon_core.verb:set package 'web_interface' build argument 'cmake_args' from command line to '['-DCMAKE_EXE_LINKER_FLAGS=-lcurl']'
[0.360s] Level 5:colcon.colcon_core.verb:set package 'web_interface' build argument 'cmake_target' from command line to 'None'
[0.360s] Level 5:colcon.colcon_core.verb:set package 'web_interface' build argument 'cmake_target_skip_unavailable' from command line to 'False'
[0.360s] Level 5:colcon.colcon_core.verb:set package 'web_interface' build argument 'cmake_clean_cache' from command line to 'False'
[0.360s] Level 5:colcon.colcon_core.verb:set package 'web_interface' build argument 'cmake_clean_first' from command line to 'False'
[0.360s] Level 5:colcon.colcon_core.verb:set package 'web_interface' build argument 'cmake_force_configure' from command line to 'False'
[0.360s] Level 5:colcon.colcon_core.verb:set package 'web_interface' build argument 'ament_cmake_args' from command line to 'None'
[0.360s] Level 5:colcon.colcon_core.verb:set package 'web_interface' build argument 'catkin_cmake_args' from command line to 'None'
[0.360s] Level 5:colcon.colcon_core.verb:set package 'web_interface' build argument 'catkin_skip_building_tests' from command line to 'False'
[0.360s] DEBUG:colcon.colcon_core.verb:Building package 'web_interface' with the following arguments: {'ament_cmake_args': None, 'build_base': '/home/andre/ros2_ws/build/web_interface', 'catkin_cmake_args': None, 'catkin_skip_building_tests': False, 'cmake_args': ['-DCMAKE_EXE_LINKER_FLAGS=-lcurl'], 'cmake_clean_cache': False, 'cmake_clean_first': False, 'cmake_force_configure': False, 'cmake_target': None, 'cmake_target_skip_unavailable': False, 'install_base': '/home/andre/ros2_ws/install/web_interface', 'merge_install': False, 'path': '/home/andre/ros2_ws/src/interfaces/web_interface', 'symlink_install': False, 'test_result_base': None}
[0.361s] Level 5:colcon.colcon_core.verb:set package 'yolov5_detection' build argument 'cmake_args' from command line to '['-DCMAKE_EXE_LINKER_FLAGS=-lcurl']'
[0.361s] Level 5:colcon.colcon_core.verb:set package 'yolov5_detection' build argument 'cmake_target' from command line to 'None'
[0.361s] Level 5:colcon.colcon_core.verb:set package 'yolov5_detection' build argument 'cmake_target_skip_unavailable' from command line to 'False'
[0.361s] Level 5:colcon.colcon_core.verb:set package 'yolov5_detection' build argument 'cmake_clean_cache' from command line to 'False'
[0.361s] Level 5:colcon.colcon_core.verb:set package 'yolov5_detection' build argument 'cmake_clean_first' from command line to 'False'
[0.361s] Level 5:colcon.colcon_core.verb:set package 'yolov5_detection' build argument 'cmake_force_configure' from command line to 'False'
[0.361s] Level 5:colcon.colcon_core.verb:set package 'yolov5_detection' build argument 'ament_cmake_args' from command line to 'None'
[0.361s] Level 5:colcon.colcon_core.verb:set package 'yolov5_detection' build argument 'catkin_cmake_args' from command line to 'None'
[0.361s] Level 5:colcon.colcon_core.verb:set package 'yolov5_detection' build argument 'catkin_skip_building_tests' from command line to 'False'
[0.361s] DEBUG:colcon.colcon_core.verb:Building package 'yolov5_detection' with the following arguments: {'ament_cmake_args': None, 'build_base': '/home/andre/ros2_ws/build/yolov5_detection', 'catkin_cmake_args': None, 'catkin_skip_building_tests': False, 'cmake_args': ['-DCMAKE_EXE_LINKER_FLAGS=-lcurl'], 'cmake_clean_cache': False, 'cmake_clean_first': False, 'cmake_force_configure': False, 'cmake_target': None, 'cmake_target_skip_unavailable': False, 'install_base': '/home/andre/ros2_ws/install/yolov5_detection', 'merge_install': False, 'path': '/home/andre/ros2_ws/src/perception/yolov5_detection', 'symlink_install': False, 'test_result_base': None}
[0.361s] Level 5:colcon.colcon_core.verb:set package 'esp32_controller' build argument 'cmake_args' from command line to '['-DCMAKE_EXE_LINKER_FLAGS=-lcurl']'
[0.361s] Level 5:colcon.colcon_core.verb:set package 'esp32_controller' build argument 'cmake_target' from command line to 'None'
[0.361s] Level 5:colcon.colcon_core.verb:set package 'esp32_controller' build argument 'cmake_target_skip_unavailable' from command line to 'False'
[0.361s] Level 5:colcon.colcon_core.verb:set package 'esp32_controller' build argument 'cmake_clean_cache' from command line to 'False'
[0.361s] Level 5:colcon.colcon_core.verb:set package 'esp32_controller' build argument 'cmake_clean_first' from command line to 'False'
[0.361s] Level 5:colcon.colcon_core.verb:set package 'esp32_controller' build argument 'cmake_force_configure' from command line to 'False'
[0.361s] Level 5:colcon.colcon_core.verb:set package 'esp32_controller' build argument 'ament_cmake_args' from command line to 'None'
[0.361s] Level 5:colcon.colcon_core.verb:set package 'esp32_controller' build argument 'catkin_cmake_args' from command line to 'None'
[0.361s] Level 5:colcon.colcon_core.verb:set package 'esp32_controller' build argument 'catkin_skip_building_tests' from command line to 'False'
[0.361s] DEBUG:colcon.colcon_core.verb:Building package 'esp32_controller' with the following arguments: {'ament_cmake_args': None, 'build_base': '/home/andre/ros2_ws/build/esp32_controller', 'catkin_cmake_args': None, 'catkin_skip_building_tests': False, 'cmake_args': ['-DCMAKE_EXE_LINKER_FLAGS=-lcurl'], 'cmake_clean_cache': False, 'cmake_clean_first': False, 'cmake_force_configure': False, 'cmake_target': None, 'cmake_target_skip_unavailable': False, 'install_base': '/home/andre/ros2_ws/install/esp32_controller', 'merge_install': False, 'path': '/home/andre/ros2_ws/src/planning/esp32_controller', 'symlink_install': False, 'test_result_base': None}
[0.362s] Level 5:colcon.colcon_core.verb:set package 'robotic_arm_v3_config' build argument 'cmake_args' from command line to '['-DCMAKE_EXE_LINKER_FLAGS=-lcurl']'
[0.362s] Level 5:colcon.colcon_core.verb:set package 'robotic_arm_v3_config' build argument 'cmake_target' from command line to 'None'
[0.362s] Level 5:colcon.colcon_core.verb:set package 'robotic_arm_v3_config' build argument 'cmake_target_skip_unavailable' from command line to 'False'
[0.362s] Level 5:colcon.colcon_core.verb:set package 'robotic_arm_v3_config' build argument 'cmake_clean_cache' from command line to 'False'
[0.362s] Level 5:colcon.colcon_core.verb:set package 'robotic_arm_v3_config' build argument 'cmake_clean_first' from command line to 'False'
[0.362s] Level 5:colcon.colcon_core.verb:set package 'robotic_arm_v3_config' build argument 'cmake_force_configure' from command line to 'False'
[0.362s] Level 5:colcon.colcon_core.verb:set package 'robotic_arm_v3_config' build argument 'ament_cmake_args' from command line to 'None'
[0.362s] Level 5:colcon.colcon_core.verb:set package 'robotic_arm_v3_config' build argument 'catkin_cmake_args' from command line to 'None'
[0.362s] Level 5:colcon.colcon_core.verb:set package 'robotic_arm_v3_config' build argument 'catkin_skip_building_tests' from command line to 'False'
[0.362s] DEBUG:colcon.colcon_core.verb:Building package 'robotic_arm_v3_config' with the following arguments: {'ament_cmake_args': None, 'build_base': '/home/andre/ros2_ws/build/robotic_arm_v3_config', 'catkin_cmake_args': None, 'catkin_skip_building_tests': False, 'cmake_args': ['-DCMAKE_EXE_LINKER_FLAGS=-lcurl'], 'cmake_clean_cache': False, 'cmake_clean_first': False, 'cmake_force_configure': False, 'cmake_target': None, 'cmake_target_skip_unavailable': False, 'install_base': '/home/andre/ros2_ws/install/robotic_arm_v3_config', 'merge_install': False, 'path': '/home/andre/ros2_ws/src/robot/robotic_arm_v3_config', 'symlink_install': False, 'test_result_base': None}
[0.362s] Level 5:colcon.colcon_core.verb:set package 'arm_bringup' build argument 'cmake_args' from command line to '['-DCMAKE_EXE_LINKER_FLAGS=-lcurl']'
[0.362s] Level 5:colcon.colcon_core.verb:set package 'arm_bringup' build argument 'cmake_target' from command line to 'None'
[0.362s] Level 5:colcon.colcon_core.verb:set package 'arm_bringup' build argument 'cmake_target_skip_unavailable' from command line to 'False'
[0.363s] Level 5:colcon.colcon_core.verb:set package 'arm_bringup' build argument 'cmake_clean_cache' from command line to 'False'
[0.363s] Level 5:colcon.colcon_core.verb:set package 'arm_bringup' build argument 'cmake_clean_first' from command line to 'False'
[0.363s] Level 5:colcon.colcon_core.verb:set package 'arm_bringup' build argument 'cmake_force_configure' from command line to 'False'
[0.363s] Level 5:colcon.colcon_core.verb:set package 'arm_bringup' build argument 'ament_cmake_args' from command line to 'None'
[0.363s] Level 5:colcon.colcon_core.verb:set package 'arm_bringup' build argument 'catkin_cmake_args' from command line to 'None'
[0.363s] Level 5:colcon.colcon_core.verb:set package 'arm_bringup' build argument 'catkin_skip_building_tests' from command line to 'False'
[0.363s] DEBUG:colcon.colcon_core.verb:Building package 'arm_bringup' with the following arguments: {'ament_cmake_args': None, 'build_base': '/home/andre/ros2_ws/build/arm_bringup', 'catkin_cmake_args': None, 'catkin_skip_building_tests': False, 'cmake_args': ['-DCMAKE_EXE_LINKER_FLAGS=-lcurl'], 'cmake_clean_cache': False, 'cmake_clean_first': False, 'cmake_force_configure': False, 'cmake_target': None, 'cmake_target_skip_unavailable': False, 'install_base': '/home/andre/ros2_ws/install/arm_bringup', 'merge_install': False, 'path': '/home/andre/ros2_ws/src/bringup/arm_bringup', 'symlink_install': False, 'test_result_base': None}
[0.363s] INFO:colcon.colcon_core.executor:Executing jobs using 'parallel' executor
[0.364s] DEBUG:colcon.colcon_parallel_executor.executor.parallel:run_until_complete
[0.364s] INFO:colcon.colcon_ros.task.ament_cmake.build:Building ROS package in '/home/andre/ros2_ws/src/planning/move_program' with build type 'ament_cmake'
[0.365s] INFO:colcon.colcon_cmake.task.cmake.build:Building CMake package in '/home/andre/ros2_ws/src/planning/move_program'
[0.367s] INFO:colcon.colcon_core.plugin_system:Skipping extension 'colcon_core.shell.bat': Not used on non-Windows systems
[0.367s] INFO:colcon.colcon_core.shell:Skip shell extension 'powershell' for command environment: Not usable outside of PowerShell
[0.368s] DEBUG:colcon.colcon_core.shell:Skip shell extension 'dsv' for command environment
[0.375s] INFO:colcon.colcon_ros.task.ament_cmake.build:Building ROS package in '/home/andre/ros2_ws/src/robot/robotic_arm_model_v3' with build type 'ament_cmake'
[0.375s] INFO:colcon.colcon_cmake.task.cmake.build:Building CMake package in '/home/andre/ros2_ws/src/robot/robotic_arm_model_v3'
[0.376s] INFO:colcon.colcon_core.shell:Skip shell extension 'powershell' for command environment: Not usable outside of PowerShell
[0.376s] DEBUG:colcon.colcon_core.shell:Skip shell extension 'dsv' for command environment
[0.381s] INFO:colcon.colcon_ros.task.ament_python.build:Building ROS package in '/home/andre/ros2_ws/src/planning/moveit_controls' with build type 'ament_python'
[0.381s] Level 1:colcon.colcon_core.shell:create_environment_hook('moveit_controls', 'ament_prefix_path')
[0.382s] INFO:colcon.colcon_core.shell:Creating environment hook '/home/andre/ros2_ws/install/moveit_controls/share/moveit_controls/hook/ament_prefix_path.ps1'
[0.382s] INFO:colcon.colcon_core.shell:Creating environment descriptor '/home/andre/ros2_ws/install/moveit_controls/share/moveit_controls/hook/ament_prefix_path.dsv'
[0.383s] INFO:colcon.colcon_core.shell:Creating environment hook '/home/andre/ros2_ws/install/moveit_controls/share/moveit_controls/hook/ament_prefix_path.sh'
[0.383s] INFO:colcon.colcon_core.shell:Skip shell extension 'powershell' for command environment: Not usable outside of PowerShell
[0.383s] DEBUG:colcon.colcon_core.shell:Skip shell extension 'dsv' for command environment
[0.389s] INFO:colcon.colcon_ros.task.ament_python.build:Building ROS package in '/home/andre/ros2_ws/src/hardware/mqtt_imu' with build type 'ament_python'
[0.389s] Level 1:colcon.colcon_core.shell:create_environment_hook('mqtt_imu', 'ament_prefix_path')
[0.389s] INFO:colcon.colcon_core.shell:Creating environment hook '/home/andre/ros2_ws/install/mqtt_imu/share/mqtt_imu/hook/ament_prefix_path.ps1'
[0.389s] INFO:colcon.colcon_core.shell:Creating environment descriptor '/home/andre/ros2_ws/install/mqtt_imu/share/mqtt_imu/hook/ament_prefix_path.dsv'
[0.390s] INFO:colcon.colcon_core.shell:Creating environment hook '/home/andre/ros2_ws/install/mqtt_imu/share/mqtt_imu/hook/ament_prefix_path.sh'
[0.390s] INFO:colcon.colcon_core.shell:Skip shell extension 'powershell' for command environment: Not usable outside of PowerShell
[0.390s] DEBUG:colcon.colcon_core.shell:Skip shell extension 'dsv' for command environment
[0.399s] DEBUG:colcon.colcon_core.event_handler.log_command:Invoking command in '/home/andre/ros2_ws/build/move_program': CMAKE_PREFIX_PATH=${CMAKE_PREFIX_PATH}:/home/andre/ros2_ws/install/yolov5_detection:/home/andre/ros2_ws/install/web_interface:/home/andre/ros2_ws/install/pose_printer:/home/andre/ros2_ws/install/mqtt_imu:/home/andre/ros2_ws/install/moveit_controls:/home/andre/ros2_ws/install/chess_data_collector:/opt/ros/jazzy CONDA_PROMPT_MODIFIER=(base) DEBUGINFOD_URLS=https://debuginfod.ubuntu.com /usr/bin/cmake --build /home/andre/ros2_ws/build/move_program -- -j4 -l4
[0.401s] DEBUG:colcon.colcon_core.event_handler.log_command:Invoking command in '/home/andre/ros2_ws/build/robotic_arm_model_v3': CMAKE_PREFIX_PATH=${CMAKE_PREFIX_PATH}:/home/andre/ros2_ws/install/yolov5_detection:/home/andre/ros2_ws/install/web_interface:/home/andre/ros2_ws/install/pose_printer:/home/andre/ros2_ws/install/mqtt_imu:/home/andre/ros2_ws/install/moveit_controls:/home/andre/ros2_ws/install/chess_data_collector:/opt/ros/jazzy CONDA_PROMPT_MODIFIER=(base) DEBUGINFOD_URLS=https://debuginfod.ubuntu.com /usr/bin/cmake --build /home/andre/ros2_ws/build/robotic_arm_model_v3 -- -j4 -l4
[0.702s] INFO:colcon.colcon_core.task.python.build:Building Python package in '/home/andre/ros2_ws/src/planning/moveit_controls'
[0.702s] INFO:colcon.colcon_core.shell:Skip shell extension 'powershell' for command environment: Not usable outside of PowerShell
[0.702s] DEBUG:colcon.colcon_core.shell:Skip shell extension 'dsv' for command environment
[0.992s] WARNING:colcon.colcon_ros.task.ament_python.build:Package 'mqtt_imu' doesn't explicitly install a marker in the package index (colcon-ros currently does it implicitly but that fallback will be removed in the future)
[0.992s] WARNING:colcon.colcon_ros.task.ament_python.build:Package 'mqtt_imu' doesn't explicitly install the 'package.xml' file (colcon-ros currently does it implicitly but that fallback will be removed in the future)
[0.992s] INFO:colcon.colcon_core.task.python.build:Building Python package in '/home/andre/ros2_ws/src/hardware/mqtt_imu'
[0.993s] INFO:colcon.colcon_core.shell:Skip shell extension 'powershell' for command environment: Not usable outside of PowerShell
[0.993s] DEBUG:colcon.colcon_core.shell:Skip shell extension 'dsv' for command environment
[0.999s] DEBUG:colcon.colcon_core.event_handler.log_command:Invoked command in '/home/andre/ros2_ws/build/move_program' returned '0': CMAKE_PREFIX_PATH=${CMAKE_PREFIX_PATH}:/home/andre/ros2_ws/install/yolov5_detection:/home/andre/ros2_ws/install/web_interface:/home/andre/ros2_ws/install/pose_printer:/home/andre/ros2_ws/install/mqtt_imu:/home/andre/ros2_ws/install/moveit_controls:/home/andre/ros2_ws/install/chess_data_collector:/opt/ros/jazzy CONDA_PROMPT_MODIFIER=(base) DEBUGINFOD_URLS=https://debuginfod.ubuntu.com /usr/bin/cmake --build /home/andre/ros2_ws/build/move_program -- -j4 -l4
[1.008s] DEBUG:colcon.colcon_core.event_handler.log_command:Invoking command in '/home/andre/ros2_ws/build/move_program': CMAKE_PREFIX_PATH=${CMAKE_PREFIX_PATH}:/home/andre/ros2_ws/install/yolov5_detection:/home/andre/ros2_ws/install/web_interface:/home/andre/ros2_ws/install/pose_printer:/home/andre/ros2_ws/install/mqtt_imu:/home/andre/ros2_ws/install/moveit_controls:/home/andre/ros2_ws/install/chess_data_collector:/opt/ros/jazzy CONDA_PROMPT_MODIFIER=(base) DEBUGINFOD_URLS=https://debuginfod.ubuntu.com /usr/bin/cmake --install /home/andre/ros2_ws/build/move_program
[1.009s] DEBUG:colcon.colcon_core.event_handler.log_command:Invoked command in '/home/andre/ros2_ws/build/robotic_arm_model_v3' returned '0': CMAKE_PREFIX_PATH=${CMAKE_PREFIX_PATH}:/home/andre/ros2_ws/install/yolov5_detection:/home/andre/ros2_ws/install/web_interface:/home/andre/ros2_ws/install/pose_printer:/home/andre/ros2_ws/install/mqtt_imu:/home/andre/ros2_ws/install/moveit_controls:/home/andre/ros2_ws/install/chess_data_collector:/opt/ros/jazzy CONDA_PROMPT_MODIFIER=(base) DEBUGINFOD_URLS=https://debuginfod.ubuntu.com /usr/bin/cmake --build /home/andre/ros2_ws/build/robotic_arm_model_v3 -- -j4 -l4
[1.011s] DEBUG:colcon.colcon_core.event_handler.log_command:Invoking command in '/home/andre/ros2_ws/build/robotic_arm_model_v3': CMAKE_PREFIX_PATH=${CMAKE_PREFIX_PATH}:/home/andre/ros2_ws/install/yolov5_detection:/home/andre/ros2_ws/install/web_interface:/home/andre/ros2_ws/install/pose_printer:/home/andre/ros2_ws/install/mqtt_imu:/home/andre/ros2_ws/install/moveit_controls:/home/andre/ros2_ws/install/chess_data_collector:/opt/ros/jazzy CONDA_PROMPT_MODIFIER=(base) DEBUGINFOD_URLS=https://debuginfod.ubuntu.com /usr/bin/cmake --install /home/andre/ros2_ws/build/robotic_arm_model_v3
[1.031s] Level 1:colcon.colcon_core.environment:create_environment_scripts_only(move_program)
[1.034s] Level 1:colcon.colcon_core.environment:checking '/home/andre/ros2_ws/install/move_program' for CMake module files
[1.038s] Level 1:colcon.colcon_core.environment:checking '/home/andre/ros2_ws/install/move_program' for CMake config files
[1.041s] DEBUG:colcon.colcon_core.event_handler.log_command:Invoked command in '/home/andre/ros2_ws/build/move_program' returned '0': CMAKE_PREFIX_PATH=${CMAKE_PREFIX_PATH}:/home/andre/ros2_ws/install/yolov5_detection:/home/andre/ros2_ws/install/web_interface:/home/andre/ros2_ws/install/pose_printer:/home/andre/ros2_ws/install/mqtt_imu:/home/andre/ros2_ws/install/moveit_controls:/home/andre/ros2_ws/install/chess_data_collector:/opt/ros/jazzy CONDA_PROMPT_MODIFIER=(base) DEBUGINFOD_URLS=https://debuginfod.ubuntu.com /usr/bin/cmake --install /home/andre/ros2_ws/build/move_program
[1.041s] Level 1:colcon.colcon_core.shell:create_environment_hook('move_program', 'cmake_prefix_path')
[1.041s] INFO:colcon.colcon_core.shell:Creating environment hook '/home/andre/ros2_ws/install/move_program/share/move_program/hook/cmake_prefix_path.ps1'
[1.042s] INFO:colcon.colcon_core.shell:Creating environment descriptor '/home/andre/ros2_ws/install/move_program/share/move_program/hook/cmake_prefix_path.dsv'
[1.042s] INFO:colcon.colcon_core.shell:Creating environment hook '/home/andre/ros2_ws/install/move_program/share/move_program/hook/cmake_prefix_path.sh'
[1.043s] Level 1:colcon.colcon_core.environment:checking '/home/andre/ros2_ws/install/move_program/lib'
[1.043s] Level 1:colcon.colcon_core.environment:checking '/home/andre/ros2_ws/install/move_program/bin'
[1.043s] Level 1:colcon.colcon_core.environment:checking '/home/andre/ros2_ws/install/move_program/lib/pkgconfig/move_program.pc'
[1.043s] Level 1:colcon.colcon_core.environment:checking '/home/andre/ros2_ws/install/move_program/lib/python3.12/site-packages'
[1.044s] Level 1:colcon.colcon_core.environment:checking '/home/andre/ros2_ws/install/move_program/bin'
[1.044s] INFO:colcon.colcon_core.shell:Creating package script '/home/andre/ros2_ws/install/move_program/share/move_program/package.ps1'
[1.045s] INFO:colcon.colcon_core.shell:Creating package descriptor '/home/andre/ros2_ws/install/move_program/share/move_program/package.dsv'
[1.046s] INFO:colcon.colcon_core.shell:Creating package script '/home/andre/ros2_ws/install/move_program/share/move_program/package.sh'
[1.046s] INFO:colcon.colcon_core.shell:Creating package script '/home/andre/ros2_ws/install/move_program/share/move_program/package.bash'
[1.047s] INFO:colcon.colcon_core.shell:Creating package script '/home/andre/ros2_ws/install/move_program/share/move_program/package.zsh'
[1.048s] Level 1:colcon.colcon_core.environment:create_file_with_runtime_dependencies(/home/andre/ros2_ws/install/move_program/share/colcon-core/packages/move_program)
[1.048s] Level 1:colcon.colcon_core.environment:create_environment_scripts_only(move_program)
[1.049s] Level 1:colcon.colcon_core.environment:checking '/home/andre/ros2_ws/install/move_program' for CMake module files
[1.049s] Level 1:colcon.colcon_core.environment:checking '/home/andre/ros2_ws/install/move_program' for CMake config files
[1.049s] Level 1:colcon.colcon_core.shell:create_environment_hook('move_program', 'cmake_prefix_path')
[1.050s] INFO:colcon.colcon_core.shell:Creating environment hook '/home/andre/ros2_ws/install/move_program/share/move_program/hook/cmake_prefix_path.ps1'
[1.050s] INFO:colcon.colcon_core.shell:Creating environment descriptor '/home/andre/ros2_ws/install/move_program/share/move_program/hook/cmake_prefix_path.dsv'
[1.050s] INFO:colcon.colcon_core.shell:Creating environment hook '/home/andre/ros2_ws/install/move_program/share/move_program/hook/cmake_prefix_path.sh'
[1.051s] Level 1:colcon.colcon_core.environment:checking '/home/andre/ros2_ws/install/move_program/lib'
[1.051s] Level 1:colcon.colcon_core.environment:checking '/home/andre/ros2_ws/install/move_program/bin'
[1.051s] Level 1:colcon.colcon_core.environment:checking '/home/andre/ros2_ws/install/move_program/lib/pkgconfig/move_program.pc'
[1.052s] Level 1:colcon.colcon_core.environment:checking '/home/andre/ros2_ws/install/move_program/lib/python3.12/site-packages'
[1.052s] Level 1:colcon.colcon_core.environment:checking '/home/andre/ros2_ws/install/move_program/bin'
[1.052s] INFO:colcon.colcon_core.shell:Creating package script '/home/andre/ros2_ws/install/move_program/share/move_program/package.ps1'
[1.053s] INFO:colcon.colcon_core.shell:Creating package descriptor '/home/andre/ros2_ws/install/move_program/share/move_program/package.dsv'
[1.053s] INFO:colcon.colcon_core.shell:Creating package script '/home/andre/ros2_ws/install/move_program/share/move_program/package.sh'
[1.054s] INFO:colcon.colcon_core.shell:Creating package script '/home/andre/ros2_ws/install/move_program/share/move_program/package.bash'
[1.054s] INFO:colcon.colcon_core.shell:Creating package script '/home/andre/ros2_ws/install/move_program/share/move_program/package.zsh'
[1.055s] Level 1:colcon.colcon_core.environment:create_file_with_runtime_dependencies(/home/andre/ros2_ws/install/move_program/share/colcon-core/packages/move_program)
[1.055s] Level 1:colcon.colcon_core.environment:create_environment_scripts_only(robotic_arm_model_v3)
[1.056s] Level 1:colcon.colcon_core.environment:checking '/home/andre/ros2_ws/install/robotic_arm_model_v3' for CMake module files
[1.056s] DEBUG:colcon.colcon_core.event_handler.log_command:Invoked command in '/home/andre/ros2_ws/build/robotic_arm_model_v3' returned '0': CMAKE_PREFIX_PATH=${CMAKE_PREFIX_PATH}:/home/andre/ros2_ws/install/yolov5_detection:/home/andre/ros2_ws/install/web_interface:/home/andre/ros2_ws/install/pose_printer:/home/andre/ros2_ws/install/mqtt_imu:/home/andre/ros2_ws/install/moveit_controls:/home/andre/ros2_ws/install/chess_data_collector:/opt/ros/jazzy CONDA_PROMPT_MODIFIER=(base) DEBUGINFOD_URLS=https://debuginfod.ubuntu.com /usr/bin/cmake --install /home/andre/ros2_ws/build/robotic_arm_model_v3
[1.057s] Level 1:colcon.colcon_core.environment:checking '/home/andre/ros2_ws/install/robotic_arm_model_v3' for CMake config files
[1.057s] Level 1:colcon.colcon_core.shell:create_environment_hook('robotic_arm_model_v3', 'cmake_prefix_path')
[1.057s] INFO:colcon.colcon_core.shell:Creating environment hook '/home/andre/ros2_ws/install/robotic_arm_model_v3/share/robotic_arm_model_v3/hook/cmake_prefix_path.ps1'
[1.058s] INFO:colcon.colcon_core.shell:Creating environment descriptor '/home/andre/ros2_ws/install/robotic_arm_model_v3/share/robotic_arm_model_v3/hook/cmake_prefix_path.dsv'
[1.058s] INFO:colcon.colcon_core.shell:Creating environment hook '/home/andre/ros2_ws/install/robotic_arm_model_v3/share/robotic_arm_model_v3/hook/cmake_prefix_path.sh'
[1.059s] Level 1:colcon.colcon_core.environment:checking '/home/andre/ros2_ws/install/robotic_arm_model_v3/bin'
[1.059s] Level 1:colcon.colcon_core.environment:checking '/home/andre/ros2_ws/install/robotic_arm_model_v3/lib/pkgconfig/robotic_arm_model_v3.pc'
[1.059s] Level 1:colcon.colcon_core.environment:checking '/home/andre/ros2_ws/install/robotic_arm_model_v3/lib/python3.12/site-packages'
[1.060s] Level 1:colcon.colcon_core.environment:checking '/home/andre/ros2_ws/install/robotic_arm_model_v3/bin'
[1.060s] INFO:colcon.colcon_core.shell:Creating package script '/home/andre/ros2_ws/install/robotic_arm_model_v3/share/robotic_arm_model_v3/package.ps1'
[1.060s] INFO:colcon.colcon_core.shell:Creating package descriptor '/home/andre/ros2_ws/install/robotic_arm_model_v3/share/robotic_arm_model_v3/package.dsv'
[1.061s] INFO:colcon.colcon_core.shell:Creating package script '/home/andre/ros2_ws/install/robotic_arm_model_v3/share/robotic_arm_model_v3/package.sh'
[1.061s] INFO:colcon.colcon_core.shell:Creating package script '/home/andre/ros2_ws/install/robotic_arm_model_v3/share/robotic_arm_model_v3/package.bash'
[1.062s] INFO:colcon.colcon_core.shell:Creating package script '/home/andre/ros2_ws/install/robotic_arm_model_v3/share/robotic_arm_model_v3/package.zsh'
[1.062s] Level 1:colcon.colcon_core.environment:create_file_with_runtime_dependencies(/home/andre/ros2_ws/install/robotic_arm_model_v3/share/colcon-core/packages/robotic_arm_model_v3)
[1.063s] Level 1:colcon.colcon_core.environment:create_environment_scripts_only(robotic_arm_model_v3)
[1.063s] Level 1:colcon.colcon_core.environment:checking '/home/andre/ros2_ws/install/robotic_arm_model_v3' for CMake module files
[1.063s] Level 1:colcon.colcon_core.environment:checking '/home/andre/ros2_ws/install/robotic_arm_model_v3' for CMake config files
[1.064s] Level 1:colcon.colcon_core.shell:create_environment_hook('robotic_arm_model_v3', 'cmake_prefix_path')
[1.064s] INFO:colcon.colcon_core.shell:Creating environment hook '/home/andre/ros2_ws/install/robotic_arm_model_v3/share/robotic_arm_model_v3/hook/cmake_prefix_path.ps1'
[1.064s] INFO:colcon.colcon_core.shell:Creating environment descriptor '/home/andre/ros2_ws/install/robotic_arm_model_v3/share/robotic_arm_model_v3/hook/cmake_prefix_path.dsv'
[1.065s] INFO:colcon.colcon_core.shell:Creating environment hook '/home/andre/ros2_ws/install/robotic_arm_model_v3/share/robotic_arm_model_v3/hook/cmake_prefix_path.sh'
[1.065s] Level 1:colcon.colcon_core.environment:checking '/home/andre/ros2_ws/install/robotic_arm_model_v3/bin'
[1.065s] Level 1:colcon.colcon_core.environment:checking '/home/andre/ros2_ws/install/robotic_arm_model_v3/lib/pkgconfig/robotic_arm_model_v3.pc'
[1.066s] Level 1:colcon.colcon_core.environment:checking '/home/andre/ros2_ws/install/robotic_arm_model_v3/lib/python3.12/site-packages'
[1.066s] Level 1:colcon.colcon_core.environment:checking '/home/andre/ros2_ws/install/robotic_arm_model_v3/bin'
[1.066s] INFO:colcon.colcon_core.shell:Creating package script '/home/andre/ros2_ws/install/robotic_arm_model_v3/share/robotic_arm_model_v3/package.ps1'
[1.067s] INFO:colcon.colcon_core.shell:Creating package descriptor '/home/andre/ros2_ws/install/robotic_arm_model_v3/share/robotic_arm_model_v3/package.dsv'
[1.068s] INFO:colcon.colcon_core.shell:Creating package script '/home/andre/ros2_ws/install/robotic_arm_model_v3/share/robotic_arm_model_v3/package.sh'
[1.068s] INFO:colcon.colcon_core.shell:Creating package script '/home/andre/ros2_ws/install/robotic_arm_model_v3/share/robotic_arm_model_v3/package.bash'
[1.068s] INFO:colcon.colcon_core.shell:Creating package script '/home/andre/ros2_ws/install/robotic_arm_model_v3/share/robotic_arm_model_v3/package.zsh'
[1.069s] Level 1:colcon.colcon_core.environment:create_file_with_runtime_dependencies(/home/andre/ros2_ws/install/robotic_arm_model_v3/share/colcon-core/packages/robotic_arm_model_v3)
[1.069s] INFO:colcon.colcon_ros.task.ament_python.build:Building ROS package in '/home/andre/ros2_ws/src/hardware/pose_printer' with build type 'ament_python'
[1.069s] Level 1:colcon.colcon_core.shell:create_environment_hook('pose_printer', 'ament_prefix_path')
[1.070s] INFO:colcon.colcon_core.shell:Creating environment hook '/home/andre/ros2_ws/install/pose_printer/share/pose_printer/hook/ament_prefix_path.ps1'
[1.071s] INFO:colcon.colcon_core.shell:Creating environment descriptor '/home/andre/ros2_ws/install/pose_printer/share/pose_printer/hook/ament_prefix_path.dsv'
[1.071s] INFO:colcon.colcon_core.shell:Creating environment hook '/home/andre/ros2_ws/install/pose_printer/share/pose_printer/hook/ament_prefix_path.sh'
[1.072s] INFO:colcon.colcon_core.shell:Skip shell extension 'powershell' for command environment: Not usable outside of PowerShell
[1.072s] DEBUG:colcon.colcon_core.shell:Skip shell extension 'dsv' for command environment
[1.079s] INFO:colcon.colcon_ros.task.ament_python.build:Building ROS package in '/home/andre/ros2_ws/src/interfaces/web_interface' with build type 'ament_python'
[1.080s] Level 1:colcon.colcon_core.shell:create_environment_hook('web_interface', 'ament_prefix_path')
[1.080s] INFO:colcon.colcon_core.shell:Creating environment hook '/home/andre/ros2_ws/install/web_interface/share/web_interface/hook/ament_prefix_path.ps1'
[1.081s] INFO:colcon.colcon_core.shell:Creating environment descriptor '/home/andre/ros2_ws/install/web_interface/share/web_interface/hook/ament_prefix_path.dsv'
[1.082s] INFO:colcon.colcon_core.shell:Creating environment hook '/home/andre/ros2_ws/install/web_interface/share/web_interface/hook/ament_prefix_path.sh'
[1.082s] INFO:colcon.colcon_core.shell:Skip shell extension 'powershell' for command environment: Not usable outside of PowerShell
[1.082s] DEBUG:colcon.colcon_core.shell:Skip shell extension 'dsv' for command environment
[1.461s] INFO:colcon.colcon_core.task.python.build:Building Python package in '/home/andre/ros2_ws/src/hardware/pose_printer'
[1.461s] INFO:colcon.colcon_core.shell:Skip shell extension 'powershell' for command environment: Not usable outside of PowerShell
[1.461s] DEBUG:colcon.colcon_core.shell:Skip shell extension 'dsv' for command environment
[1.811s] INFO:colcon.colcon_core.task.python.build:Building Python package in '/home/andre/ros2_ws/src/interfaces/web_interface'
[1.811s] INFO:colcon.colcon_core.shell:Skip shell extension 'powershell' for command environment: Not usable outside of PowerShell
[1.811s] DEBUG:colcon.colcon_core.shell:Skip shell extension 'dsv' for command environment
[2.151s] DEBUG:colcon.colcon_core.event_handler.log_command:Invoking command in '/home/andre/ros2_ws/src/hardware/mqtt_imu': CONDA_PROMPT_MODIFIER=(base) DEBUGINFOD_URLS=https://debuginfod.ubuntu.com PYTHONPATH=/home/andre/ros2_ws/build/mqtt_imu/prefix_override:/usr/lib/python3/dist-packages/colcon_core/task/python/colcon_distutils_commands:/home/andre/ros2_ws/install/mqtt_imu/lib/python3.12/site-packages:${PYTHONPATH} /usr/bin/python3 -W ignore:setup.py install is deprecated -W ignore:easy_install command is deprecated setup.py egg_info --egg-base ../../../build/mqtt_imu build --build-base /home/andre/ros2_ws/build/mqtt_imu/build install --record /home/andre/ros2_ws/build/mqtt_imu/install.log --single-version-externally-managed
[2.188s] DEBUG:colcon.colcon_core.event_handler.log_command:Invoking command in '/home/andre/ros2_ws/src/planning/moveit_controls': CONDA_PROMPT_MODIFIER=(base) DEBUGINFOD_URLS=https://debuginfod.ubuntu.com PYTHONPATH=/home/andre/ros2_ws/build/moveit_controls/prefix_override:/usr/lib/python3/dist-packages/colcon_core/task/python/colcon_distutils_commands:/home/andre/ros2_ws/install/moveit_controls/lib/python3.12/site-packages:${PYTHONPATH} /usr/bin/python3 -W ignore:setup.py install is deprecated -W ignore:easy_install command is deprecated setup.py egg_info --egg-base ../../../build/moveit_controls build --build-base /home/andre/ros2_ws/build/moveit_controls/build install --record /home/andre/ros2_ws/build/moveit_controls/install.log --single-version-externally-managed install_data
[2.989s] DEBUG:colcon.colcon_core.event_handler.log_command:Invoking command in '/home/andre/ros2_ws/src/hardware/pose_printer': CONDA_PROMPT_MODIFIER=(base) DEBUGINFOD_URLS=https://debuginfod.ubuntu.com PYTHONPATH=/home/andre/ros2_ws/build/pose_printer/prefix_override:/usr/lib/python3/dist-packages/colcon_core/task/python/colcon_distutils_commands:/home/andre/ros2_ws/install/pose_printer/lib/python3.12/site-packages:${PYTHONPATH} /usr/bin/python3 -W ignore:setup.py install is deprecated -W ignore:easy_install command is deprecated setup.py egg_info --egg-base ../../../build/pose_printer build --build-base /home/andre/ros2_ws/build/pose_printer/build install --record /home/andre/ros2_ws/build/pose_printer/install.log --single-version-externally-managed install_data
[3.100s] DEBUG:colcon.colcon_core.event_handler.log_command:Invoking command in '/home/andre/ros2_ws/src/interfaces/web_interface': CONDA_PROMPT_MODIFIER=(base) DEBUGINFOD_URLS=https://debuginfod.ubuntu.com PYTHONPATH=/home/andre/ros2_ws/build/web_interface/prefix_override:/usr/lib/python3/dist-packages/colcon_core/task/python/colcon_distutils_commands:/home/andre/ros2_ws/install/web_interface/lib/python3.12/site-packages:${PYTHONPATH} /usr/bin/python3 -W ignore:setup.py install is deprecated -W ignore:easy_install command is deprecated setup.py egg_info --egg-base ../../../build/web_interface build --build-base /home/andre/ros2_ws/build/web_interface/build install --record /home/andre/ros2_ws/build/web_interface/install.log --single-version-externally-managed install_data
[3.294s] Level 1:colcon.colcon_core.environment:checking '/home/andre/ros2_ws/install/mqtt_imu' for CMake module files
[3.295s] Level 1:colcon.colcon_core.environment:checking '/home/andre/ros2_ws/install/mqtt_imu' for CMake config files
[3.296s] Level 1:colcon.colcon_core.environment:checking '/home/andre/ros2_ws/install/mqtt_imu/lib'
[3.296s] Level 1:colcon.colcon_core.environment:checking '/home/andre/ros2_ws/install/mqtt_imu/bin'
[3.296s] Level 1:colcon.colcon_core.environment:checking '/home/andre/ros2_ws/install/mqtt_imu/lib/pkgconfig/mqtt_imu.pc'
[3.294s] DEBUG:colcon.colcon_core.event_handler.log_command:Invoked command in '/home/andre/ros2_ws/src/hardware/mqtt_imu' returned '0': CONDA_PROMPT_MODIFIER=(base) DEBUGINFOD_URLS=https://debuginfod.ubuntu.com PYTHONPATH=/home/andre/ros2_ws/build/mqtt_imu/prefix_override:/usr/lib/python3/dist-packages/colcon_core/task/python/colcon_distutils_commands:/home/andre/ros2_ws/install/mqtt_imu/lib/python3.12/site-packages:${PYTHONPATH} /usr/bin/python3 -W ignore:setup.py install is deprecated -W ignore:easy_install command is deprecated setup.py egg_info --egg-base ../../../build/mqtt_imu build --build-base /home/andre/ros2_ws/build/mqtt_imu/build install --record /home/andre/ros2_ws/build/mqtt_imu/install.log --single-version-externally-managed
[3.296s] Level 1:colcon.colcon_core.environment:checking '/home/andre/ros2_ws/install/mqtt_imu/lib/python3.12/site-packages'
[3.296s] Level 1:colcon.colcon_core.shell:create_environment_hook('mqtt_imu', 'pythonpath')
[3.297s] INFO:colcon.colcon_core.shell:Creating environment hook '/home/andre/ros2_ws/install/mqtt_imu/share/mqtt_imu/hook/pythonpath.ps1'
[3.298s] INFO:colcon.colcon_core.shell:Creating environment descriptor '/home/andre/ros2_ws/install/mqtt_imu/share/mqtt_imu/hook/pythonpath.dsv'
[3.298s] INFO:colcon.colcon_core.shell:Creating environment hook '/home/andre/ros2_ws/install/mqtt_imu/share/mqtt_imu/hook/pythonpath.sh'
[3.299s] Level 1:colcon.colcon_core.environment:checking '/home/andre/ros2_ws/install/mqtt_imu/bin'
[3.300s] Level 1:colcon.colcon_core.environment:create_environment_scripts_only(mqtt_imu)
[3.300s] INFO:colcon.colcon_core.shell:Creating package script '/home/andre/ros2_ws/install/mqtt_imu/share/mqtt_imu/package.ps1'
[3.301s] INFO:colcon.colcon_core.shell:Creating package descriptor '/home/andre/ros2_ws/install/mqtt_imu/share/mqtt_imu/package.dsv'
[3.301s] INFO:colcon.colcon_core.shell:Creating package script '/home/andre/ros2_ws/install/mqtt_imu/share/mqtt_imu/package.sh'
[3.302s] INFO:colcon.colcon_core.shell:Creating package script '/home/andre/ros2_ws/install/mqtt_imu/share/mqtt_imu/package.bash'
[3.302s] INFO:colcon.colcon_core.shell:Creating package script '/home/andre/ros2_ws/install/mqtt_imu/share/mqtt_imu/package.zsh'
[3.302s] Level 1:colcon.colcon_core.environment:create_file_with_runtime_dependencies(/home/andre/ros2_ws/install/mqtt_imu/share/colcon-core/packages/mqtt_imu)
[3.303s] INFO:colcon.colcon_ros.task.ament_python.build:Building ROS package in '/home/andre/ros2_ws/src/perception/yolov5_detection' with build type 'ament_python'
[3.304s] Level 1:colcon.colcon_core.shell:create_environment_hook('yolov5_detection', 'ament_prefix_path')
[3.304s] INFO:colcon.colcon_core.shell:Creating environment hook '/home/andre/ros2_ws/install/yolov5_detection/share/yolov5_detection/hook/ament_prefix_path.ps1'
[3.304s] INFO:colcon.colcon_core.shell:Creating environment descriptor '/home/andre/ros2_ws/install/yolov5_detection/share/yolov5_detection/hook/ament_prefix_path.dsv'
[3.305s] INFO:colcon.colcon_core.shell:Creating environment hook '/home/andre/ros2_ws/install/yolov5_detection/share/yolov5_detection/hook/ament_prefix_path.sh'
[3.305s] INFO:colcon.colcon_core.shell:Skip shell extension 'powershell' for command environment: Not usable outside of PowerShell
[3.305s] DEBUG:colcon.colcon_core.shell:Skip shell extension 'dsv' for command environment
[3.696s] INFO:colcon.colcon_core.task.python.build:Building Python package in '/home/andre/ros2_ws/src/perception/yolov5_detection'
[3.696s] INFO:colcon.colcon_core.shell:Skip shell extension 'powershell' for command environment: Not usable outside of PowerShell
[3.696s] DEBUG:colcon.colcon_core.shell:Skip shell extension 'dsv' for command environment
[3.705s] Level 1:colcon.colcon_core.environment:checking '/home/andre/ros2_ws/install/moveit_controls' for CMake module files
[3.706s] Level 1:colcon.colcon_core.environment:checking '/home/andre/ros2_ws/install/moveit_controls' for CMake config files
[3.706s] Level 1:colcon.colcon_core.environment:checking '/home/andre/ros2_ws/install/moveit_controls/lib'
[3.707s] Level 1:colcon.colcon_core.environment:checking '/home/andre/ros2_ws/install/moveit_controls/bin'
[3.707s] Level 1:colcon.colcon_core.environment:checking '/home/andre/ros2_ws/install/moveit_controls/lib/pkgconfig/moveit_controls.pc'
[3.707s] Level 1:colcon.colcon_core.environment:checking '/home/andre/ros2_ws/install/moveit_controls/lib/python3.12/site-packages'
[3.707s] Level 1:colcon.colcon_core.shell:create_environment_hook('moveit_controls', 'pythonpath')
[3.707s] INFO:colcon.colcon_core.shell:Creating environment hook '/home/andre/ros2_ws/install/moveit_controls/share/moveit_controls/hook/pythonpath.ps1'
[3.709s] INFO:colcon.colcon_core.shell:Creating environment descriptor '/home/andre/ros2_ws/install/moveit_controls/share/moveit_controls/hook/pythonpath.dsv'
[3.709s] INFO:colcon.colcon_core.shell:Creating environment hook '/home/andre/ros2_ws/install/moveit_controls/share/moveit_controls/hook/pythonpath.sh'
[3.710s] Level 1:colcon.colcon_core.environment:checking '/home/andre/ros2_ws/install/moveit_controls/bin'
[3.710s] DEBUG:colcon.colcon_core.event_handler.log_command:Invoked command in '/home/andre/ros2_ws/src/planning/moveit_controls' returned '0': CONDA_PROMPT_MODIFIER=(base) DEBUGINFOD_URLS=https://debuginfod.ubuntu.com PYTHONPATH=/home/andre/ros2_ws/build/moveit_controls/prefix_override:/usr/lib/python3/dist-packages/colcon_core/task/python/colcon_distutils_commands:/home/andre/ros2_ws/install/moveit_controls/lib/python3.12/site-packages:${PYTHONPATH} /usr/bin/python3 -W ignore:setup.py install is deprecated -W ignore:easy_install command is deprecated setup.py egg_info --egg-base ../../../build/moveit_controls build --build-base /home/andre/ros2_ws/build/moveit_controls/build install --record /home/andre/ros2_ws/build/moveit_controls/install.log --single-version-externally-managed install_data
[3.710s] Level 1:colcon.colcon_core.environment:create_environment_scripts_only(moveit_controls)
[3.710s] INFO:colcon.colcon_core.shell:Creating package script '/home/andre/ros2_ws/install/moveit_controls/share/moveit_controls/package.ps1'
[3.711s] INFO:colcon.colcon_core.shell:Creating package descriptor '/home/andre/ros2_ws/install/moveit_controls/share/moveit_controls/package.dsv'
[3.711s] INFO:colcon.colcon_core.shell:Creating package script '/home/andre/ros2_ws/install/moveit_controls/share/moveit_controls/package.sh'
[3.712s] INFO:colcon.colcon_core.shell:Creating package script '/home/andre/ros2_ws/install/moveit_controls/share/moveit_controls/package.bash'
[3.712s] INFO:colcon.colcon_core.shell:Creating package script '/home/andre/ros2_ws/install/moveit_controls/share/moveit_controls/package.zsh'
[3.713s] Level 1:colcon.colcon_core.environment:create_file_with_runtime_dependencies(/home/andre/ros2_ws/install/moveit_controls/share/colcon-core/packages/moveit_controls)
[3.713s] INFO:colcon.colcon_ros.task.ament_cmake.build:Building ROS package in '/home/andre/ros2_ws/src/planning/esp32_controller' with build type 'ament_cmake'
[3.713s] INFO:colcon.colcon_cmake.task.cmake.build:Building CMake package in '/home/andre/ros2_ws/src/planning/esp32_controller'
[3.713s] INFO:colcon.colcon_core.shell:Skip shell extension 'powershell' for command environment: Not usable outside of PowerShell
[3.714s] DEBUG:colcon.colcon_core.shell:Skip shell extension 'dsv' for command environment
[3.731s] DEBUG:colcon.colcon_core.event_handler.log_command:Invoking command in '/home/andre/ros2_ws/build/esp32_controller': CMAKE_PREFIX_PATH=/home/andre/ros2_ws/install/move_program:/home/andre/ros2_ws/install/arm_bringup:/home/andre/ros2_ws/install/test_ros_gz_bridge:/home/andre/ros2_ws/install/ros_gz_interfaces:/home/andre/ros2_ws/install/robotic_arm_v3_config:/home/andre/ros2_ws/install/robotic_arm_model_v3:/home/andre/ros2_ws/install/esp32_controller:/opt/ros/jazzy/opt/gz_sim_vendor:/opt/ros/jazzy/opt/gz_sensors_vendor:/opt/ros/jazzy/opt/gz_physics_vendor:/opt/ros/jazzy/opt/sdformat_vendor:/opt/ros/jazzy/opt/gz_gui_vendor:/opt/ros/jazzy/opt/gz_transport_vendor:/opt/ros/jazzy/opt/gz_rendering_vendor:/opt/ros/jazzy/opt/gz_plugin_vendor:/opt/ros/jazzy/opt/gz_fuel_tools_vendor:/opt/ros/jazzy/opt/gz_msgs_vendor:/opt/ros/jazzy/opt/gz_common_vendor:/opt/ros/jazzy/opt/gz_math_vendor:/opt/ros/jazzy/opt/gz_utils_vendor:/opt/ros/jazzy/opt/gz_tools_vendor:/opt/ros/jazzy/opt/gz_ogre_next_vendor:/opt/ros/jazzy/opt/gz_dartsim_vendor:/opt/ros/jazzy/opt/gz_cmake_vendor:/home/andre/ros2_ws/install/yolov5_detection:/home/andre/ros2_ws/install/web_interface:/home/andre/ros2_ws/install/pose_printer:/home/andre/ros2_ws/install/mqtt_imu:/home/andre/ros2_ws/install/moveit_controls:/home/andre/ros2_ws/install/chess_data_collector:/opt/ros/jazzy CONDA_PROMPT_MODIFIER=(base) DEBUGINFOD_URLS=https://debuginfod.ubuntu.com /usr/bin/cmake --build /home/andre/ros2_ws/build/esp32_controller -- -j4 -l4
[3.833s] DEBUG:colcon.colcon_core.event_handler.log_command:Invoked command in '/home/andre/ros2_ws/build/esp32_controller' returned '0': CMAKE_PREFIX_PATH=/home/andre/ros2_ws/install/move_program:/home/andre/ros2_ws/install/arm_bringup:/home/andre/ros2_ws/install/test_ros_gz_bridge:/home/andre/ros2_ws/install/ros_gz_interfaces:/home/andre/ros2_ws/install/robotic_arm_v3_config:/home/andre/ros2_ws/install/robotic_arm_model_v3:/home/andre/ros2_ws/install/esp32_controller:/opt/ros/jazzy/opt/gz_sim_vendor:/opt/ros/jazzy/opt/gz_sensors_vendor:/opt/ros/jazzy/opt/gz_physics_vendor:/opt/ros/jazzy/opt/sdformat_vendor:/opt/ros/jazzy/opt/gz_gui_vendor:/opt/ros/jazzy/opt/gz_transport_vendor:/opt/ros/jazzy/opt/gz_rendering_vendor:/opt/ros/jazzy/opt/gz_plugin_vendor:/opt/ros/jazzy/opt/gz_fuel_tools_vendor:/opt/ros/jazzy/opt/gz_msgs_vendor:/opt/ros/jazzy/opt/gz_common_vendor:/opt/ros/jazzy/opt/gz_math_vendor:/opt/ros/jazzy/opt/gz_utils_vendor:/opt/ros/jazzy/opt/gz_tools_vendor:/opt/ros/jazzy/opt/gz_ogre_next_vendor:/opt/ros/jazzy/opt/gz_dartsim_vendor:/opt/ros/jazzy/opt/gz_cmake_vendor:/home/andre/ros2_ws/install/yolov5_detection:/home/andre/ros2_ws/install/web_interface:/home/andre/ros2_ws/install/pose_printer:/home/andre/ros2_ws/install/mqtt_imu:/home/andre/ros2_ws/install/moveit_controls:/home/andre/ros2_ws/install/chess_data_collector:/opt/ros/jazzy CONDA_PROMPT_MODIFIER=(base) DEBUGINFOD_URLS=https://debuginfod.ubuntu.com /usr/bin/cmake --build /home/andre/ros2_ws/build/esp32_controller -- -j4 -l4
[3.834s] DEBUG:colcon.colcon_core.event_handler.log_command:Invoking command in '/home/andre/ros2_ws/build/esp32_controller': CMAKE_PREFIX_PATH=/home/andre/ros2_ws/install/move_program:/home/andre/ros2_ws/install/arm_bringup:/home/andre/ros2_ws/install/test_ros_gz_bridge:/home/andre/ros2_ws/install/ros_gz_interfaces:/home/andre/ros2_ws/install/robotic_arm_v3_config:/home/andre/ros2_ws/install/robotic_arm_model_v3:/home/andre/ros2_ws/install/esp32_controller:/opt/ros/jazzy/opt/gz_sim_vendor:/opt/ros/jazzy/opt/gz_sensors_vendor:/opt/ros/jazzy/opt/gz_physics_vendor:/opt/ros/jazzy/opt/sdformat_vendor:/opt/ros/jazzy/opt/gz_gui_vendor:/opt/ros/jazzy/opt/gz_transport_vendor:/opt/ros/jazzy/opt/gz_rendering_vendor:/opt/ros/jazzy/opt/gz_plugin_vendor:/opt/ros/jazzy/opt/gz_fuel_tools_vendor:/opt/ros/jazzy/opt/gz_msgs_vendor:/opt/ros/jazzy/opt/gz_common_vendor:/opt/ros/jazzy/opt/gz_math_vendor:/opt/ros/jazzy/opt/gz_utils_vendor:/opt/ros/jazzy/opt/gz_tools_vendor:/opt/ros/jazzy/opt/gz_ogre_next_vendor:/opt/ros/jazzy/opt/gz_dartsim_vendor:/opt/ros/jazzy/opt/gz_cmake_vendor:/home/andre/ros2_ws/install/yolov5_detection:/home/andre/ros2_ws/install/web_interface:/home/andre/ros2_ws/install/pose_printer:/home/andre/ros2_ws/install/mqtt_imu:/home/andre/ros2_ws/install/moveit_controls:/home/andre/ros2_ws/install/chess_data_collector:/opt/ros/jazzy CONDA_PROMPT_MODIFIER=(base) DEBUGINFOD_URLS=https://debuginfod.ubuntu.com /usr/bin/cmake --install /home/andre/ros2_ws/build/esp32_controller
[3.850s] Level 1:colcon.colcon_core.environment:create_environment_scripts_only(esp32_controller)
[3.851s] Level 1:colcon.colcon_core.environment:checking '/home/andre/ros2_ws/install/esp32_controller' for CMake module files
[3.851s] Level 1:colcon.colcon_core.environment:checking '/home/andre/ros2_ws/install/esp32_controller' for CMake config files
[3.852s] Level 1:colcon.colcon_core.shell:create_environment_hook('esp32_controller', 'cmake_prefix_path')
[3.852s] INFO:colcon.colcon_core.shell:Creating environment hook '/home/andre/ros2_ws/install/esp32_controller/share/esp32_controller/hook/cmake_prefix_path.ps1'
[3.852s] INFO:colcon.colcon_core.shell:Creating environment descriptor '/home/andre/ros2_ws/install/esp32_controller/share/esp32_controller/hook/cmake_prefix_path.dsv'
[3.853s] INFO:colcon.colcon_core.shell:Creating environment hook '/home/andre/ros2_ws/install/esp32_controller/share/esp32_controller/hook/cmake_prefix_path.sh'
[3.855s] DEBUG:colcon.colcon_core.event_handler.log_command:Invoked command in '/home/andre/ros2_ws/build/esp32_controller' returned '0': CMAKE_PREFIX_PATH=/home/andre/ros2_ws/install/move_program:/home/andre/ros2_ws/install/arm_bringup:/home/andre/ros2_ws/install/test_ros_gz_bridge:/home/andre/ros2_ws/install/ros_gz_interfaces:/home/andre/ros2_ws/install/robotic_arm_v3_config:/home/andre/ros2_ws/install/robotic_arm_model_v3:/home/andre/ros2_ws/install/esp32_controller:/opt/ros/jazzy/opt/gz_sim_vendor:/opt/ros/jazzy/opt/gz_sensors_vendor:/opt/ros/jazzy/opt/gz_physics_vendor:/opt/ros/jazzy/opt/sdformat_vendor:/opt/ros/jazzy/opt/gz_gui_vendor:/opt/ros/jazzy/opt/gz_transport_vendor:/opt/ros/jazzy/opt/gz_rendering_vendor:/opt/ros/jazzy/opt/gz_plugin_vendor:/opt/ros/jazzy/opt/gz_fuel_tools_vendor:/opt/ros/jazzy/opt/gz_msgs_vendor:/opt/ros/jazzy/opt/gz_common_vendor:/opt/ros/jazzy/opt/gz_math_vendor:/opt/ros/jazzy/opt/gz_utils_vendor:/opt/ros/jazzy/opt/gz_tools_vendor:/opt/ros/jazzy/opt/gz_ogre_next_vendor:/opt/ros/jazzy/opt/gz_dartsim_vendor:/opt/ros/jazzy/opt/gz_cmake_vendor:/home/andre/ros2_ws/install/yolov5_detection:/home/andre/ros2_ws/install/web_interface:/home/andre/ros2_ws/install/pose_printer:/home/andre/ros2_ws/install/mqtt_imu:/home/andre/ros2_ws/install/moveit_controls:/home/andre/ros2_ws/install/chess_data_collector:/opt/ros/jazzy CONDA_PROMPT_MODIFIER=(base) DEBUGINFOD_URLS=https://debuginfod.ubuntu.com /usr/bin/cmake --install /home/andre/ros2_ws/build/esp32_controller
[3.859s] Level 1:colcon.colcon_core.environment:checking '/home/andre/ros2_ws/install/esp32_controller/lib'
[3.859s] Level 1:colcon.colcon_core.environment:checking '/home/andre/ros2_ws/install/esp32_controller/bin'
[3.859s] Level 1:colcon.colcon_core.environment:checking '/home/andre/ros2_ws/install/esp32_controller/lib/pkgconfig/esp32_controller.pc'
[3.859s] Level 1:colcon.colcon_core.environment:checking '/home/andre/ros2_ws/install/esp32_controller/lib/python3.12/site-packages'
[3.860s] Level 1:colcon.colcon_core.environment:checking '/home/andre/ros2_ws/install/esp32_controller/bin'
[3.860s] INFO:colcon.colcon_core.shell:Creating package script '/home/andre/ros2_ws/install/esp32_controller/share/esp32_controller/package.ps1'
[3.862s] INFO:colcon.colcon_core.shell:Creating package descriptor '/home/andre/ros2_ws/install/esp32_controller/share/esp32_controller/package.dsv'
[3.862s] INFO:colcon.colcon_core.shell:Creating package script '/home/andre/ros2_ws/install/esp32_controller/share/esp32_controller/package.sh'
[3.863s] INFO:colcon.colcon_core.shell:Creating package script '/home/andre/ros2_ws/install/esp32_controller/share/esp32_controller/package.bash'
[3.864s] INFO:colcon.colcon_core.shell:Creating package script '/home/andre/ros2_ws/install/esp32_controller/share/esp32_controller/package.zsh'
[3.864s] Level 1:colcon.colcon_core.environment:create_file_with_runtime_dependencies(/home/andre/ros2_ws/install/esp32_controller/share/colcon-core/packages/esp32_controller)
[3.865s] Level 1:colcon.colcon_core.environment:create_environment_scripts_only(esp32_controller)
[3.865s] Level 1:colcon.colcon_core.environment:checking '/home/andre/ros2_ws/install/esp32_controller' for CMake module files
[3.866s] Level 1:colcon.colcon_core.environment:checking '/home/andre/ros2_ws/install/esp32_controller' for CMake config files
[3.866s] Level 1:colcon.colcon_core.shell:create_environment_hook('esp32_controller', 'cmake_prefix_path')
[3.866s] INFO:colcon.colcon_core.shell:Creating environment hook '/home/andre/ros2_ws/install/esp32_controller/share/esp32_controller/hook/cmake_prefix_path.ps1'
[3.867s] INFO:colcon.colcon_core.shell:Creating environment descriptor '/home/andre/ros2_ws/install/esp32_controller/share/esp32_controller/hook/cmake_prefix_path.dsv'
[3.868s] INFO:colcon.colcon_core.shell:Creating environment hook '/home/andre/ros2_ws/install/esp32_controller/share/esp32_controller/hook/cmake_prefix_path.sh'
[3.869s] Level 1:colcon.colcon_core.environment:checking '/home/andre/ros2_ws/install/esp32_controller/lib'
[3.869s] Level 1:colcon.colcon_core.environment:checking '/home/andre/ros2_ws/install/esp32_controller/bin'
[3.869s] Level 1:colcon.colcon_core.environment:checking '/home/andre/ros2_ws/install/esp32_controller/lib/pkgconfig/esp32_controller.pc'
[3.869s] Level 1:colcon.colcon_core.environment:checking '/home/andre/ros2_ws/install/esp32_controller/lib/python3.12/site-packages'
[3.870s] Level 1:colcon.colcon_core.environment:checking '/home/andre/ros2_ws/install/esp32_controller/bin'
[3.870s] INFO:colcon.colcon_core.shell:Creating package script '/home/andre/ros2_ws/install/esp32_controller/share/esp32_controller/package.ps1'
[3.871s] INFO:colcon.colcon_core.shell:Creating package descriptor '/home/andre/ros2_ws/install/esp32_controller/share/esp32_controller/package.dsv'
[3.871s] INFO:colcon.colcon_core.shell:Creating package script '/home/andre/ros2_ws/install/esp32_controller/share/esp32_controller/package.sh'
[3.872s] INFO:colcon.colcon_core.shell:Creating package script '/home/andre/ros2_ws/install/esp32_controller/share/esp32_controller/package.bash'
[3.872s] INFO:colcon.colcon_core.shell:Creating package script '/home/andre/ros2_ws/install/esp32_controller/share/esp32_controller/package.zsh'
[3.873s] Level 1:colcon.colcon_core.environment:create_file_with_runtime_dependencies(/home/andre/ros2_ws/install/esp32_controller/share/colcon-core/packages/esp32_controller)
[3.873s] INFO:colcon.colcon_ros.task.ament_cmake.build:Building ROS package in '/home/andre/ros2_ws/src/robot/robotic_arm_v3_config' with build type 'ament_cmake'
[3.873s] INFO:colcon.colcon_cmake.task.cmake.build:Building CMake package in '/home/andre/ros2_ws/src/robot/robotic_arm_v3_config'
[3.873s] INFO:colcon.colcon_core.shell:Skip shell extension 'powershell' for command environment: Not usable outside of PowerShell
[3.874s] DEBUG:colcon.colcon_core.shell:Skip shell extension 'dsv' for command environment
[3.888s] DEBUG:colcon.colcon_core.event_handler.log_command:Invoking command in '/home/andre/ros2_ws/build/robotic_arm_v3_config': CMAKE_PREFIX_PATH=/home/andre/ros2_ws/install/robotic_arm_model_v3:/home/andre/ros2_ws/install/arm_bringup:/home/andre/ros2_ws/install/test_ros_gz_bridge:/home/andre/ros2_ws/install/ros_gz_interfaces:/home/andre/ros2_ws/install/robotic_arm_v3_config:/home/andre/ros2_ws/install/esp32_controller:/home/andre/ros2_ws/install/move_program:/opt/ros/jazzy/opt/gz_sim_vendor:/opt/ros/jazzy/opt/gz_sensors_vendor:/opt/ros/jazzy/opt/gz_physics_vendor:/opt/ros/jazzy/opt/sdformat_vendor:/opt/ros/jazzy/opt/gz_gui_vendor:/opt/ros/jazzy/opt/gz_transport_vendor:/opt/ros/jazzy/opt/gz_rendering_vendor:/opt/ros/jazzy/opt/gz_plugin_vendor:/opt/ros/jazzy/opt/gz_fuel_tools_vendor:/opt/ros/jazzy/opt/gz_msgs_vendor:/opt/ros/jazzy/opt/gz_common_vendor:/opt/ros/jazzy/opt/gz_math_vendor:/opt/ros/jazzy/opt/gz_utils_vendor:/opt/ros/jazzy/opt/gz_tools_vendor:/opt/ros/jazzy/opt/gz_ogre_next_vendor:/opt/ros/jazzy/opt/gz_dartsim_vendor:/opt/ros/jazzy/opt/gz_cmake_vendor:/home/andre/ros2_ws/install/yolov5_detection:/home/andre/ros2_ws/install/web_interface:/home/andre/ros2_ws/install/pose_printer:/home/andre/ros2_ws/install/mqtt_imu:/home/andre/ros2_ws/install/moveit_controls:/home/andre/ros2_ws/install/chess_data_collector:/opt/ros/jazzy CONDA_PROMPT_MODIFIER=(base) DEBUGINFOD_URLS=https://debuginfod.ubuntu.com /usr/bin/cmake --build /home/andre/ros2_ws/build/robotic_arm_v3_config -- -j4 -l4
[3.944s] DEBUG:colcon.colcon_core.event_handler.log_command:Invoked command in '/home/andre/ros2_ws/build/robotic_arm_v3_config' returned '0': CMAKE_PREFIX_PATH=/home/andre/ros2_ws/install/robotic_arm_model_v3:/home/andre/ros2_ws/install/arm_bringup:/home/andre/ros2_ws/install/test_ros_gz_bridge:/home/andre/ros2_ws/install/ros_gz_interfaces:/home/andre/ros2_ws/install/robotic_arm_v3_config:/home/andre/ros2_ws/install/esp32_controller:/home/andre/ros2_ws/install/move_program:/opt/ros/jazzy/opt/gz_sim_vendor:/opt/ros/jazzy/opt/gz_sensors_vendor:/opt/ros/jazzy/opt/gz_physics_vendor:/opt/ros/jazzy/opt/sdformat_vendor:/opt/ros/jazzy/opt/gz_gui_vendor:/opt/ros/jazzy/opt/gz_transport_vendor:/opt/ros/jazzy/opt/gz_rendering_vendor:/opt/ros/jazzy/opt/gz_plugin_vendor:/opt/ros/jazzy/opt/gz_fuel_tools_vendor:/opt/ros/jazzy/opt/gz_msgs_vendor:/opt/ros/jazzy/opt/gz_common_vendor:/opt/ros/jazzy/opt/gz_math_vendor:/opt/ros/jazzy/opt/gz_utils_vendor:/opt/ros/jazzy/opt/gz_tools_vendor:/opt/ros/jazzy/opt/gz_ogre_next_vendor:/opt/ros/jazzy/opt/gz_dartsim_vendor:/opt/ros/jazzy/opt/gz_cmake_vendor:/home/andre/ros2_ws/install/yolov5_detection:/home/andre/ros2_ws/install/web_interface:/home/andre/ros2_ws/install/pose_printer:/home/andre/ros2_ws/install/mqtt_imu:/home/andre/ros2_ws/install/moveit_controls:/home/andre/ros2_ws/install/chess_data_collector:/opt/ros/jazzy CONDA_PROMPT_MODIFIER=(base) DEBUGINFOD_URLS=https://debuginfod.ubuntu.com /usr/bin/cmake --build /home/andre/ros2_ws/build/robotic_arm_v3_config -- -j4 -l4
[3.948s] DEBUG:colcon.colcon_core.event_handler.log_command:Invoking command in '/home/andre/ros2_ws/build/robotic_arm_v3_config': CMAKE_PREFIX_PATH=/home/andre/ros2_ws/install/robotic_arm_model_v3:/home/andre/ros2_ws/install/arm_bringup:/home/andre/ros2_ws/install/test_ros_gz_bridge:/home/andre/ros2_ws/install/ros_gz_interfaces:/home/andre/ros2_ws/install/robotic_arm_v3_config:/home/andre/ros2_ws/install/esp32_controller:/home/andre/ros2_ws/install/move_program:/opt/ros/jazzy/opt/gz_sim_vendor:/opt/ros/jazzy/opt/gz_sensors_vendor:/opt/ros/jazzy/opt/gz_physics_vendor:/opt/ros/jazzy/opt/sdformat_vendor:/opt/ros/jazzy/opt/gz_gui_vendor:/opt/ros/jazzy/opt/gz_transport_vendor:/opt/ros/jazzy/opt/gz_rendering_vendor:/opt/ros/jazzy/opt/gz_plugin_vendor:/opt/ros/jazzy/opt/gz_fuel_tools_vendor:/opt/ros/jazzy/opt/gz_msgs_vendor:/opt/ros/jazzy/opt/gz_common_vendor:/opt/ros/jazzy/opt/gz_math_vendor:/opt/ros/jazzy/opt/gz_utils_vendor:/opt/ros/jazzy/opt/gz_tools_vendor:/opt/ros/jazzy/opt/gz_ogre_next_vendor:/opt/ros/jazzy/opt/gz_dartsim_vendor:/opt/ros/jazzy/opt/gz_cmake_vendor:/home/andre/ros2_ws/install/yolov5_detection:/home/andre/ros2_ws/install/web_interface:/home/andre/ros2_ws/install/pose_printer:/home/andre/ros2_ws/install/mqtt_imu:/home/andre/ros2_ws/install/moveit_controls:/home/andre/ros2_ws/install/chess_data_collector:/opt/ros/jazzy CONDA_PROMPT_MODIFIER=(base) DEBUGINFOD_URLS=https://debuginfod.ubuntu.com /usr/bin/cmake --install /home/andre/ros2_ws/build/robotic_arm_v3_config
[3.962s] Level 1:colcon.colcon_core.environment:create_environment_scripts_only(robotic_arm_v3_config)
[3.963s] Level 1:colcon.colcon_core.environment:checking '/home/andre/ros2_ws/install/robotic_arm_v3_config' for CMake module files
[3.963s] Level 1:colcon.colcon_core.environment:checking '/home/andre/ros2_ws/install/robotic_arm_v3_config' for CMake config files
[3.964s] Level 1:colcon.colcon_core.shell:create_environment_hook('robotic_arm_v3_config', 'cmake_prefix_path')
[3.964s] INFO:colcon.colcon_core.shell:Creating environment hook '/home/andre/ros2_ws/install/robotic_arm_v3_config/share/robotic_arm_v3_config/hook/cmake_prefix_path.ps1'
[3.964s] INFO:colcon.colcon_core.shell:Creating environment descriptor '/home/andre/ros2_ws/install/robotic_arm_v3_config/share/robotic_arm_v3_config/hook/cmake_prefix_path.dsv'
[3.965s] INFO:colcon.colcon_core.shell:Creating environment hook '/home/andre/ros2_ws/install/robotic_arm_v3_config/share/robotic_arm_v3_config/hook/cmake_prefix_path.sh'
[3.967s] DEBUG:colcon.colcon_core.event_handler.log_command:Invoked command in '/home/andre/ros2_ws/build/robotic_arm_v3_config' returned '0': CMAKE_PREFIX_PATH=/home/andre/ros2_ws/install/robotic_arm_model_v3:/home/andre/ros2_ws/install/arm_bringup:/home/andre/ros2_ws/install/test_ros_gz_bridge:/home/andre/ros2_ws/install/ros_gz_interfaces:/home/andre/ros2_ws/install/robotic_arm_v3_config:/home/andre/ros2_ws/install/esp32_controller:/home/andre/ros2_ws/install/move_program:/opt/ros/jazzy/opt/gz_sim_vendor:/opt/ros/jazzy/opt/gz_sensors_vendor:/opt/ros/jazzy/opt/gz_physics_vendor:/opt/ros/jazzy/opt/sdformat_vendor:/opt/ros/jazzy/opt/gz_gui_vendor:/opt/ros/jazzy/opt/gz_transport_vendor:/opt/ros/jazzy/opt/gz_rendering_vendor:/opt/ros/jazzy/opt/gz_plugin_vendor:/opt/ros/jazzy/opt/gz_fuel_tools_vendor:/opt/ros/jazzy/opt/gz_msgs_vendor:/opt/ros/jazzy/opt/gz_common_vendor:/opt/ros/jazzy/opt/gz_math_vendor:/opt/ros/jazzy/opt/gz_utils_vendor:/opt/ros/jazzy/opt/gz_tools_vendor:/opt/ros/jazzy/opt/gz_ogre_next_vendor:/opt/ros/jazzy/opt/gz_dartsim_vendor:/opt/ros/jazzy/opt/gz_cmake_vendor:/home/andre/ros2_ws/install/yolov5_detection:/home/andre/ros2_ws/install/web_interface:/home/andre/ros2_ws/install/pose_printer:/home/andre/ros2_ws/install/mqtt_imu:/home/andre/ros2_ws/install/moveit_controls:/home/andre/ros2_ws/install/chess_data_collector:/opt/ros/jazzy CONDA_PROMPT_MODIFIER=(base) DEBUGINFOD_URLS=https://debuginfod.ubuntu.com /usr/bin/cmake --install /home/andre/ros2_ws/build/robotic_arm_v3_config
[3.968s] Level 1:colcon.colcon_core.environment:checking '/home/andre/ros2_ws/install/robotic_arm_v3_config/bin'
[3.968s] Level 1:colcon.colcon_core.environment:checking '/home/andre/ros2_ws/install/robotic_arm_v3_config/lib/pkgconfig/robotic_arm_v3_config.pc'
[3.968s] Level 1:colcon.colcon_core.environment:checking '/home/andre/ros2_ws/install/robotic_arm_v3_config/lib/python3.12/site-packages'
[3.969s] Level 1:colcon.colcon_core.environment:checking '/home/andre/ros2_ws/install/robotic_arm_v3_config/bin'
[3.969s] INFO:colcon.colcon_core.shell:Creating package script '/home/andre/ros2_ws/install/robotic_arm_v3_config/share/robotic_arm_v3_config/package.ps1'
[3.969s] INFO:colcon.colcon_core.shell:Creating package descriptor '/home/andre/ros2_ws/install/robotic_arm_v3_config/share/robotic_arm_v3_config/package.dsv'
[3.970s] INFO:colcon.colcon_core.shell:Creating package script '/home/andre/ros2_ws/install/robotic_arm_v3_config/share/robotic_arm_v3_config/package.sh'
[3.971s] INFO:colcon.colcon_core.shell:Creating package script '/home/andre/ros2_ws/install/robotic_arm_v3_config/share/robotic_arm_v3_config/package.bash'
[3.971s] INFO:colcon.colcon_core.shell:Creating package script '/home/andre/ros2_ws/install/robotic_arm_v3_config/share/robotic_arm_v3_config/package.zsh'
[3.971s] Level 1:colcon.colcon_core.environment:create_file_with_runtime_dependencies(/home/andre/ros2_ws/install/robotic_arm_v3_config/share/colcon-core/packages/robotic_arm_v3_config)
[3.972s] Level 1:colcon.colcon_core.environment:create_environment_scripts_only(robotic_arm_v3_config)
[3.972s] Level 1:colcon.colcon_core.environment:checking '/home/andre/ros2_ws/install/robotic_arm_v3_config' for CMake module files
[3.973s] Level 1:colcon.colcon_core.environment:checking '/home/andre/ros2_ws/install/robotic_arm_v3_config' for CMake config files
[3.974s] Level 1:colcon.colcon_core.shell:create_environment_hook('robotic_arm_v3_config', 'cmake_prefix_path')
[3.974s] INFO:colcon.colcon_core.shell:Creating environment hook '/home/andre/ros2_ws/install/robotic_arm_v3_config/share/robotic_arm_v3_config/hook/cmake_prefix_path.ps1'
[3.974s] INFO:colcon.colcon_core.shell:Creating environment descriptor '/home/andre/ros2_ws/install/robotic_arm_v3_config/share/robotic_arm_v3_config/hook/cmake_prefix_path.dsv'
[3.975s] INFO:colcon.colcon_core.shell:Creating environment hook '/home/andre/ros2_ws/install/robotic_arm_v3_config/share/robotic_arm_v3_config/hook/cmake_prefix_path.sh'
[3.975s] Level 1:colcon.colcon_core.environment:checking '/home/andre/ros2_ws/install/robotic_arm_v3_config/bin'
[3.975s] Level 1:colcon.colcon_core.environment:checking '/home/andre/ros2_ws/install/robotic_arm_v3_config/lib/pkgconfig/robotic_arm_v3_config.pc'
[3.976s] Level 1:colcon.colcon_core.environment:checking '/home/andre/ros2_ws/install/robotic_arm_v3_config/lib/python3.12/site-packages'
[3.976s] Level 1:colcon.colcon_core.environment:checking '/home/andre/ros2_ws/install/robotic_arm_v3_config/bin'
[3.976s] INFO:colcon.colcon_core.shell:Creating package script '/home/andre/ros2_ws/install/robotic_arm_v3_config/share/robotic_arm_v3_config/package.ps1'
[3.977s] INFO:colcon.colcon_core.shell:Creating package descriptor '/home/andre/ros2_ws/install/robotic_arm_v3_config/share/robotic_arm_v3_config/package.dsv'
[3.978s] INFO:colcon.colcon_core.shell:Creating package script '/home/andre/ros2_ws/install/robotic_arm_v3_config/share/robotic_arm_v3_config/package.sh'
[3.978s] INFO:colcon.colcon_core.shell:Creating package script '/home/andre/ros2_ws/install/robotic_arm_v3_config/share/robotic_arm_v3_config/package.bash'
[3.979s] INFO:colcon.colcon_core.shell:Creating package script '/home/andre/ros2_ws/install/robotic_arm_v3_config/share/robotic_arm_v3_config/package.zsh'
[3.979s] Level 1:colcon.colcon_core.environment:create_file_with_runtime_dependencies(/home/andre/ros2_ws/install/robotic_arm_v3_config/share/colcon-core/packages/robotic_arm_v3_config)
[3.980s] INFO:colcon.colcon_ros.task.ament_python.build:Building ROS package in '/home/andre/ros2_ws/src/perception/chess_data_collector' with build type 'ament_python'
[3.980s] Level 1:colcon.colcon_core.shell:create_environment_hook('chess_data_collector', 'ament_prefix_path')
[3.981s] INFO:colcon.colcon_core.shell:Creating environment hook '/home/andre/ros2_ws/install/chess_data_collector/share/chess_data_collector/hook/ament_prefix_path.ps1'
[3.981s] INFO:colcon.colcon_core.shell:Creating environment descriptor '/home/andre/ros2_ws/install/chess_data_collector/share/chess_data_collector/hook/ament_prefix_path.dsv'
[3.982s] INFO:colcon.colcon_core.shell:Creating environment hook '/home/andre/ros2_ws/install/chess_data_collector/share/chess_data_collector/hook/ament_prefix_path.sh'
[3.982s] INFO:colcon.colcon_core.shell:Skip shell extension 'powershell' for command environment: Not usable outside of PowerShell
[3.983s] DEBUG:colcon.colcon_core.shell:Skip shell extension 'dsv' for command environment
[4.380s] INFO:colcon.colcon_core.task.python.build:Building Python package in '/home/andre/ros2_ws/src/perception/chess_data_collector'
[4.381s] INFO:colcon.colcon_core.shell:Skip shell extension 'powershell' for command environment: Not usable outside of PowerShell
[4.381s] DEBUG:colcon.colcon_core.shell:Skip shell extension 'dsv' for command environment
[4.390s] Level 1:colcon.colcon_core.environment:checking '/home/andre/ros2_ws/install/web_interface' for CMake module files
[4.391s] Level 1:colcon.colcon_core.environment:checking '/home/andre/ros2_ws/install/web_interface' for CMake config files
[4.393s] DEBUG:colcon.colcon_core.event_handler.log_command:Invoked command in '/home/andre/ros2_ws/src/interfaces/web_interface' returned '0': CONDA_PROMPT_MODIFIER=(base) DEBUGINFOD_URLS=https://debuginfod.ubuntu.com PYTHONPATH=/home/andre/ros2_ws/build/web_interface/prefix_override:/usr/lib/python3/dist-packages/colcon_core/task/python/colcon_distutils_commands:/home/andre/ros2_ws/install/web_interface/lib/python3.12/site-packages:${PYTHONPATH} /usr/bin/python3 -W ignore:setup.py install is deprecated -W ignore:easy_install command is deprecated setup.py egg_info --egg-base ../../../build/web_interface build --build-base /home/andre/ros2_ws/build/web_interface/build install --record /home/andre/ros2_ws/build/web_interface/install.log --single-version-externally-managed install_data
[4.394s] Level 1:colcon.colcon_core.environment:checking '/home/andre/ros2_ws/install/web_interface/lib'
[4.394s] Level 1:colcon.colcon_core.environment:checking '/home/andre/ros2_ws/install/web_interface/bin'
[4.394s] Level 1:colcon.colcon_core.shell:create_environment_hook('web_interface', 'path')
[4.395s] INFO:colcon.colcon_core.shell:Creating environment hook '/home/andre/ros2_ws/install/web_interface/share/web_interface/hook/path.ps1'
[4.395s] INFO:colcon.colcon_core.shell:Creating environment descriptor '/home/andre/ros2_ws/install/web_interface/share/web_interface/hook/path.dsv'
[4.396s] INFO:colcon.colcon_core.shell:Creating environment hook '/home/andre/ros2_ws/install/web_interface/share/web_interface/hook/path.sh'
[4.396s] Level 1:colcon.colcon_core.environment:checking '/home/andre/ros2_ws/install/web_interface/lib/pkgconfig/web_interface.pc'
[4.397s] Level 1:colcon.colcon_core.environment:checking '/home/andre/ros2_ws/install/web_interface/lib/python3.12/site-packages'
[4.397s] Level 1:colcon.colcon_core.shell:create_environment_hook('web_interface', 'pythonpath')
[4.397s] INFO:colcon.colcon_core.shell:Creating environment hook '/home/andre/ros2_ws/install/web_interface/share/web_interface/hook/pythonpath.ps1'
[4.398s] INFO:colcon.colcon_core.shell:Creating environment descriptor '/home/andre/ros2_ws/install/web_interface/share/web_interface/hook/pythonpath.dsv'
[4.398s] INFO:colcon.colcon_core.shell:Creating environment hook '/home/andre/ros2_ws/install/web_interface/share/web_interface/hook/pythonpath.sh'
[4.399s] Level 1:colcon.colcon_core.environment:checking '/home/andre/ros2_ws/install/web_interface/bin'
[4.399s] Level 1:colcon.colcon_core.shell:create_environment_hook('web_interface', 'pythonscriptspath')
[4.400s] INFO:colcon.colcon_core.shell:Creating environment hook '/home/andre/ros2_ws/install/web_interface/share/web_interface/hook/pythonscriptspath.ps1'
[4.400s] INFO:colcon.colcon_core.shell:Creating environment descriptor '/home/andre/ros2_ws/install/web_interface/share/web_interface/hook/pythonscriptspath.dsv'
[4.401s] INFO:colcon.colcon_core.shell:Creating environment hook '/home/andre/ros2_ws/install/web_interface/share/web_interface/hook/pythonscriptspath.sh'
[4.401s] Level 1:colcon.colcon_core.environment:create_environment_scripts_only(web_interface)
[4.402s] INFO:colcon.colcon_core.shell:Creating package script '/home/andre/ros2_ws/install/web_interface/share/web_interface/package.ps1'
[4.402s] INFO:colcon.colcon_core.shell:Creating package descriptor '/home/andre/ros2_ws/install/web_interface/share/web_interface/package.dsv'
[4.403s] INFO:colcon.colcon_core.shell:Creating package script '/home/andre/ros2_ws/install/web_interface/share/web_interface/package.sh'
[4.404s] INFO:colcon.colcon_core.shell:Creating package script '/home/andre/ros2_ws/install/web_interface/share/web_interface/package.bash'
[4.404s] INFO:colcon.colcon_core.shell:Creating package script '/home/andre/ros2_ws/install/web_interface/share/web_interface/package.zsh'
[4.405s] Level 1:colcon.colcon_core.environment:create_file_with_runtime_dependencies(/home/andre/ros2_ws/install/web_interface/share/colcon-core/packages/web_interface)
[4.405s] Level 1:colcon.colcon_core.environment:checking '/home/andre/ros2_ws/install/pose_printer' for CMake module files
[4.406s] DEBUG:colcon.colcon_core.event_handler.log_command:Invoked command in '/home/andre/ros2_ws/src/hardware/pose_printer' returned '0': CONDA_PROMPT_MODIFIER=(base) DEBUGINFOD_URLS=https://debuginfod.ubuntu.com PYTHONPATH=/home/andre/ros2_ws/build/pose_printer/prefix_override:/usr/lib/python3/dist-packages/colcon_core/task/python/colcon_distutils_commands:/home/andre/ros2_ws/install/pose_printer/lib/python3.12/site-packages:${PYTHONPATH} /usr/bin/python3 -W ignore:setup.py install is deprecated -W ignore:easy_install command is deprecated setup.py egg_info --egg-base ../../../build/pose_printer build --build-base /home/andre/ros2_ws/build/pose_printer/build install --record /home/andre/ros2_ws/build/pose_printer/install.log --single-version-externally-managed install_data
[4.407s] Level 1:colcon.colcon_core.environment:checking '/home/andre/ros2_ws/install/pose_printer' for CMake config files
[4.407s] Level 1:colcon.colcon_core.environment:checking '/home/andre/ros2_ws/install/pose_printer/lib'
[4.407s] Level 1:colcon.colcon_core.environment:checking '/home/andre/ros2_ws/install/pose_printer/bin'
[4.408s] Level 1:colcon.colcon_core.environment:checking '/home/andre/ros2_ws/install/pose_printer/lib/pkgconfig/pose_printer.pc'
[4.408s] Level 1:colcon.colcon_core.environment:checking '/home/andre/ros2_ws/install/pose_printer/lib/python3.12/site-packages'
[4.408s] Level 1:colcon.colcon_core.shell:create_environment_hook('pose_printer', 'pythonpath')
[4.408s] INFO:colcon.colcon_core.shell:Creating environment hook '/home/andre/ros2_ws/install/pose_printer/share/pose_printer/hook/pythonpath.ps1'
[4.409s] INFO:colcon.colcon_core.shell:Creating environment descriptor '/home/andre/ros2_ws/install/pose_printer/share/pose_printer/hook/pythonpath.dsv'
[4.409s] INFO:colcon.colcon_core.shell:Creating environment hook '/home/andre/ros2_ws/install/pose_printer/share/pose_printer/hook/pythonpath.sh'
[4.410s] Level 1:colcon.colcon_core.environment:checking '/home/andre/ros2_ws/install/pose_printer/bin'
[4.410s] Level 1:colcon.colcon_core.environment:create_environment_scripts_only(pose_printer)
[4.410s] INFO:colcon.colcon_core.shell:Creating package script '/home/andre/ros2_ws/install/pose_printer/share/pose_printer/package.ps1'
[4.411s] INFO:colcon.colcon_core.shell:Creating package descriptor '/home/andre/ros2_ws/install/pose_printer/share/pose_printer/package.dsv'
[4.412s] INFO:colcon.colcon_core.shell:Creating package script '/home/andre/ros2_ws/install/pose_printer/share/pose_printer/package.sh'
[4.412s] INFO:colcon.colcon_core.shell:Creating package script '/home/andre/ros2_ws/install/pose_printer/share/pose_printer/package.bash'
[4.413s] INFO:colcon.colcon_core.shell:Creating package script '/home/andre/ros2_ws/install/pose_printer/share/pose_printer/package.zsh'
[4.413s] Level 1:colcon.colcon_core.environment:create_file_with_runtime_dependencies(/home/andre/ros2_ws/install/pose_printer/share/colcon-core/packages/pose_printer)
[4.825s] DEBUG:colcon.colcon_core.event_handler.log_command:Invoking command in '/home/andre/ros2_ws/src/perception/yolov5_detection': CONDA_PROMPT_MODIFIER=(base) DEBUGINFOD_URLS=https://debuginfod.ubuntu.com PYTHONPATH=/home/andre/ros2_ws/build/yolov5_detection/prefix_override:/usr/lib/python3/dist-packages/colcon_core/task/python/colcon_distutils_commands:/home/andre/ros2_ws/install/yolov5_detection/lib/python3.12/site-packages:${PYTHONPATH} /usr/bin/python3 -W ignore:setup.py install is deprecated -W ignore:easy_install command is deprecated setup.py egg_info --egg-base ../../../build/yolov5_detection build --build-base /home/andre/ros2_ws/build/yolov5_detection/build install --record /home/andre/ros2_ws/build/yolov5_detection/install.log --single-version-externally-managed install_data
[5.343s] DEBUG:colcon.colcon_core.event_handler.log_command:Invoking command in '/home/andre/ros2_ws/src/perception/chess_data_collector': CONDA_PROMPT_MODIFIER=(base) DEBUGINFOD_URLS=https://debuginfod.ubuntu.com PYTHONPATH=/home/andre/ros2_ws/build/chess_data_collector/prefix_override:/usr/lib/python3/dist-packages/colcon_core/task/python/colcon_distutils_commands:/home/andre/ros2_ws/install/chess_data_collector/lib/python3.12/site-packages:${PYTHONPATH} /usr/bin/python3 -W ignore:setup.py install is deprecated -W ignore:easy_install command is deprecated setup.py egg_info --egg-base ../../../build/chess_data_collector build --build-base /home/andre/ros2_ws/build/chess_data_collector/build install --record /home/andre/ros2_ws/build/chess_data_collector/install.log --single-version-externally-managed install_data
[5.723s] Level 1:colcon.colcon_core.environment:checking '/home/andre/ros2_ws/install/yolov5_detection' for CMake module files
[5.724s] Level 1:colcon.colcon_core.environment:checking '/home/andre/ros2_ws/install/yolov5_detection' for CMake config files
[5.724s] DEBUG:colcon.colcon_core.event_handler.log_command:Invoked command in '/home/andre/ros2_ws/src/perception/yolov5_detection' returned '0': CONDA_PROMPT_MODIFIER=(base) DEBUGINFOD_URLS=https://debuginfod.ubuntu.com PYTHONPATH=/home/andre/ros2_ws/build/yolov5_detection/prefix_override:/usr/lib/python3/dist-packages/colcon_core/task/python/colcon_distutils_commands:/home/andre/ros2_ws/install/yolov5_detection/lib/python3.12/site-packages:${PYTHONPATH} /usr/bin/python3 -W ignore:setup.py install is deprecated -W ignore:easy_install command is deprecated setup.py egg_info --egg-base ../../../build/yolov5_detection build --build-base /home/andre/ros2_ws/build/yolov5_detection/build install --record /home/andre/ros2_ws/build/yolov5_detection/install.log --single-version-externally-managed install_data
[5.725s] Level 1:colcon.colcon_core.environment:checking '/home/andre/ros2_ws/install/yolov5_detection/lib'
[5.725s] Level 1:colcon.colcon_core.environment:checking '/home/andre/ros2_ws/install/yolov5_detection/bin'
[5.725s] Level 1:colcon.colcon_core.environment:checking '/home/andre/ros2_ws/install/yolov5_detection/lib/pkgconfig/yolov5_detection.pc'
[5.726s] Level 1:colcon.colcon_core.environment:checking '/home/andre/ros2_ws/install/yolov5_detection/lib/python3.12/site-packages'
[5.726s] Level 1:colcon.colcon_core.shell:create_environment_hook('yolov5_detection', 'pythonpath')
[5.726s] INFO:colcon.colcon_core.shell:Creating environment hook '/home/andre/ros2_ws/install/yolov5_detection/share/yolov5_detection/hook/pythonpath.ps1'
[5.726s] INFO:colcon.colcon_core.shell:Creating environment descriptor '/home/andre/ros2_ws/install/yolov5_detection/share/yolov5_detection/hook/pythonpath.dsv'
[5.727s] INFO:colcon.colcon_core.shell:Creating environment hook '/home/andre/ros2_ws/install/yolov5_detection/share/yolov5_detection/hook/pythonpath.sh'
[5.727s] Level 1:colcon.colcon_core.environment:checking '/home/andre/ros2_ws/install/yolov5_detection/bin'
[5.728s] Level 1:colcon.colcon_core.environment:create_environment_scripts_only(yolov5_detection)
[5.728s] INFO:colcon.colcon_core.shell:Creating package script '/home/andre/ros2_ws/install/yolov5_detection/share/yolov5_detection/package.ps1'
[5.728s] INFO:colcon.colcon_core.shell:Creating package descriptor '/home/andre/ros2_ws/install/yolov5_detection/share/yolov5_detection/package.dsv'
[5.729s] INFO:colcon.colcon_core.shell:Creating package script '/home/andre/ros2_ws/install/yolov5_detection/share/yolov5_detection/package.sh'
[5.729s] INFO:colcon.colcon_core.shell:Creating package script '/home/andre/ros2_ws/install/yolov5_detection/share/yolov5_detection/package.bash'
[5.730s] INFO:colcon.colcon_core.shell:Creating package script '/home/andre/ros2_ws/install/yolov5_detection/share/yolov5_detection/package.zsh'
[5.730s] Level 1:colcon.colcon_core.environment:create_file_with_runtime_dependencies(/home/andre/ros2_ws/install/yolov5_detection/share/colcon-core/packages/yolov5_detection)
[5.730s] INFO:colcon.colcon_ros.task.ament_cmake.build:Building ROS package in '/home/andre/ros2_ws/src/bringup/arm_bringup' with build type 'ament_cmake'
[5.730s] INFO:colcon.colcon_cmake.task.cmake.build:Building CMake package in '/home/andre/ros2_ws/src/bringup/arm_bringup'
[5.731s] INFO:colcon.colcon_core.shell:Skip shell extension 'powershell' for command environment: Not usable outside of PowerShell
[5.731s] DEBUG:colcon.colcon_core.shell:Skip shell extension 'dsv' for command environment
[5.748s] DEBUG:colcon.colcon_core.event_handler.log_command:Invoking command in '/home/andre/ros2_ws/build/arm_bringup': AMENT_PREFIX_PATH=/home/andre/ros2_ws/install/yolov5_detection:/home/andre/ros2_ws/install/web_interface:/home/andre/ros2_ws/install/pose_printer:/home/andre/ros2_ws/install/mqtt_imu:/home/andre/ros2_ws/install/moveit_controls:/home/andre/ros2_ws/install/arm_bringup:/home/andre/ros2_ws/install/test_ros_gz_bridge:/home/andre/ros2_ws/install/ros_gz_interfaces:/home/andre/ros2_ws/install/robotic_arm_v3_config:/home/andre/ros2_ws/install/robotic_arm_model_v3:/home/andre/ros2_ws/install/esp32_controller:/home/andre/ros2_ws/install/move_program:/home/andre/ros2_ws/install/chess_data_collector:/opt/ros/jazzy CMAKE_PREFIX_PATH=/home/andre/ros2_ws/install/robotic_arm_v3_config:/home/andre/ros2_ws/install/esp32_controller:/home/andre/ros2_ws/install/robotic_arm_model_v3:/home/andre/ros2_ws/install/move_program:/home/andre/ros2_ws/install/arm_bringup:/home/andre/ros2_ws/install/test_ros_gz_bridge:/home/andre/ros2_ws/install/ros_gz_interfaces:/opt/ros/jazzy/opt/gz_sim_vendor:/opt/ros/jazzy/opt/gz_sensors_vendor:/opt/ros/jazzy/opt/gz_physics_vendor:/opt/ros/jazzy/opt/sdformat_vendor:/opt/ros/jazzy/opt/gz_gui_vendor:/opt/ros/jazzy/opt/gz_transport_vendor:/opt/ros/jazzy/opt/gz_rendering_vendor:/opt/ros/jazzy/opt/gz_plugin_vendor:/opt/ros/jazzy/opt/gz_fuel_tools_vendor:/opt/ros/jazzy/opt/gz_msgs_vendor:/opt/ros/jazzy/opt/gz_common_vendor:/opt/ros/jazzy/opt/gz_math_vendor:/opt/ros/jazzy/opt/gz_utils_vendor:/opt/ros/jazzy/opt/gz_tools_vendor:/opt/ros/jazzy/opt/gz_ogre_next_vendor:/opt/ros/jazzy/opt/gz_dartsim_vendor:/opt/ros/jazzy/opt/gz_cmake_vendor:/home/andre/ros2_ws/install/yolov5_detection:/home/andre/ros2_ws/install/web_interface:/home/andre/ros2_ws/install/pose_printer:/home/andre/ros2_ws/install/mqtt_imu:/home/andre/ros2_ws/install/moveit_controls:/home/andre/ros2_ws/install/chess_data_collector:/opt/ros/jazzy CONDA_PROMPT_MODIFIER=(base) DEBUGINFOD_URLS=https://debuginfod.ubuntu.com PYTHONPATH=/home/andre/ros2_ws/install/yolov5_detection/lib/python3.12/site-packages:/home/andre/ros2_ws/install/web_interface/lib/python3.12/site-packages:/home/andre/ros2_ws/install/pose_printer/lib/python3.12/site-packages:/home/andre/ros2_ws/install/mqtt_imu/lib/python3.12/site-packages:/home/andre/ros2_ws/install/moveit_controls/lib/python3.12/site-packages:/home/andre/ros2_ws/install/ros_gz_interfaces/lib/python3.13/site-packages:/home/andre/ros2_ws/install/chess_data_collector/lib/python3.12/site-packages:/opt/ros/jazzy/lib/python3.12/site-packages /usr/bin/cmake --build /home/andre/ros2_ws/build/arm_bringup -- -j4 -l4
[5.788s] DEBUG:colcon.colcon_core.event_handler.log_command:Invoked command in '/home/andre/ros2_ws/build/arm_bringup' returned '0': AMENT_PREFIX_PATH=/home/andre/ros2_ws/install/yolov5_detection:/home/andre/ros2_ws/install/web_interface:/home/andre/ros2_ws/install/pose_printer:/home/andre/ros2_ws/install/mqtt_imu:/home/andre/ros2_ws/install/moveit_controls:/home/andre/ros2_ws/install/arm_bringup:/home/andre/ros2_ws/install/test_ros_gz_bridge:/home/andre/ros2_ws/install/ros_gz_interfaces:/home/andre/ros2_ws/install/robotic_arm_v3_config:/home/andre/ros2_ws/install/robotic_arm_model_v3:/home/andre/ros2_ws/install/esp32_controller:/home/andre/ros2_ws/install/move_program:/home/andre/ros2_ws/install/chess_data_collector:/opt/ros/jazzy CMAKE_PREFIX_PATH=/home/andre/ros2_ws/install/robotic_arm_v3_config:/home/andre/ros2_ws/install/esp32_controller:/home/andre/ros2_ws/install/robotic_arm_model_v3:/home/andre/ros2_ws/install/move_program:/home/andre/ros2_ws/install/arm_bringup:/home/andre/ros2_ws/install/test_ros_gz_bridge:/home/andre/ros2_ws/install/ros_gz_interfaces:/opt/ros/jazzy/opt/gz_sim_vendor:/opt/ros/jazzy/opt/gz_sensors_vendor:/opt/ros/jazzy/opt/gz_physics_vendor:/opt/ros/jazzy/opt/sdformat_vendor:/opt/ros/jazzy/opt/gz_gui_vendor:/opt/ros/jazzy/opt/gz_transport_vendor:/opt/ros/jazzy/opt/gz_rendering_vendor:/opt/ros/jazzy/opt/gz_plugin_vendor:/opt/ros/jazzy/opt/gz_fuel_tools_vendor:/opt/ros/jazzy/opt/gz_msgs_vendor:/opt/ros/jazzy/opt/gz_common_vendor:/opt/ros/jazzy/opt/gz_math_vendor:/opt/ros/jazzy/opt/gz_utils_vendor:/opt/ros/jazzy/opt/gz_tools_vendor:/opt/ros/jazzy/opt/gz_ogre_next_vendor:/opt/ros/jazzy/opt/gz_dartsim_vendor:/opt/ros/jazzy/opt/gz_cmake_vendor:/home/andre/ros2_ws/install/yolov5_detection:/home/andre/ros2_ws/install/web_interface:/home/andre/ros2_ws/install/pose_printer:/home/andre/ros2_ws/install/mqtt_imu:/home/andre/ros2_ws/install/moveit_controls:/home/andre/ros2_ws/install/chess_data_collector:/opt/ros/jazzy CONDA_PROMPT_MODIFIER=(base) DEBUGINFOD_URLS=https://debuginfod.ubuntu.com PYTHONPATH=/home/andre/ros2_ws/install/yolov5_detection/lib/python3.12/site-packages:/home/andre/ros2_ws/install/web_interface/lib/python3.12/site-packages:/home/andre/ros2_ws/install/pose_printer/lib/python3.12/site-packages:/home/andre/ros2_ws/install/mqtt_imu/lib/python3.12/site-packages:/home/andre/ros2_ws/install/moveit_controls/lib/python3.12/site-packages:/home/andre/ros2_ws/install/ros_gz_interfaces/lib/python3.13/site-packages:/home/andre/ros2_ws/install/chess_data_collector/lib/python3.12/site-packages:/opt/ros/jazzy/lib/python3.12/site-packages /usr/bin/cmake --build /home/andre/ros2_ws/build/arm_bringup -- -j4 -l4
[5.789s] DEBUG:colcon.colcon_core.event_handler.log_command:Invoking command in '/home/andre/ros2_ws/build/arm_bringup': AMENT_PREFIX_PATH=/home/andre/ros2_ws/install/yolov5_detection:/home/andre/ros2_ws/install/web_interface:/home/andre/ros2_ws/install/pose_printer:/home/andre/ros2_ws/install/mqtt_imu:/home/andre/ros2_ws/install/moveit_controls:/home/andre/ros2_ws/install/arm_bringup:/home/andre/ros2_ws/install/test_ros_gz_bridge:/home/andre/ros2_ws/install/ros_gz_interfaces:/home/andre/ros2_ws/install/robotic_arm_v3_config:/home/andre/ros2_ws/install/robotic_arm_model_v3:/home/andre/ros2_ws/install/esp32_controller:/home/andre/ros2_ws/install/move_program:/home/andre/ros2_ws/install/chess_data_collector:/opt/ros/jazzy CMAKE_PREFIX_PATH=/home/andre/ros2_ws/install/robotic_arm_v3_config:/home/andre/ros2_ws/install/esp32_controller:/home/andre/ros2_ws/install/robotic_arm_model_v3:/home/andre/ros2_ws/install/move_program:/home/andre/ros2_ws/install/arm_bringup:/home/andre/ros2_ws/install/test_ros_gz_bridge:/home/andre/ros2_ws/install/ros_gz_interfaces:/opt/ros/jazzy/opt/gz_sim_vendor:/opt/ros/jazzy/opt/gz_sensors_vendor:/opt/ros/jazzy/opt/gz_physics_vendor:/opt/ros/jazzy/opt/sdformat_vendor:/opt/ros/jazzy/opt/gz_gui_vendor:/opt/ros/jazzy/opt/gz_transport_vendor:/opt/ros/jazzy/opt/gz_rendering_vendor:/opt/ros/jazzy/opt/gz_plugin_vendor:/opt/ros/jazzy/opt/gz_fuel_tools_vendor:/opt/ros/jazzy/opt/gz_msgs_vendor:/opt/ros/jazzy/opt/gz_common_vendor:/opt/ros/jazzy/opt/gz_math_vendor:/opt/ros/jazzy/opt/gz_utils_vendor:/opt/ros/jazzy/opt/gz_tools_vendor:/opt/ros/jazzy/opt/gz_ogre_next_vendor:/opt/ros/jazzy/opt/gz_dartsim_vendor:/opt/ros/jazzy/opt/gz_cmake_vendor:/home/andre/ros2_ws/install/yolov5_detection:/home/andre/ros2_ws/install/web_interface:/home/andre/ros2_ws/install/pose_printer:/home/andre/ros2_ws/install/mqtt_imu:/home/andre/ros2_ws/install/moveit_controls:/home/andre/ros2_ws/install/chess_data_collector:/opt/ros/jazzy CONDA_PROMPT_MODIFIER=(base) DEBUGINFOD_URLS=https://debuginfod.ubuntu.com PYTHONPATH=/home/andre/ros2_ws/install/yolov5_detection/lib/python3.12/site-packages:/home/andre/ros2_ws/install/web_interface/lib/python3.12/site-packages:/home/andre/ros2_ws/install/pose_printer/lib/python3.12/site-packages:/home/andre/ros2_ws/install/mqtt_imu/lib/python3.12/site-packages:/home/andre/ros2_ws/install/moveit_controls/lib/python3.12/site-packages:/home/andre/ros2_ws/install/ros_gz_interfaces/lib/python3.13/site-packages:/home/andre/ros2_ws/install/chess_data_collector/lib/python3.12/site-packages:/opt/ros/jazzy/lib/python3.12/site-packages /usr/bin/cmake --install /home/andre/ros2_ws/build/arm_bringup
[5.800s] Level 1:colcon.colcon_core.environment:create_environment_scripts_only(arm_bringup)
[5.801s] Level 1:colcon.colcon_core.environment:checking '/home/andre/ros2_ws/install/arm_bringup' for CMake module files
[5.801s] Level 1:colcon.colcon_core.environment:checking '/home/andre/ros2_ws/install/arm_bringup' for CMake config files
[5.803s] DEBUG:colcon.colcon_core.event_handler.log_command:Invoked command in '/home/andre/ros2_ws/build/arm_bringup' returned '0': AMENT_PREFIX_PATH=/home/andre/ros2_ws/install/yolov5_detection:/home/andre/ros2_ws/install/web_interface:/home/andre/ros2_ws/install/pose_printer:/home/andre/ros2_ws/install/mqtt_imu:/home/andre/ros2_ws/install/moveit_controls:/home/andre/ros2_ws/install/arm_bringup:/home/andre/ros2_ws/install/test_ros_gz_bridge:/home/andre/ros2_ws/install/ros_gz_interfaces:/home/andre/ros2_ws/install/robotic_arm_v3_config:/home/andre/ros2_ws/install/robotic_arm_model_v3:/home/andre/ros2_ws/install/esp32_controller:/home/andre/ros2_ws/install/move_program:/home/andre/ros2_ws/install/chess_data_collector:/opt/ros/jazzy CMAKE_PREFIX_PATH=/home/andre/ros2_ws/install/robotic_arm_v3_config:/home/andre/ros2_ws/install/esp32_controller:/home/andre/ros2_ws/install/robotic_arm_model_v3:/home/andre/ros2_ws/install/move_program:/home/andre/ros2_ws/install/arm_bringup:/home/andre/ros2_ws/install/test_ros_gz_bridge:/home/andre/ros2_ws/install/ros_gz_interfaces:/opt/ros/jazzy/opt/gz_sim_vendor:/opt/ros/jazzy/opt/gz_sensors_vendor:/opt/ros/jazzy/opt/gz_physics_vendor:/opt/ros/jazzy/opt/sdformat_vendor:/opt/ros/jazzy/opt/gz_gui_vendor:/opt/ros/jazzy/opt/gz_transport_vendor:/opt/ros/jazzy/opt/gz_rendering_vendor:/opt/ros/jazzy/opt/gz_plugin_vendor:/opt/ros/jazzy/opt/gz_fuel_tools_vendor:/opt/ros/jazzy/opt/gz_msgs_vendor:/opt/ros/jazzy/opt/gz_common_vendor:/opt/ros/jazzy/opt/gz_math_vendor:/opt/ros/jazzy/opt/gz_utils_vendor:/opt/ros/jazzy/opt/gz_tools_vendor:/opt/ros/jazzy/opt/gz_ogre_next_vendor:/opt/ros/jazzy/opt/gz_dartsim_vendor:/opt/ros/jazzy/opt/gz_cmake_vendor:/home/andre/ros2_ws/install/yolov5_detection:/home/andre/ros2_ws/install/web_interface:/home/andre/ros2_ws/install/pose_printer:/home/andre/ros2_ws/install/mqtt_imu:/home/andre/ros2_ws/install/moveit_controls:/home/andre/ros2_ws/install/chess_data_collector:/opt/ros/jazzy CONDA_PROMPT_MODIFIER=(base) DEBUGINFOD_URLS=https://debuginfod.ubuntu.com PYTHONPATH=/home/andre/ros2_ws/install/yolov5_detection/lib/python3.12/site-packages:/home/andre/ros2_ws/install/web_interface/lib/python3.12/site-packages:/home/andre/ros2_ws/install/pose_printer/lib/python3.12/site-packages:/home/andre/ros2_ws/install/mqtt_imu/lib/python3.12/site-packages:/home/andre/ros2_ws/install/moveit_controls/lib/python3.12/site-packages:/home/andre/ros2_ws/install/ros_gz_interfaces/lib/python3.13/site-packages:/home/andre/ros2_ws/install/chess_data_collector/lib/python3.12/site-packages:/opt/ros/jazzy/lib/python3.12/site-packages /usr/bin/cmake --install /home/andre/ros2_ws/build/arm_bringup
[5.803s] Level 1:colcon.colcon_core.shell:create_environment_hook('arm_bringup', 'cmake_prefix_path')
[5.803s] INFO:colcon.colcon_core.shell:Creating environment hook '/home/andre/ros2_ws/install/arm_bringup/share/arm_bringup/hook/cmake_prefix_path.ps1'
[5.804s] INFO:colcon.colcon_core.shell:Creating environment descriptor '/home/andre/ros2_ws/install/arm_bringup/share/arm_bringup/hook/cmake_prefix_path.dsv'
[5.804s] INFO:colcon.colcon_core.shell:Creating environment hook '/home/andre/ros2_ws/install/arm_bringup/share/arm_bringup/hook/cmake_prefix_path.sh'
[5.805s] Level 1:colcon.colcon_core.environment:checking '/home/andre/ros2_ws/install/arm_bringup/bin'
[5.805s] Level 1:colcon.colcon_core.environment:checking '/home/andre/ros2_ws/install/arm_bringup/lib/pkgconfig/arm_bringup.pc'
[5.805s] Level 1:colcon.colcon_core.environment:checking '/home/andre/ros2_ws/install/arm_bringup/lib/python3.12/site-packages'
[5.806s] Level 1:colcon.colcon_core.environment:checking '/home/andre/ros2_ws/install/arm_bringup/bin'
[5.806s] INFO:colcon.colcon_core.shell:Creating package script '/home/andre/ros2_ws/install/arm_bringup/share/arm_bringup/package.ps1'
[5.806s] INFO:colcon.colcon_core.shell:Creating package descriptor '/home/andre/ros2_ws/install/arm_bringup/share/arm_bringup/package.dsv'
[5.807s] INFO:colcon.colcon_core.shell:Creating package script '/home/andre/ros2_ws/install/arm_bringup/share/arm_bringup/package.sh'
[5.807s] INFO:colcon.colcon_core.shell:Creating package script '/home/andre/ros2_ws/install/arm_bringup/share/arm_bringup/package.bash'
[5.808s] INFO:colcon.colcon_core.shell:Creating package script '/home/andre/ros2_ws/install/arm_bringup/share/arm_bringup/package.zsh'
[5.808s] Level 1:colcon.colcon_core.environment:create_file_with_runtime_dependencies(/home/andre/ros2_ws/install/arm_bringup/share/colcon-core/packages/arm_bringup)
[5.809s] Level 1:colcon.colcon_core.environment:create_environment_scripts_only(arm_bringup)
[5.809s] Level 1:colcon.colcon_core.environment:checking '/home/andre/ros2_ws/install/arm_bringup' for CMake module files
[5.809s] Level 1:colcon.colcon_core.environment:checking '/home/andre/ros2_ws/install/arm_bringup' for CMake config files
[5.810s] Level 1:colcon.colcon_core.shell:create_environment_hook('arm_bringup', 'cmake_prefix_path')
[5.810s] INFO:colcon.colcon_core.shell:Creating environment hook '/home/andre/ros2_ws/install/arm_bringup/share/arm_bringup/hook/cmake_prefix_path.ps1'
[5.811s] INFO:colcon.colcon_core.shell:Creating environment descriptor '/home/andre/ros2_ws/install/arm_bringup/share/arm_bringup/hook/cmake_prefix_path.dsv'
[5.812s] INFO:colcon.colcon_core.shell:Creating environment hook '/home/andre/ros2_ws/install/arm_bringup/share/arm_bringup/hook/cmake_prefix_path.sh'
[5.813s] Level 1:colcon.colcon_core.environment:checking '/home/andre/ros2_ws/install/arm_bringup/bin'
[5.813s] Level 1:colcon.colcon_core.environment:checking '/home/andre/ros2_ws/install/arm_bringup/lib/pkgconfig/arm_bringup.pc'
[5.813s] Level 1:colcon.colcon_core.environment:checking '/home/andre/ros2_ws/install/arm_bringup/lib/python3.12/site-packages'
[5.813s] Level 1:colcon.colcon_core.environment:checking '/home/andre/ros2_ws/install/arm_bringup/bin'
[5.814s] INFO:colcon.colcon_core.shell:Creating package script '/home/andre/ros2_ws/install/arm_bringup/share/arm_bringup/package.ps1'
[5.814s] INFO:colcon.colcon_core.shell:Creating package descriptor '/home/andre/ros2_ws/install/arm_bringup/share/arm_bringup/package.dsv'
[5.815s] INFO:colcon.colcon_core.shell:Creating package script '/home/andre/ros2_ws/install/arm_bringup/share/arm_bringup/package.sh'
[5.816s] INFO:colcon.colcon_core.shell:Creating package script '/home/andre/ros2_ws/install/arm_bringup/share/arm_bringup/package.bash'
[5.816s] INFO:colcon.colcon_core.shell:Creating package script '/home/andre/ros2_ws/install/arm_bringup/share/arm_bringup/package.zsh'
[5.817s] Level 1:colcon.colcon_core.environment:create_file_with_runtime_dependencies(/home/andre/ros2_ws/install/arm_bringup/share/colcon-core/packages/arm_bringup)
[6.232s] Level 1:colcon.colcon_core.environment:checking '/home/andre/ros2_ws/install/chess_data_collector' for CMake module files
[6.232s] DEBUG:colcon.colcon_core.event_handler.log_command:Invoked command in '/home/andre/ros2_ws/src/perception/chess_data_collector' returned '0': CONDA_PROMPT_MODIFIER=(base) DEBUGINFOD_URLS=https://debuginfod.ubuntu.com PYTHONPATH=/home/andre/ros2_ws/build/chess_data_collector/prefix_override:/usr/lib/python3/dist-packages/colcon_core/task/python/colcon_distutils_commands:/home/andre/ros2_ws/install/chess_data_collector/lib/python3.12/site-packages:${PYTHONPATH} /usr/bin/python3 -W ignore:setup.py install is deprecated -W ignore:easy_install command is deprecated setup.py egg_info --egg-base ../../../build/chess_data_collector build --build-base /home/andre/ros2_ws/build/chess_data_collector/build install --record /home/andre/ros2_ws/build/chess_data_collector/install.log --single-version-externally-managed install_data
[6.233s] Level 1:colcon.colcon_core.environment:checking '/home/andre/ros2_ws/install/chess_data_collector' for CMake config files
[6.233s] Level 1:colcon.colcon_core.environment:checking '/home/andre/ros2_ws/install/chess_data_collector/lib'
[6.233s] Level 1:colcon.colcon_core.environment:checking '/home/andre/ros2_ws/install/chess_data_collector/bin'
[6.234s] Level 1:colcon.colcon_core.environment:checking '/home/andre/ros2_ws/install/chess_data_collector/lib/pkgconfig/chess_data_collector.pc'
[6.234s] Level 1:colcon.colcon_core.environment:checking '/home/andre/ros2_ws/install/chess_data_collector/lib/python3.12/site-packages'
[6.234s] Level 1:colcon.colcon_core.shell:create_environment_hook('chess_data_collector', 'pythonpath')
[6.234s] INFO:colcon.colcon_core.shell:Creating environment hook '/home/andre/ros2_ws/install/chess_data_collector/share/chess_data_collector/hook/pythonpath.ps1'
[6.235s] INFO:colcon.colcon_core.shell:Creating environment descriptor '/home/andre/ros2_ws/install/chess_data_collector/share/chess_data_collector/hook/pythonpath.dsv'
[6.235s] INFO:colcon.colcon_core.shell:Creating environment hook '/home/andre/ros2_ws/install/chess_data_collector/share/chess_data_collector/hook/pythonpath.sh'
[6.236s] Level 1:colcon.colcon_core.environment:checking '/home/andre/ros2_ws/install/chess_data_collector/bin'
[6.236s] Level 1:colcon.colcon_core.environment:create_environment_scripts_only(chess_data_collector)
[6.237s] INFO:colcon.colcon_core.shell:Creating package script '/home/andre/ros2_ws/install/chess_data_collector/share/chess_data_collector/package.ps1'
[6.237s] INFO:colcon.colcon_core.shell:Creating package descriptor '/home/andre/ros2_ws/install/chess_data_collector/share/chess_data_collector/package.dsv'
[6.238s] INFO:colcon.colcon_core.shell:Creating package script '/home/andre/ros2_ws/install/chess_data_collector/share/chess_data_collector/package.sh'
[6.238s] INFO:colcon.colcon_core.shell:Creating package script '/home/andre/ros2_ws/install/chess_data_collector/share/chess_data_collector/package.bash'
[6.239s] INFO:colcon.colcon_core.shell:Creating package script '/home/andre/ros2_ws/install/chess_data_collector/share/chess_data_collector/package.zsh'
[6.239s] Level 1:colcon.colcon_core.environment:create_file_with_runtime_dependencies(/home/andre/ros2_ws/install/chess_data_collector/share/colcon-core/packages/chess_data_collector)
[6.239s] DEBUG:colcon.colcon_parallel_executor.executor.parallel:closing loop
[6.240s] DEBUG:colcon.colcon_parallel_executor.executor.parallel:loop closed
[6.240s] DEBUG:colcon.colcon_parallel_executor.executor.parallel:run_until_complete finished with '0'
[6.240s] DEBUG:colcon.colcon_core.event_reactor:joining thread
[6.247s] INFO:colcon.colcon_core.plugin_system:Skipping extension 'colcon_notification.desktop_notification.terminal_notifier': Not used on non-Darwin systems
[6.247s] INFO:colcon.colcon_core.plugin_system:Skipping extension 'colcon_notification.desktop_notification.win32': Not used on non-Windows systems
[6.247s] INFO:colcon.colcon_notification.desktop_notification:Sending desktop notification using 'notify2'
[6.261s] DEBUG:colcon.colcon_core.event_reactor:joined thread
[6.261s] INFO:colcon.colcon_core.shell:Creating prefix script '/home/andre/ros2_ws/install/local_setup.ps1'
[6.262s] INFO:colcon.colcon_core.shell:Creating prefix util module '/home/andre/ros2_ws/install/_local_setup_util_ps1.py'
[6.264s] INFO:colcon.colcon_core.shell:Creating prefix chain script '/home/andre/ros2_ws/install/setup.ps1'
[6.266s] INFO:colcon.colcon_core.shell:Creating prefix script '/home/andre/ros2_ws/install/local_setup.sh'
[6.267s] INFO:colcon.colcon_core.shell:Creating prefix util module '/home/andre/ros2_ws/install/_local_setup_util_sh.py'
[6.268s] INFO:colcon.colcon_core.shell:Creating prefix chain script '/home/andre/ros2_ws/install/setup.sh'
[6.269s] INFO:colcon.colcon_core.shell:Creating prefix script '/home/andre/ros2_ws/install/local_setup.bash'
[6.270s] INFO:colcon.colcon_core.shell:Creating prefix chain script '/home/andre/ros2_ws/install/setup.bash'
[6.271s] INFO:colcon.colcon_core.shell:Creating prefix script '/home/andre/ros2_ws/install/local_setup.zsh'
[6.272s] INFO:colcon.colcon_core.shell:Creating prefix chain script '/home/andre/ros2_ws/install/setup.zsh'
