[  0%] Generating type hashes for ROS interfaces
[  0%] Built target ament_cmake_python_copy_ros_gz_interfaces
running egg_info
creating ros_gz_interfaces.egg-info
writing ros_gz_interfaces.egg-info/PKG-INFO
writing dependency_links to ros_gz_interfaces.egg-info/dependency_links.txt
writing top-level names to ros_gz_interfaces.egg-info/top_level.txt
writing manifest file 'ros_gz_interfaces.egg-info/SOURCES.txt'
reading manifest file 'ros_gz_interfaces.egg-info/SOURCES.txt'
writing manifest file 'ros_gz_interfaces.egg-info/SOURCES.txt'
[  0%] Built target ament_cmake_python_build_ros_gz_interfaces_egg
[  0%] Built target ros_gz_interfaces__rosidl_generator_type_description
[  1%] Generating C code for ROS interfaces
[  1%] Generating C++ code for ROS interfaces
[  1%] Built target ros_gz_interfaces__cpp
[  1%] Building C object CMakeFiles/ros_gz_interfaces__rosidl_generator_c.dir/rosidl_generator_c/ros_gz_interfaces/msg/detail/contact__description.c.o
[  1%] Building C object CMakeFiles/ros_gz_interfaces__rosidl_generator_c.dir/rosidl_generator_c/ros_gz_interfaces/msg/detail/altimeter__functions.c.o
[  1%] Building C object CMakeFiles/ros_gz_interfaces__rosidl_generator_c.dir/rosidl_generator_c/ros_gz_interfaces/msg/detail/altimeter__description.c.o
[  2%] Building C object CMakeFiles/ros_gz_interfaces__rosidl_generator_c.dir/rosidl_generator_c/ros_gz_interfaces/msg/detail/altimeter__type_support.c.o
[  2%] Building C object CMakeFiles/ros_gz_interfaces__rosidl_generator_c.dir/rosidl_generator_c/ros_gz_interfaces/msg/detail/contact__functions.c.o
[  3%] Building C object CMakeFiles/ros_gz_interfaces__rosidl_generator_c.dir/rosidl_generator_c/ros_gz_interfaces/msg/detail/contact__type_support.c.o
[  3%] Building C object CMakeFiles/ros_gz_interfaces__rosidl_generator_c.dir/rosidl_generator_c/ros_gz_interfaces/msg/detail/contacts__description.c.o
[  4%] Building C object CMakeFiles/ros_gz_interfaces__rosidl_generator_c.dir/rosidl_generator_c/ros_gz_interfaces/msg/detail/contacts__functions.c.o
[  4%] Building C object CMakeFiles/ros_gz_interfaces__rosidl_generator_c.dir/rosidl_generator_c/ros_gz_interfaces/msg/detail/contacts__type_support.c.o
[  5%] Building C object CMakeFiles/ros_gz_interfaces__rosidl_generator_c.dir/rosidl_generator_c/ros_gz_interfaces/msg/detail/dataframe__description.c.o
[  5%] Building C object CMakeFiles/ros_gz_interfaces__rosidl_generator_c.dir/rosidl_generator_c/ros_gz_interfaces/msg/detail/dataframe__functions.c.o
[  5%] Building C object CMakeFiles/ros_gz_interfaces__rosidl_generator_c.dir/rosidl_generator_c/ros_gz_interfaces/msg/detail/dataframe__type_support.c.o
[  5%] Building C object CMakeFiles/ros_gz_interfaces__rosidl_generator_c.dir/rosidl_generator_c/ros_gz_interfaces/msg/detail/entity__description.c.o
[  6%] Building C object CMakeFiles/ros_gz_interfaces__rosidl_generator_c.dir/rosidl_generator_c/ros_gz_interfaces/msg/detail/entity__functions.c.o
[  6%] Building C object CMakeFiles/ros_gz_interfaces__rosidl_generator_c.dir/rosidl_generator_c/ros_gz_interfaces/msg/detail/entity__type_support.c.o
[  6%] Building C object CMakeFiles/ros_gz_interfaces__rosidl_generator_c.dir/rosidl_generator_c/ros_gz_interfaces/msg/detail/entity_factory__description.c.o
[  7%] Building C object CMakeFiles/ros_gz_interfaces__rosidl_generator_c.dir/rosidl_generator_c/ros_gz_interfaces/msg/detail/entity_factory__functions.c.o
[  7%] Building C object CMakeFiles/ros_gz_interfaces__rosidl_generator_c.dir/rosidl_generator_c/ros_gz_interfaces/msg/detail/entity_factory__type_support.c.o
[  8%] Building C object CMakeFiles/ros_gz_interfaces__rosidl_generator_c.dir/rosidl_generator_c/ros_gz_interfaces/msg/detail/entity_wrench__description.c.o
[  8%] Building C object CMakeFiles/ros_gz_interfaces__rosidl_generator_c.dir/rosidl_generator_c/ros_gz_interfaces/msg/detail/entity_wrench__functions.c.o
[  9%] Building C object CMakeFiles/ros_gz_interfaces__rosidl_generator_c.dir/rosidl_generator_c/ros_gz_interfaces/msg/detail/entity_wrench__type_support.c.o
[  9%] Building C object CMakeFiles/ros_gz_interfaces__rosidl_generator_c.dir/rosidl_generator_c/ros_gz_interfaces/msg/detail/float32_array__description.c.o
[  9%] Building C object CMakeFiles/ros_gz_interfaces__rosidl_generator_c.dir/rosidl_generator_c/ros_gz_interfaces/msg/detail/float32_array__functions.c.o
[  9%] Building C object CMakeFiles/ros_gz_interfaces__rosidl_generator_c.dir/rosidl_generator_c/ros_gz_interfaces/msg/detail/float32_array__type_support.c.o
[ 10%] Building C object CMakeFiles/ros_gz_interfaces__rosidl_generator_c.dir/rosidl_generator_c/ros_gz_interfaces/msg/detail/gui_camera__description.c.o
[ 10%] Building C object CMakeFiles/ros_gz_interfaces__rosidl_generator_c.dir/rosidl_generator_c/ros_gz_interfaces/msg/detail/gui_camera__functions.c.o
[ 10%] Building C object CMakeFiles/ros_gz_interfaces__rosidl_generator_c.dir/rosidl_generator_c/ros_gz_interfaces/msg/detail/gui_camera__type_support.c.o
[ 11%] Building C object CMakeFiles/ros_gz_interfaces__rosidl_generator_c.dir/rosidl_generator_c/ros_gz_interfaces/msg/detail/joint_wrench__description.c.o
[ 11%] Building C object CMakeFiles/ros_gz_interfaces__rosidl_generator_c.dir/rosidl_generator_c/ros_gz_interfaces/msg/detail/joint_wrench__functions.c.o
[ 12%] Building C object CMakeFiles/ros_gz_interfaces__rosidl_generator_c.dir/rosidl_generator_c/ros_gz_interfaces/msg/detail/joint_wrench__type_support.c.o
[ 12%] Building C object CMakeFiles/ros_gz_interfaces__rosidl_generator_c.dir/rosidl_generator_c/ros_gz_interfaces/msg/detail/light__description.c.o
[ 12%] Building C object CMakeFiles/ros_gz_interfaces__rosidl_generator_c.dir/rosidl_generator_c/ros_gz_interfaces/msg/detail/light__functions.c.o
[ 13%] Building C object CMakeFiles/ros_gz_interfaces__rosidl_generator_c.dir/rosidl_generator_c/ros_gz_interfaces/msg/detail/light__type_support.c.o
[ 13%] Building C object CMakeFiles/ros_gz_interfaces__rosidl_generator_c.dir/rosidl_generator_c/ros_gz_interfaces/msg/detail/logical_camera_image__description.c.o
[ 13%] Building C object CMakeFiles/ros_gz_interfaces__rosidl_generator_c.dir/rosidl_generator_c/ros_gz_interfaces/msg/detail/logical_camera_image__functions.c.o
[ 14%] Building C object CMakeFiles/ros_gz_interfaces__rosidl_generator_c.dir/rosidl_generator_c/ros_gz_interfaces/msg/detail/logical_camera_image__type_support.c.o
[ 14%] Building C object CMakeFiles/ros_gz_interfaces__rosidl_generator_c.dir/rosidl_generator_c/ros_gz_interfaces/msg/detail/logical_camera_image_model__description.c.o
[ 14%] Building C object CMakeFiles/ros_gz_interfaces__rosidl_generator_c.dir/rosidl_generator_c/ros_gz_interfaces/msg/detail/logical_camera_image_model__functions.c.o
[ 15%] Building C object CMakeFiles/ros_gz_interfaces__rosidl_generator_c.dir/rosidl_generator_c/ros_gz_interfaces/msg/detail/logical_camera_image_model__type_support.c.o
[ 15%] Building C object CMakeFiles/ros_gz_interfaces__rosidl_generator_c.dir/rosidl_generator_c/ros_gz_interfaces/msg/detail/material_color__description.c.o
[ 16%] Building C object CMakeFiles/ros_gz_interfaces__rosidl_generator_c.dir/rosidl_generator_c/ros_gz_interfaces/msg/detail/material_color__functions.c.o
[ 16%] Building C object CMakeFiles/ros_gz_interfaces__rosidl_generator_c.dir/rosidl_generator_c/ros_gz_interfaces/msg/detail/material_color__type_support.c.o
[ 16%] Building C object CMakeFiles/ros_gz_interfaces__rosidl_generator_c.dir/rosidl_generator_c/ros_gz_interfaces/msg/detail/param_vec__description.c.o
[ 17%] Building C object CMakeFiles/ros_gz_interfaces__rosidl_generator_c.dir/rosidl_generator_c/ros_gz_interfaces/msg/detail/param_vec__functions.c.o
[ 17%] Building C object CMakeFiles/ros_gz_interfaces__rosidl_generator_c.dir/rosidl_generator_c/ros_gz_interfaces/msg/detail/param_vec__type_support.c.o
[ 17%] Building C object CMakeFiles/ros_gz_interfaces__rosidl_generator_c.dir/rosidl_generator_c/ros_gz_interfaces/msg/detail/sensor_noise__description.c.o
[ 18%] Building C object CMakeFiles/ros_gz_interfaces__rosidl_generator_c.dir/rosidl_generator_c/ros_gz_interfaces/msg/detail/sensor_noise__functions.c.o
[ 18%] Building C object CMakeFiles/ros_gz_interfaces__rosidl_generator_c.dir/rosidl_generator_c/ros_gz_interfaces/msg/detail/sensor_noise__type_support.c.o
[ 18%] Building C object CMakeFiles/ros_gz_interfaces__rosidl_generator_c.dir/rosidl_generator_c/ros_gz_interfaces/msg/detail/string_vec__description.c.o
[ 19%] Building C object CMakeFiles/ros_gz_interfaces__rosidl_generator_c.dir/rosidl_generator_c/ros_gz_interfaces/msg/detail/string_vec__functions.c.o
[ 19%] Building C object CMakeFiles/ros_gz_interfaces__rosidl_generator_c.dir/rosidl_generator_c/ros_gz_interfaces/msg/detail/string_vec__type_support.c.o
[ 20%] Building C object CMakeFiles/ros_gz_interfaces__rosidl_generator_c.dir/rosidl_generator_c/ros_gz_interfaces/msg/detail/track_visual__description.c.o
[ 20%] Building C object CMakeFiles/ros_gz_interfaces__rosidl_generator_c.dir/rosidl_generator_c/ros_gz_interfaces/msg/detail/track_visual__functions.c.o
[ 21%] Building C object CMakeFiles/ros_gz_interfaces__rosidl_generator_c.dir/rosidl_generator_c/ros_gz_interfaces/msg/detail/video_record__description.c.o
[ 21%] Building C object CMakeFiles/ros_gz_interfaces__rosidl_generator_c.dir/rosidl_generator_c/ros_gz_interfaces/msg/detail/track_visual__type_support.c.o
[ 21%] Building C object CMakeFiles/ros_gz_interfaces__rosidl_generator_c.dir/rosidl_generator_c/ros_gz_interfaces/msg/detail/video_record__functions.c.o
[ 21%] Building C object CMakeFiles/ros_gz_interfaces__rosidl_generator_c.dir/rosidl_generator_c/ros_gz_interfaces/msg/detail/video_record__type_support.c.o
[ 22%] Building C object CMakeFiles/ros_gz_interfaces__rosidl_generator_c.dir/rosidl_generator_c/ros_gz_interfaces/msg/detail/world_control__description.c.o
[ 22%] Building C object CMakeFiles/ros_gz_interfaces__rosidl_generator_c.dir/rosidl_generator_c/ros_gz_interfaces/msg/detail/world_control__functions.c.o
[ 22%] Building C object CMakeFiles/ros_gz_interfaces__rosidl_generator_c.dir/rosidl_generator_c/ros_gz_interfaces/msg/detail/world_control__type_support.c.o
[ 23%] Building C object CMakeFiles/ros_gz_interfaces__rosidl_generator_c.dir/rosidl_generator_c/ros_gz_interfaces/msg/detail/world_reset__description.c.o
[ 23%] Building C object CMakeFiles/ros_gz_interfaces__rosidl_generator_c.dir/rosidl_generator_c/ros_gz_interfaces/msg/detail/world_reset__functions.c.o
[ 24%] Building C object CMakeFiles/ros_gz_interfaces__rosidl_generator_c.dir/rosidl_generator_c/ros_gz_interfaces/msg/detail/world_reset__type_support.c.o
[ 24%] Building C object CMakeFiles/ros_gz_interfaces__rosidl_generator_c.dir/rosidl_generator_c/ros_gz_interfaces/srv/detail/control_world__description.c.o
[ 24%] Building C object CMakeFiles/ros_gz_interfaces__rosidl_generator_c.dir/rosidl_generator_c/ros_gz_interfaces/srv/detail/control_world__functions.c.o
[ 25%] Building C object CMakeFiles/ros_gz_interfaces__rosidl_generator_c.dir/rosidl_generator_c/ros_gz_interfaces/srv/detail/control_world__type_support.c.o
[ 25%] Building C object CMakeFiles/ros_gz_interfaces__rosidl_generator_c.dir/rosidl_generator_c/ros_gz_interfaces/srv/detail/delete_entity__description.c.o
[ 25%] Building C object CMakeFiles/ros_gz_interfaces__rosidl_generator_c.dir/rosidl_generator_c/ros_gz_interfaces/srv/detail/delete_entity__functions.c.o
[ 26%] Building C object CMakeFiles/ros_gz_interfaces__rosidl_generator_c.dir/rosidl_generator_c/ros_gz_interfaces/srv/detail/delete_entity__type_support.c.o
[ 26%] Building C object CMakeFiles/ros_gz_interfaces__rosidl_generator_c.dir/rosidl_generator_c/ros_gz_interfaces/srv/detail/set_entity_pose__description.c.o
[ 26%] Building C object CMakeFiles/ros_gz_interfaces__rosidl_generator_c.dir/rosidl_generator_c/ros_gz_interfaces/srv/detail/set_entity_pose__type_support.c.o
[ 27%] Building C object CMakeFiles/ros_gz_interfaces__rosidl_generator_c.dir/rosidl_generator_c/ros_gz_interfaces/srv/detail/set_entity_pose__functions.c.o
[ 27%] Building C object CMakeFiles/ros_gz_interfaces__rosidl_generator_c.dir/rosidl_generator_c/ros_gz_interfaces/srv/detail/spawn_entity__description.c.o
[ 28%] Building C object CMakeFiles/ros_gz_interfaces__rosidl_generator_c.dir/rosidl_generator_c/ros_gz_interfaces/srv/detail/spawn_entity__functions.c.o
[ 28%] Building C object CMakeFiles/ros_gz_interfaces__rosidl_generator_c.dir/rosidl_generator_c/ros_gz_interfaces/srv/detail/spawn_entity__type_support.c.o
[ 28%] Linking C shared library libros_gz_interfaces__rosidl_generator_c.so
[ 28%] Built target ros_gz_interfaces__rosidl_generator_c
[ 28%] Generating C++ type support dispatch for ROS interfaces
[ 28%] Generating C++ type support for eProsima Fast-RTPS
[ 28%] Generating C introspection for ROS interfaces
[ 28%] Generating C type support for eProsima Fast-RTPS
[ 29%] Building CXX object CMakeFiles/ros_gz_interfaces__rosidl_typesupport_cpp.dir/rosidl_typesupport_cpp/ros_gz_interfaces/msg/altimeter__type_support.cpp.o
[ 29%] Building CXX object CMakeFiles/ros_gz_interfaces__rosidl_typesupport_cpp.dir/rosidl_typesupport_cpp/ros_gz_interfaces/msg/contact__type_support.cpp.o
[ 29%] Building C object CMakeFiles/ros_gz_interfaces__rosidl_typesupport_introspection_c.dir/rosidl_typesupport_introspection_c/ros_gz_interfaces/msg/detail/altimeter__type_support.c.o
[ 30%] Building C object CMakeFiles/ros_gz_interfaces__rosidl_typesupport_introspection_c.dir/rosidl_typesupport_introspection_c/ros_gz_interfaces/msg/detail/contact__type_support.c.o
[ 30%] Building C object CMakeFiles/ros_gz_interfaces__rosidl_typesupport_introspection_c.dir/rosidl_typesupport_introspection_c/ros_gz_interfaces/msg/detail/contacts__type_support.c.o
[ 30%] Building C object CMakeFiles/ros_gz_interfaces__rosidl_typesupport_introspection_c.dir/rosidl_typesupport_introspection_c/ros_gz_interfaces/msg/detail/dataframe__type_support.c.o
[ 31%] Building C object CMakeFiles/ros_gz_interfaces__rosidl_typesupport_introspection_c.dir/rosidl_typesupport_introspection_c/ros_gz_interfaces/msg/detail/entity__type_support.c.o
[ 31%] Building C object CMakeFiles/ros_gz_interfaces__rosidl_typesupport_introspection_c.dir/rosidl_typesupport_introspection_c/ros_gz_interfaces/msg/detail/entity_factory__type_support.c.o
[ 32%] Building C object CMakeFiles/ros_gz_interfaces__rosidl_typesupport_introspection_c.dir/rosidl_typesupport_introspection_c/ros_gz_interfaces/msg/detail/entity_wrench__type_support.c.o
[ 33%] Building CXX object CMakeFiles/ros_gz_interfaces__rosidl_typesupport_cpp.dir/rosidl_typesupport_cpp/ros_gz_interfaces/msg/contacts__type_support.cpp.o
[ 33%] Building C object CMakeFiles/ros_gz_interfaces__rosidl_typesupport_introspection_c.dir/rosidl_typesupport_introspection_c/ros_gz_interfaces/msg/detail/float32_array__type_support.c.o
[ 33%] Building C object CMakeFiles/ros_gz_interfaces__rosidl_typesupport_introspection_c.dir/rosidl_typesupport_introspection_c/ros_gz_interfaces/msg/detail/gui_camera__type_support.c.o
[ 34%] Building C object CMakeFiles/ros_gz_interfaces__rosidl_typesupport_introspection_c.dir/rosidl_typesupport_introspection_c/ros_gz_interfaces/msg/detail/joint_wrench__type_support.c.o
[ 34%] Building C object CMakeFiles/ros_gz_interfaces__rosidl_typesupport_introspection_c.dir/rosidl_typesupport_introspection_c/ros_gz_interfaces/msg/detail/light__type_support.c.o
[ 34%] Building C object CMakeFiles/ros_gz_interfaces__rosidl_typesupport_introspection_c.dir/rosidl_typesupport_introspection_c/ros_gz_interfaces/msg/detail/logical_camera_image__type_support.c.o
[ 35%] Building C object CMakeFiles/ros_gz_interfaces__rosidl_typesupport_introspection_c.dir/rosidl_typesupport_introspection_c/ros_gz_interfaces/msg/detail/logical_camera_image_model__type_support.c.o
[ 35%] Building CXX object CMakeFiles/ros_gz_interfaces__rosidl_typesupport_cpp.dir/rosidl_typesupport_cpp/ros_gz_interfaces/msg/dataframe__type_support.cpp.o
[ 35%] Building C object CMakeFiles/ros_gz_interfaces__rosidl_typesupport_introspection_c.dir/rosidl_typesupport_introspection_c/ros_gz_interfaces/msg/detail/material_color__type_support.c.o
[ 35%] Building C object CMakeFiles/ros_gz_interfaces__rosidl_typesupport_introspection_c.dir/rosidl_typesupport_introspection_c/ros_gz_interfaces/msg/detail/param_vec__type_support.c.o
[ 35%] Building CXX object CMakeFiles/ros_gz_interfaces__rosidl_typesupport_fastrtps_cpp.dir/rosidl_typesupport_fastrtps_cpp/ros_gz_interfaces/msg/detail/dds_fastrtps/altimeter__type_support.cpp.o
[ 36%] Building C object CMakeFiles/ros_gz_interfaces__rosidl_typesupport_introspection_c.dir/rosidl_typesupport_introspection_c/ros_gz_interfaces/msg/detail/sensor_noise__type_support.c.o
[ 36%] Building C object CMakeFiles/ros_gz_interfaces__rosidl_typesupport_introspection_c.dir/rosidl_typesupport_introspection_c/ros_gz_interfaces/msg/detail/string_vec__type_support.c.o
[ 37%] Building C object CMakeFiles/ros_gz_interfaces__rosidl_typesupport_introspection_c.dir/rosidl_typesupport_introspection_c/ros_gz_interfaces/msg/detail/track_visual__type_support.c.o
[ 37%] Building C object CMakeFiles/ros_gz_interfaces__rosidl_typesupport_introspection_c.dir/rosidl_typesupport_introspection_c/ros_gz_interfaces/msg/detail/video_record__type_support.c.o
[ 37%] Building C object CMakeFiles/ros_gz_interfaces__rosidl_typesupport_introspection_c.dir/rosidl_typesupport_introspection_c/ros_gz_interfaces/msg/detail/world_control__type_support.c.o
[ 38%] Building C object CMakeFiles/ros_gz_interfaces__rosidl_typesupport_introspection_c.dir/rosidl_typesupport_introspection_c/ros_gz_interfaces/msg/detail/world_reset__type_support.c.o
[ 39%] Building CXX object CMakeFiles/ros_gz_interfaces__rosidl_typesupport_fastrtps_c.dir/rosidl_typesupport_fastrtps_c/ros_gz_interfaces/msg/detail/altimeter__type_support_c.cpp.o
[ 39%] Building CXX object CMakeFiles/ros_gz_interfaces__rosidl_typesupport_cpp.dir/rosidl_typesupport_cpp/ros_gz_interfaces/msg/entity__type_support.cpp.o
[ 39%] Building C object CMakeFiles/ros_gz_interfaces__rosidl_typesupport_introspection_c.dir/rosidl_typesupport_introspection_c/ros_gz_interfaces/srv/detail/control_world__type_support.c.o
[ 39%] Building C object CMakeFiles/ros_gz_interfaces__rosidl_typesupport_introspection_c.dir/rosidl_typesupport_introspection_c/ros_gz_interfaces/srv/detail/delete_entity__type_support.c.o
[ 40%] Building C object CMakeFiles/ros_gz_interfaces__rosidl_typesupport_introspection_c.dir/rosidl_typesupport_introspection_c/ros_gz_interfaces/srv/detail/set_entity_pose__type_support.c.o
[ 40%] Building C object CMakeFiles/ros_gz_interfaces__rosidl_typesupport_introspection_c.dir/rosidl_typesupport_introspection_c/ros_gz_interfaces/srv/detail/spawn_entity__type_support.c.o
[ 40%] Linking C shared library libros_gz_interfaces__rosidl_typesupport_introspection_c.so
[ 41%] Building CXX object CMakeFiles/ros_gz_interfaces__rosidl_typesupport_fastrtps_cpp.dir/rosidl_typesupport_fastrtps_cpp/ros_gz_interfaces/msg/detail/dds_fastrtps/contact__type_support.cpp.o
[ 41%] Built target ros_gz_interfaces__rosidl_typesupport_introspection_c
[ 41%] Building CXX object CMakeFiles/ros_gz_interfaces__rosidl_typesupport_fastrtps_c.dir/rosidl_typesupport_fastrtps_c/ros_gz_interfaces/msg/detail/contact__type_support_c.cpp.o
[ 42%] Building CXX object CMakeFiles/ros_gz_interfaces__rosidl_typesupport_cpp.dir/rosidl_typesupport_cpp/ros_gz_interfaces/msg/entity_factory__type_support.cpp.o
[ 42%] Building CXX object CMakeFiles/ros_gz_interfaces__rosidl_typesupport_fastrtps_cpp.dir/rosidl_typesupport_fastrtps_cpp/ros_gz_interfaces/msg/detail/dds_fastrtps/contacts__type_support.cpp.o
[ 42%] Building CXX object CMakeFiles/ros_gz_interfaces__rosidl_typesupport_cpp.dir/rosidl_typesupport_cpp/ros_gz_interfaces/msg/entity_wrench__type_support.cpp.o
[ 42%] Building CXX object CMakeFiles/ros_gz_interfaces__rosidl_typesupport_fastrtps_c.dir/rosidl_typesupport_fastrtps_c/ros_gz_interfaces/msg/detail/contacts__type_support_c.cpp.o
[ 43%] Generating C type support dispatch for ROS interfaces
[ 43%] Building CXX object CMakeFiles/ros_gz_interfaces__rosidl_typesupport_cpp.dir/rosidl_typesupport_cpp/ros_gz_interfaces/msg/float32_array__type_support.cpp.o
[ 44%] Building CXX object CMakeFiles/ros_gz_interfaces__rosidl_typesupport_fastrtps_cpp.dir/rosidl_typesupport_fastrtps_cpp/ros_gz_interfaces/msg/detail/dds_fastrtps/dataframe__type_support.cpp.o
[ 45%] Building CXX object CMakeFiles/ros_gz_interfaces__rosidl_typesupport_fastrtps_c.dir/rosidl_typesupport_fastrtps_c/ros_gz_interfaces/msg/detail/dataframe__type_support_c.cpp.o
[ 46%] Building CXX object CMakeFiles/ros_gz_interfaces__rosidl_typesupport_cpp.dir/rosidl_typesupport_cpp/ros_gz_interfaces/msg/gui_camera__type_support.cpp.o
[ 46%] Building CXX object CMakeFiles/ros_gz_interfaces__rosidl_typesupport_fastrtps_cpp.dir/rosidl_typesupport_fastrtps_cpp/ros_gz_interfaces/msg/detail/dds_fastrtps/entity__type_support.cpp.o
[ 46%] Building CXX object CMakeFiles/ros_gz_interfaces__rosidl_typesupport_cpp.dir/rosidl_typesupport_cpp/ros_gz_interfaces/msg/joint_wrench__type_support.cpp.o
[ 46%] Building CXX object CMakeFiles/ros_gz_interfaces__rosidl_typesupport_fastrtps_c.dir/rosidl_typesupport_fastrtps_c/ros_gz_interfaces/msg/detail/entity__type_support_c.cpp.o
[ 46%] Building CXX object CMakeFiles/ros_gz_interfaces__rosidl_typesupport_cpp.dir/rosidl_typesupport_cpp/ros_gz_interfaces/msg/light__type_support.cpp.o
[ 46%] Building CXX object CMakeFiles/ros_gz_interfaces__rosidl_typesupport_fastrtps_cpp.dir/rosidl_typesupport_fastrtps_cpp/ros_gz_interfaces/msg/detail/dds_fastrtps/entity_factory__type_support.cpp.o
[ 47%] Building CXX object CMakeFiles/ros_gz_interfaces__rosidl_typesupport_cpp.dir/rosidl_typesupport_cpp/ros_gz_interfaces/msg/logical_camera_image__type_support.cpp.o
[ 47%] Building CXX object CMakeFiles/ros_gz_interfaces__rosidl_typesupport_fastrtps_c.dir/rosidl_typesupport_fastrtps_c/ros_gz_interfaces/msg/detail/entity_factory__type_support_c.cpp.o
[ 48%] Building CXX object CMakeFiles/ros_gz_interfaces__rosidl_typesupport_fastrtps_cpp.dir/rosidl_typesupport_fastrtps_cpp/ros_gz_interfaces/msg/detail/dds_fastrtps/entity_wrench__type_support.cpp.o
[ 48%] Building CXX object CMakeFiles/ros_gz_interfaces__rosidl_typesupport_cpp.dir/rosidl_typesupport_cpp/ros_gz_interfaces/msg/logical_camera_image_model__type_support.cpp.o
[ 49%] Building CXX object CMakeFiles/ros_gz_interfaces__rosidl_typesupport_cpp.dir/rosidl_typesupport_cpp/ros_gz_interfaces/msg/material_color__type_support.cpp.o
[ 50%] Building CXX object CMakeFiles/ros_gz_interfaces__rosidl_typesupport_fastrtps_c.dir/rosidl_typesupport_fastrtps_c/ros_gz_interfaces/msg/detail/entity_wrench__type_support_c.cpp.o
[ 50%] Building CXX object CMakeFiles/ros_gz_interfaces__rosidl_typesupport_fastrtps_cpp.dir/rosidl_typesupport_fastrtps_cpp/ros_gz_interfaces/msg/detail/dds_fastrtps/float32_array__type_support.cpp.o
[ 50%] Building CXX object CMakeFiles/ros_gz_interfaces__rosidl_typesupport_cpp.dir/rosidl_typesupport_cpp/ros_gz_interfaces/msg/param_vec__type_support.cpp.o
[ 50%] Building CXX object CMakeFiles/ros_gz_interfaces__rosidl_typesupport_c.dir/rosidl_typesupport_c/ros_gz_interfaces/msg/altimeter__type_support.cpp.o
[ 50%] Building CXX object CMakeFiles/ros_gz_interfaces__rosidl_typesupport_c.dir/rosidl_typesupport_c/ros_gz_interfaces/msg/contact__type_support.cpp.o
[ 51%] Building CXX object CMakeFiles/ros_gz_interfaces__rosidl_typesupport_c.dir/rosidl_typesupport_c/ros_gz_interfaces/msg/contacts__type_support.cpp.o
[ 51%] Building CXX object CMakeFiles/ros_gz_interfaces__rosidl_typesupport_c.dir/rosidl_typesupport_c/ros_gz_interfaces/msg/dataframe__type_support.cpp.o
[ 51%] Building CXX object CMakeFiles/ros_gz_interfaces__rosidl_typesupport_fastrtps_c.dir/rosidl_typesupport_fastrtps_c/ros_gz_interfaces/msg/detail/float32_array__type_support_c.cpp.o
[ 51%] Building CXX object CMakeFiles/ros_gz_interfaces__rosidl_typesupport_cpp.dir/rosidl_typesupport_cpp/ros_gz_interfaces/msg/sensor_noise__type_support.cpp.o
[ 51%] Building CXX object CMakeFiles/ros_gz_interfaces__rosidl_typesupport_c.dir/rosidl_typesupport_c/ros_gz_interfaces/msg/entity__type_support.cpp.o
[ 51%] Building CXX object CMakeFiles/ros_gz_interfaces__rosidl_typesupport_fastrtps_cpp.dir/rosidl_typesupport_fastrtps_cpp/ros_gz_interfaces/msg/detail/dds_fastrtps/gui_camera__type_support.cpp.o
[ 52%] Building CXX object CMakeFiles/ros_gz_interfaces__rosidl_typesupport_c.dir/rosidl_typesupport_c/ros_gz_interfaces/msg/entity_factory__type_support.cpp.o
[ 52%] Building CXX object CMakeFiles/ros_gz_interfaces__rosidl_typesupport_c.dir/rosidl_typesupport_c/ros_gz_interfaces/msg/entity_wrench__type_support.cpp.o
[ 52%] Building CXX object CMakeFiles/ros_gz_interfaces__rosidl_typesupport_c.dir/rosidl_typesupport_c/ros_gz_interfaces/msg/float32_array__type_support.cpp.o
[ 53%] Building CXX object CMakeFiles/ros_gz_interfaces__rosidl_typesupport_c.dir/rosidl_typesupport_c/ros_gz_interfaces/msg/gui_camera__type_support.cpp.o
[ 53%] Building CXX object CMakeFiles/ros_gz_interfaces__rosidl_typesupport_c.dir/rosidl_typesupport_c/ros_gz_interfaces/msg/joint_wrench__type_support.cpp.o
[ 54%] Building CXX object CMakeFiles/ros_gz_interfaces__rosidl_typesupport_cpp.dir/rosidl_typesupport_cpp/ros_gz_interfaces/msg/string_vec__type_support.cpp.o
[ 55%] Building CXX object CMakeFiles/ros_gz_interfaces__rosidl_typesupport_c.dir/rosidl_typesupport_c/ros_gz_interfaces/msg/light__type_support.cpp.o
[ 55%] Building CXX object CMakeFiles/ros_gz_interfaces__rosidl_typesupport_c.dir/rosidl_typesupport_c/ros_gz_interfaces/msg/logical_camera_image__type_support.cpp.o
[ 55%] Building CXX object CMakeFiles/ros_gz_interfaces__rosidl_typesupport_c.dir/rosidl_typesupport_c/ros_gz_interfaces/msg/logical_camera_image_model__type_support.cpp.o
[ 56%] Building CXX object CMakeFiles/ros_gz_interfaces__rosidl_typesupport_c.dir/rosidl_typesupport_c/ros_gz_interfaces/msg/material_color__type_support.cpp.o
[ 56%] Building CXX object CMakeFiles/ros_gz_interfaces__rosidl_typesupport_c.dir/rosidl_typesupport_c/ros_gz_interfaces/msg/param_vec__type_support.cpp.o
[ 57%] Building CXX object CMakeFiles/ros_gz_interfaces__rosidl_typesupport_fastrtps_c.dir/rosidl_typesupport_fastrtps_c/ros_gz_interfaces/msg/detail/gui_camera__type_support_c.cpp.o
[ 57%] Building CXX object CMakeFiles/ros_gz_interfaces__rosidl_typesupport_c.dir/rosidl_typesupport_c/ros_gz_interfaces/msg/sensor_noise__type_support.cpp.o
[ 58%] Building CXX object CMakeFiles/ros_gz_interfaces__rosidl_typesupport_c.dir/rosidl_typesupport_c/ros_gz_interfaces/msg/string_vec__type_support.cpp.o
[ 59%] Building CXX object CMakeFiles/ros_gz_interfaces__rosidl_typesupport_fastrtps_cpp.dir/rosidl_typesupport_fastrtps_cpp/ros_gz_interfaces/msg/detail/dds_fastrtps/joint_wrench__type_support.cpp.o
[ 59%] Building CXX object CMakeFiles/ros_gz_interfaces__rosidl_typesupport_c.dir/rosidl_typesupport_c/ros_gz_interfaces/msg/track_visual__type_support.cpp.o
[ 59%] Building CXX object CMakeFiles/ros_gz_interfaces__rosidl_typesupport_cpp.dir/rosidl_typesupport_cpp/ros_gz_interfaces/msg/track_visual__type_support.cpp.o
[ 59%] Building CXX object CMakeFiles/ros_gz_interfaces__rosidl_typesupport_c.dir/rosidl_typesupport_c/ros_gz_interfaces/msg/video_record__type_support.cpp.o
[ 60%] Building CXX object CMakeFiles/ros_gz_interfaces__rosidl_typesupport_c.dir/rosidl_typesupport_c/ros_gz_interfaces/msg/world_control__type_support.cpp.o
[ 60%] Building CXX object CMakeFiles/ros_gz_interfaces__rosidl_typesupport_c.dir/rosidl_typesupport_c/ros_gz_interfaces/msg/world_reset__type_support.cpp.o
[ 61%] Building CXX object CMakeFiles/ros_gz_interfaces__rosidl_typesupport_c.dir/rosidl_typesupport_c/ros_gz_interfaces/srv/control_world__type_support.cpp.o
[ 61%] Building CXX object CMakeFiles/ros_gz_interfaces__rosidl_typesupport_c.dir/rosidl_typesupport_c/ros_gz_interfaces/srv/delete_entity__type_support.cpp.o
[ 61%] Building CXX object CMakeFiles/ros_gz_interfaces__rosidl_typesupport_c.dir/rosidl_typesupport_c/ros_gz_interfaces/srv/set_entity_pose__type_support.cpp.o
[ 62%] Building CXX object CMakeFiles/ros_gz_interfaces__rosidl_typesupport_c.dir/rosidl_typesupport_c/ros_gz_interfaces/srv/spawn_entity__type_support.cpp.o
[ 62%] Building CXX object CMakeFiles/ros_gz_interfaces__rosidl_typesupport_cpp.dir/rosidl_typesupport_cpp/ros_gz_interfaces/msg/video_record__type_support.cpp.o
[ 62%] Linking CXX shared library libros_gz_interfaces__rosidl_typesupport_c.so
[ 62%] Building CXX object CMakeFiles/ros_gz_interfaces__rosidl_typesupport_fastrtps_c.dir/rosidl_typesupport_fastrtps_c/ros_gz_interfaces/msg/detail/joint_wrench__type_support_c.cpp.o
[ 62%] Built target ros_gz_interfaces__rosidl_typesupport_c
[ 63%] Building CXX object CMakeFiles/ros_gz_interfaces__rosidl_typesupport_cpp.dir/rosidl_typesupport_cpp/ros_gz_interfaces/msg/world_control__type_support.cpp.o
[ 63%] Building CXX object CMakeFiles/ros_gz_interfaces__rosidl_typesupport_fastrtps_cpp.dir/rosidl_typesupport_fastrtps_cpp/ros_gz_interfaces/msg/detail/dds_fastrtps/light__type_support.cpp.o
[ 63%] Building CXX object CMakeFiles/ros_gz_interfaces__rosidl_typesupport_cpp.dir/rosidl_typesupport_cpp/ros_gz_interfaces/msg/world_reset__type_support.cpp.o
[ 64%] Generating C++ introspection for ROS interfaces
[ 64%] Building CXX object CMakeFiles/ros_gz_interfaces__rosidl_typesupport_fastrtps_c.dir/rosidl_typesupport_fastrtps_c/ros_gz_interfaces/msg/detail/light__type_support_c.cpp.o
[ 64%] Building CXX object CMakeFiles/ros_gz_interfaces__rosidl_typesupport_cpp.dir/rosidl_typesupport_cpp/ros_gz_interfaces/srv/control_world__type_support.cpp.o
[ 64%] Building CXX object CMakeFiles/ros_gz_interfaces__rosidl_typesupport_fastrtps_cpp.dir/rosidl_typesupport_fastrtps_cpp/ros_gz_interfaces/msg/detail/dds_fastrtps/logical_camera_image__type_support.cpp.o
[ 65%] Building CXX object CMakeFiles/ros_gz_interfaces__rosidl_typesupport_fastrtps_c.dir/rosidl_typesupport_fastrtps_c/ros_gz_interfaces/msg/detail/logical_camera_image__type_support_c.cpp.o
[ 66%] Building CXX object CMakeFiles/ros_gz_interfaces__rosidl_typesupport_cpp.dir/rosidl_typesupport_cpp/ros_gz_interfaces/srv/delete_entity__type_support.cpp.o
[ 67%] Building CXX object CMakeFiles/ros_gz_interfaces__rosidl_typesupport_fastrtps_cpp.dir/rosidl_typesupport_fastrtps_cpp/ros_gz_interfaces/msg/detail/dds_fastrtps/logical_camera_image_model__type_support.cpp.o
[ 67%] Building CXX object CMakeFiles/ros_gz_interfaces__rosidl_typesupport_fastrtps_c.dir/rosidl_typesupport_fastrtps_c/ros_gz_interfaces/msg/detail/logical_camera_image_model__type_support_c.cpp.o
[ 67%] Building CXX object CMakeFiles/ros_gz_interfaces__rosidl_typesupport_cpp.dir/rosidl_typesupport_cpp/ros_gz_interfaces/srv/set_entity_pose__type_support.cpp.o
[ 67%] Building CXX object CMakeFiles/ros_gz_interfaces__rosidl_typesupport_fastrtps_cpp.dir/rosidl_typesupport_fastrtps_cpp/ros_gz_interfaces/msg/detail/dds_fastrtps/material_color__type_support.cpp.o
[ 67%] Building CXX object CMakeFiles/ros_gz_interfaces__rosidl_typesupport_fastrtps_c.dir/rosidl_typesupport_fastrtps_c/ros_gz_interfaces/msg/detail/material_color__type_support_c.cpp.o
[ 68%] Building CXX object CMakeFiles/ros_gz_interfaces__rosidl_typesupport_cpp.dir/rosidl_typesupport_cpp/ros_gz_interfaces/srv/spawn_entity__type_support.cpp.o
[ 69%] Building CXX object CMakeFiles/ros_gz_interfaces__rosidl_typesupport_fastrtps_cpp.dir/rosidl_typesupport_fastrtps_cpp/ros_gz_interfaces/msg/detail/dds_fastrtps/param_vec__type_support.cpp.o
[ 69%] Linking CXX shared library libros_gz_interfaces__rosidl_typesupport_cpp.so
[ 70%] Building CXX object CMakeFiles/ros_gz_interfaces__rosidl_typesupport_fastrtps_c.dir/rosidl_typesupport_fastrtps_c/ros_gz_interfaces/msg/detail/param_vec__type_support_c.cpp.o
[ 70%] Built target ros_gz_interfaces__rosidl_typesupport_cpp
[ 70%] Building CXX object CMakeFiles/ros_gz_interfaces__rosidl_typesupport_fastrtps_cpp.dir/rosidl_typesupport_fastrtps_cpp/ros_gz_interfaces/msg/detail/dds_fastrtps/sensor_noise__type_support.cpp.o
[ 70%] Building CXX object CMakeFiles/ros_gz_interfaces__rosidl_typesupport_fastrtps_c.dir/rosidl_typesupport_fastrtps_c/ros_gz_interfaces/msg/detail/sensor_noise__type_support_c.cpp.o
[ 70%] Building CXX object CMakeFiles/ros_gz_interfaces__rosidl_typesupport_fastrtps_c.dir/rosidl_typesupport_fastrtps_c/ros_gz_interfaces/msg/detail/string_vec__type_support_c.cpp.o
[ 70%] Building CXX object CMakeFiles/ros_gz_interfaces__rosidl_typesupport_fastrtps_cpp.dir/rosidl_typesupport_fastrtps_cpp/ros_gz_interfaces/msg/detail/dds_fastrtps/string_vec__type_support.cpp.o
[ 71%] Building CXX object CMakeFiles/ros_gz_interfaces__rosidl_typesupport_fastrtps_c.dir/rosidl_typesupport_fastrtps_c/ros_gz_interfaces/msg/detail/track_visual__type_support_c.cpp.o
[ 72%] Building CXX object CMakeFiles/ros_gz_interfaces__rosidl_typesupport_fastrtps_cpp.dir/rosidl_typesupport_fastrtps_cpp/ros_gz_interfaces/msg/detail/dds_fastrtps/track_visual__type_support.cpp.o
[ 72%] Building CXX object CMakeFiles/ros_gz_interfaces__rosidl_typesupport_fastrtps_c.dir/rosidl_typesupport_fastrtps_c/ros_gz_interfaces/msg/detail/video_record__type_support_c.cpp.o
[ 72%] Building CXX object CMakeFiles/ros_gz_interfaces__rosidl_typesupport_introspection_cpp.dir/rosidl_typesupport_introspection_cpp/ros_gz_interfaces/msg/detail/altimeter__type_support.cpp.o
[ 73%] Building CXX object CMakeFiles/ros_gz_interfaces__rosidl_typesupport_introspection_cpp.dir/rosidl_typesupport_introspection_cpp/ros_gz_interfaces/msg/detail/contact__type_support.cpp.o
[ 73%] Building CXX object CMakeFiles/ros_gz_interfaces__rosidl_typesupport_fastrtps_cpp.dir/rosidl_typesupport_fastrtps_cpp/ros_gz_interfaces/msg/detail/dds_fastrtps/video_record__type_support.cpp.o
[ 74%] Building CXX object CMakeFiles/ros_gz_interfaces__rosidl_typesupport_fastrtps_c.dir/rosidl_typesupport_fastrtps_c/ros_gz_interfaces/msg/detail/world_control__type_support_c.cpp.o
[ 74%] Building CXX object CMakeFiles/ros_gz_interfaces__rosidl_typesupport_fastrtps_cpp.dir/rosidl_typesupport_fastrtps_cpp/ros_gz_interfaces/msg/detail/dds_fastrtps/world_control__type_support.cpp.o
[ 74%] Building CXX object CMakeFiles/ros_gz_interfaces__rosidl_typesupport_introspection_cpp.dir/rosidl_typesupport_introspection_cpp/ros_gz_interfaces/msg/detail/contacts__type_support.cpp.o
[ 74%] Building CXX object CMakeFiles/ros_gz_interfaces__rosidl_typesupport_fastrtps_c.dir/rosidl_typesupport_fastrtps_c/ros_gz_interfaces/msg/detail/world_reset__type_support_c.cpp.o
[ 74%] Building CXX object CMakeFiles/ros_gz_interfaces__rosidl_typesupport_introspection_cpp.dir/rosidl_typesupport_introspection_cpp/ros_gz_interfaces/msg/detail/dataframe__type_support.cpp.o
[ 75%] Building CXX object CMakeFiles/ros_gz_interfaces__rosidl_typesupport_fastrtps_cpp.dir/rosidl_typesupport_fastrtps_cpp/ros_gz_interfaces/msg/detail/dds_fastrtps/world_reset__type_support.cpp.o
[ 75%] Building CXX object CMakeFiles/ros_gz_interfaces__rosidl_typesupport_fastrtps_c.dir/rosidl_typesupport_fastrtps_c/ros_gz_interfaces/srv/detail/control_world__type_support_c.cpp.o
[ 75%] Building CXX object CMakeFiles/ros_gz_interfaces__rosidl_typesupport_fastrtps_cpp.dir/rosidl_typesupport_fastrtps_cpp/ros_gz_interfaces/srv/detail/dds_fastrtps/control_world__type_support.cpp.o
[ 76%] Building CXX object CMakeFiles/ros_gz_interfaces__rosidl_typesupport_introspection_cpp.dir/rosidl_typesupport_introspection_cpp/ros_gz_interfaces/msg/detail/entity__type_support.cpp.o
[ 76%] Building CXX object CMakeFiles/ros_gz_interfaces__rosidl_typesupport_introspection_cpp.dir/rosidl_typesupport_introspection_cpp/ros_gz_interfaces/msg/detail/entity_factory__type_support.cpp.o
[ 77%] Building CXX object CMakeFiles/ros_gz_interfaces__rosidl_typesupport_fastrtps_c.dir/rosidl_typesupport_fastrtps_c/ros_gz_interfaces/srv/detail/delete_entity__type_support_c.cpp.o
[ 78%] Building CXX object CMakeFiles/ros_gz_interfaces__rosidl_typesupport_fastrtps_cpp.dir/rosidl_typesupport_fastrtps_cpp/ros_gz_interfaces/srv/detail/dds_fastrtps/delete_entity__type_support.cpp.o
[ 78%] Building CXX object CMakeFiles/ros_gz_interfaces__rosidl_typesupport_introspection_cpp.dir/rosidl_typesupport_introspection_cpp/ros_gz_interfaces/msg/detail/entity_wrench__type_support.cpp.o
[ 78%] Building CXX object CMakeFiles/ros_gz_interfaces__rosidl_typesupport_fastrtps_cpp.dir/rosidl_typesupport_fastrtps_cpp/ros_gz_interfaces/srv/detail/dds_fastrtps/set_entity_pose__type_support.cpp.o
[ 79%] Building CXX object CMakeFiles/ros_gz_interfaces__rosidl_typesupport_introspection_cpp.dir/rosidl_typesupport_introspection_cpp/ros_gz_interfaces/msg/detail/float32_array__type_support.cpp.o
[ 79%] Building CXX object CMakeFiles/ros_gz_interfaces__rosidl_typesupport_fastrtps_c.dir/rosidl_typesupport_fastrtps_c/ros_gz_interfaces/srv/detail/set_entity_pose__type_support_c.cpp.o
[ 79%] Building CXX object CMakeFiles/ros_gz_interfaces__rosidl_typesupport_fastrtps_cpp.dir/rosidl_typesupport_fastrtps_cpp/ros_gz_interfaces/srv/detail/dds_fastrtps/spawn_entity__type_support.cpp.o
[ 79%] Building CXX object CMakeFiles/ros_gz_interfaces__rosidl_typesupport_introspection_cpp.dir/rosidl_typesupport_introspection_cpp/ros_gz_interfaces/msg/detail/gui_camera__type_support.cpp.o
[ 79%] Building CXX object CMakeFiles/ros_gz_interfaces__rosidl_typesupport_fastrtps_c.dir/rosidl_typesupport_fastrtps_c/ros_gz_interfaces/srv/detail/spawn_entity__type_support_c.cpp.o
[ 79%] Building CXX object CMakeFiles/ros_gz_interfaces__rosidl_typesupport_introspection_cpp.dir/rosidl_typesupport_introspection_cpp/ros_gz_interfaces/msg/detail/joint_wrench__type_support.cpp.o
[ 80%] Building CXX object CMakeFiles/ros_gz_interfaces__rosidl_typesupport_introspection_cpp.dir/rosidl_typesupport_introspection_cpp/ros_gz_interfaces/msg/detail/light__type_support.cpp.o
[ 81%] Linking CXX shared library libros_gz_interfaces__rosidl_typesupport_fastrtps_cpp.so
[ 81%] Built target ros_gz_interfaces__rosidl_typesupport_fastrtps_cpp
[ 81%] Building CXX object CMakeFiles/ros_gz_interfaces__rosidl_typesupport_introspection_cpp.dir/rosidl_typesupport_introspection_cpp/ros_gz_interfaces/msg/detail/logical_camera_image__type_support.cpp.o
[ 82%] Building CXX object CMakeFiles/ros_gz_interfaces__rosidl_typesupport_introspection_cpp.dir/rosidl_typesupport_introspection_cpp/ros_gz_interfaces/msg/detail/logical_camera_image_model__type_support.cpp.o
[ 82%] Building CXX object CMakeFiles/ros_gz_interfaces__rosidl_typesupport_introspection_cpp.dir/rosidl_typesupport_introspection_cpp/ros_gz_interfaces/msg/detail/material_color__type_support.cpp.o
[ 83%] Linking CXX shared library libros_gz_interfaces__rosidl_typesupport_fastrtps_c.so
[ 83%] Built target ros_gz_interfaces__rosidl_typesupport_fastrtps_c
[ 83%] Building CXX object CMakeFiles/ros_gz_interfaces__rosidl_typesupport_introspection_cpp.dir/rosidl_typesupport_introspection_cpp/ros_gz_interfaces/msg/detail/param_vec__type_support.cpp.o
[ 84%] Building CXX object CMakeFiles/ros_gz_interfaces__rosidl_typesupport_introspection_cpp.dir/rosidl_typesupport_introspection_cpp/ros_gz_interfaces/msg/detail/sensor_noise__type_support.cpp.o
[ 84%] Building CXX object CMakeFiles/ros_gz_interfaces__rosidl_typesupport_introspection_cpp.dir/rosidl_typesupport_introspection_cpp/ros_gz_interfaces/msg/detail/string_vec__type_support.cpp.o
[ 84%] Building CXX object CMakeFiles/ros_gz_interfaces__rosidl_typesupport_introspection_cpp.dir/rosidl_typesupport_introspection_cpp/ros_gz_interfaces/msg/detail/track_visual__type_support.cpp.o
[ 85%] Building CXX object CMakeFiles/ros_gz_interfaces__rosidl_typesupport_introspection_cpp.dir/rosidl_typesupport_introspection_cpp/ros_gz_interfaces/msg/detail/video_record__type_support.cpp.o
[ 85%] Building CXX object CMakeFiles/ros_gz_interfaces__rosidl_typesupport_introspection_cpp.dir/rosidl_typesupport_introspection_cpp/ros_gz_interfaces/msg/detail/world_control__type_support.cpp.o
[ 85%] Building CXX object CMakeFiles/ros_gz_interfaces__rosidl_typesupport_introspection_cpp.dir/rosidl_typesupport_introspection_cpp/ros_gz_interfaces/msg/detail/world_reset__type_support.cpp.o
[ 86%] Building CXX object CMakeFiles/ros_gz_interfaces__rosidl_typesupport_introspection_cpp.dir/rosidl_typesupport_introspection_cpp/ros_gz_interfaces/srv/detail/control_world__type_support.cpp.o
[ 86%] Building CXX object CMakeFiles/ros_gz_interfaces__rosidl_typesupport_introspection_cpp.dir/rosidl_typesupport_introspection_cpp/ros_gz_interfaces/srv/detail/delete_entity__type_support.cpp.o
[ 87%] Building CXX object CMakeFiles/ros_gz_interfaces__rosidl_typesupport_introspection_cpp.dir/rosidl_typesupport_introspection_cpp/ros_gz_interfaces/srv/detail/set_entity_pose__type_support.cpp.o
[ 87%] Building CXX object CMakeFiles/ros_gz_interfaces__rosidl_typesupport_introspection_cpp.dir/rosidl_typesupport_introspection_cpp/ros_gz_interfaces/srv/detail/spawn_entity__type_support.cpp.o
[ 87%] Linking CXX shared library libros_gz_interfaces__rosidl_typesupport_introspection_cpp.so
[ 87%] Built target ros_gz_interfaces__rosidl_typesupport_introspection_cpp
[ 87%] Built target ros_gz_interfaces
[ 87%] Generating Python code for ROS interfaces
[ 87%] Built target ros_gz_interfaces__py
[ 88%] Building C object CMakeFiles/ros_gz_interfaces__rosidl_generator_py.dir/rosidl_generator_py/ros_gz_interfaces/msg/_altimeter_s.c.o
[ 88%] Building C object CMakeFiles/ros_gz_interfaces__rosidl_generator_py.dir/rosidl_generator_py/ros_gz_interfaces/msg/_contact_s.c.o
[ 88%] Building C object CMakeFiles/ros_gz_interfaces__rosidl_generator_py.dir/rosidl_generator_py/ros_gz_interfaces/msg/_contacts_s.c.o
[ 89%] Building C object CMakeFiles/ros_gz_interfaces__rosidl_generator_py.dir/rosidl_generator_py/ros_gz_interfaces/msg/_dataframe_s.c.o
[ 89%] Building C object CMakeFiles/ros_gz_interfaces__rosidl_generator_py.dir/rosidl_generator_py/ros_gz_interfaces/msg/_entity_s.c.o
[ 90%] Building C object CMakeFiles/ros_gz_interfaces__rosidl_generator_py.dir/rosidl_generator_py/ros_gz_interfaces/msg/_entity_factory_s.c.o
[ 90%] Building C object CMakeFiles/ros_gz_interfaces__rosidl_generator_py.dir/rosidl_generator_py/ros_gz_interfaces/msg/_entity_wrench_s.c.o
[ 90%] Building C object CMakeFiles/ros_gz_interfaces__rosidl_generator_py.dir/rosidl_generator_py/ros_gz_interfaces/msg/_float32_array_s.c.o
[ 91%] Building C object CMakeFiles/ros_gz_interfaces__rosidl_generator_py.dir/rosidl_generator_py/ros_gz_interfaces/msg/_gui_camera_s.c.o
[ 91%] Building C object CMakeFiles/ros_gz_interfaces__rosidl_generator_py.dir/rosidl_generator_py/ros_gz_interfaces/msg/_light_s.c.o
[ 91%] Building C object CMakeFiles/ros_gz_interfaces__rosidl_generator_py.dir/rosidl_generator_py/ros_gz_interfaces/msg/_joint_wrench_s.c.o
[ 92%] Building C object CMakeFiles/ros_gz_interfaces__rosidl_generator_py.dir/rosidl_generator_py/ros_gz_interfaces/msg/_logical_camera_image_s.c.o
[ 92%] Building C object CMakeFiles/ros_gz_interfaces__rosidl_generator_py.dir/rosidl_generator_py/ros_gz_interfaces/msg/_logical_camera_image_model_s.c.o
[ 92%] Building C object CMakeFiles/ros_gz_interfaces__rosidl_generator_py.dir/rosidl_generator_py/ros_gz_interfaces/msg/_material_color_s.c.o
[ 93%] Building C object CMakeFiles/ros_gz_interfaces__rosidl_generator_py.dir/rosidl_generator_py/ros_gz_interfaces/msg/_param_vec_s.c.o
[ 93%] Building C object CMakeFiles/ros_gz_interfaces__rosidl_generator_py.dir/rosidl_generator_py/ros_gz_interfaces/msg/_sensor_noise_s.c.o
[ 94%] Building C object CMakeFiles/ros_gz_interfaces__rosidl_generator_py.dir/rosidl_generator_py/ros_gz_interfaces/msg/_string_vec_s.c.o
[ 94%] Building C object CMakeFiles/ros_gz_interfaces__rosidl_generator_py.dir/rosidl_generator_py/ros_gz_interfaces/msg/_track_visual_s.c.o
[ 95%] Building C object CMakeFiles/ros_gz_interfaces__rosidl_generator_py.dir/rosidl_generator_py/ros_gz_interfaces/msg/_world_control_s.c.o
[ 95%] Building C object CMakeFiles/ros_gz_interfaces__rosidl_generator_py.dir/rosidl_generator_py/ros_gz_interfaces/msg/_video_record_s.c.o
[ 95%] Building C object CMakeFiles/ros_gz_interfaces__rosidl_generator_py.dir/rosidl_generator_py/ros_gz_interfaces/msg/_world_reset_s.c.o
[ 95%] Building C object CMakeFiles/ros_gz_interfaces__rosidl_generator_py.dir/rosidl_generator_py/ros_gz_interfaces/srv/_control_world_s.c.o
[ 96%] Building C object CMakeFiles/ros_gz_interfaces__rosidl_generator_py.dir/rosidl_generator_py/ros_gz_interfaces/srv/_delete_entity_s.c.o
[ 96%] Building C object CMakeFiles/ros_gz_interfaces__rosidl_generator_py.dir/rosidl_generator_py/ros_gz_interfaces/srv/_set_entity_pose_s.c.o
[ 96%] Building C object CMakeFiles/ros_gz_interfaces__rosidl_generator_py.dir/rosidl_generator_py/ros_gz_interfaces/srv/_spawn_entity_s.c.o
[ 97%] Linking C shared library libros_gz_interfaces__rosidl_generator_py.so
[ 97%] Built target ros_gz_interfaces__rosidl_generator_py
[ 98%] Building C object CMakeFiles/ros_gz_interfaces_s__rosidl_typesupport_c.dir/rosidl_generator_py/ros_gz_interfaces/_ros_gz_interfaces_s.ep.rosidl_typesupport_c.c.o
[ 98%] Building C object CMakeFiles/ros_gz_interfaces_s__rosidl_typesupport_introspection_c.dir/rosidl_generator_py/ros_gz_interfaces/_ros_gz_interfaces_s.ep.rosidl_typesupport_introspection_c.c.o
[ 98%] Building C object CMakeFiles/ros_gz_interfaces_s__rosidl_typesupport_fastrtps_c.dir/rosidl_generator_py/ros_gz_interfaces/_ros_gz_interfaces_s.ep.rosidl_typesupport_fastrtps_c.c.o
[ 98%] Linking C shared module rosidl_generator_py/ros_gz_interfaces/ros_gz_interfaces_s__rosidl_typesupport_c.so
[100%] Linking C shared module rosidl_generator_py/ros_gz_interfaces/ros_gz_interfaces_s__rosidl_typesupport_fastrtps_c.so
[100%] Linking C shared module rosidl_generator_py/ros_gz_interfaces/ros_gz_interfaces_s__rosidl_typesupport_introspection_c.so
[100%] Built target ros_gz_interfaces_s__rosidl_typesupport_c
[100%] Built target ros_gz_interfaces_s__rosidl_typesupport_introspection_c
[100%] Built target ros_gz_interfaces_s__rosidl_typesupport_fastrtps_c
-- Install configuration: ""
-- Installing: /home/andre/ros2_ws/install/ros_gz_interfaces/share/ament_index/resource_index/rosidl_interfaces/ros_gz_interfaces
-- Installing: /home/andre/ros2_ws/install/ros_gz_interfaces/share/ros_gz_interfaces/msg/Altimeter.json
-- Installing: /home/andre/ros2_ws/install/ros_gz_interfaces/share/ros_gz_interfaces/msg/Contact.json
-- Installing: /home/andre/ros2_ws/install/ros_gz_interfaces/share/ros_gz_interfaces/msg/Contacts.json
-- Installing: /home/andre/ros2_ws/install/ros_gz_interfaces/share/ros_gz_interfaces/msg/Dataframe.json
-- Installing: /home/andre/ros2_ws/install/ros_gz_interfaces/share/ros_gz_interfaces/msg/Entity.json
-- Installing: /home/andre/ros2_ws/install/ros_gz_interfaces/share/ros_gz_interfaces/msg/EntityFactory.json
-- Installing: /home/andre/ros2_ws/install/ros_gz_interfaces/share/ros_gz_interfaces/msg/EntityWrench.json
-- Installing: /home/andre/ros2_ws/install/ros_gz_interfaces/share/ros_gz_interfaces/msg/Float32Array.json
-- Installing: /home/andre/ros2_ws/install/ros_gz_interfaces/share/ros_gz_interfaces/msg/GuiCamera.json
-- Installing: /home/andre/ros2_ws/install/ros_gz_interfaces/share/ros_gz_interfaces/msg/JointWrench.json
-- Installing: /home/andre/ros2_ws/install/ros_gz_interfaces/share/ros_gz_interfaces/msg/Light.json
-- Installing: /home/andre/ros2_ws/install/ros_gz_interfaces/share/ros_gz_interfaces/msg/LogicalCameraImage.json
-- Installing: /home/andre/ros2_ws/install/ros_gz_interfaces/share/ros_gz_interfaces/msg/LogicalCameraImageModel.json
-- Installing: /home/andre/ros2_ws/install/ros_gz_interfaces/share/ros_gz_interfaces/msg/MaterialColor.json
-- Installing: /home/andre/ros2_ws/install/ros_gz_interfaces/share/ros_gz_interfaces/msg/ParamVec.json
-- Installing: /home/andre/ros2_ws/install/ros_gz_interfaces/share/ros_gz_interfaces/msg/SensorNoise.json
-- Installing: /home/andre/ros2_ws/install/ros_gz_interfaces/share/ros_gz_interfaces/msg/StringVec.json
-- Installing: /home/andre/ros2_ws/install/ros_gz_interfaces/share/ros_gz_interfaces/msg/TrackVisual.json
-- Installing: /home/andre/ros2_ws/install/ros_gz_interfaces/share/ros_gz_interfaces/msg/VideoRecord.json
-- Installing: /home/andre/ros2_ws/install/ros_gz_interfaces/share/ros_gz_interfaces/msg/WorldControl.json
-- Installing: /home/andre/ros2_ws/install/ros_gz_interfaces/share/ros_gz_interfaces/msg/WorldReset.json
-- Installing: /home/andre/ros2_ws/install/ros_gz_interfaces/share/ros_gz_interfaces/srv/ControlWorld.json
-- Installing: /home/andre/ros2_ws/install/ros_gz_interfaces/share/ros_gz_interfaces/srv/DeleteEntity.json
-- Installing: /home/andre/ros2_ws/install/ros_gz_interfaces/share/ros_gz_interfaces/srv/SetEntityPose.json
-- Installing: /home/andre/ros2_ws/install/ros_gz_interfaces/share/ros_gz_interfaces/srv/SpawnEntity.json
-- Installing: /home/andre/ros2_ws/install/ros_gz_interfaces/include/ros_gz_interfaces/ros_gz_interfaces
-- Installing: /home/andre/ros2_ws/install/ros_gz_interfaces/include/ros_gz_interfaces/ros_gz_interfaces/srv
-- Installing: /home/andre/ros2_ws/install/ros_gz_interfaces/include/ros_gz_interfaces/ros_gz_interfaces/srv/spawn_entity.h
-- Installing: /home/andre/ros2_ws/install/ros_gz_interfaces/include/ros_gz_interfaces/ros_gz_interfaces/srv/delete_entity.h
-- Installing: /home/andre/ros2_ws/install/ros_gz_interfaces/include/ros_gz_interfaces/ros_gz_interfaces/srv/set_entity_pose.h
-- Installing: /home/andre/ros2_ws/install/ros_gz_interfaces/include/ros_gz_interfaces/ros_gz_interfaces/srv/detail
-- Installing: /home/andre/ros2_ws/install/ros_gz_interfaces/include/ros_gz_interfaces/ros_gz_interfaces/srv/detail/control_world__type_support.c
-- Installing: /home/andre/ros2_ws/install/ros_gz_interfaces/include/ros_gz_interfaces/ros_gz_interfaces/srv/detail/control_world__type_support.h
-- Installing: /home/andre/ros2_ws/install/ros_gz_interfaces/include/ros_gz_interfaces/ros_gz_interfaces/srv/detail/spawn_entity__type_support.h
-- Installing: /home/andre/ros2_ws/install/ros_gz_interfaces/include/ros_gz_interfaces/ros_gz_interfaces/srv/detail/control_world__functions.c
-- Installing: /home/andre/ros2_ws/install/ros_gz_interfaces/include/ros_gz_interfaces/ros_gz_interfaces/srv/detail/spawn_entity__struct.h
-- Installing: /home/andre/ros2_ws/install/ros_gz_interfaces/include/ros_gz_interfaces/ros_gz_interfaces/srv/detail/delete_entity__type_support.h
-- Installing: /home/andre/ros2_ws/install/ros_gz_interfaces/include/ros_gz_interfaces/ros_gz_interfaces/srv/detail/delete_entity__description.c
-- Installing: /home/andre/ros2_ws/install/ros_gz_interfaces/include/ros_gz_interfaces/ros_gz_interfaces/srv/detail/spawn_entity__functions.h
-- Installing: /home/andre/ros2_ws/install/ros_gz_interfaces/include/ros_gz_interfaces/ros_gz_interfaces/srv/detail/delete_entity__struct.h
-- Installing: /home/andre/ros2_ws/install/ros_gz_interfaces/include/ros_gz_interfaces/ros_gz_interfaces/srv/detail/set_entity_pose__functions.c
-- Installing: /home/andre/ros2_ws/install/ros_gz_interfaces/include/ros_gz_interfaces/ros_gz_interfaces/srv/detail/spawn_entity__functions.c
-- Installing: /home/andre/ros2_ws/install/ros_gz_interfaces/include/ros_gz_interfaces/ros_gz_interfaces/srv/detail/spawn_entity__type_support.c
-- Installing: /home/andre/ros2_ws/install/ros_gz_interfaces/include/ros_gz_interfaces/ros_gz_interfaces/srv/detail/control_world__struct.h
-- Installing: /home/andre/ros2_ws/install/ros_gz_interfaces/include/ros_gz_interfaces/ros_gz_interfaces/srv/detail/delete_entity__functions.c
-- Installing: /home/andre/ros2_ws/install/ros_gz_interfaces/include/ros_gz_interfaces/ros_gz_interfaces/srv/detail/set_entity_pose__functions.h
-- Installing: /home/andre/ros2_ws/install/ros_gz_interfaces/include/ros_gz_interfaces/ros_gz_interfaces/srv/detail/control_world__description.c
-- Installing: /home/andre/ros2_ws/install/ros_gz_interfaces/include/ros_gz_interfaces/ros_gz_interfaces/srv/detail/delete_entity__functions.h
-- Installing: /home/andre/ros2_ws/install/ros_gz_interfaces/include/ros_gz_interfaces/ros_gz_interfaces/srv/detail/set_entity_pose__type_support.h
-- Installing: /home/andre/ros2_ws/install/ros_gz_interfaces/include/ros_gz_interfaces/ros_gz_interfaces/srv/detail/spawn_entity__description.c
-- Installing: /home/andre/ros2_ws/install/ros_gz_interfaces/include/ros_gz_interfaces/ros_gz_interfaces/srv/detail/delete_entity__type_support.c
-- Installing: /home/andre/ros2_ws/install/ros_gz_interfaces/include/ros_gz_interfaces/ros_gz_interfaces/srv/detail/set_entity_pose__struct.h
-- Installing: /home/andre/ros2_ws/install/ros_gz_interfaces/include/ros_gz_interfaces/ros_gz_interfaces/srv/detail/control_world__functions.h
-- Installing: /home/andre/ros2_ws/install/ros_gz_interfaces/include/ros_gz_interfaces/ros_gz_interfaces/srv/detail/set_entity_pose__type_support.c
-- Installing: /home/andre/ros2_ws/install/ros_gz_interfaces/include/ros_gz_interfaces/ros_gz_interfaces/srv/detail/set_entity_pose__description.c
-- Installing: /home/andre/ros2_ws/install/ros_gz_interfaces/include/ros_gz_interfaces/ros_gz_interfaces/srv/control_world.h
-- Installing: /home/andre/ros2_ws/install/ros_gz_interfaces/include/ros_gz_interfaces/ros_gz_interfaces/msg
-- Installing: /home/andre/ros2_ws/install/ros_gz_interfaces/include/ros_gz_interfaces/ros_gz_interfaces/msg/float32_array.h
-- Installing: /home/andre/ros2_ws/install/ros_gz_interfaces/include/ros_gz_interfaces/ros_gz_interfaces/msg/joint_wrench.h
-- Installing: /home/andre/ros2_ws/install/ros_gz_interfaces/include/ros_gz_interfaces/ros_gz_interfaces/msg/gui_camera.h
-- Installing: /home/andre/ros2_ws/install/ros_gz_interfaces/include/ros_gz_interfaces/ros_gz_interfaces/msg/entity.h
-- Installing: /home/andre/ros2_ws/install/ros_gz_interfaces/include/ros_gz_interfaces/ros_gz_interfaces/msg/contact.h
-- Installing: /home/andre/ros2_ws/install/ros_gz_interfaces/include/ros_gz_interfaces/ros_gz_interfaces/msg/track_visual.h
-- Installing: /home/andre/ros2_ws/install/ros_gz_interfaces/include/ros_gz_interfaces/ros_gz_interfaces/msg/entity_factory.h
-- Installing: /home/andre/ros2_ws/install/ros_gz_interfaces/include/ros_gz_interfaces/ros_gz_interfaces/msg/light.h
-- Installing: /home/andre/ros2_ws/install/ros_gz_interfaces/include/ros_gz_interfaces/ros_gz_interfaces/msg/world_reset.h
-- Installing: /home/andre/ros2_ws/install/ros_gz_interfaces/include/ros_gz_interfaces/ros_gz_interfaces/msg/string_vec.h
-- Installing: /home/andre/ros2_ws/install/ros_gz_interfaces/include/ros_gz_interfaces/ros_gz_interfaces/msg/logical_camera_image.h
-- Installing: /home/andre/ros2_ws/install/ros_gz_interfaces/include/ros_gz_interfaces/ros_gz_interfaces/msg/material_color.h
-- Installing: /home/andre/ros2_ws/install/ros_gz_interfaces/include/ros_gz_interfaces/ros_gz_interfaces/msg/world_control.h
-- Installing: /home/andre/ros2_ws/install/ros_gz_interfaces/include/ros_gz_interfaces/ros_gz_interfaces/msg/contacts.h
-- Installing: /home/andre/ros2_ws/install/ros_gz_interfaces/include/ros_gz_interfaces/ros_gz_interfaces/msg/param_vec.h
-- Installing: /home/andre/ros2_ws/install/ros_gz_interfaces/include/ros_gz_interfaces/ros_gz_interfaces/msg/logical_camera_image_model.h
-- Installing: /home/andre/ros2_ws/install/ros_gz_interfaces/include/ros_gz_interfaces/ros_gz_interfaces/msg/altimeter.h
-- Installing: /home/andre/ros2_ws/install/ros_gz_interfaces/include/ros_gz_interfaces/ros_gz_interfaces/msg/rosidl_generator_c__visibility_control.h
-- Installing: /home/andre/ros2_ws/install/ros_gz_interfaces/include/ros_gz_interfaces/ros_gz_interfaces/msg/entity_wrench.h
-- Installing: /home/andre/ros2_ws/install/ros_gz_interfaces/include/ros_gz_interfaces/ros_gz_interfaces/msg/video_record.h
-- Installing: /home/andre/ros2_ws/install/ros_gz_interfaces/include/ros_gz_interfaces/ros_gz_interfaces/msg/detail
-- Installing: /home/andre/ros2_ws/install/ros_gz_interfaces/include/ros_gz_interfaces/ros_gz_interfaces/msg/detail/entity_factory__type_support.h
-- Installing: /home/andre/ros2_ws/install/ros_gz_interfaces/include/ros_gz_interfaces/ros_gz_interfaces/msg/detail/logical_camera_image__type_support.c
-- Installing: /home/andre/ros2_ws/install/ros_gz_interfaces/include/ros_gz_interfaces/ros_gz_interfaces/msg/detail/entity_wrench__struct.h
-- Installing: /home/andre/ros2_ws/install/ros_gz_interfaces/include/ros_gz_interfaces/ros_gz_interfaces/msg/detail/world_reset__functions.h
-- Installing: /home/andre/ros2_ws/install/ros_gz_interfaces/include/ros_gz_interfaces/ros_gz_interfaces/msg/detail/entity_factory__functions.c
-- Installing: /home/andre/ros2_ws/install/ros_gz_interfaces/include/ros_gz_interfaces/ros_gz_interfaces/msg/detail/contacts__type_support.h
-- Installing: /home/andre/ros2_ws/install/ros_gz_interfaces/include/ros_gz_interfaces/ros_gz_interfaces/msg/detail/altimeter__functions.h
-- Installing: /home/andre/ros2_ws/install/ros_gz_interfaces/include/ros_gz_interfaces/ros_gz_interfaces/msg/detail/param_vec__description.c
-- Installing: /home/andre/ros2_ws/install/ros_gz_interfaces/include/ros_gz_interfaces/ros_gz_interfaces/msg/detail/world_control__type_support.c
-- Installing: /home/andre/ros2_ws/install/ros_gz_interfaces/include/ros_gz_interfaces/ros_gz_interfaces/msg/detail/contacts__functions.c
-- Installing: /home/andre/ros2_ws/install/ros_gz_interfaces/include/ros_gz_interfaces/ros_gz_interfaces/msg/detail/altimeter__type_support.h
-- Installing: /home/andre/ros2_ws/install/ros_gz_interfaces/include/ros_gz_interfaces/ros_gz_interfaces/msg/detail/logical_camera_image__functions.c
-- Installing: /home/andre/ros2_ws/install/ros_gz_interfaces/include/ros_gz_interfaces/ros_gz_interfaces/msg/detail/string_vec__type_support.h
-- Installing: /home/andre/ros2_ws/install/ros_gz_interfaces/include/ros_gz_interfaces/ros_gz_interfaces/msg/detail/track_visual__functions.c
-- Installing: /home/andre/ros2_ws/install/ros_gz_interfaces/include/ros_gz_interfaces/ros_gz_interfaces/msg/detail/sensor_noise__type_support.c
-- Installing: /home/andre/ros2_ws/install/ros_gz_interfaces/include/ros_gz_interfaces/ros_gz_interfaces/msg/detail/joint_wrench__functions.h
-- Installing: /home/andre/ros2_ws/install/ros_gz_interfaces/include/ros_gz_interfaces/ros_gz_interfaces/msg/detail/video_record__functions.c
-- Installing: /home/andre/ros2_ws/install/ros_gz_interfaces/include/ros_gz_interfaces/ros_gz_interfaces/msg/detail/light__struct.h
-- Installing: /home/andre/ros2_ws/install/ros_gz_interfaces/include/ros_gz_interfaces/ros_gz_interfaces/msg/detail/string_vec__type_support.c
-- Installing: /home/andre/ros2_ws/install/ros_gz_interfaces/include/ros_gz_interfaces/ros_gz_interfaces/msg/detail/string_vec__struct.h
-- Installing: /home/andre/ros2_ws/install/ros_gz_interfaces/include/ros_gz_interfaces/ros_gz_interfaces/msg/detail/gui_camera__type_support.c
-- Installing: /home/andre/ros2_ws/install/ros_gz_interfaces/include/ros_gz_interfaces/ros_gz_interfaces/msg/detail/contacts__functions.h
-- Installing: /home/andre/ros2_ws/install/ros_gz_interfaces/include/ros_gz_interfaces/ros_gz_interfaces/msg/detail/joint_wrench__type_support.h
-- Installing: /home/andre/ros2_ws/install/ros_gz_interfaces/include/ros_gz_interfaces/ros_gz_interfaces/msg/detail/entity_factory__description.c
-- Installing: /home/andre/ros2_ws/install/ros_gz_interfaces/include/ros_gz_interfaces/ros_gz_interfaces/msg/detail/world_reset__description.c
-- Installing: /home/andre/ros2_ws/install/ros_gz_interfaces/include/ros_gz_interfaces/ros_gz_interfaces/msg/detail/entity_wrench__functions.c
-- Installing: /home/andre/ros2_ws/install/ros_gz_interfaces/include/ros_gz_interfaces/ros_gz_interfaces/msg/detail/material_color__struct.h
-- Installing: /home/andre/ros2_ws/install/ros_gz_interfaces/include/ros_gz_interfaces/ros_gz_interfaces/msg/detail/entity__type_support.h
-- Installing: /home/andre/ros2_ws/install/ros_gz_interfaces/include/ros_gz_interfaces/ros_gz_interfaces/msg/detail/material_color__type_support.h
-- Installing: /home/andre/ros2_ws/install/ros_gz_interfaces/include/ros_gz_interfaces/ros_gz_interfaces/msg/detail/entity_factory__struct.h
-- Installing: /home/andre/ros2_ws/install/ros_gz_interfaces/include/ros_gz_interfaces/ros_gz_interfaces/msg/detail/world_reset__functions.c
-- Installing: /home/andre/ros2_ws/install/ros_gz_interfaces/include/ros_gz_interfaces/ros_gz_interfaces/msg/detail/dataframe__functions.c
-- Installing: /home/andre/ros2_ws/install/ros_gz_interfaces/include/ros_gz_interfaces/ros_gz_interfaces/msg/detail/light__description.c
-- Installing: /home/andre/ros2_ws/install/ros_gz_interfaces/include/ros_gz_interfaces/ros_gz_interfaces/msg/detail/contact__type_support.c
-- Installing: /home/andre/ros2_ws/install/ros_gz_interfaces/include/ros_gz_interfaces/ros_gz_interfaces/msg/detail/sensor_noise__functions.c
-- Installing: /home/andre/ros2_ws/install/ros_gz_interfaces/include/ros_gz_interfaces/ros_gz_interfaces/msg/detail/param_vec__struct.h
-- Installing: /home/andre/ros2_ws/install/ros_gz_interfaces/include/ros_gz_interfaces/ros_gz_interfaces/msg/detail/logical_camera_image_model__functions.h
-- Installing: /home/andre/ros2_ws/install/ros_gz_interfaces/include/ros_gz_interfaces/ros_gz_interfaces/msg/detail/world_control__struct.h
-- Installing: /home/andre/ros2_ws/install/ros_gz_interfaces/include/ros_gz_interfaces/ros_gz_interfaces/msg/detail/contact__description.c
-- Installing: /home/andre/ros2_ws/install/ros_gz_interfaces/include/ros_gz_interfaces/ros_gz_interfaces/msg/detail/param_vec__type_support.h
-- Installing: /home/andre/ros2_ws/install/ros_gz_interfaces/include/ros_gz_interfaces/ros_gz_interfaces/msg/detail/entity__type_support.c
-- Installing: /home/andre/ros2_ws/install/ros_gz_interfaces/include/ros_gz_interfaces/ros_gz_interfaces/msg/detail/logical_camera_image__type_support.h
-- Installing: /home/andre/ros2_ws/install/ros_gz_interfaces/include/ros_gz_interfaces/ros_gz_interfaces/msg/detail/gui_camera__struct.h
-- Installing: /home/andre/ros2_ws/install/ros_gz_interfaces/include/ros_gz_interfaces/ros_gz_interfaces/msg/detail/entity__description.c
-- Installing: /home/andre/ros2_ws/install/ros_gz_interfaces/include/ros_gz_interfaces/ros_gz_interfaces/msg/detail/gui_camera__functions.h
-- Installing: /home/andre/ros2_ws/install/ros_gz_interfaces/include/ros_gz_interfaces/ros_gz_interfaces/msg/detail/entity_wrench__type_support.h
-- Installing: /home/andre/ros2_ws/install/ros_gz_interfaces/include/ros_gz_interfaces/ros_gz_interfaces/msg/detail/logical_camera_image_model__struct.h
-- Installing: /home/andre/ros2_ws/install/ros_gz_interfaces/include/ros_gz_interfaces/ros_gz_interfaces/msg/detail/logical_camera_image_model__type_support.h
-- Installing: /home/andre/ros2_ws/install/ros_gz_interfaces/include/ros_gz_interfaces/ros_gz_interfaces/msg/detail/logical_camera_image__struct.h
-- Installing: /home/andre/ros2_ws/install/ros_gz_interfaces/include/ros_gz_interfaces/ros_gz_interfaces/msg/detail/string_vec__description.c
-- Installing: /home/andre/ros2_ws/install/ros_gz_interfaces/include/ros_gz_interfaces/ros_gz_interfaces/msg/detail/dataframe__description.c
-- Installing: /home/andre/ros2_ws/install/ros_gz_interfaces/include/ros_gz_interfaces/ros_gz_interfaces/msg/detail/material_color__functions.h
-- Installing: /home/andre/ros2_ws/install/ros_gz_interfaces/include/ros_gz_interfaces/ros_gz_interfaces/msg/detail/entity_factory__functions.h
-- Installing: /home/andre/ros2_ws/install/ros_gz_interfaces/include/ros_gz_interfaces/ros_gz_interfaces/msg/detail/world_reset__type_support.h
-- Installing: /home/andre/ros2_ws/install/ros_gz_interfaces/include/ros_gz_interfaces/ros_gz_interfaces/msg/detail/float32_array__type_support.c
-- Installing: /home/andre/ros2_ws/install/ros_gz_interfaces/include/ros_gz_interfaces/ros_gz_interfaces/msg/detail/sensor_noise__functions.h
-- Installing: /home/andre/ros2_ws/install/ros_gz_interfaces/include/ros_gz_interfaces/ros_gz_interfaces/msg/detail/world_control__description.c
-- Installing: /home/andre/ros2_ws/install/ros_gz_interfaces/include/ros_gz_interfaces/ros_gz_interfaces/msg/detail/contact__struct.h
-- Installing: /home/andre/ros2_ws/install/ros_gz_interfaces/include/ros_gz_interfaces/ros_gz_interfaces/msg/detail/dataframe__struct.h
-- Installing: /home/andre/ros2_ws/install/ros_gz_interfaces/include/ros_gz_interfaces/ros_gz_interfaces/msg/detail/entity_factory__type_support.c
-- Installing: /home/andre/ros2_ws/install/ros_gz_interfaces/include/ros_gz_interfaces/ros_gz_interfaces/msg/detail/video_record__type_support.h
-- Installing: /home/andre/ros2_ws/install/ros_gz_interfaces/include/ros_gz_interfaces/ros_gz_interfaces/msg/detail/altimeter__functions.c
-- Installing: /home/andre/ros2_ws/install/ros_gz_interfaces/include/ros_gz_interfaces/ros_gz_interfaces/msg/detail/joint_wrench__functions.c
-- Installing: /home/andre/ros2_ws/install/ros_gz_interfaces/include/ros_gz_interfaces/ros_gz_interfaces/msg/detail/joint_wrench__type_support.c
-- Installing: /home/andre/ros2_ws/install/ros_gz_interfaces/include/ros_gz_interfaces/ros_gz_interfaces/msg/detail/world_reset__type_support.c
-- Installing: /home/andre/ros2_ws/install/ros_gz_interfaces/include/ros_gz_interfaces/ros_gz_interfaces/msg/detail/contacts__type_support.c
-- Installing: /home/andre/ros2_ws/install/ros_gz_interfaces/include/ros_gz_interfaces/ros_gz_interfaces/msg/detail/altimeter__type_support.c
-- Installing: /home/andre/ros2_ws/install/ros_gz_interfaces/include/ros_gz_interfaces/ros_gz_interfaces/msg/detail/world_control__functions.c
-- Installing: /home/andre/ros2_ws/install/ros_gz_interfaces/include/ros_gz_interfaces/ros_gz_interfaces/msg/detail/gui_camera__description.c
-- Installing: /home/andre/ros2_ws/install/ros_gz_interfaces/include/ros_gz_interfaces/ros_gz_interfaces/msg/detail/param_vec__functions.h
-- Installing: /home/andre/ros2_ws/install/ros_gz_interfaces/include/ros_gz_interfaces/ros_gz_interfaces/msg/detail/logical_camera_image_model__functions.c
-- Installing: /home/andre/ros2_ws/install/ros_gz_interfaces/include/ros_gz_interfaces/ros_gz_interfaces/msg/detail/param_vec__functions.c
-- Installing: /home/andre/ros2_ws/install/ros_gz_interfaces/include/ros_gz_interfaces/ros_gz_interfaces/msg/detail/dataframe__type_support.h
-- Installing: /home/andre/ros2_ws/install/ros_gz_interfaces/include/ros_gz_interfaces/ros_gz_interfaces/msg/detail/material_color__description.c
-- Installing: /home/andre/ros2_ws/install/ros_gz_interfaces/include/ros_gz_interfaces/ros_gz_interfaces/msg/detail/video_record__functions.h
-- Installing: /home/andre/ros2_ws/install/ros_gz_interfaces/include/ros_gz_interfaces/ros_gz_interfaces/msg/detail/light__functions.c
-- Installing: /home/andre/ros2_ws/install/ros_gz_interfaces/include/ros_gz_interfaces/ros_gz_interfaces/msg/detail/logical_camera_image_model__type_support.c
-- Installing: /home/andre/ros2_ws/install/ros_gz_interfaces/include/ros_gz_interfaces/ros_gz_interfaces/msg/detail/contact__functions.c
-- Installing: /home/andre/ros2_ws/install/ros_gz_interfaces/include/ros_gz_interfaces/ros_gz_interfaces/msg/detail/string_vec__functions.c
-- Installing: /home/andre/ros2_ws/install/ros_gz_interfaces/include/ros_gz_interfaces/ros_gz_interfaces/msg/detail/track_visual__functions.h
-- Installing: /home/andre/ros2_ws/install/ros_gz_interfaces/include/ros_gz_interfaces/ros_gz_interfaces/msg/detail/param_vec__type_support.c
-- Installing: /home/andre/ros2_ws/install/ros_gz_interfaces/include/ros_gz_interfaces/ros_gz_interfaces/msg/detail/entity_wrench__description.c
-- Installing: /home/andre/ros2_ws/install/ros_gz_interfaces/include/ros_gz_interfaces/ros_gz_interfaces/msg/detail/light__functions.h
-- Installing: /home/andre/ros2_ws/install/ros_gz_interfaces/include/ros_gz_interfaces/ros_gz_interfaces/msg/detail/float32_array__functions.h
-- Installing: /home/andre/ros2_ws/install/ros_gz_interfaces/include/ros_gz_interfaces/ros_gz_interfaces/msg/detail/video_record__struct.h
-- Installing: /home/andre/ros2_ws/install/ros_gz_interfaces/include/ros_gz_interfaces/ros_gz_interfaces/msg/detail/world_reset__struct.h
-- Installing: /home/andre/ros2_ws/install/ros_gz_interfaces/include/ros_gz_interfaces/ros_gz_interfaces/msg/detail/world_control__type_support.h
-- Installing: /home/andre/ros2_ws/install/ros_gz_interfaces/include/ros_gz_interfaces/ros_gz_interfaces/msg/detail/contact__functions.h
-- Installing: /home/andre/ros2_ws/install/ros_gz_interfaces/include/ros_gz_interfaces/ros_gz_interfaces/msg/detail/entity_wrench__functions.h
-- Installing: /home/andre/ros2_ws/install/ros_gz_interfaces/include/ros_gz_interfaces/ros_gz_interfaces/msg/detail/entity_wrench__type_support.c
-- Installing: /home/andre/ros2_ws/install/ros_gz_interfaces/include/ros_gz_interfaces/ros_gz_interfaces/msg/detail/sensor_noise__type_support.h
-- Installing: /home/andre/ros2_ws/install/ros_gz_interfaces/include/ros_gz_interfaces/ros_gz_interfaces/msg/detail/float32_array__struct.h
-- Installing: /home/andre/ros2_ws/install/ros_gz_interfaces/include/ros_gz_interfaces/ros_gz_interfaces/msg/detail/material_color__functions.c
-- Installing: /home/andre/ros2_ws/install/ros_gz_interfaces/include/ros_gz_interfaces/ros_gz_interfaces/msg/detail/gui_camera__functions.c
-- Installing: /home/andre/ros2_ws/install/ros_gz_interfaces/include/ros_gz_interfaces/ros_gz_interfaces/msg/detail/contacts__struct.h
-- Installing: /home/andre/ros2_ws/install/ros_gz_interfaces/include/ros_gz_interfaces/ros_gz_interfaces/msg/detail/contact__type_support.h
-- Installing: /home/andre/ros2_ws/install/ros_gz_interfaces/include/ros_gz_interfaces/ros_gz_interfaces/msg/detail/track_visual__description.c
-- Installing: /home/andre/ros2_ws/install/ros_gz_interfaces/include/ros_gz_interfaces/ros_gz_interfaces/msg/detail/entity__functions.h
-- Installing: /home/andre/ros2_ws/install/ros_gz_interfaces/include/ros_gz_interfaces/ros_gz_interfaces/msg/detail/dataframe__functions.h
-- Installing: /home/andre/ros2_ws/install/ros_gz_interfaces/include/ros_gz_interfaces/ros_gz_interfaces/msg/detail/sensor_noise__struct.h
-- Installing: /home/andre/ros2_ws/install/ros_gz_interfaces/include/ros_gz_interfaces/ros_gz_interfaces/msg/detail/light__type_support.h
-- Installing: /home/andre/ros2_ws/install/ros_gz_interfaces/include/ros_gz_interfaces/ros_gz_interfaces/msg/detail/float32_array__description.c
-- Installing: /home/andre/ros2_ws/install/ros_gz_interfaces/include/ros_gz_interfaces/ros_gz_interfaces/msg/detail/altimeter__description.c
-- Installing: /home/andre/ros2_ws/install/ros_gz_interfaces/include/ros_gz_interfaces/ros_gz_interfaces/msg/detail/gui_camera__type_support.h
-- Installing: /home/andre/ros2_ws/install/ros_gz_interfaces/include/ros_gz_interfaces/ros_gz_interfaces/msg/detail/track_visual__type_support.c
-- Installing: /home/andre/ros2_ws/install/ros_gz_interfaces/include/ros_gz_interfaces/ros_gz_interfaces/msg/detail/string_vec__functions.h
-- Installing: /home/andre/ros2_ws/install/ros_gz_interfaces/include/ros_gz_interfaces/ros_gz_interfaces/msg/detail/entity__functions.c
-- Installing: /home/andre/ros2_ws/install/ros_gz_interfaces/include/ros_gz_interfaces/ros_gz_interfaces/msg/detail/world_control__functions.h
-- Installing: /home/andre/ros2_ws/install/ros_gz_interfaces/include/ros_gz_interfaces/ros_gz_interfaces/msg/detail/entity__struct.h
-- Installing: /home/andre/ros2_ws/install/ros_gz_interfaces/include/ros_gz_interfaces/ros_gz_interfaces/msg/detail/light__type_support.c
-- Installing: /home/andre/ros2_ws/install/ros_gz_interfaces/include/ros_gz_interfaces/ros_gz_interfaces/msg/detail/logical_camera_image__functions.h
-- Installing: /home/andre/ros2_ws/install/ros_gz_interfaces/include/ros_gz_interfaces/ros_gz_interfaces/msg/detail/logical_camera_image__description.c
-- Installing: /home/andre/ros2_ws/install/ros_gz_interfaces/include/ros_gz_interfaces/ros_gz_interfaces/msg/detail/joint_wrench__description.c
-- Installing: /home/andre/ros2_ws/install/ros_gz_interfaces/include/ros_gz_interfaces/ros_gz_interfaces/msg/detail/logical_camera_image_model__description.c
-- Installing: /home/andre/ros2_ws/install/ros_gz_interfaces/include/ros_gz_interfaces/ros_gz_interfaces/msg/detail/dataframe__type_support.c
-- Installing: /home/andre/ros2_ws/install/ros_gz_interfaces/include/ros_gz_interfaces/ros_gz_interfaces/msg/detail/track_visual__type_support.h
-- Installing: /home/andre/ros2_ws/install/ros_gz_interfaces/include/ros_gz_interfaces/ros_gz_interfaces/msg/detail/joint_wrench__struct.h
-- Installing: /home/andre/ros2_ws/install/ros_gz_interfaces/include/ros_gz_interfaces/ros_gz_interfaces/msg/detail/contacts__description.c
-- Installing: /home/andre/ros2_ws/install/ros_gz_interfaces/include/ros_gz_interfaces/ros_gz_interfaces/msg/detail/float32_array__functions.c
-- Installing: /home/andre/ros2_ws/install/ros_gz_interfaces/include/ros_gz_interfaces/ros_gz_interfaces/msg/detail/altimeter__struct.h
-- Installing: /home/andre/ros2_ws/install/ros_gz_interfaces/include/ros_gz_interfaces/ros_gz_interfaces/msg/detail/video_record__description.c
-- Installing: /home/andre/ros2_ws/install/ros_gz_interfaces/include/ros_gz_interfaces/ros_gz_interfaces/msg/detail/track_visual__struct.h
-- Installing: /home/andre/ros2_ws/install/ros_gz_interfaces/include/ros_gz_interfaces/ros_gz_interfaces/msg/detail/sensor_noise__description.c
-- Installing: /home/andre/ros2_ws/install/ros_gz_interfaces/include/ros_gz_interfaces/ros_gz_interfaces/msg/detail/video_record__type_support.c
-- Installing: /home/andre/ros2_ws/install/ros_gz_interfaces/include/ros_gz_interfaces/ros_gz_interfaces/msg/detail/material_color__type_support.c
-- Installing: /home/andre/ros2_ws/install/ros_gz_interfaces/include/ros_gz_interfaces/ros_gz_interfaces/msg/detail/float32_array__type_support.h
-- Installing: /home/andre/ros2_ws/install/ros_gz_interfaces/include/ros_gz_interfaces/ros_gz_interfaces/msg/sensor_noise.h
-- Installing: /home/andre/ros2_ws/install/ros_gz_interfaces/include/ros_gz_interfaces/ros_gz_interfaces/msg/dataframe.h
-- Installing: /home/andre/ros2_ws/install/ros_gz_interfaces/share/ros_gz_interfaces/environment/library_path.sh
-- Installing: /home/andre/ros2_ws/install/ros_gz_interfaces/share/ros_gz_interfaces/environment/library_path.dsv
-- Installing: /home/andre/ros2_ws/install/ros_gz_interfaces/lib/libros_gz_interfaces__rosidl_generator_c.so
-- Set non-toolchain portion of runtime path of "/home/andre/ros2_ws/install/ros_gz_interfaces/lib/libros_gz_interfaces__rosidl_generator_c.so" to ""
-- Up-to-date: /home/andre/ros2_ws/install/ros_gz_interfaces/include/ros_gz_interfaces/ros_gz_interfaces
-- Up-to-date: /home/andre/ros2_ws/install/ros_gz_interfaces/include/ros_gz_interfaces/ros_gz_interfaces/srv
-- Up-to-date: /home/andre/ros2_ws/install/ros_gz_interfaces/include/ros_gz_interfaces/ros_gz_interfaces/srv/detail
-- Installing: /home/andre/ros2_ws/install/ros_gz_interfaces/include/ros_gz_interfaces/ros_gz_interfaces/srv/detail/spawn_entity__rosidl_typesupport_fastrtps_c.h
-- Installing: /home/andre/ros2_ws/install/ros_gz_interfaces/include/ros_gz_interfaces/ros_gz_interfaces/srv/detail/control_world__rosidl_typesupport_fastrtps_c.h
-- Installing: /home/andre/ros2_ws/install/ros_gz_interfaces/include/ros_gz_interfaces/ros_gz_interfaces/srv/detail/set_entity_pose__rosidl_typesupport_fastrtps_c.h
-- Installing: /home/andre/ros2_ws/install/ros_gz_interfaces/include/ros_gz_interfaces/ros_gz_interfaces/srv/detail/delete_entity__rosidl_typesupport_fastrtps_c.h
-- Up-to-date: /home/andre/ros2_ws/install/ros_gz_interfaces/include/ros_gz_interfaces/ros_gz_interfaces/msg
-- Up-to-date: /home/andre/ros2_ws/install/ros_gz_interfaces/include/ros_gz_interfaces/ros_gz_interfaces/msg/detail
-- Installing: /home/andre/ros2_ws/install/ros_gz_interfaces/include/ros_gz_interfaces/ros_gz_interfaces/msg/detail/light__rosidl_typesupport_fastrtps_c.h
-- Installing: /home/andre/ros2_ws/install/ros_gz_interfaces/include/ros_gz_interfaces/ros_gz_interfaces/msg/detail/world_reset__rosidl_typesupport_fastrtps_c.h
-- Installing: /home/andre/ros2_ws/install/ros_gz_interfaces/include/ros_gz_interfaces/ros_gz_interfaces/msg/detail/entity_wrench__rosidl_typesupport_fastrtps_c.h
-- Installing: /home/andre/ros2_ws/install/ros_gz_interfaces/include/ros_gz_interfaces/ros_gz_interfaces/msg/detail/gui_camera__rosidl_typesupport_fastrtps_c.h
-- Installing: /home/andre/ros2_ws/install/ros_gz_interfaces/include/ros_gz_interfaces/ros_gz_interfaces/msg/detail/logical_camera_image__rosidl_typesupport_fastrtps_c.h
-- Installing: /home/andre/ros2_ws/install/ros_gz_interfaces/include/ros_gz_interfaces/ros_gz_interfaces/msg/detail/param_vec__rosidl_typesupport_fastrtps_c.h
-- Installing: /home/andre/ros2_ws/install/ros_gz_interfaces/include/ros_gz_interfaces/ros_gz_interfaces/msg/detail/contact__rosidl_typesupport_fastrtps_c.h
-- Installing: /home/andre/ros2_ws/install/ros_gz_interfaces/include/ros_gz_interfaces/ros_gz_interfaces/msg/detail/dataframe__rosidl_typesupport_fastrtps_c.h
-- Installing: /home/andre/ros2_ws/install/ros_gz_interfaces/include/ros_gz_interfaces/ros_gz_interfaces/msg/detail/world_control__rosidl_typesupport_fastrtps_c.h
-- Installing: /home/andre/ros2_ws/install/ros_gz_interfaces/include/ros_gz_interfaces/ros_gz_interfaces/msg/detail/entity_factory__rosidl_typesupport_fastrtps_c.h
-- Installing: /home/andre/ros2_ws/install/ros_gz_interfaces/include/ros_gz_interfaces/ros_gz_interfaces/msg/detail/string_vec__rosidl_typesupport_fastrtps_c.h
-- Installing: /home/andre/ros2_ws/install/ros_gz_interfaces/include/ros_gz_interfaces/ros_gz_interfaces/msg/detail/logical_camera_image_model__rosidl_typesupport_fastrtps_c.h
-- Installing: /home/andre/ros2_ws/install/ros_gz_interfaces/include/ros_gz_interfaces/ros_gz_interfaces/msg/detail/entity__rosidl_typesupport_fastrtps_c.h
-- Installing: /home/andre/ros2_ws/install/ros_gz_interfaces/include/ros_gz_interfaces/ros_gz_interfaces/msg/detail/video_record__rosidl_typesupport_fastrtps_c.h
-- Installing: /home/andre/ros2_ws/install/ros_gz_interfaces/include/ros_gz_interfaces/ros_gz_interfaces/msg/detail/track_visual__rosidl_typesupport_fastrtps_c.h
-- Installing: /home/andre/ros2_ws/install/ros_gz_interfaces/include/ros_gz_interfaces/ros_gz_interfaces/msg/detail/joint_wrench__rosidl_typesupport_fastrtps_c.h
-- Installing: /home/andre/ros2_ws/install/ros_gz_interfaces/include/ros_gz_interfaces/ros_gz_interfaces/msg/detail/material_color__rosidl_typesupport_fastrtps_c.h
-- Installing: /home/andre/ros2_ws/install/ros_gz_interfaces/include/ros_gz_interfaces/ros_gz_interfaces/msg/detail/float32_array__rosidl_typesupport_fastrtps_c.h
-- Installing: /home/andre/ros2_ws/install/ros_gz_interfaces/include/ros_gz_interfaces/ros_gz_interfaces/msg/detail/altimeter__rosidl_typesupport_fastrtps_c.h
-- Installing: /home/andre/ros2_ws/install/ros_gz_interfaces/include/ros_gz_interfaces/ros_gz_interfaces/msg/detail/contacts__rosidl_typesupport_fastrtps_c.h
-- Installing: /home/andre/ros2_ws/install/ros_gz_interfaces/include/ros_gz_interfaces/ros_gz_interfaces/msg/detail/sensor_noise__rosidl_typesupport_fastrtps_c.h
-- Installing: /home/andre/ros2_ws/install/ros_gz_interfaces/include/ros_gz_interfaces/ros_gz_interfaces/msg/rosidl_typesupport_fastrtps_c__visibility_control.h
-- Installing: /home/andre/ros2_ws/install/ros_gz_interfaces/lib/libros_gz_interfaces__rosidl_typesupport_fastrtps_c.so
-- Set non-toolchain portion of runtime path of "/home/andre/ros2_ws/install/ros_gz_interfaces/lib/libros_gz_interfaces__rosidl_typesupport_fastrtps_c.so" to ""
-- Up-to-date: /home/andre/ros2_ws/install/ros_gz_interfaces/include/ros_gz_interfaces/ros_gz_interfaces
-- Up-to-date: /home/andre/ros2_ws/install/ros_gz_interfaces/include/ros_gz_interfaces/ros_gz_interfaces/srv
-- Installing: /home/andre/ros2_ws/install/ros_gz_interfaces/include/ros_gz_interfaces/ros_gz_interfaces/srv/delete_entity.hpp
-- Installing: /home/andre/ros2_ws/install/ros_gz_interfaces/include/ros_gz_interfaces/ros_gz_interfaces/srv/spawn_entity.hpp
-- Installing: /home/andre/ros2_ws/install/ros_gz_interfaces/include/ros_gz_interfaces/ros_gz_interfaces/srv/set_entity_pose.hpp
-- Installing: /home/andre/ros2_ws/install/ros_gz_interfaces/include/ros_gz_interfaces/ros_gz_interfaces/srv/control_world.hpp
-- Up-to-date: /home/andre/ros2_ws/install/ros_gz_interfaces/include/ros_gz_interfaces/ros_gz_interfaces/srv/detail
-- Installing: /home/andre/ros2_ws/install/ros_gz_interfaces/include/ros_gz_interfaces/ros_gz_interfaces/srv/detail/spawn_entity__type_support.hpp
-- Installing: /home/andre/ros2_ws/install/ros_gz_interfaces/include/ros_gz_interfaces/ros_gz_interfaces/srv/detail/set_entity_pose__struct.hpp
-- Installing: /home/andre/ros2_ws/install/ros_gz_interfaces/include/ros_gz_interfaces/ros_gz_interfaces/srv/detail/spawn_entity__builder.hpp
-- Installing: /home/andre/ros2_ws/install/ros_gz_interfaces/include/ros_gz_interfaces/ros_gz_interfaces/srv/detail/control_world__builder.hpp
-- Installing: /home/andre/ros2_ws/install/ros_gz_interfaces/include/ros_gz_interfaces/ros_gz_interfaces/srv/detail/control_world__traits.hpp
-- Installing: /home/andre/ros2_ws/install/ros_gz_interfaces/include/ros_gz_interfaces/ros_gz_interfaces/srv/detail/control_world__type_support.hpp
-- Installing: /home/andre/ros2_ws/install/ros_gz_interfaces/include/ros_gz_interfaces/ros_gz_interfaces/srv/detail/set_entity_pose__type_support.hpp
-- Installing: /home/andre/ros2_ws/install/ros_gz_interfaces/include/ros_gz_interfaces/ros_gz_interfaces/srv/detail/delete_entity__builder.hpp
-- Installing: /home/andre/ros2_ws/install/ros_gz_interfaces/include/ros_gz_interfaces/ros_gz_interfaces/srv/detail/set_entity_pose__builder.hpp
-- Installing: /home/andre/ros2_ws/install/ros_gz_interfaces/include/ros_gz_interfaces/ros_gz_interfaces/srv/detail/delete_entity__struct.hpp
-- Installing: /home/andre/ros2_ws/install/ros_gz_interfaces/include/ros_gz_interfaces/ros_gz_interfaces/srv/detail/delete_entity__traits.hpp
-- Installing: /home/andre/ros2_ws/install/ros_gz_interfaces/include/ros_gz_interfaces/ros_gz_interfaces/srv/detail/control_world__struct.hpp
-- Installing: /home/andre/ros2_ws/install/ros_gz_interfaces/include/ros_gz_interfaces/ros_gz_interfaces/srv/detail/spawn_entity__struct.hpp
-- Installing: /home/andre/ros2_ws/install/ros_gz_interfaces/include/ros_gz_interfaces/ros_gz_interfaces/srv/detail/spawn_entity__traits.hpp
-- Installing: /home/andre/ros2_ws/install/ros_gz_interfaces/include/ros_gz_interfaces/ros_gz_interfaces/srv/detail/delete_entity__type_support.hpp
-- Installing: /home/andre/ros2_ws/install/ros_gz_interfaces/include/ros_gz_interfaces/ros_gz_interfaces/srv/detail/set_entity_pose__traits.hpp
-- Up-to-date: /home/andre/ros2_ws/install/ros_gz_interfaces/include/ros_gz_interfaces/ros_gz_interfaces/msg
-- Installing: /home/andre/ros2_ws/install/ros_gz_interfaces/include/ros_gz_interfaces/ros_gz_interfaces/msg/logical_camera_image.hpp
-- Installing: /home/andre/ros2_ws/install/ros_gz_interfaces/include/ros_gz_interfaces/ros_gz_interfaces/msg/entity_factory.hpp
-- Installing: /home/andre/ros2_ws/install/ros_gz_interfaces/include/ros_gz_interfaces/ros_gz_interfaces/msg/world_reset.hpp
-- Installing: /home/andre/ros2_ws/install/ros_gz_interfaces/include/ros_gz_interfaces/ros_gz_interfaces/msg/contacts.hpp
-- Installing: /home/andre/ros2_ws/install/ros_gz_interfaces/include/ros_gz_interfaces/ros_gz_interfaces/msg/contact.hpp
-- Installing: /home/andre/ros2_ws/install/ros_gz_interfaces/include/ros_gz_interfaces/ros_gz_interfaces/msg/rosidl_generator_cpp__visibility_control.hpp
-- Installing: /home/andre/ros2_ws/install/ros_gz_interfaces/include/ros_gz_interfaces/ros_gz_interfaces/msg/entity.hpp
-- Installing: /home/andre/ros2_ws/install/ros_gz_interfaces/include/ros_gz_interfaces/ros_gz_interfaces/msg/logical_camera_image_model.hpp
-- Installing: /home/andre/ros2_ws/install/ros_gz_interfaces/include/ros_gz_interfaces/ros_gz_interfaces/msg/param_vec.hpp
-- Installing: /home/andre/ros2_ws/install/ros_gz_interfaces/include/ros_gz_interfaces/ros_gz_interfaces/msg/float32_array.hpp
-- Installing: /home/andre/ros2_ws/install/ros_gz_interfaces/include/ros_gz_interfaces/ros_gz_interfaces/msg/light.hpp
-- Installing: /home/andre/ros2_ws/install/ros_gz_interfaces/include/ros_gz_interfaces/ros_gz_interfaces/msg/video_record.hpp
-- Installing: /home/andre/ros2_ws/install/ros_gz_interfaces/include/ros_gz_interfaces/ros_gz_interfaces/msg/track_visual.hpp
-- Installing: /home/andre/ros2_ws/install/ros_gz_interfaces/include/ros_gz_interfaces/ros_gz_interfaces/msg/sensor_noise.hpp
-- Installing: /home/andre/ros2_ws/install/ros_gz_interfaces/include/ros_gz_interfaces/ros_gz_interfaces/msg/gui_camera.hpp
-- Installing: /home/andre/ros2_ws/install/ros_gz_interfaces/include/ros_gz_interfaces/ros_gz_interfaces/msg/world_control.hpp
-- Installing: /home/andre/ros2_ws/install/ros_gz_interfaces/include/ros_gz_interfaces/ros_gz_interfaces/msg/string_vec.hpp
-- Installing: /home/andre/ros2_ws/install/ros_gz_interfaces/include/ros_gz_interfaces/ros_gz_interfaces/msg/entity_wrench.hpp
-- Up-to-date: /home/andre/ros2_ws/install/ros_gz_interfaces/include/ros_gz_interfaces/ros_gz_interfaces/msg/detail
-- Installing: /home/andre/ros2_ws/install/ros_gz_interfaces/include/ros_gz_interfaces/ros_gz_interfaces/msg/detail/joint_wrench__traits.hpp
-- Installing: /home/andre/ros2_ws/install/ros_gz_interfaces/include/ros_gz_interfaces/ros_gz_interfaces/msg/detail/contact__type_support.hpp
-- Installing: /home/andre/ros2_ws/install/ros_gz_interfaces/include/ros_gz_interfaces/ros_gz_interfaces/msg/detail/logical_camera_image__struct.hpp
-- Installing: /home/andre/ros2_ws/install/ros_gz_interfaces/include/ros_gz_interfaces/ros_gz_interfaces/msg/detail/entity_factory__traits.hpp
-- Installing: /home/andre/ros2_ws/install/ros_gz_interfaces/include/ros_gz_interfaces/ros_gz_interfaces/msg/detail/video_record__type_support.hpp
-- Installing: /home/andre/ros2_ws/install/ros_gz_interfaces/include/ros_gz_interfaces/ros_gz_interfaces/msg/detail/entity_wrench__struct.hpp
-- Installing: /home/andre/ros2_ws/install/ros_gz_interfaces/include/ros_gz_interfaces/ros_gz_interfaces/msg/detail/dataframe__struct.hpp
-- Installing: /home/andre/ros2_ws/install/ros_gz_interfaces/include/ros_gz_interfaces/ros_gz_interfaces/msg/detail/contacts__type_support.hpp
-- Installing: /home/andre/ros2_ws/install/ros_gz_interfaces/include/ros_gz_interfaces/ros_gz_interfaces/msg/detail/video_record__traits.hpp
-- Installing: /home/andre/ros2_ws/install/ros_gz_interfaces/include/ros_gz_interfaces/ros_gz_interfaces/msg/detail/video_record__struct.hpp
-- Installing: /home/andre/ros2_ws/install/ros_gz_interfaces/include/ros_gz_interfaces/ros_gz_interfaces/msg/detail/world_control__struct.hpp
-- Installing: /home/andre/ros2_ws/install/ros_gz_interfaces/include/ros_gz_interfaces/ros_gz_interfaces/msg/detail/light__type_support.hpp
-- Installing: /home/andre/ros2_ws/install/ros_gz_interfaces/include/ros_gz_interfaces/ros_gz_interfaces/msg/detail/contact__builder.hpp
-- Installing: /home/andre/ros2_ws/install/ros_gz_interfaces/include/ros_gz_interfaces/ros_gz_interfaces/msg/detail/string_vec__builder.hpp
-- Installing: /home/andre/ros2_ws/install/ros_gz_interfaces/include/ros_gz_interfaces/ros_gz_interfaces/msg/detail/sensor_noise__struct.hpp
-- Installing: /home/andre/ros2_ws/install/ros_gz_interfaces/include/ros_gz_interfaces/ros_gz_interfaces/msg/detail/light__traits.hpp
-- Installing: /home/andre/ros2_ws/install/ros_gz_interfaces/include/ros_gz_interfaces/ros_gz_interfaces/msg/detail/float32_array__struct.hpp
-- Installing: /home/andre/ros2_ws/install/ros_gz_interfaces/include/ros_gz_interfaces/ros_gz_interfaces/msg/detail/dataframe__traits.hpp
-- Installing: /home/andre/ros2_ws/install/ros_gz_interfaces/include/ros_gz_interfaces/ros_gz_interfaces/msg/detail/contacts__struct.hpp
-- Installing: /home/andre/ros2_ws/install/ros_gz_interfaces/include/ros_gz_interfaces/ros_gz_interfaces/msg/detail/altimeter__type_support.hpp
-- Installing: /home/andre/ros2_ws/install/ros_gz_interfaces/include/ros_gz_interfaces/ros_gz_interfaces/msg/detail/sensor_noise__builder.hpp
-- Installing: /home/andre/ros2_ws/install/ros_gz_interfaces/include/ros_gz_interfaces/ros_gz_interfaces/msg/detail/video_record__builder.hpp
-- Installing: /home/andre/ros2_ws/install/ros_gz_interfaces/include/ros_gz_interfaces/ros_gz_interfaces/msg/detail/contacts__traits.hpp
-- Installing: /home/andre/ros2_ws/install/ros_gz_interfaces/include/ros_gz_interfaces/ros_gz_interfaces/msg/detail/logical_camera_image__type_support.hpp
-- Installing: /home/andre/ros2_ws/install/ros_gz_interfaces/include/ros_gz_interfaces/ros_gz_interfaces/msg/detail/altimeter__traits.hpp
-- Installing: /home/andre/ros2_ws/install/ros_gz_interfaces/include/ros_gz_interfaces/ros_gz_interfaces/msg/detail/contact__struct.hpp
-- Installing: /home/andre/ros2_ws/install/ros_gz_interfaces/include/ros_gz_interfaces/ros_gz_interfaces/msg/detail/param_vec__type_support.hpp
-- Installing: /home/andre/ros2_ws/install/ros_gz_interfaces/include/ros_gz_interfaces/ros_gz_interfaces/msg/detail/light__builder.hpp
-- Installing: /home/andre/ros2_ws/install/ros_gz_interfaces/include/ros_gz_interfaces/ros_gz_interfaces/msg/detail/track_visual__builder.hpp
-- Installing: /home/andre/ros2_ws/install/ros_gz_interfaces/include/ros_gz_interfaces/ros_gz_interfaces/msg/detail/light__struct.hpp
-- Installing: /home/andre/ros2_ws/install/ros_gz_interfaces/include/ros_gz_interfaces/ros_gz_interfaces/msg/detail/dataframe__type_support.hpp
-- Installing: /home/andre/ros2_ws/install/ros_gz_interfaces/include/ros_gz_interfaces/ros_gz_interfaces/msg/detail/logical_camera_image_model__builder.hpp
-- Installing: /home/andre/ros2_ws/install/ros_gz_interfaces/include/ros_gz_interfaces/ros_gz_interfaces/msg/detail/world_reset__builder.hpp
-- Installing: /home/andre/ros2_ws/install/ros_gz_interfaces/include/ros_gz_interfaces/ros_gz_interfaces/msg/detail/entity_factory__builder.hpp
-- Installing: /home/andre/ros2_ws/install/ros_gz_interfaces/include/ros_gz_interfaces/ros_gz_interfaces/msg/detail/entity__builder.hpp
-- Installing: /home/andre/ros2_ws/install/ros_gz_interfaces/include/ros_gz_interfaces/ros_gz_interfaces/msg/detail/string_vec__type_support.hpp
-- Installing: /home/andre/ros2_ws/install/ros_gz_interfaces/include/ros_gz_interfaces/ros_gz_interfaces/msg/detail/gui_camera__struct.hpp
-- Installing: /home/andre/ros2_ws/install/ros_gz_interfaces/include/ros_gz_interfaces/ros_gz_interfaces/msg/detail/entity_wrench__traits.hpp
-- Installing: /home/andre/ros2_ws/install/ros_gz_interfaces/include/ros_gz_interfaces/ros_gz_interfaces/msg/detail/altimeter__struct.hpp
-- Installing: /home/andre/ros2_ws/install/ros_gz_interfaces/include/ros_gz_interfaces/ros_gz_interfaces/msg/detail/gui_camera__traits.hpp
-- Installing: /home/andre/ros2_ws/install/ros_gz_interfaces/include/ros_gz_interfaces/ros_gz_interfaces/msg/detail/world_reset__type_support.hpp
-- Installing: /home/andre/ros2_ws/install/ros_gz_interfaces/include/ros_gz_interfaces/ros_gz_interfaces/msg/detail/param_vec__traits.hpp
-- Installing: /home/andre/ros2_ws/install/ros_gz_interfaces/include/ros_gz_interfaces/ros_gz_interfaces/msg/detail/param_vec__builder.hpp
-- Installing: /home/andre/ros2_ws/install/ros_gz_interfaces/include/ros_gz_interfaces/ros_gz_interfaces/msg/detail/altimeter__builder.hpp
-- Installing: /home/andre/ros2_ws/install/ros_gz_interfaces/include/ros_gz_interfaces/ros_gz_interfaces/msg/detail/world_control__builder.hpp
-- Installing: /home/andre/ros2_ws/install/ros_gz_interfaces/include/ros_gz_interfaces/ros_gz_interfaces/msg/detail/logical_camera_image_model__struct.hpp
-- Installing: /home/andre/ros2_ws/install/ros_gz_interfaces/include/ros_gz_interfaces/ros_gz_interfaces/msg/detail/entity_factory__type_support.hpp
-- Installing: /home/andre/ros2_ws/install/ros_gz_interfaces/include/ros_gz_interfaces/ros_gz_interfaces/msg/detail/contacts__builder.hpp
-- Installing: /home/andre/ros2_ws/install/ros_gz_interfaces/include/ros_gz_interfaces/ros_gz_interfaces/msg/detail/float32_array__type_support.hpp
-- Installing: /home/andre/ros2_ws/install/ros_gz_interfaces/include/ros_gz_interfaces/ros_gz_interfaces/msg/detail/joint_wrench__struct.hpp
-- Installing: /home/andre/ros2_ws/install/ros_gz_interfaces/include/ros_gz_interfaces/ros_gz_interfaces/msg/detail/track_visual__traits.hpp
-- Installing: /home/andre/ros2_ws/install/ros_gz_interfaces/include/ros_gz_interfaces/ros_gz_interfaces/msg/detail/sensor_noise__type_support.hpp
-- Installing: /home/andre/ros2_ws/install/ros_gz_interfaces/include/ros_gz_interfaces/ros_gz_interfaces/msg/detail/entity__traits.hpp
-- Installing: /home/andre/ros2_ws/install/ros_gz_interfaces/include/ros_gz_interfaces/ros_gz_interfaces/msg/detail/world_control__traits.hpp
-- Installing: /home/andre/ros2_ws/install/ros_gz_interfaces/include/ros_gz_interfaces/ros_gz_interfaces/msg/detail/material_color__type_support.hpp
-- Installing: /home/andre/ros2_ws/install/ros_gz_interfaces/include/ros_gz_interfaces/ros_gz_interfaces/msg/detail/world_control__type_support.hpp
-- Installing: /home/andre/ros2_ws/install/ros_gz_interfaces/include/ros_gz_interfaces/ros_gz_interfaces/msg/detail/entity__type_support.hpp
-- Installing: /home/andre/ros2_ws/install/ros_gz_interfaces/include/ros_gz_interfaces/ros_gz_interfaces/msg/detail/logical_camera_image__builder.hpp
-- Installing: /home/andre/ros2_ws/install/ros_gz_interfaces/include/ros_gz_interfaces/ros_gz_interfaces/msg/detail/logical_camera_image__traits.hpp
-- Installing: /home/andre/ros2_ws/install/ros_gz_interfaces/include/ros_gz_interfaces/ros_gz_interfaces/msg/detail/gui_camera__type_support.hpp
-- Installing: /home/andre/ros2_ws/install/ros_gz_interfaces/include/ros_gz_interfaces/ros_gz_interfaces/msg/detail/param_vec__struct.hpp
-- Installing: /home/andre/ros2_ws/install/ros_gz_interfaces/include/ros_gz_interfaces/ros_gz_interfaces/msg/detail/entity_factory__struct.hpp
-- Installing: /home/andre/ros2_ws/install/ros_gz_interfaces/include/ros_gz_interfaces/ros_gz_interfaces/msg/detail/entity_wrench__type_support.hpp
-- Installing: /home/andre/ros2_ws/install/ros_gz_interfaces/include/ros_gz_interfaces/ros_gz_interfaces/msg/detail/joint_wrench__type_support.hpp
-- Installing: /home/andre/ros2_ws/install/ros_gz_interfaces/include/ros_gz_interfaces/ros_gz_interfaces/msg/detail/sensor_noise__traits.hpp
-- Installing: /home/andre/ros2_ws/install/ros_gz_interfaces/include/ros_gz_interfaces/ros_gz_interfaces/msg/detail/logical_camera_image_model__type_support.hpp
-- Installing: /home/andre/ros2_ws/install/ros_gz_interfaces/include/ros_gz_interfaces/ros_gz_interfaces/msg/detail/world_reset__struct.hpp
-- Installing: /home/andre/ros2_ws/install/ros_gz_interfaces/include/ros_gz_interfaces/ros_gz_interfaces/msg/detail/material_color__traits.hpp
-- Installing: /home/andre/ros2_ws/install/ros_gz_interfaces/include/ros_gz_interfaces/ros_gz_interfaces/msg/detail/dataframe__builder.hpp
-- Installing: /home/andre/ros2_ws/install/ros_gz_interfaces/include/ros_gz_interfaces/ros_gz_interfaces/msg/detail/float32_array__builder.hpp
-- Installing: /home/andre/ros2_ws/install/ros_gz_interfaces/include/ros_gz_interfaces/ros_gz_interfaces/msg/detail/contact__traits.hpp
-- Installing: /home/andre/ros2_ws/install/ros_gz_interfaces/include/ros_gz_interfaces/ros_gz_interfaces/msg/detail/float32_array__traits.hpp
-- Installing: /home/andre/ros2_ws/install/ros_gz_interfaces/include/ros_gz_interfaces/ros_gz_interfaces/msg/detail/material_color__builder.hpp
-- Installing: /home/andre/ros2_ws/install/ros_gz_interfaces/include/ros_gz_interfaces/ros_gz_interfaces/msg/detail/logical_camera_image_model__traits.hpp
-- Installing: /home/andre/ros2_ws/install/ros_gz_interfaces/include/ros_gz_interfaces/ros_gz_interfaces/msg/detail/entity_wrench__builder.hpp
-- Installing: /home/andre/ros2_ws/install/ros_gz_interfaces/include/ros_gz_interfaces/ros_gz_interfaces/msg/detail/string_vec__struct.hpp
-- Installing: /home/andre/ros2_ws/install/ros_gz_interfaces/include/ros_gz_interfaces/ros_gz_interfaces/msg/detail/track_visual__type_support.hpp
-- Installing: /home/andre/ros2_ws/install/ros_gz_interfaces/include/ros_gz_interfaces/ros_gz_interfaces/msg/detail/joint_wrench__builder.hpp
-- Installing: /home/andre/ros2_ws/install/ros_gz_interfaces/include/ros_gz_interfaces/ros_gz_interfaces/msg/detail/gui_camera__builder.hpp
-- Installing: /home/andre/ros2_ws/install/ros_gz_interfaces/include/ros_gz_interfaces/ros_gz_interfaces/msg/detail/entity__struct.hpp
-- Installing: /home/andre/ros2_ws/install/ros_gz_interfaces/include/ros_gz_interfaces/ros_gz_interfaces/msg/detail/material_color__struct.hpp
-- Installing: /home/andre/ros2_ws/install/ros_gz_interfaces/include/ros_gz_interfaces/ros_gz_interfaces/msg/detail/string_vec__traits.hpp
-- Installing: /home/andre/ros2_ws/install/ros_gz_interfaces/include/ros_gz_interfaces/ros_gz_interfaces/msg/detail/track_visual__struct.hpp
-- Installing: /home/andre/ros2_ws/install/ros_gz_interfaces/include/ros_gz_interfaces/ros_gz_interfaces/msg/detail/world_reset__traits.hpp
-- Installing: /home/andre/ros2_ws/install/ros_gz_interfaces/include/ros_gz_interfaces/ros_gz_interfaces/msg/altimeter.hpp
-- Installing: /home/andre/ros2_ws/install/ros_gz_interfaces/include/ros_gz_interfaces/ros_gz_interfaces/msg/material_color.hpp
-- Installing: /home/andre/ros2_ws/install/ros_gz_interfaces/include/ros_gz_interfaces/ros_gz_interfaces/msg/joint_wrench.hpp
-- Installing: /home/andre/ros2_ws/install/ros_gz_interfaces/include/ros_gz_interfaces/ros_gz_interfaces/msg/dataframe.hpp
-- Up-to-date: /home/andre/ros2_ws/install/ros_gz_interfaces/include/ros_gz_interfaces/ros_gz_interfaces
-- Up-to-date: /home/andre/ros2_ws/install/ros_gz_interfaces/include/ros_gz_interfaces/ros_gz_interfaces/srv
-- Up-to-date: /home/andre/ros2_ws/install/ros_gz_interfaces/include/ros_gz_interfaces/ros_gz_interfaces/srv/detail
-- Installing: /home/andre/ros2_ws/install/ros_gz_interfaces/include/ros_gz_interfaces/ros_gz_interfaces/srv/detail/dds_fastrtps
-- Installing: /home/andre/ros2_ws/install/ros_gz_interfaces/include/ros_gz_interfaces/ros_gz_interfaces/srv/detail/set_entity_pose__rosidl_typesupport_fastrtps_cpp.hpp
-- Installing: /home/andre/ros2_ws/install/ros_gz_interfaces/include/ros_gz_interfaces/ros_gz_interfaces/srv/detail/control_world__rosidl_typesupport_fastrtps_cpp.hpp
-- Installing: /home/andre/ros2_ws/install/ros_gz_interfaces/include/ros_gz_interfaces/ros_gz_interfaces/srv/detail/delete_entity__rosidl_typesupport_fastrtps_cpp.hpp
-- Installing: /home/andre/ros2_ws/install/ros_gz_interfaces/include/ros_gz_interfaces/ros_gz_interfaces/srv/detail/spawn_entity__rosidl_typesupport_fastrtps_cpp.hpp
-- Up-to-date: /home/andre/ros2_ws/install/ros_gz_interfaces/include/ros_gz_interfaces/ros_gz_interfaces/msg
-- Installing: /home/andre/ros2_ws/install/ros_gz_interfaces/include/ros_gz_interfaces/ros_gz_interfaces/msg/rosidl_typesupport_fastrtps_cpp__visibility_control.h
-- Up-to-date: /home/andre/ros2_ws/install/ros_gz_interfaces/include/ros_gz_interfaces/ros_gz_interfaces/msg/detail
-- Installing: /home/andre/ros2_ws/install/ros_gz_interfaces/include/ros_gz_interfaces/ros_gz_interfaces/msg/detail/entity__rosidl_typesupport_fastrtps_cpp.hpp
-- Installing: /home/andre/ros2_ws/install/ros_gz_interfaces/include/ros_gz_interfaces/ros_gz_interfaces/msg/detail/video_record__rosidl_typesupport_fastrtps_cpp.hpp
-- Installing: /home/andre/ros2_ws/install/ros_gz_interfaces/include/ros_gz_interfaces/ros_gz_interfaces/msg/detail/contact__rosidl_typesupport_fastrtps_cpp.hpp
-- Installing: /home/andre/ros2_ws/install/ros_gz_interfaces/include/ros_gz_interfaces/ros_gz_interfaces/msg/detail/contacts__rosidl_typesupport_fastrtps_cpp.hpp
-- Installing: /home/andre/ros2_ws/install/ros_gz_interfaces/include/ros_gz_interfaces/ros_gz_interfaces/msg/detail/string_vec__rosidl_typesupport_fastrtps_cpp.hpp
-- Installing: /home/andre/ros2_ws/install/ros_gz_interfaces/include/ros_gz_interfaces/ros_gz_interfaces/msg/detail/param_vec__rosidl_typesupport_fastrtps_cpp.hpp
-- Installing: /home/andre/ros2_ws/install/ros_gz_interfaces/include/ros_gz_interfaces/ros_gz_interfaces/msg/detail/dataframe__rosidl_typesupport_fastrtps_cpp.hpp
-- Installing: /home/andre/ros2_ws/install/ros_gz_interfaces/include/ros_gz_interfaces/ros_gz_interfaces/msg/detail/dds_fastrtps
-- Installing: /home/andre/ros2_ws/install/ros_gz_interfaces/include/ros_gz_interfaces/ros_gz_interfaces/msg/detail/sensor_noise__rosidl_typesupport_fastrtps_cpp.hpp
-- Installing: /home/andre/ros2_ws/install/ros_gz_interfaces/include/ros_gz_interfaces/ros_gz_interfaces/msg/detail/gui_camera__rosidl_typesupport_fastrtps_cpp.hpp
-- Installing: /home/andre/ros2_ws/install/ros_gz_interfaces/include/ros_gz_interfaces/ros_gz_interfaces/msg/detail/material_color__rosidl_typesupport_fastrtps_cpp.hpp
-- Installing: /home/andre/ros2_ws/install/ros_gz_interfaces/include/ros_gz_interfaces/ros_gz_interfaces/msg/detail/entity_factory__rosidl_typesupport_fastrtps_cpp.hpp
-- Installing: /home/andre/ros2_ws/install/ros_gz_interfaces/include/ros_gz_interfaces/ros_gz_interfaces/msg/detail/world_reset__rosidl_typesupport_fastrtps_cpp.hpp
-- Installing: /home/andre/ros2_ws/install/ros_gz_interfaces/include/ros_gz_interfaces/ros_gz_interfaces/msg/detail/track_visual__rosidl_typesupport_fastrtps_cpp.hpp
-- Installing: /home/andre/ros2_ws/install/ros_gz_interfaces/include/ros_gz_interfaces/ros_gz_interfaces/msg/detail/joint_wrench__rosidl_typesupport_fastrtps_cpp.hpp
-- Installing: /home/andre/ros2_ws/install/ros_gz_interfaces/include/ros_gz_interfaces/ros_gz_interfaces/msg/detail/world_control__rosidl_typesupport_fastrtps_cpp.hpp
-- Installing: /home/andre/ros2_ws/install/ros_gz_interfaces/include/ros_gz_interfaces/ros_gz_interfaces/msg/detail/light__rosidl_typesupport_fastrtps_cpp.hpp
-- Installing: /home/andre/ros2_ws/install/ros_gz_interfaces/include/ros_gz_interfaces/ros_gz_interfaces/msg/detail/altimeter__rosidl_typesupport_fastrtps_cpp.hpp
-- Installing: /home/andre/ros2_ws/install/ros_gz_interfaces/include/ros_gz_interfaces/ros_gz_interfaces/msg/detail/entity_wrench__rosidl_typesupport_fastrtps_cpp.hpp
-- Installing: /home/andre/ros2_ws/install/ros_gz_interfaces/include/ros_gz_interfaces/ros_gz_interfaces/msg/detail/logical_camera_image__rosidl_typesupport_fastrtps_cpp.hpp
-- Installing: /home/andre/ros2_ws/install/ros_gz_interfaces/include/ros_gz_interfaces/ros_gz_interfaces/msg/detail/float32_array__rosidl_typesupport_fastrtps_cpp.hpp
-- Installing: /home/andre/ros2_ws/install/ros_gz_interfaces/include/ros_gz_interfaces/ros_gz_interfaces/msg/detail/logical_camera_image_model__rosidl_typesupport_fastrtps_cpp.hpp
-- Installing: /home/andre/ros2_ws/install/ros_gz_interfaces/lib/libros_gz_interfaces__rosidl_typesupport_fastrtps_cpp.so
-- Set non-toolchain portion of runtime path of "/home/andre/ros2_ws/install/ros_gz_interfaces/lib/libros_gz_interfaces__rosidl_typesupport_fastrtps_cpp.so" to ""
-- Up-to-date: /home/andre/ros2_ws/install/ros_gz_interfaces/include/ros_gz_interfaces/ros_gz_interfaces
-- Up-to-date: /home/andre/ros2_ws/install/ros_gz_interfaces/include/ros_gz_interfaces/ros_gz_interfaces/srv
-- Up-to-date: /home/andre/ros2_ws/install/ros_gz_interfaces/include/ros_gz_interfaces/ros_gz_interfaces/srv/detail
-- Installing: /home/andre/ros2_ws/install/ros_gz_interfaces/include/ros_gz_interfaces/ros_gz_interfaces/srv/detail/control_world__type_support.c
-- Installing: /home/andre/ros2_ws/install/ros_gz_interfaces/include/ros_gz_interfaces/ros_gz_interfaces/srv/detail/control_world__rosidl_typesupport_introspection_c.h
-- Installing: /home/andre/ros2_ws/install/ros_gz_interfaces/include/ros_gz_interfaces/ros_gz_interfaces/srv/detail/spawn_entity__type_support.c
-- Installing: /home/andre/ros2_ws/install/ros_gz_interfaces/include/ros_gz_interfaces/ros_gz_interfaces/srv/detail/spawn_entity__rosidl_typesupport_introspection_c.h
-- Installing: /home/andre/ros2_ws/install/ros_gz_interfaces/include/ros_gz_interfaces/ros_gz_interfaces/srv/detail/delete_entity__rosidl_typesupport_introspection_c.h
-- Installing: /home/andre/ros2_ws/install/ros_gz_interfaces/include/ros_gz_interfaces/ros_gz_interfaces/srv/detail/delete_entity__type_support.c
-- Installing: /home/andre/ros2_ws/install/ros_gz_interfaces/include/ros_gz_interfaces/ros_gz_interfaces/srv/detail/set_entity_pose__rosidl_typesupport_introspection_c.h
-- Installing: /home/andre/ros2_ws/install/ros_gz_interfaces/include/ros_gz_interfaces/ros_gz_interfaces/srv/detail/set_entity_pose__type_support.c
-- Up-to-date: /home/andre/ros2_ws/install/ros_gz_interfaces/include/ros_gz_interfaces/ros_gz_interfaces/msg
-- Installing: /home/andre/ros2_ws/install/ros_gz_interfaces/include/ros_gz_interfaces/ros_gz_interfaces/msg/rosidl_typesupport_introspection_c__visibility_control.h
-- Up-to-date: /home/andre/ros2_ws/install/ros_gz_interfaces/include/ros_gz_interfaces/ros_gz_interfaces/msg/detail
-- Installing: /home/andre/ros2_ws/install/ros_gz_interfaces/include/ros_gz_interfaces/ros_gz_interfaces/msg/detail/logical_camera_image__type_support.c
-- Installing: /home/andre/ros2_ws/install/ros_gz_interfaces/include/ros_gz_interfaces/ros_gz_interfaces/msg/detail/float32_array__rosidl_typesupport_introspection_c.h
-- Installing: /home/andre/ros2_ws/install/ros_gz_interfaces/include/ros_gz_interfaces/ros_gz_interfaces/msg/detail/logical_camera_image_model__rosidl_typesupport_introspection_c.h
-- Installing: /home/andre/ros2_ws/install/ros_gz_interfaces/include/ros_gz_interfaces/ros_gz_interfaces/msg/detail/world_control__type_support.c
-- Installing: /home/andre/ros2_ws/install/ros_gz_interfaces/include/ros_gz_interfaces/ros_gz_interfaces/msg/detail/sensor_noise__type_support.c
-- Installing: /home/andre/ros2_ws/install/ros_gz_interfaces/include/ros_gz_interfaces/ros_gz_interfaces/msg/detail/string_vec__type_support.c
-- Installing: /home/andre/ros2_ws/install/ros_gz_interfaces/include/ros_gz_interfaces/ros_gz_interfaces/msg/detail/entity_wrench__rosidl_typesupport_introspection_c.h
-- Installing: /home/andre/ros2_ws/install/ros_gz_interfaces/include/ros_gz_interfaces/ros_gz_interfaces/msg/detail/world_control__rosidl_typesupport_introspection_c.h
-- Installing: /home/andre/ros2_ws/install/ros_gz_interfaces/include/ros_gz_interfaces/ros_gz_interfaces/msg/detail/gui_camera__type_support.c
-- Installing: /home/andre/ros2_ws/install/ros_gz_interfaces/include/ros_gz_interfaces/ros_gz_interfaces/msg/detail/dataframe__rosidl_typesupport_introspection_c.h
-- Installing: /home/andre/ros2_ws/install/ros_gz_interfaces/include/ros_gz_interfaces/ros_gz_interfaces/msg/detail/material_color__rosidl_typesupport_introspection_c.h
-- Installing: /home/andre/ros2_ws/install/ros_gz_interfaces/include/ros_gz_interfaces/ros_gz_interfaces/msg/detail/contact__type_support.c
-- Installing: /home/andre/ros2_ws/install/ros_gz_interfaces/include/ros_gz_interfaces/ros_gz_interfaces/msg/detail/entity__type_support.c
-- Installing: /home/andre/ros2_ws/install/ros_gz_interfaces/include/ros_gz_interfaces/ros_gz_interfaces/msg/detail/param_vec__rosidl_typesupport_introspection_c.h
-- Installing: /home/andre/ros2_ws/install/ros_gz_interfaces/include/ros_gz_interfaces/ros_gz_interfaces/msg/detail/float32_array__type_support.c
-- Installing: /home/andre/ros2_ws/install/ros_gz_interfaces/include/ros_gz_interfaces/ros_gz_interfaces/msg/detail/entity_factory__rosidl_typesupport_introspection_c.h
-- Installing: /home/andre/ros2_ws/install/ros_gz_interfaces/include/ros_gz_interfaces/ros_gz_interfaces/msg/detail/gui_camera__rosidl_typesupport_introspection_c.h
-- Installing: /home/andre/ros2_ws/install/ros_gz_interfaces/include/ros_gz_interfaces/ros_gz_interfaces/msg/detail/world_reset__rosidl_typesupport_introspection_c.h
-- Installing: /home/andre/ros2_ws/install/ros_gz_interfaces/include/ros_gz_interfaces/ros_gz_interfaces/msg/detail/string_vec__rosidl_typesupport_introspection_c.h
-- Installing: /home/andre/ros2_ws/install/ros_gz_interfaces/include/ros_gz_interfaces/ros_gz_interfaces/msg/detail/entity_factory__type_support.c
-- Installing: /home/andre/ros2_ws/install/ros_gz_interfaces/include/ros_gz_interfaces/ros_gz_interfaces/msg/detail/joint_wrench__type_support.c
-- Installing: /home/andre/ros2_ws/install/ros_gz_interfaces/include/ros_gz_interfaces/ros_gz_interfaces/msg/detail/world_reset__type_support.c
-- Installing: /home/andre/ros2_ws/install/ros_gz_interfaces/include/ros_gz_interfaces/ros_gz_interfaces/msg/detail/light__rosidl_typesupport_introspection_c.h
-- Installing: /home/andre/ros2_ws/install/ros_gz_interfaces/include/ros_gz_interfaces/ros_gz_interfaces/msg/detail/contacts__type_support.c
-- Installing: /home/andre/ros2_ws/install/ros_gz_interfaces/include/ros_gz_interfaces/ros_gz_interfaces/msg/detail/altimeter__type_support.c
-- Installing: /home/andre/ros2_ws/install/ros_gz_interfaces/include/ros_gz_interfaces/ros_gz_interfaces/msg/detail/video_record__rosidl_typesupport_introspection_c.h
-- Installing: /home/andre/ros2_ws/install/ros_gz_interfaces/include/ros_gz_interfaces/ros_gz_interfaces/msg/detail/contact__rosidl_typesupport_introspection_c.h
-- Installing: /home/andre/ros2_ws/install/ros_gz_interfaces/include/ros_gz_interfaces/ros_gz_interfaces/msg/detail/logical_camera_image_model__type_support.c
-- Installing: /home/andre/ros2_ws/install/ros_gz_interfaces/include/ros_gz_interfaces/ros_gz_interfaces/msg/detail/param_vec__type_support.c
-- Installing: /home/andre/ros2_ws/install/ros_gz_interfaces/include/ros_gz_interfaces/ros_gz_interfaces/msg/detail/entity_wrench__type_support.c
-- Installing: /home/andre/ros2_ws/install/ros_gz_interfaces/include/ros_gz_interfaces/ros_gz_interfaces/msg/detail/track_visual__type_support.c
-- Installing: /home/andre/ros2_ws/install/ros_gz_interfaces/include/ros_gz_interfaces/ros_gz_interfaces/msg/detail/joint_wrench__rosidl_typesupport_introspection_c.h
-- Installing: /home/andre/ros2_ws/install/ros_gz_interfaces/include/ros_gz_interfaces/ros_gz_interfaces/msg/detail/light__type_support.c
-- Installing: /home/andre/ros2_ws/install/ros_gz_interfaces/include/ros_gz_interfaces/ros_gz_interfaces/msg/detail/logical_camera_image__rosidl_typesupport_introspection_c.h
-- Installing: /home/andre/ros2_ws/install/ros_gz_interfaces/include/ros_gz_interfaces/ros_gz_interfaces/msg/detail/dataframe__type_support.c
-- Installing: /home/andre/ros2_ws/install/ros_gz_interfaces/include/ros_gz_interfaces/ros_gz_interfaces/msg/detail/entity__rosidl_typesupport_introspection_c.h
-- Installing: /home/andre/ros2_ws/install/ros_gz_interfaces/include/ros_gz_interfaces/ros_gz_interfaces/msg/detail/contacts__rosidl_typesupport_introspection_c.h
-- Installing: /home/andre/ros2_ws/install/ros_gz_interfaces/include/ros_gz_interfaces/ros_gz_interfaces/msg/detail/track_visual__rosidl_typesupport_introspection_c.h
-- Installing: /home/andre/ros2_ws/install/ros_gz_interfaces/include/ros_gz_interfaces/ros_gz_interfaces/msg/detail/video_record__type_support.c
-- Installing: /home/andre/ros2_ws/install/ros_gz_interfaces/include/ros_gz_interfaces/ros_gz_interfaces/msg/detail/sensor_noise__rosidl_typesupport_introspection_c.h
-- Installing: /home/andre/ros2_ws/install/ros_gz_interfaces/include/ros_gz_interfaces/ros_gz_interfaces/msg/detail/material_color__type_support.c
-- Installing: /home/andre/ros2_ws/install/ros_gz_interfaces/include/ros_gz_interfaces/ros_gz_interfaces/msg/detail/altimeter__rosidl_typesupport_introspection_c.h
-- Installing: /home/andre/ros2_ws/install/ros_gz_interfaces/lib/libros_gz_interfaces__rosidl_typesupport_introspection_c.so
-- Set non-toolchain portion of runtime path of "/home/andre/ros2_ws/install/ros_gz_interfaces/lib/libros_gz_interfaces__rosidl_typesupport_introspection_c.so" to ""
-- Installing: /home/andre/ros2_ws/install/ros_gz_interfaces/lib/libros_gz_interfaces__rosidl_typesupport_c.so
-- Set non-toolchain portion of runtime path of "/home/andre/ros2_ws/install/ros_gz_interfaces/lib/libros_gz_interfaces__rosidl_typesupport_c.so" to ""
-- Up-to-date: /home/andre/ros2_ws/install/ros_gz_interfaces/include/ros_gz_interfaces/ros_gz_interfaces
-- Up-to-date: /home/andre/ros2_ws/install/ros_gz_interfaces/include/ros_gz_interfaces/ros_gz_interfaces/srv
-- Up-to-date: /home/andre/ros2_ws/install/ros_gz_interfaces/include/ros_gz_interfaces/ros_gz_interfaces/srv/detail
-- Installing: /home/andre/ros2_ws/install/ros_gz_interfaces/include/ros_gz_interfaces/ros_gz_interfaces/srv/detail/set_entity_pose__rosidl_typesupport_introspection_cpp.hpp
-- Installing: /home/andre/ros2_ws/install/ros_gz_interfaces/include/ros_gz_interfaces/ros_gz_interfaces/srv/detail/delete_entity__type_support.cpp
-- Installing: /home/andre/ros2_ws/install/ros_gz_interfaces/include/ros_gz_interfaces/ros_gz_interfaces/srv/detail/set_entity_pose__type_support.cpp
-- Installing: /home/andre/ros2_ws/install/ros_gz_interfaces/include/ros_gz_interfaces/ros_gz_interfaces/srv/detail/control_world__rosidl_typesupport_introspection_cpp.hpp
-- Installing: /home/andre/ros2_ws/install/ros_gz_interfaces/include/ros_gz_interfaces/ros_gz_interfaces/srv/detail/control_world__type_support.cpp
-- Installing: /home/andre/ros2_ws/install/ros_gz_interfaces/include/ros_gz_interfaces/ros_gz_interfaces/srv/detail/spawn_entity__type_support.cpp
-- Installing: /home/andre/ros2_ws/install/ros_gz_interfaces/include/ros_gz_interfaces/ros_gz_interfaces/srv/detail/spawn_entity__rosidl_typesupport_introspection_cpp.hpp
-- Installing: /home/andre/ros2_ws/install/ros_gz_interfaces/include/ros_gz_interfaces/ros_gz_interfaces/srv/detail/delete_entity__rosidl_typesupport_introspection_cpp.hpp
-- Up-to-date: /home/andre/ros2_ws/install/ros_gz_interfaces/include/ros_gz_interfaces/ros_gz_interfaces/msg
-- Up-to-date: /home/andre/ros2_ws/install/ros_gz_interfaces/include/ros_gz_interfaces/ros_gz_interfaces/msg/detail
-- Installing: /home/andre/ros2_ws/install/ros_gz_interfaces/include/ros_gz_interfaces/ros_gz_interfaces/msg/detail/dataframe__type_support.cpp
-- Installing: /home/andre/ros2_ws/install/ros_gz_interfaces/include/ros_gz_interfaces/ros_gz_interfaces/msg/detail/world_control__type_support.cpp
-- Installing: /home/andre/ros2_ws/install/ros_gz_interfaces/include/ros_gz_interfaces/ros_gz_interfaces/msg/detail/joint_wrench__type_support.cpp
-- Installing: /home/andre/ros2_ws/install/ros_gz_interfaces/include/ros_gz_interfaces/ros_gz_interfaces/msg/detail/contacts__rosidl_typesupport_introspection_cpp.hpp
-- Installing: /home/andre/ros2_ws/install/ros_gz_interfaces/include/ros_gz_interfaces/ros_gz_interfaces/msg/detail/gui_camera__type_support.cpp
-- Installing: /home/andre/ros2_ws/install/ros_gz_interfaces/include/ros_gz_interfaces/ros_gz_interfaces/msg/detail/light__rosidl_typesupport_introspection_cpp.hpp
-- Installing: /home/andre/ros2_ws/install/ros_gz_interfaces/include/ros_gz_interfaces/ros_gz_interfaces/msg/detail/altimeter__type_support.cpp
-- Installing: /home/andre/ros2_ws/install/ros_gz_interfaces/include/ros_gz_interfaces/ros_gz_interfaces/msg/detail/float32_array__type_support.cpp
-- Installing: /home/andre/ros2_ws/install/ros_gz_interfaces/include/ros_gz_interfaces/ros_gz_interfaces/msg/detail/world_control__rosidl_typesupport_introspection_cpp.hpp
-- Installing: /home/andre/ros2_ws/install/ros_gz_interfaces/include/ros_gz_interfaces/ros_gz_interfaces/msg/detail/string_vec__type_support.cpp
-- Installing: /home/andre/ros2_ws/install/ros_gz_interfaces/include/ros_gz_interfaces/ros_gz_interfaces/msg/detail/track_visual__rosidl_typesupport_introspection_cpp.hpp
-- Installing: /home/andre/ros2_ws/install/ros_gz_interfaces/include/ros_gz_interfaces/ros_gz_interfaces/msg/detail/entity__type_support.cpp
-- Installing: /home/andre/ros2_ws/install/ros_gz_interfaces/include/ros_gz_interfaces/ros_gz_interfaces/msg/detail/logical_camera_image__rosidl_typesupport_introspection_cpp.hpp
-- Installing: /home/andre/ros2_ws/install/ros_gz_interfaces/include/ros_gz_interfaces/ros_gz_interfaces/msg/detail/gui_camera__rosidl_typesupport_introspection_cpp.hpp
-- Installing: /home/andre/ros2_ws/install/ros_gz_interfaces/include/ros_gz_interfaces/ros_gz_interfaces/msg/detail/entity_wrench__rosidl_typesupport_introspection_cpp.hpp
-- Installing: /home/andre/ros2_ws/install/ros_gz_interfaces/include/ros_gz_interfaces/ros_gz_interfaces/msg/detail/contact__rosidl_typesupport_introspection_cpp.hpp
-- Installing: /home/andre/ros2_ws/install/ros_gz_interfaces/include/ros_gz_interfaces/ros_gz_interfaces/msg/detail/joint_wrench__rosidl_typesupport_introspection_cpp.hpp
-- Installing: /home/andre/ros2_ws/install/ros_gz_interfaces/include/ros_gz_interfaces/ros_gz_interfaces/msg/detail/video_record__type_support.cpp
-- Installing: /home/andre/ros2_ws/install/ros_gz_interfaces/include/ros_gz_interfaces/ros_gz_interfaces/msg/detail/contacts__type_support.cpp
-- Installing: /home/andre/ros2_ws/install/ros_gz_interfaces/include/ros_gz_interfaces/ros_gz_interfaces/msg/detail/altimeter__rosidl_typesupport_introspection_cpp.hpp
-- Installing: /home/andre/ros2_ws/install/ros_gz_interfaces/include/ros_gz_interfaces/ros_gz_interfaces/msg/detail/world_reset__rosidl_typesupport_introspection_cpp.hpp
-- Installing: /home/andre/ros2_ws/install/ros_gz_interfaces/include/ros_gz_interfaces/ros_gz_interfaces/msg/detail/param_vec__rosidl_typesupport_introspection_cpp.hpp
-- Installing: /home/andre/ros2_ws/install/ros_gz_interfaces/include/ros_gz_interfaces/ros_gz_interfaces/msg/detail/logical_camera_image__type_support.cpp
-- Installing: /home/andre/ros2_ws/install/ros_gz_interfaces/include/ros_gz_interfaces/ros_gz_interfaces/msg/detail/logical_camera_image_model__rosidl_typesupport_introspection_cpp.hpp
-- Installing: /home/andre/ros2_ws/install/ros_gz_interfaces/include/ros_gz_interfaces/ros_gz_interfaces/msg/detail/string_vec__rosidl_typesupport_introspection_cpp.hpp
-- Installing: /home/andre/ros2_ws/install/ros_gz_interfaces/include/ros_gz_interfaces/ros_gz_interfaces/msg/detail/world_reset__type_support.cpp
-- Installing: /home/andre/ros2_ws/install/ros_gz_interfaces/include/ros_gz_interfaces/ros_gz_interfaces/msg/detail/video_record__rosidl_typesupport_introspection_cpp.hpp
-- Installing: /home/andre/ros2_ws/install/ros_gz_interfaces/include/ros_gz_interfaces/ros_gz_interfaces/msg/detail/track_visual__type_support.cpp
-- Installing: /home/andre/ros2_ws/install/ros_gz_interfaces/include/ros_gz_interfaces/ros_gz_interfaces/msg/detail/entity_factory__type_support.cpp
-- Installing: /home/andre/ros2_ws/install/ros_gz_interfaces/include/ros_gz_interfaces/ros_gz_interfaces/msg/detail/param_vec__type_support.cpp
-- Installing: /home/andre/ros2_ws/install/ros_gz_interfaces/include/ros_gz_interfaces/ros_gz_interfaces/msg/detail/sensor_noise__rosidl_typesupport_introspection_cpp.hpp
-- Installing: /home/andre/ros2_ws/install/ros_gz_interfaces/include/ros_gz_interfaces/ros_gz_interfaces/msg/detail/light__type_support.cpp
-- Installing: /home/andre/ros2_ws/install/ros_gz_interfaces/include/ros_gz_interfaces/ros_gz_interfaces/msg/detail/entity__rosidl_typesupport_introspection_cpp.hpp
-- Installing: /home/andre/ros2_ws/install/ros_gz_interfaces/include/ros_gz_interfaces/ros_gz_interfaces/msg/detail/entity_wrench__type_support.cpp
-- Installing: /home/andre/ros2_ws/install/ros_gz_interfaces/include/ros_gz_interfaces/ros_gz_interfaces/msg/detail/entity_factory__rosidl_typesupport_introspection_cpp.hpp
-- Installing: /home/andre/ros2_ws/install/ros_gz_interfaces/include/ros_gz_interfaces/ros_gz_interfaces/msg/detail/material_color__rosidl_typesupport_introspection_cpp.hpp
-- Installing: /home/andre/ros2_ws/install/ros_gz_interfaces/include/ros_gz_interfaces/ros_gz_interfaces/msg/detail/dataframe__rosidl_typesupport_introspection_cpp.hpp
-- Installing: /home/andre/ros2_ws/install/ros_gz_interfaces/include/ros_gz_interfaces/ros_gz_interfaces/msg/detail/logical_camera_image_model__type_support.cpp
-- Installing: /home/andre/ros2_ws/install/ros_gz_interfaces/include/ros_gz_interfaces/ros_gz_interfaces/msg/detail/sensor_noise__type_support.cpp
-- Installing: /home/andre/ros2_ws/install/ros_gz_interfaces/include/ros_gz_interfaces/ros_gz_interfaces/msg/detail/material_color__type_support.cpp
-- Installing: /home/andre/ros2_ws/install/ros_gz_interfaces/include/ros_gz_interfaces/ros_gz_interfaces/msg/detail/contact__type_support.cpp
-- Installing: /home/andre/ros2_ws/install/ros_gz_interfaces/include/ros_gz_interfaces/ros_gz_interfaces/msg/detail/float32_array__rosidl_typesupport_introspection_cpp.hpp
-- Installing: /home/andre/ros2_ws/install/ros_gz_interfaces/lib/libros_gz_interfaces__rosidl_typesupport_introspection_cpp.so
-- Set non-toolchain portion of runtime path of "/home/andre/ros2_ws/install/ros_gz_interfaces/lib/libros_gz_interfaces__rosidl_typesupport_introspection_cpp.so" to ""
-- Installing: /home/andre/ros2_ws/install/ros_gz_interfaces/lib/libros_gz_interfaces__rosidl_typesupport_cpp.so
-- Set non-toolchain portion of runtime path of "/home/andre/ros2_ws/install/ros_gz_interfaces/lib/libros_gz_interfaces__rosidl_typesupport_cpp.so" to ""
-- Installing: /home/andre/ros2_ws/install/ros_gz_interfaces/share/ros_gz_interfaces/environment/pythonpath.sh
-- Installing: /home/andre/ros2_ws/install/ros_gz_interfaces/share/ros_gz_interfaces/environment/pythonpath.dsv
-- Installing: /home/andre/ros2_ws/install/ros_gz_interfaces/lib/python3.13/site-packages/ros_gz_interfaces-1.0.18-py3.13.egg-info
-- Installing: /home/andre/ros2_ws/install/ros_gz_interfaces/lib/python3.13/site-packages/ros_gz_interfaces-1.0.18-py3.13.egg-info/dependency_links.txt
-- Installing: /home/andre/ros2_ws/install/ros_gz_interfaces/lib/python3.13/site-packages/ros_gz_interfaces-1.0.18-py3.13.egg-info/top_level.txt
-- Installing: /home/andre/ros2_ws/install/ros_gz_interfaces/lib/python3.13/site-packages/ros_gz_interfaces-1.0.18-py3.13.egg-info/SOURCES.txt
-- Installing: /home/andre/ros2_ws/install/ros_gz_interfaces/lib/python3.13/site-packages/ros_gz_interfaces-1.0.18-py3.13.egg-info/PKG-INFO
-- Installing: /home/andre/ros2_ws/install/ros_gz_interfaces/lib/python3.13/site-packages/ros_gz_interfaces
-- Installing: /home/andre/ros2_ws/install/ros_gz_interfaces/lib/python3.13/site-packages/ros_gz_interfaces/ros_gz_interfaces_s__rosidl_typesupport_c.so
-- Installing: /home/andre/ros2_ws/install/ros_gz_interfaces/lib/python3.13/site-packages/ros_gz_interfaces/ros_gz_interfaces_s__rosidl_typesupport_fastrtps_c.so
-- Installing: /home/andre/ros2_ws/install/ros_gz_interfaces/lib/python3.13/site-packages/ros_gz_interfaces/_ros_gz_interfaces_s.ep.rosidl_typesupport_c.c
-- Installing: /home/andre/ros2_ws/install/ros_gz_interfaces/lib/python3.13/site-packages/ros_gz_interfaces/_ros_gz_interfaces_s.ep.rosidl_typesupport_fastrtps_c.c
-- Installing: /home/andre/ros2_ws/install/ros_gz_interfaces/lib/python3.13/site-packages/ros_gz_interfaces/srv
-- Installing: /home/andre/ros2_ws/install/ros_gz_interfaces/lib/python3.13/site-packages/ros_gz_interfaces/srv/_set_entity_pose.py
-- Installing: /home/andre/ros2_ws/install/ros_gz_interfaces/lib/python3.13/site-packages/ros_gz_interfaces/srv/_delete_entity.py
-- Installing: /home/andre/ros2_ws/install/ros_gz_interfaces/lib/python3.13/site-packages/ros_gz_interfaces/srv/_spawn_entity_s.c
-- Installing: /home/andre/ros2_ws/install/ros_gz_interfaces/lib/python3.13/site-packages/ros_gz_interfaces/srv/_set_entity_pose_s.c
-- Installing: /home/andre/ros2_ws/install/ros_gz_interfaces/lib/python3.13/site-packages/ros_gz_interfaces/srv/_control_world.py
-- Installing: /home/andre/ros2_ws/install/ros_gz_interfaces/lib/python3.13/site-packages/ros_gz_interfaces/srv/_spawn_entity.py
-- Installing: /home/andre/ros2_ws/install/ros_gz_interfaces/lib/python3.13/site-packages/ros_gz_interfaces/srv/_delete_entity_s.c
-- Installing: /home/andre/ros2_ws/install/ros_gz_interfaces/lib/python3.13/site-packages/ros_gz_interfaces/srv/_control_world_s.c
-- Installing: /home/andre/ros2_ws/install/ros_gz_interfaces/lib/python3.13/site-packages/ros_gz_interfaces/srv/__init__.py
-- Installing: /home/andre/ros2_ws/install/ros_gz_interfaces/lib/python3.13/site-packages/ros_gz_interfaces/ros_gz_interfaces_s__rosidl_typesupport_introspection_c.so
-- Installing: /home/andre/ros2_ws/install/ros_gz_interfaces/lib/python3.13/site-packages/ros_gz_interfaces/msg
-- Installing: /home/andre/ros2_ws/install/ros_gz_interfaces/lib/python3.13/site-packages/ros_gz_interfaces/msg/_param_vec.py
-- Installing: /home/andre/ros2_ws/install/ros_gz_interfaces/lib/python3.13/site-packages/ros_gz_interfaces/msg/_world_reset_s.c
-- Installing: /home/andre/ros2_ws/install/ros_gz_interfaces/lib/python3.13/site-packages/ros_gz_interfaces/msg/_dataframe_s.c
-- Installing: /home/andre/ros2_ws/install/ros_gz_interfaces/lib/python3.13/site-packages/ros_gz_interfaces/msg/_dataframe.py
-- Installing: /home/andre/ros2_ws/install/ros_gz_interfaces/lib/python3.13/site-packages/ros_gz_interfaces/msg/_gui_camera_s.c
-- Installing: /home/andre/ros2_ws/install/ros_gz_interfaces/lib/python3.13/site-packages/ros_gz_interfaces/msg/_entity.py
-- Installing: /home/andre/ros2_ws/install/ros_gz_interfaces/lib/python3.13/site-packages/ros_gz_interfaces/msg/_altimeter_s.c
-- Installing: /home/andre/ros2_ws/install/ros_gz_interfaces/lib/python3.13/site-packages/ros_gz_interfaces/msg/_contact_s.c
-- Installing: /home/andre/ros2_ws/install/ros_gz_interfaces/lib/python3.13/site-packages/ros_gz_interfaces/msg/_sensor_noise.py
-- Installing: /home/andre/ros2_ws/install/ros_gz_interfaces/lib/python3.13/site-packages/ros_gz_interfaces/msg/_entity_factory.py
-- Installing: /home/andre/ros2_ws/install/ros_gz_interfaces/lib/python3.13/site-packages/ros_gz_interfaces/msg/_entity_wrench.py
-- Installing: /home/andre/ros2_ws/install/ros_gz_interfaces/lib/python3.13/site-packages/ros_gz_interfaces/msg/_altimeter.py
-- Installing: /home/andre/ros2_ws/install/ros_gz_interfaces/lib/python3.13/site-packages/ros_gz_interfaces/msg/_entity_factory_s.c
-- Installing: /home/andre/ros2_ws/install/ros_gz_interfaces/lib/python3.13/site-packages/ros_gz_interfaces/msg/_contact.py
-- Installing: /home/andre/ros2_ws/install/ros_gz_interfaces/lib/python3.13/site-packages/ros_gz_interfaces/msg/_float32_array.py
-- Installing: /home/andre/ros2_ws/install/ros_gz_interfaces/lib/python3.13/site-packages/ros_gz_interfaces/msg/_world_control_s.c
-- Installing: /home/andre/ros2_ws/install/ros_gz_interfaces/lib/python3.13/site-packages/ros_gz_interfaces/msg/_gui_camera.py
-- Installing: /home/andre/ros2_ws/install/ros_gz_interfaces/lib/python3.13/site-packages/ros_gz_interfaces/msg/_string_vec_s.c
-- Installing: /home/andre/ros2_ws/install/ros_gz_interfaces/lib/python3.13/site-packages/ros_gz_interfaces/msg/_contacts.py
-- Installing: /home/andre/ros2_ws/install/ros_gz_interfaces/lib/python3.13/site-packages/ros_gz_interfaces/msg/_string_vec.py
-- Installing: /home/andre/ros2_ws/install/ros_gz_interfaces/lib/python3.13/site-packages/ros_gz_interfaces/msg/_world_reset.py
-- Installing: /home/andre/ros2_ws/install/ros_gz_interfaces/lib/python3.13/site-packages/ros_gz_interfaces/msg/_light_s.c
-- Installing: /home/andre/ros2_ws/install/ros_gz_interfaces/lib/python3.13/site-packages/ros_gz_interfaces/msg/_track_visual_s.c
-- Installing: /home/andre/ros2_ws/install/ros_gz_interfaces/lib/python3.13/site-packages/ros_gz_interfaces/msg/_material_color_s.c
-- Installing: /home/andre/ros2_ws/install/ros_gz_interfaces/lib/python3.13/site-packages/ros_gz_interfaces/msg/_float32_array_s.c
-- Installing: /home/andre/ros2_ws/install/ros_gz_interfaces/lib/python3.13/site-packages/ros_gz_interfaces/msg/_joint_wrench.py
-- Installing: /home/andre/ros2_ws/install/ros_gz_interfaces/lib/python3.13/site-packages/ros_gz_interfaces/msg/_video_record.py
-- Installing: /home/andre/ros2_ws/install/ros_gz_interfaces/lib/python3.13/site-packages/ros_gz_interfaces/msg/_track_visual.py
-- Installing: /home/andre/ros2_ws/install/ros_gz_interfaces/lib/python3.13/site-packages/ros_gz_interfaces/msg/_logical_camera_image_model_s.c
-- Installing: /home/andre/ros2_ws/install/ros_gz_interfaces/lib/python3.13/site-packages/ros_gz_interfaces/msg/_world_control.py
-- Installing: /home/andre/ros2_ws/install/ros_gz_interfaces/lib/python3.13/site-packages/ros_gz_interfaces/msg/_entity_s.c
-- Installing: /home/andre/ros2_ws/install/ros_gz_interfaces/lib/python3.13/site-packages/ros_gz_interfaces/msg/_sensor_noise_s.c
-- Installing: /home/andre/ros2_ws/install/ros_gz_interfaces/lib/python3.13/site-packages/ros_gz_interfaces/msg/__init__.py
-- Installing: /home/andre/ros2_ws/install/ros_gz_interfaces/lib/python3.13/site-packages/ros_gz_interfaces/msg/_light.py
-- Installing: /home/andre/ros2_ws/install/ros_gz_interfaces/lib/python3.13/site-packages/ros_gz_interfaces/msg/_material_color.py
-- Installing: /home/andre/ros2_ws/install/ros_gz_interfaces/lib/python3.13/site-packages/ros_gz_interfaces/msg/_entity_wrench_s.c
-- Installing: /home/andre/ros2_ws/install/ros_gz_interfaces/lib/python3.13/site-packages/ros_gz_interfaces/msg/_contacts_s.c
-- Installing: /home/andre/ros2_ws/install/ros_gz_interfaces/lib/python3.13/site-packages/ros_gz_interfaces/msg/_joint_wrench_s.c
-- Installing: /home/andre/ros2_ws/install/ros_gz_interfaces/lib/python3.13/site-packages/ros_gz_interfaces/msg/_logical_camera_image.py
-- Installing: /home/andre/ros2_ws/install/ros_gz_interfaces/lib/python3.13/site-packages/ros_gz_interfaces/msg/_logical_camera_image_s.c
-- Installing: /home/andre/ros2_ws/install/ros_gz_interfaces/lib/python3.13/site-packages/ros_gz_interfaces/msg/_logical_camera_image_model.py
-- Installing: /home/andre/ros2_ws/install/ros_gz_interfaces/lib/python3.13/site-packages/ros_gz_interfaces/msg/_video_record_s.c
-- Installing: /home/andre/ros2_ws/install/ros_gz_interfaces/lib/python3.13/site-packages/ros_gz_interfaces/msg/_param_vec_s.c
-- Installing: /home/andre/ros2_ws/install/ros_gz_interfaces/lib/python3.13/site-packages/ros_gz_interfaces/__init__.py
-- Installing: /home/andre/ros2_ws/install/ros_gz_interfaces/lib/python3.13/site-packages/ros_gz_interfaces/_ros_gz_interfaces_s.ep.rosidl_typesupport_introspection_c.c
Listing '/home/andre/ros2_ws/install/ros_gz_interfaces/lib/python3.13/site-packages/ros_gz_interfaces'...
Compiling '/home/andre/ros2_ws/install/ros_gz_interfaces/lib/python3.13/site-packages/ros_gz_interfaces/__init__.py'...
Listing '/home/andre/ros2_ws/install/ros_gz_interfaces/lib/python3.13/site-packages/ros_gz_interfaces/msg'...
Compiling '/home/andre/ros2_ws/install/ros_gz_interfaces/lib/python3.13/site-packages/ros_gz_interfaces/msg/__init__.py'...
Compiling '/home/andre/ros2_ws/install/ros_gz_interfaces/lib/python3.13/site-packages/ros_gz_interfaces/msg/_altimeter.py'...
Compiling '/home/andre/ros2_ws/install/ros_gz_interfaces/lib/python3.13/site-packages/ros_gz_interfaces/msg/_contact.py'...
Compiling '/home/andre/ros2_ws/install/ros_gz_interfaces/lib/python3.13/site-packages/ros_gz_interfaces/msg/_contacts.py'...
Compiling '/home/andre/ros2_ws/install/ros_gz_interfaces/lib/python3.13/site-packages/ros_gz_interfaces/msg/_dataframe.py'...
Compiling '/home/andre/ros2_ws/install/ros_gz_interfaces/lib/python3.13/site-packages/ros_gz_interfaces/msg/_entity.py'...
Compiling '/home/andre/ros2_ws/install/ros_gz_interfaces/lib/python3.13/site-packages/ros_gz_interfaces/msg/_entity_factory.py'...
Compiling '/home/andre/ros2_ws/install/ros_gz_interfaces/lib/python3.13/site-packages/ros_gz_interfaces/msg/_entity_wrench.py'...
Compiling '/home/andre/ros2_ws/install/ros_gz_interfaces/lib/python3.13/site-packages/ros_gz_interfaces/msg/_float32_array.py'...
Compiling '/home/andre/ros2_ws/install/ros_gz_interfaces/lib/python3.13/site-packages/ros_gz_interfaces/msg/_gui_camera.py'...
Compiling '/home/andre/ros2_ws/install/ros_gz_interfaces/lib/python3.13/site-packages/ros_gz_interfaces/msg/_joint_wrench.py'...
Compiling '/home/andre/ros2_ws/install/ros_gz_interfaces/lib/python3.13/site-packages/ros_gz_interfaces/msg/_light.py'...
Compiling '/home/andre/ros2_ws/install/ros_gz_interfaces/lib/python3.13/site-packages/ros_gz_interfaces/msg/_logical_camera_image.py'...
Compiling '/home/andre/ros2_ws/install/ros_gz_interfaces/lib/python3.13/site-packages/ros_gz_interfaces/msg/_logical_camera_image_model.py'...
Compiling '/home/andre/ros2_ws/install/ros_gz_interfaces/lib/python3.13/site-packages/ros_gz_interfaces/msg/_material_color.py'...
Compiling '/home/andre/ros2_ws/install/ros_gz_interfaces/lib/python3.13/site-packages/ros_gz_interfaces/msg/_param_vec.py'...
Compiling '/home/andre/ros2_ws/install/ros_gz_interfaces/lib/python3.13/site-packages/ros_gz_interfaces/msg/_sensor_noise.py'...
Compiling '/home/andre/ros2_ws/install/ros_gz_interfaces/lib/python3.13/site-packages/ros_gz_interfaces/msg/_string_vec.py'...
Compiling '/home/andre/ros2_ws/install/ros_gz_interfaces/lib/python3.13/site-packages/ros_gz_interfaces/msg/_track_visual.py'...
Compiling '/home/andre/ros2_ws/install/ros_gz_interfaces/lib/python3.13/site-packages/ros_gz_interfaces/msg/_video_record.py'...
Compiling '/home/andre/ros2_ws/install/ros_gz_interfaces/lib/python3.13/site-packages/ros_gz_interfaces/msg/_world_control.py'...
Compiling '/home/andre/ros2_ws/install/ros_gz_interfaces/lib/python3.13/site-packages/ros_gz_interfaces/msg/_world_reset.py'...
Listing '/home/andre/ros2_ws/install/ros_gz_interfaces/lib/python3.13/site-packages/ros_gz_interfaces/srv'...
Compiling '/home/andre/ros2_ws/install/ros_gz_interfaces/lib/python3.13/site-packages/ros_gz_interfaces/srv/__init__.py'...
Compiling '/home/andre/ros2_ws/install/ros_gz_interfaces/lib/python3.13/site-packages/ros_gz_interfaces/srv/_control_world.py'...
Compiling '/home/andre/ros2_ws/install/ros_gz_interfaces/lib/python3.13/site-packages/ros_gz_interfaces/srv/_delete_entity.py'...
Compiling '/home/andre/ros2_ws/install/ros_gz_interfaces/lib/python3.13/site-packages/ros_gz_interfaces/srv/_set_entity_pose.py'...
Compiling '/home/andre/ros2_ws/install/ros_gz_interfaces/lib/python3.13/site-packages/ros_gz_interfaces/srv/_spawn_entity.py'...
-- Installing: /home/andre/ros2_ws/install/ros_gz_interfaces/lib/python3.13/site-packages/ros_gz_interfaces/ros_gz_interfaces_s__rosidl_typesupport_fastrtps_c.so
-- Set non-toolchain portion of runtime path of "/home/andre/ros2_ws/install/ros_gz_interfaces/lib/python3.13/site-packages/ros_gz_interfaces/ros_gz_interfaces_s__rosidl_typesupport_fastrtps_c.so" to ""
-- Installing: /home/andre/ros2_ws/install/ros_gz_interfaces/lib/python3.13/site-packages/ros_gz_interfaces/ros_gz_interfaces_s__rosidl_typesupport_introspection_c.so
-- Set non-toolchain portion of runtime path of "/home/andre/ros2_ws/install/ros_gz_interfaces/lib/python3.13/site-packages/ros_gz_interfaces/ros_gz_interfaces_s__rosidl_typesupport_introspection_c.so" to ""
-- Installing: /home/andre/ros2_ws/install/ros_gz_interfaces/lib/python3.13/site-packages/ros_gz_interfaces/ros_gz_interfaces_s__rosidl_typesupport_c.so
-- Set non-toolchain portion of runtime path of "/home/andre/ros2_ws/install/ros_gz_interfaces/lib/python3.13/site-packages/ros_gz_interfaces/ros_gz_interfaces_s__rosidl_typesupport_c.so" to ""
-- Installing: /home/andre/ros2_ws/install/ros_gz_interfaces/lib/libros_gz_interfaces__rosidl_generator_py.so
-- Set non-toolchain portion of runtime path of "/home/andre/ros2_ws/install/ros_gz_interfaces/lib/libros_gz_interfaces__rosidl_generator_py.so" to ""
-- Installing: /home/andre/ros2_ws/install/ros_gz_interfaces/share/ros_gz_interfaces/msg/Altimeter.idl
-- Installing: /home/andre/ros2_ws/install/ros_gz_interfaces/share/ros_gz_interfaces/msg/Contact.idl
-- Installing: /home/andre/ros2_ws/install/ros_gz_interfaces/share/ros_gz_interfaces/msg/Contacts.idl
-- Installing: /home/andre/ros2_ws/install/ros_gz_interfaces/share/ros_gz_interfaces/msg/Dataframe.idl
-- Installing: /home/andre/ros2_ws/install/ros_gz_interfaces/share/ros_gz_interfaces/msg/Entity.idl
-- Installing: /home/andre/ros2_ws/install/ros_gz_interfaces/share/ros_gz_interfaces/msg/EntityFactory.idl
-- Installing: /home/andre/ros2_ws/install/ros_gz_interfaces/share/ros_gz_interfaces/msg/EntityWrench.idl
-- Installing: /home/andre/ros2_ws/install/ros_gz_interfaces/share/ros_gz_interfaces/msg/Float32Array.idl
-- Installing: /home/andre/ros2_ws/install/ros_gz_interfaces/share/ros_gz_interfaces/msg/GuiCamera.idl
-- Installing: /home/andre/ros2_ws/install/ros_gz_interfaces/share/ros_gz_interfaces/msg/JointWrench.idl
-- Installing: /home/andre/ros2_ws/install/ros_gz_interfaces/share/ros_gz_interfaces/msg/Light.idl
-- Installing: /home/andre/ros2_ws/install/ros_gz_interfaces/share/ros_gz_interfaces/msg/LogicalCameraImage.idl
-- Installing: /home/andre/ros2_ws/install/ros_gz_interfaces/share/ros_gz_interfaces/msg/LogicalCameraImageModel.idl
-- Installing: /home/andre/ros2_ws/install/ros_gz_interfaces/share/ros_gz_interfaces/msg/MaterialColor.idl
-- Installing: /home/andre/ros2_ws/install/ros_gz_interfaces/share/ros_gz_interfaces/msg/ParamVec.idl
-- Installing: /home/andre/ros2_ws/install/ros_gz_interfaces/share/ros_gz_interfaces/msg/SensorNoise.idl
-- Installing: /home/andre/ros2_ws/install/ros_gz_interfaces/share/ros_gz_interfaces/msg/StringVec.idl
-- Installing: /home/andre/ros2_ws/install/ros_gz_interfaces/share/ros_gz_interfaces/msg/TrackVisual.idl
-- Installing: /home/andre/ros2_ws/install/ros_gz_interfaces/share/ros_gz_interfaces/msg/VideoRecord.idl
-- Installing: /home/andre/ros2_ws/install/ros_gz_interfaces/share/ros_gz_interfaces/msg/WorldControl.idl
-- Installing: /home/andre/ros2_ws/install/ros_gz_interfaces/share/ros_gz_interfaces/msg/WorldReset.idl
-- Installing: /home/andre/ros2_ws/install/ros_gz_interfaces/share/ros_gz_interfaces/srv/ControlWorld.idl
-- Installing: /home/andre/ros2_ws/install/ros_gz_interfaces/share/ros_gz_interfaces/srv/DeleteEntity.idl
-- Installing: /home/andre/ros2_ws/install/ros_gz_interfaces/share/ros_gz_interfaces/srv/SetEntityPose.idl
-- Installing: /home/andre/ros2_ws/install/ros_gz_interfaces/share/ros_gz_interfaces/srv/SpawnEntity.idl
-- Installing: /home/andre/ros2_ws/install/ros_gz_interfaces/share/ros_gz_interfaces/msg/Altimeter.msg
-- Installing: /home/andre/ros2_ws/install/ros_gz_interfaces/share/ros_gz_interfaces/msg/Contact.msg
-- Installing: /home/andre/ros2_ws/install/ros_gz_interfaces/share/ros_gz_interfaces/msg/Contacts.msg
-- Installing: /home/andre/ros2_ws/install/ros_gz_interfaces/share/ros_gz_interfaces/msg/Dataframe.msg
-- Installing: /home/andre/ros2_ws/install/ros_gz_interfaces/share/ros_gz_interfaces/msg/Entity.msg
-- Installing: /home/andre/ros2_ws/install/ros_gz_interfaces/share/ros_gz_interfaces/msg/EntityFactory.msg
-- Installing: /home/andre/ros2_ws/install/ros_gz_interfaces/share/ros_gz_interfaces/msg/EntityWrench.msg
-- Installing: /home/andre/ros2_ws/install/ros_gz_interfaces/share/ros_gz_interfaces/msg/Float32Array.msg
-- Installing: /home/andre/ros2_ws/install/ros_gz_interfaces/share/ros_gz_interfaces/msg/GuiCamera.msg
-- Installing: /home/andre/ros2_ws/install/ros_gz_interfaces/share/ros_gz_interfaces/msg/JointWrench.msg
-- Installing: /home/andre/ros2_ws/install/ros_gz_interfaces/share/ros_gz_interfaces/msg/Light.msg
-- Installing: /home/andre/ros2_ws/install/ros_gz_interfaces/share/ros_gz_interfaces/msg/LogicalCameraImage.msg
-- Installing: /home/andre/ros2_ws/install/ros_gz_interfaces/share/ros_gz_interfaces/msg/LogicalCameraImageModel.msg
-- Installing: /home/andre/ros2_ws/install/ros_gz_interfaces/share/ros_gz_interfaces/msg/MaterialColor.msg
-- Installing: /home/andre/ros2_ws/install/ros_gz_interfaces/share/ros_gz_interfaces/msg/ParamVec.msg
-- Installing: /home/andre/ros2_ws/install/ros_gz_interfaces/share/ros_gz_interfaces/msg/SensorNoise.msg
-- Installing: /home/andre/ros2_ws/install/ros_gz_interfaces/share/ros_gz_interfaces/msg/StringVec.msg
-- Installing: /home/andre/ros2_ws/install/ros_gz_interfaces/share/ros_gz_interfaces/msg/TrackVisual.msg
-- Installing: /home/andre/ros2_ws/install/ros_gz_interfaces/share/ros_gz_interfaces/msg/VideoRecord.msg
-- Installing: /home/andre/ros2_ws/install/ros_gz_interfaces/share/ros_gz_interfaces/msg/WorldControl.msg
-- Installing: /home/andre/ros2_ws/install/ros_gz_interfaces/share/ros_gz_interfaces/msg/WorldReset.msg
-- Installing: /home/andre/ros2_ws/install/ros_gz_interfaces/share/ros_gz_interfaces/srv/ControlWorld.srv
-- Installing: /home/andre/ros2_ws/install/ros_gz_interfaces/share/ros_gz_interfaces/srv/DeleteEntity.srv
-- Installing: /home/andre/ros2_ws/install/ros_gz_interfaces/share/ros_gz_interfaces/srv/SetEntityPose.srv
-- Installing: /home/andre/ros2_ws/install/ros_gz_interfaces/share/ros_gz_interfaces/srv/SpawnEntity.srv
-- Installing: /home/andre/ros2_ws/install/ros_gz_interfaces/share/ament_index/resource_index/package_run_dependencies/ros_gz_interfaces
-- Installing: /home/andre/ros2_ws/install/ros_gz_interfaces/share/ament_index/resource_index/parent_prefix_path/ros_gz_interfaces
-- Installing: /home/andre/ros2_ws/install/ros_gz_interfaces/share/ros_gz_interfaces/environment/ament_prefix_path.sh
-- Installing: /home/andre/ros2_ws/install/ros_gz_interfaces/share/ros_gz_interfaces/environment/ament_prefix_path.dsv
-- Installing: /home/andre/ros2_ws/install/ros_gz_interfaces/share/ros_gz_interfaces/environment/path.sh
-- Installing: /home/andre/ros2_ws/install/ros_gz_interfaces/share/ros_gz_interfaces/environment/path.dsv
-- Installing: /home/andre/ros2_ws/install/ros_gz_interfaces/share/ros_gz_interfaces/local_setup.bash
-- Installing: /home/andre/ros2_ws/install/ros_gz_interfaces/share/ros_gz_interfaces/local_setup.sh
-- Installing: /home/andre/ros2_ws/install/ros_gz_interfaces/share/ros_gz_interfaces/local_setup.zsh
-- Installing: /home/andre/ros2_ws/install/ros_gz_interfaces/share/ros_gz_interfaces/local_setup.dsv
-- Installing: /home/andre/ros2_ws/install/ros_gz_interfaces/share/ros_gz_interfaces/package.dsv
-- Installing: /home/andre/ros2_ws/install/ros_gz_interfaces/share/ament_index/resource_index/packages/ros_gz_interfaces
-- Installing: /home/andre/ros2_ws/install/ros_gz_interfaces/share/ros_gz_interfaces/cmake/export_ros_gz_interfaces__rosidl_generator_cExport.cmake
-- Installing: /home/andre/ros2_ws/install/ros_gz_interfaces/share/ros_gz_interfaces/cmake/export_ros_gz_interfaces__rosidl_generator_cExport-noconfig.cmake
-- Installing: /home/andre/ros2_ws/install/ros_gz_interfaces/share/ros_gz_interfaces/cmake/export_ros_gz_interfaces__rosidl_typesupport_fastrtps_cExport.cmake
-- Installing: /home/andre/ros2_ws/install/ros_gz_interfaces/share/ros_gz_interfaces/cmake/export_ros_gz_interfaces__rosidl_typesupport_fastrtps_cExport-noconfig.cmake
-- Installing: /home/andre/ros2_ws/install/ros_gz_interfaces/share/ros_gz_interfaces/cmake/export_ros_gz_interfaces__rosidl_generator_cppExport.cmake
-- Installing: /home/andre/ros2_ws/install/ros_gz_interfaces/share/ros_gz_interfaces/cmake/export_ros_gz_interfaces__rosidl_typesupport_fastrtps_cppExport.cmake
-- Installing: /home/andre/ros2_ws/install/ros_gz_interfaces/share/ros_gz_interfaces/cmake/export_ros_gz_interfaces__rosidl_typesupport_fastrtps_cppExport-noconfig.cmake
-- Installing: /home/andre/ros2_ws/install/ros_gz_interfaces/share/ros_gz_interfaces/cmake/ros_gz_interfaces__rosidl_typesupport_introspection_cExport.cmake
-- Installing: /home/andre/ros2_ws/install/ros_gz_interfaces/share/ros_gz_interfaces/cmake/ros_gz_interfaces__rosidl_typesupport_introspection_cExport-noconfig.cmake
-- Installing: /home/andre/ros2_ws/install/ros_gz_interfaces/share/ros_gz_interfaces/cmake/ros_gz_interfaces__rosidl_typesupport_cExport.cmake
-- Installing: /home/andre/ros2_ws/install/ros_gz_interfaces/share/ros_gz_interfaces/cmake/ros_gz_interfaces__rosidl_typesupport_cExport-noconfig.cmake
-- Installing: /home/andre/ros2_ws/install/ros_gz_interfaces/share/ros_gz_interfaces/cmake/ros_gz_interfaces__rosidl_typesupport_introspection_cppExport.cmake
-- Installing: /home/andre/ros2_ws/install/ros_gz_interfaces/share/ros_gz_interfaces/cmake/ros_gz_interfaces__rosidl_typesupport_introspection_cppExport-noconfig.cmake
-- Installing: /home/andre/ros2_ws/install/ros_gz_interfaces/share/ros_gz_interfaces/cmake/ros_gz_interfaces__rosidl_typesupport_cppExport.cmake
-- Installing: /home/andre/ros2_ws/install/ros_gz_interfaces/share/ros_gz_interfaces/cmake/ros_gz_interfaces__rosidl_typesupport_cppExport-noconfig.cmake
-- Installing: /home/andre/ros2_ws/install/ros_gz_interfaces/share/ros_gz_interfaces/cmake/export_ros_gz_interfaces__rosidl_generator_pyExport.cmake
-- Installing: /home/andre/ros2_ws/install/ros_gz_interfaces/share/ros_gz_interfaces/cmake/export_ros_gz_interfaces__rosidl_generator_pyExport-noconfig.cmake
-- Installing: /home/andre/ros2_ws/install/ros_gz_interfaces/share/ros_gz_interfaces/cmake/rosidl_cmake-extras.cmake
-- Installing: /home/andre/ros2_ws/install/ros_gz_interfaces/share/ros_gz_interfaces/cmake/ament_cmake_export_dependencies-extras.cmake
-- Installing: /home/andre/ros2_ws/install/ros_gz_interfaces/share/ros_gz_interfaces/cmake/ament_cmake_export_include_directories-extras.cmake
-- Installing: /home/andre/ros2_ws/install/ros_gz_interfaces/share/ros_gz_interfaces/cmake/ament_cmake_export_libraries-extras.cmake
-- Installing: /home/andre/ros2_ws/install/ros_gz_interfaces/share/ros_gz_interfaces/cmake/ament_cmake_export_targets-extras.cmake
-- Installing: /home/andre/ros2_ws/install/ros_gz_interfaces/share/ros_gz_interfaces/cmake/rosidl_cmake_export_typesupport_targets-extras.cmake
-- Installing: /home/andre/ros2_ws/install/ros_gz_interfaces/share/ros_gz_interfaces/cmake/rosidl_cmake_export_typesupport_libraries-extras.cmake
-- Installing: /home/andre/ros2_ws/install/ros_gz_interfaces/share/ros_gz_interfaces/cmake/ros_gz_interfacesConfig.cmake
-- Installing: /home/andre/ros2_ws/install/ros_gz_interfaces/share/ros_gz_interfaces/cmake/ros_gz_interfacesConfig-version.cmake
-- Installing: /home/andre/ros2_ws/install/ros_gz_interfaces/share/ros_gz_interfaces/package.xml
