[0.142s] DEBUG:colcon:Command line arguments: ['/usr/bin/colcon', 'build']
[0.142s] DEBUG:colcon:Parsed command line arguments: Namespace(log_base=None, log_level=None, verb_name='build', build_base='build', install_base='install', merge_install=False, symlink_install=False, test_result_base=None, continue_on_error=False, executor='parallel', parallel_workers=4, event_handlers=None, ignore_user_meta=False, metas=['./colcon.meta'], base_paths=['.'], packages_ignore=None, packages_ignore_regex=None, paths=None, packages_up_to=None, packages_up_to_regex=None, packages_above=None, packages_above_and_dependencies=None, packages_above_depth=None, packages_select_by_dep=None, packages_skip_by_dep=None, packages_skip_up_to=None, packages_select_build_failed=False, packages_skip_build_finished=False, packages_select_test_failures=False, packages_skip_test_passed=False, packages_select=None, packages_skip=None, packages_select_regex=None, packages_skip_regex=None, packages_start=None, packages_end=None, allow_overriding=[], cmake_args=None, cmake_target=None, cmake_target_skip_unavailable=False, cmake_clean_cache=False, cmake_clean_first=False, cmake_force_configure=False, ament_cmake_args=None, catkin_cmake_args=None, catkin_skip_building_tests=False, mixin_files=None, mixin=None, verb_parser=<colcon_mixin.mixin.mixin_argument.MixinArgumentDecorator object at 0x703c71ce5e20>, verb_extension=<colcon_core.verb.build.BuildVerb object at 0x703c71ce5b20>, main=<bound method BuildVerb.main of <colcon_core.verb.build.BuildVerb object at 0x703c71ce5b20>>, mixin_verb=('build',))
[0.199s] Level 1:colcon.colcon_core.package_discovery:discover_packages(colcon_meta) check parameters
[0.199s] Level 1:colcon.colcon_core.package_discovery:discover_packages(recursive) check parameters
[0.199s] Level 1:colcon.colcon_core.package_discovery:discover_packages(ignore) check parameters
[0.199s] Level 1:colcon.colcon_core.package_discovery:discover_packages(path) check parameters
[0.199s] Level 1:colcon.colcon_core.package_discovery:discover_packages(colcon_meta) discover
[0.199s] Level 1:colcon.colcon_core.package_discovery:discover_packages(recursive) discover
[0.199s] INFO:colcon.colcon_core.package_discovery:Crawling recursively for packages in '/home/andre/ros2_ws'
[0.199s] Level 1:colcon.colcon_core.package_identification:_identify(.) by extensions ['ignore', 'ignore_ament_install']
[0.199s] Level 1:colcon.colcon_core.package_identification:_identify(.) by extension 'ignore'
[0.199s] Level 1:colcon.colcon_core.package_identification:_identify(.) by extension 'ignore_ament_install'
[0.199s] Level 1:colcon.colcon_core.package_identification:_identify(.) by extensions ['colcon_pkg']
[0.199s] Level 1:colcon.colcon_core.package_identification:_identify(.) by extension 'colcon_pkg'
[0.199s] Level 1:colcon.colcon_core.package_identification:_identify(.) by extensions ['colcon_meta']
[0.199s] Level 1:colcon.colcon_core.package_identification:_identify(.) by extension 'colcon_meta'
[0.199s] Level 1:colcon.colcon_core.package_identification:_identify(.) by extensions ['ros']
[0.199s] Level 1:colcon.colcon_core.package_identification:_identify(.) by extension 'ros'
[0.223s] Level 1:colcon.colcon_core.package_identification:_identify(.) by extensions ['cmake', 'python']
[0.223s] Level 1:colcon.colcon_core.package_identification:_identify(.) by extension 'cmake'
[0.223s] Level 1:colcon.colcon_core.package_identification:_identify(.) by extension 'python'
[0.223s] Level 1:colcon.colcon_core.package_identification:_identify(.) by extensions ['python_setup_py']
[0.223s] Level 1:colcon.colcon_core.package_identification:_identify(.) by extension 'python_setup_py'
[0.223s] Level 1:colcon.colcon_core.package_identification:_identify(build) by extensions ['ignore', 'ignore_ament_install']
[0.223s] Level 1:colcon.colcon_core.package_identification:_identify(build) by extension 'ignore'
[0.223s] Level 1:colcon.colcon_core.package_identification:_identify(build) ignored
[0.223s] Level 1:colcon.colcon_core.package_identification:_identify(install) by extensions ['ignore', 'ignore_ament_install']
[0.223s] Level 1:colcon.colcon_core.package_identification:_identify(install) by extension 'ignore'
[0.223s] Level 1:colcon.colcon_core.package_identification:_identify(install) ignored
[0.223s] Level 1:colcon.colcon_core.package_identification:_identify(log) by extensions ['ignore', 'ignore_ament_install']
[0.224s] Level 1:colcon.colcon_core.package_identification:_identify(log) by extension 'ignore'
[0.224s] Level 1:colcon.colcon_core.package_identification:_identify(log) ignored
[0.224s] Level 1:colcon.colcon_core.package_identification:_identify(src) by extensions ['ignore', 'ignore_ament_install']
[0.224s] Level 1:colcon.colcon_core.package_identification:_identify(src) by extension 'ignore'
[0.224s] Level 1:colcon.colcon_core.package_identification:_identify(src) by extension 'ignore_ament_install'
[0.224s] Level 1:colcon.colcon_core.package_identification:_identify(src) by extensions ['colcon_pkg']
[0.224s] Level 1:colcon.colcon_core.package_identification:_identify(src) by extension 'colcon_pkg'
[0.224s] Level 1:colcon.colcon_core.package_identification:_identify(src) by extensions ['colcon_meta']
[0.224s] Level 1:colcon.colcon_core.package_identification:_identify(src) by extension 'colcon_meta'
[0.224s] Level 1:colcon.colcon_core.package_identification:_identify(src) by extensions ['ros']
[0.224s] Level 1:colcon.colcon_core.package_identification:_identify(src) by extension 'ros'
[0.224s] Level 1:colcon.colcon_core.package_identification:_identify(src) by extensions ['cmake', 'python']
[0.224s] Level 1:colcon.colcon_core.package_identification:_identify(src) by extension 'cmake'
[0.224s] Level 1:colcon.colcon_core.package_identification:_identify(src) by extension 'python'
[0.224s] Level 1:colcon.colcon_core.package_identification:_identify(src) by extensions ['python_setup_py']
[0.224s] Level 1:colcon.colcon_core.package_identification:_identify(src) by extension 'python_setup_py'
[0.224s] Level 1:colcon.colcon_core.package_identification:_identify(src/build) by extensions ['ignore', 'ignore_ament_install']
[0.224s] Level 1:colcon.colcon_core.package_identification:_identify(src/build) by extension 'ignore'
[0.224s] Level 1:colcon.colcon_core.package_identification:_identify(src/build) ignored
[0.224s] Level 1:colcon.colcon_core.package_identification:_identify(src/cpp_pubsub) by extensions ['ignore', 'ignore_ament_install']
[0.225s] Level 1:colcon.colcon_core.package_identification:_identify(src/cpp_pubsub) by extension 'ignore'
[0.225s] Level 1:colcon.colcon_core.package_identification:_identify(src/cpp_pubsub) by extension 'ignore_ament_install'
[0.225s] Level 1:colcon.colcon_core.package_identification:_identify(src/cpp_pubsub) by extensions ['colcon_pkg']
[0.225s] Level 1:colcon.colcon_core.package_identification:_identify(src/cpp_pubsub) by extension 'colcon_pkg'
[0.225s] Level 1:colcon.colcon_core.package_identification:_identify(src/cpp_pubsub) by extensions ['colcon_meta']
[0.225s] Level 1:colcon.colcon_core.package_identification:_identify(src/cpp_pubsub) by extension 'colcon_meta'
[0.225s] Level 1:colcon.colcon_core.package_identification:_identify(src/cpp_pubsub) by extensions ['ros']
[0.225s] Level 1:colcon.colcon_core.package_identification:_identify(src/cpp_pubsub) by extension 'ros'
[0.227s] DEBUG:colcon.colcon_core.package_identification:Package 'src/cpp_pubsub' with type 'ros.ament_cmake' and name 'cpp_pubsub'
[0.227s] Level 1:colcon.colcon_core.package_identification:_identify(src/gazebo) by extensions ['ignore', 'ignore_ament_install']
[0.227s] Level 1:colcon.colcon_core.package_identification:_identify(src/gazebo) by extension 'ignore'
[0.227s] Level 1:colcon.colcon_core.package_identification:_identify(src/gazebo) by extension 'ignore_ament_install'
[0.227s] Level 1:colcon.colcon_core.package_identification:_identify(src/gazebo) by extensions ['colcon_pkg']
[0.227s] Level 1:colcon.colcon_core.package_identification:_identify(src/gazebo) by extension 'colcon_pkg'
[0.228s] Level 1:colcon.colcon_core.package_identification:_identify(src/gazebo) by extensions ['colcon_meta']
[0.228s] Level 1:colcon.colcon_core.package_identification:_identify(src/gazebo) by extension 'colcon_meta'
[0.228s] Level 1:colcon.colcon_core.package_identification:_identify(src/gazebo) by extensions ['ros']
[0.228s] Level 1:colcon.colcon_core.package_identification:_identify(src/gazebo) by extension 'ros'
[0.229s] DEBUG:colcon.colcon_core.package_identification:Package 'src/gazebo' with type 'ros.ament_cmake' and name 'gazebo'
[0.229s] Level 1:colcon.colcon_core.package_identification:_identify(src/hello_moveit) by extensions ['ignore', 'ignore_ament_install']
[0.229s] Level 1:colcon.colcon_core.package_identification:_identify(src/hello_moveit) by extension 'ignore'
[0.229s] Level 1:colcon.colcon_core.package_identification:_identify(src/hello_moveit) by extension 'ignore_ament_install'
[0.229s] Level 1:colcon.colcon_core.package_identification:_identify(src/hello_moveit) by extensions ['colcon_pkg']
[0.229s] Level 1:colcon.colcon_core.package_identification:_identify(src/hello_moveit) by extension 'colcon_pkg'
[0.229s] Level 1:colcon.colcon_core.package_identification:_identify(src/hello_moveit) by extensions ['colcon_meta']
[0.229s] Level 1:colcon.colcon_core.package_identification:_identify(src/hello_moveit) by extension 'colcon_meta'
[0.229s] Level 1:colcon.colcon_core.package_identification:_identify(src/hello_moveit) by extensions ['ros']
[0.229s] Level 1:colcon.colcon_core.package_identification:_identify(src/hello_moveit) by extension 'ros'
[0.230s] DEBUG:colcon.colcon_core.package_identification:Package 'src/hello_moveit' with type 'ros.ament_cmake' and name 'hello_moveit'
[0.230s] Level 1:colcon.colcon_core.package_identification:_identify(src/install) by extensions ['ignore', 'ignore_ament_install']
[0.230s] Level 1:colcon.colcon_core.package_identification:_identify(src/install) by extension 'ignore'
[0.230s] Level 1:colcon.colcon_core.package_identification:_identify(src/install) ignored
[0.230s] Level 1:colcon.colcon_core.package_identification:_identify(src/log) by extensions ['ignore', 'ignore_ament_install']
[0.230s] Level 1:colcon.colcon_core.package_identification:_identify(src/log) by extension 'ignore'
[0.230s] Level 1:colcon.colcon_core.package_identification:_identify(src/log) ignored
[0.230s] Level 1:colcon.colcon_core.package_identification:_identify(src/move_program) by extensions ['ignore', 'ignore_ament_install']
[0.231s] Level 1:colcon.colcon_core.package_identification:_identify(src/move_program) by extension 'ignore'
[0.231s] Level 1:colcon.colcon_core.package_identification:_identify(src/move_program) by extension 'ignore_ament_install'
[0.231s] Level 1:colcon.colcon_core.package_identification:_identify(src/move_program) by extensions ['colcon_pkg']
[0.231s] Level 1:colcon.colcon_core.package_identification:_identify(src/move_program) by extension 'colcon_pkg'
[0.231s] Level 1:colcon.colcon_core.package_identification:_identify(src/move_program) by extensions ['colcon_meta']
[0.231s] Level 1:colcon.colcon_core.package_identification:_identify(src/move_program) by extension 'colcon_meta'
[0.231s] Level 1:colcon.colcon_core.package_identification:_identify(src/move_program) by extensions ['ros']
[0.231s] Level 1:colcon.colcon_core.package_identification:_identify(src/move_program) by extension 'ros'
[0.232s] DEBUG:colcon.colcon_core.package_identification:Package 'src/move_program' with type 'ros.ament_cmake' and name 'move_program'
[0.232s] Level 1:colcon.colcon_core.package_identification:_identify(src/moveit_controls) by extensions ['ignore', 'ignore_ament_install']
[0.232s] Level 1:colcon.colcon_core.package_identification:_identify(src/moveit_controls) by extension 'ignore'
[0.232s] Level 1:colcon.colcon_core.package_identification:_identify(src/moveit_controls) by extension 'ignore_ament_install'
[0.232s] Level 1:colcon.colcon_core.package_identification:_identify(src/moveit_controls) by extensions ['colcon_pkg']
[0.232s] Level 1:colcon.colcon_core.package_identification:_identify(src/moveit_controls) by extension 'colcon_pkg'
[0.232s] Level 1:colcon.colcon_core.package_identification:_identify(src/moveit_controls) by extensions ['colcon_meta']
[0.232s] Level 1:colcon.colcon_core.package_identification:_identify(src/moveit_controls) by extension 'colcon_meta'
[0.232s] Level 1:colcon.colcon_core.package_identification:_identify(src/moveit_controls) by extensions ['ros']
[0.232s] Level 1:colcon.colcon_core.package_identification:_identify(src/moveit_controls) by extension 'ros'
[0.233s] DEBUG:colcon.colcon_core.package_identification:Package 'src/moveit_controls' with type 'ros.ament_python' and name 'moveit_controls'
[0.233s] Level 1:colcon.colcon_core.package_identification:_identify(src/pose_printer) by extensions ['ignore', 'ignore_ament_install']
[0.233s] Level 1:colcon.colcon_core.package_identification:_identify(src/pose_printer) by extension 'ignore'
[0.233s] Level 1:colcon.colcon_core.package_identification:_identify(src/pose_printer) by extension 'ignore_ament_install'
[0.233s] Level 1:colcon.colcon_core.package_identification:_identify(src/pose_printer) by extensions ['colcon_pkg']
[0.233s] Level 1:colcon.colcon_core.package_identification:_identify(src/pose_printer) by extension 'colcon_pkg'
[0.233s] Level 1:colcon.colcon_core.package_identification:_identify(src/pose_printer) by extensions ['colcon_meta']
[0.233s] Level 1:colcon.colcon_core.package_identification:_identify(src/pose_printer) by extension 'colcon_meta'
[0.233s] Level 1:colcon.colcon_core.package_identification:_identify(src/pose_printer) by extensions ['ros']
[0.233s] Level 1:colcon.colcon_core.package_identification:_identify(src/pose_printer) by extension 'ros'
[0.234s] DEBUG:colcon.colcon_core.package_identification:Package 'src/pose_printer' with type 'ros.ament_python' and name 'pose_printer'
[0.234s] Level 1:colcon.colcon_core.package_identification:_identify(src/robotic_arm) by extensions ['ignore', 'ignore_ament_install']
[0.234s] Level 1:colcon.colcon_core.package_identification:_identify(src/robotic_arm) by extension 'ignore'
[0.234s] Level 1:colcon.colcon_core.package_identification:_identify(src/robotic_arm) by extension 'ignore_ament_install'
[0.234s] Level 1:colcon.colcon_core.package_identification:_identify(src/robotic_arm) by extensions ['colcon_pkg']
[0.234s] Level 1:colcon.colcon_core.package_identification:_identify(src/robotic_arm) by extension 'colcon_pkg'
[0.234s] Level 1:colcon.colcon_core.package_identification:_identify(src/robotic_arm) by extensions ['colcon_meta']
[0.234s] Level 1:colcon.colcon_core.package_identification:_identify(src/robotic_arm) by extension 'colcon_meta'
[0.234s] Level 1:colcon.colcon_core.package_identification:_identify(src/robotic_arm) by extensions ['ros']
[0.234s] Level 1:colcon.colcon_core.package_identification:_identify(src/robotic_arm) by extension 'ros'
[0.235s] DEBUG:colcon.colcon_core.package_identification:Package 'src/robotic_arm' with type 'ros.ament_cmake' and name 'robotic_arm'
[0.235s] Level 1:colcon.colcon_core.package_identification:_identify(src/robotic_arm_config) by extensions ['ignore', 'ignore_ament_install']
[0.235s] Level 1:colcon.colcon_core.package_identification:_identify(src/robotic_arm_config) by extension 'ignore'
[0.235s] Level 1:colcon.colcon_core.package_identification:_identify(src/robotic_arm_config) by extension 'ignore_ament_install'
[0.235s] Level 1:colcon.colcon_core.package_identification:_identify(src/robotic_arm_config) by extensions ['colcon_pkg']
[0.235s] Level 1:colcon.colcon_core.package_identification:_identify(src/robotic_arm_config) by extension 'colcon_pkg'
[0.235s] Level 1:colcon.colcon_core.package_identification:_identify(src/robotic_arm_config) by extensions ['colcon_meta']
[0.235s] Level 1:colcon.colcon_core.package_identification:_identify(src/robotic_arm_config) by extension 'colcon_meta'
[0.235s] Level 1:colcon.colcon_core.package_identification:_identify(src/robotic_arm_config) by extensions ['ros']
[0.235s] Level 1:colcon.colcon_core.package_identification:_identify(src/robotic_arm_config) by extension 'ros'
[0.236s] DEBUG:colcon.colcon_core.package_identification:Package 'src/robotic_arm_config' with type 'ros.ament_cmake' and name 'robotic_arm_config'
[0.236s] Level 1:colcon.colcon_core.package_identification:_identify(src/robotic_arm_model_v3) by extensions ['ignore', 'ignore_ament_install']
[0.236s] Level 1:colcon.colcon_core.package_identification:_identify(src/robotic_arm_model_v3) by extension 'ignore'
[0.236s] Level 1:colcon.colcon_core.package_identification:_identify(src/robotic_arm_model_v3) by extension 'ignore_ament_install'
[0.236s] Level 1:colcon.colcon_core.package_identification:_identify(src/robotic_arm_model_v3) by extensions ['colcon_pkg']
[0.236s] Level 1:colcon.colcon_core.package_identification:_identify(src/robotic_arm_model_v3) by extension 'colcon_pkg'
[0.236s] Level 1:colcon.colcon_core.package_identification:_identify(src/robotic_arm_model_v3) by extensions ['colcon_meta']
[0.236s] Level 1:colcon.colcon_core.package_identification:_identify(src/robotic_arm_model_v3) by extension 'colcon_meta'
[0.236s] Level 1:colcon.colcon_core.package_identification:_identify(src/robotic_arm_model_v3) by extensions ['ros']
[0.237s] Level 1:colcon.colcon_core.package_identification:_identify(src/robotic_arm_model_v3) by extension 'ros'
[0.237s] DEBUG:colcon.colcon_core.package_identification:Package 'src/robotic_arm_model_v3' with type 'ros.ament_cmake' and name 'robotic_arm_model_v3'
[0.237s] Level 1:colcon.colcon_core.package_identification:_identify(src/robotic_arm_moveit) by extensions ['ignore', 'ignore_ament_install']
[0.237s] Level 1:colcon.colcon_core.package_identification:_identify(src/robotic_arm_moveit) by extension 'ignore'
[0.237s] Level 1:colcon.colcon_core.package_identification:_identify(src/robotic_arm_moveit) by extension 'ignore_ament_install'
[0.237s] Level 1:colcon.colcon_core.package_identification:_identify(src/robotic_arm_moveit) by extensions ['colcon_pkg']
[0.237s] Level 1:colcon.colcon_core.package_identification:_identify(src/robotic_arm_moveit) by extension 'colcon_pkg'
[0.237s] Level 1:colcon.colcon_core.package_identification:_identify(src/robotic_arm_moveit) by extensions ['colcon_meta']
[0.237s] Level 1:colcon.colcon_core.package_identification:_identify(src/robotic_arm_moveit) by extension 'colcon_meta'
[0.237s] Level 1:colcon.colcon_core.package_identification:_identify(src/robotic_arm_moveit) by extensions ['ros']
[0.237s] Level 1:colcon.colcon_core.package_identification:_identify(src/robotic_arm_moveit) by extension 'ros'
[0.238s] DEBUG:colcon.colcon_core.package_identification:Package 'src/robotic_arm_moveit' with type 'ros.ament_cmake' and name 'robotic_arm_moveit'
[0.238s] Level 1:colcon.colcon_core.package_identification:_identify(src/robotic_arm_v3_config) by extensions ['ignore', 'ignore_ament_install']
[0.238s] Level 1:colcon.colcon_core.package_identification:_identify(src/robotic_arm_v3_config) by extension 'ignore'
[0.238s] Level 1:colcon.colcon_core.package_identification:_identify(src/robotic_arm_v3_config) by extension 'ignore_ament_install'
[0.238s] Level 1:colcon.colcon_core.package_identification:_identify(src/robotic_arm_v3_config) by extensions ['colcon_pkg']
[0.238s] Level 1:colcon.colcon_core.package_identification:_identify(src/robotic_arm_v3_config) by extension 'colcon_pkg'
[0.238s] Level 1:colcon.colcon_core.package_identification:_identify(src/robotic_arm_v3_config) by extensions ['colcon_meta']
[0.238s] Level 1:colcon.colcon_core.package_identification:_identify(src/robotic_arm_v3_config) by extension 'colcon_meta'
[0.238s] Level 1:colcon.colcon_core.package_identification:_identify(src/robotic_arm_v3_config) by extensions ['ros']
[0.238s] Level 1:colcon.colcon_core.package_identification:_identify(src/robotic_arm_v3_config) by extension 'ros'
[0.239s] DEBUG:colcon.colcon_core.package_identification:Package 'src/robotic_arm_v3_config' with type 'ros.ament_cmake' and name 'robotic_arm_v3_config'
[0.240s] Level 1:colcon.colcon_core.package_identification:_identify(src/ros_gz) by extensions ['ignore', 'ignore_ament_install']
[0.240s] Level 1:colcon.colcon_core.package_identification:_identify(src/ros_gz) by extension 'ignore'
[0.240s] Level 1:colcon.colcon_core.package_identification:_identify(src/ros_gz) by extension 'ignore_ament_install'
[0.240s] Level 1:colcon.colcon_core.package_identification:_identify(src/ros_gz) by extensions ['colcon_pkg']
[0.240s] Level 1:colcon.colcon_core.package_identification:_identify(src/ros_gz) by extension 'colcon_pkg'
[0.240s] Level 1:colcon.colcon_core.package_identification:_identify(src/ros_gz) by extensions ['colcon_meta']
[0.240s] Level 1:colcon.colcon_core.package_identification:_identify(src/ros_gz) by extension 'colcon_meta'
[0.240s] Level 1:colcon.colcon_core.package_identification:_identify(src/ros_gz) by extensions ['ros']
[0.240s] Level 1:colcon.colcon_core.package_identification:_identify(src/ros_gz) by extension 'ros'
[0.240s] Level 1:colcon.colcon_core.package_identification:_identify(src/ros_gz) by extensions ['cmake', 'python']
[0.240s] Level 1:colcon.colcon_core.package_identification:_identify(src/ros_gz) by extension 'cmake'
[0.240s] Level 1:colcon.colcon_core.package_identification:_identify(src/ros_gz) by extension 'python'
[0.240s] Level 1:colcon.colcon_core.package_identification:_identify(src/ros_gz) by extensions ['python_setup_py']
[0.240s] Level 1:colcon.colcon_core.package_identification:_identify(src/ros_gz) by extension 'python_setup_py'
[0.240s] Level 1:colcon.colcon_core.package_identification:_identify(src/ros_gz/img) by extensions ['ignore', 'ignore_ament_install']
[0.240s] Level 1:colcon.colcon_core.package_identification:_identify(src/ros_gz/img) by extension 'ignore'
[0.240s] Level 1:colcon.colcon_core.package_identification:_identify(src/ros_gz/img) by extension 'ignore_ament_install'
[0.240s] Level 1:colcon.colcon_core.package_identification:_identify(src/ros_gz/img) by extensions ['colcon_pkg']
[0.240s] Level 1:colcon.colcon_core.package_identification:_identify(src/ros_gz/img) by extension 'colcon_pkg'
[0.240s] Level 1:colcon.colcon_core.package_identification:_identify(src/ros_gz/img) by extensions ['colcon_meta']
[0.241s] Level 1:colcon.colcon_core.package_identification:_identify(src/ros_gz/img) by extension 'colcon_meta'
[0.241s] Level 1:colcon.colcon_core.package_identification:_identify(src/ros_gz/img) by extensions ['ros']
[0.241s] Level 1:colcon.colcon_core.package_identification:_identify(src/ros_gz/img) by extension 'ros'
[0.241s] Level 1:colcon.colcon_core.package_identification:_identify(src/ros_gz/img) by extensions ['cmake', 'python']
[0.241s] Level 1:colcon.colcon_core.package_identification:_identify(src/ros_gz/img) by extension 'cmake'
[0.241s] Level 1:colcon.colcon_core.package_identification:_identify(src/ros_gz/img) by extension 'python'
[0.241s] Level 1:colcon.colcon_core.package_identification:_identify(src/ros_gz/img) by extensions ['python_setup_py']
[0.241s] Level 1:colcon.colcon_core.package_identification:_identify(src/ros_gz/img) by extension 'python_setup_py'
[0.241s] Level 1:colcon.colcon_core.package_identification:_identify(src/ros_gz/ros_gz) by extensions ['ignore', 'ignore_ament_install']
[0.241s] Level 1:colcon.colcon_core.package_identification:_identify(src/ros_gz/ros_gz) by extension 'ignore'
[0.241s] Level 1:colcon.colcon_core.package_identification:_identify(src/ros_gz/ros_gz) by extension 'ignore_ament_install'
[0.241s] Level 1:colcon.colcon_core.package_identification:_identify(src/ros_gz/ros_gz) by extensions ['colcon_pkg']
[0.241s] Level 1:colcon.colcon_core.package_identification:_identify(src/ros_gz/ros_gz) by extension 'colcon_pkg'
[0.241s] Level 1:colcon.colcon_core.package_identification:_identify(src/ros_gz/ros_gz) by extensions ['colcon_meta']
[0.241s] Level 1:colcon.colcon_core.package_identification:_identify(src/ros_gz/ros_gz) by extension 'colcon_meta'
[0.241s] Level 1:colcon.colcon_core.package_identification:_identify(src/ros_gz/ros_gz) by extensions ['ros']
[0.241s] Level 1:colcon.colcon_core.package_identification:_identify(src/ros_gz/ros_gz) by extension 'ros'
[0.242s] DEBUG:colcon.colcon_core.package_identification:Package 'src/ros_gz/ros_gz' with type 'ros.ament_cmake' and name 'ros_gz'
[0.242s] Level 1:colcon.colcon_core.package_identification:_identify(src/ros_gz/ros_gz_bridge) by extensions ['ignore', 'ignore_ament_install']
[0.242s] Level 1:colcon.colcon_core.package_identification:_identify(src/ros_gz/ros_gz_bridge) by extension 'ignore'
[0.242s] Level 1:colcon.colcon_core.package_identification:_identify(src/ros_gz/ros_gz_bridge) by extension 'ignore_ament_install'
[0.242s] Level 1:colcon.colcon_core.package_identification:_identify(src/ros_gz/ros_gz_bridge) by extensions ['colcon_pkg']
[0.242s] Level 1:colcon.colcon_core.package_identification:_identify(src/ros_gz/ros_gz_bridge) by extension 'colcon_pkg'
[0.242s] Level 1:colcon.colcon_core.package_identification:_identify(src/ros_gz/ros_gz_bridge) by extensions ['colcon_meta']
[0.242s] Level 1:colcon.colcon_core.package_identification:_identify(src/ros_gz/ros_gz_bridge) by extension 'colcon_meta'
[0.242s] Level 1:colcon.colcon_core.package_identification:_identify(src/ros_gz/ros_gz_bridge) by extensions ['ros']
[0.242s] Level 1:colcon.colcon_core.package_identification:_identify(src/ros_gz/ros_gz_bridge) by extension 'ros'
[0.244s] DEBUG:colcon.colcon_core.package_identification:Package 'src/ros_gz/ros_gz_bridge' with type 'ros.ament_cmake' and name 'ros_gz_bridge'
[0.244s] Level 1:colcon.colcon_core.package_identification:_identify(src/ros_gz/ros_gz_image) by extensions ['ignore', 'ignore_ament_install']
[0.244s] Level 1:colcon.colcon_core.package_identification:_identify(src/ros_gz/ros_gz_image) by extension 'ignore'
[0.244s] Level 1:colcon.colcon_core.package_identification:_identify(src/ros_gz/ros_gz_image) by extension 'ignore_ament_install'
[0.244s] Level 1:colcon.colcon_core.package_identification:_identify(src/ros_gz/ros_gz_image) by extensions ['colcon_pkg']
[0.244s] Level 1:colcon.colcon_core.package_identification:_identify(src/ros_gz/ros_gz_image) by extension 'colcon_pkg'
[0.244s] Level 1:colcon.colcon_core.package_identification:_identify(src/ros_gz/ros_gz_image) by extensions ['colcon_meta']
[0.244s] Level 1:colcon.colcon_core.package_identification:_identify(src/ros_gz/ros_gz_image) by extension 'colcon_meta'
[0.244s] Level 1:colcon.colcon_core.package_identification:_identify(src/ros_gz/ros_gz_image) by extensions ['ros']
[0.244s] Level 1:colcon.colcon_core.package_identification:_identify(src/ros_gz/ros_gz_image) by extension 'ros'
[0.245s] DEBUG:colcon.colcon_core.package_identification:Package 'src/ros_gz/ros_gz_image' with type 'ros.ament_cmake' and name 'ros_gz_image'
[0.245s] Level 1:colcon.colcon_core.package_identification:_identify(src/ros_gz/ros_gz_interfaces) by extensions ['ignore', 'ignore_ament_install']
[0.245s] Level 1:colcon.colcon_core.package_identification:_identify(src/ros_gz/ros_gz_interfaces) by extension 'ignore'
[0.245s] Level 1:colcon.colcon_core.package_identification:_identify(src/ros_gz/ros_gz_interfaces) by extension 'ignore_ament_install'
[0.245s] Level 1:colcon.colcon_core.package_identification:_identify(src/ros_gz/ros_gz_interfaces) by extensions ['colcon_pkg']
[0.245s] Level 1:colcon.colcon_core.package_identification:_identify(src/ros_gz/ros_gz_interfaces) by extension 'colcon_pkg'
[0.245s] Level 1:colcon.colcon_core.package_identification:_identify(src/ros_gz/ros_gz_interfaces) by extensions ['colcon_meta']
[0.245s] Level 1:colcon.colcon_core.package_identification:_identify(src/ros_gz/ros_gz_interfaces) by extension 'colcon_meta'
[0.245s] Level 1:colcon.colcon_core.package_identification:_identify(src/ros_gz/ros_gz_interfaces) by extensions ['ros']
[0.245s] Level 1:colcon.colcon_core.package_identification:_identify(src/ros_gz/ros_gz_interfaces) by extension 'ros'
[0.246s] DEBUG:colcon.colcon_core.package_identification:Package 'src/ros_gz/ros_gz_interfaces' with type 'ros.ament_cmake' and name 'ros_gz_interfaces'
[0.246s] Level 1:colcon.colcon_core.package_identification:_identify(src/ros_gz/ros_gz_point_cloud) by extensions ['ignore', 'ignore_ament_install']
[0.246s] Level 1:colcon.colcon_core.package_identification:_identify(src/ros_gz/ros_gz_point_cloud) by extension 'ignore'
[0.246s] Level 1:colcon.colcon_core.package_identification:_identify(src/ros_gz/ros_gz_point_cloud) ignored
[0.246s] Level 1:colcon.colcon_core.package_identification:_identify(src/ros_gz/ros_gz_sim) by extensions ['ignore', 'ignore_ament_install']
[0.246s] Level 1:colcon.colcon_core.package_identification:_identify(src/ros_gz/ros_gz_sim) by extension 'ignore'
[0.246s] Level 1:colcon.colcon_core.package_identification:_identify(src/ros_gz/ros_gz_sim) by extension 'ignore_ament_install'
[0.246s] Level 1:colcon.colcon_core.package_identification:_identify(src/ros_gz/ros_gz_sim) by extensions ['colcon_pkg']
[0.246s] Level 1:colcon.colcon_core.package_identification:_identify(src/ros_gz/ros_gz_sim) by extension 'colcon_pkg'
[0.246s] Level 1:colcon.colcon_core.package_identification:_identify(src/ros_gz/ros_gz_sim) by extensions ['colcon_meta']
[0.246s] Level 1:colcon.colcon_core.package_identification:_identify(src/ros_gz/ros_gz_sim) by extension 'colcon_meta'
[0.246s] Level 1:colcon.colcon_core.package_identification:_identify(src/ros_gz/ros_gz_sim) by extensions ['ros']
[0.246s] Level 1:colcon.colcon_core.package_identification:_identify(src/ros_gz/ros_gz_sim) by extension 'ros'
[0.248s] DEBUG:colcon.colcon_core.package_identification:Package 'src/ros_gz/ros_gz_sim' with type 'ros.ament_cmake' and name 'ros_gz_sim'
[0.248s] Level 1:colcon.colcon_core.package_identification:_identify(src/ros_gz/ros_gz_sim_demos) by extensions ['ignore', 'ignore_ament_install']
[0.248s] Level 1:colcon.colcon_core.package_identification:_identify(src/ros_gz/ros_gz_sim_demos) by extension 'ignore'
[0.248s] Level 1:colcon.colcon_core.package_identification:_identify(src/ros_gz/ros_gz_sim_demos) by extension 'ignore_ament_install'
[0.248s] Level 1:colcon.colcon_core.package_identification:_identify(src/ros_gz/ros_gz_sim_demos) by extensions ['colcon_pkg']
[0.248s] Level 1:colcon.colcon_core.package_identification:_identify(src/ros_gz/ros_gz_sim_demos) by extension 'colcon_pkg'
[0.248s] Level 1:colcon.colcon_core.package_identification:_identify(src/ros_gz/ros_gz_sim_demos) by extensions ['colcon_meta']
[0.248s] Level 1:colcon.colcon_core.package_identification:_identify(src/ros_gz/ros_gz_sim_demos) by extension 'colcon_meta'
[0.248s] Level 1:colcon.colcon_core.package_identification:_identify(src/ros_gz/ros_gz_sim_demos) by extensions ['ros']
[0.248s] Level 1:colcon.colcon_core.package_identification:_identify(src/ros_gz/ros_gz_sim_demos) by extension 'ros'
[0.249s] DEBUG:colcon.colcon_core.package_identification:Package 'src/ros_gz/ros_gz_sim_demos' with type 'ros.ament_cmake' and name 'ros_gz_sim_demos'
[0.249s] Level 1:colcon.colcon_core.package_identification:_identify(src/ros_gz/test_ros_gz_bridge) by extensions ['ignore', 'ignore_ament_install']
[0.249s] Level 1:colcon.colcon_core.package_identification:_identify(src/ros_gz/test_ros_gz_bridge) by extension 'ignore'
[0.249s] Level 1:colcon.colcon_core.package_identification:_identify(src/ros_gz/test_ros_gz_bridge) by extension 'ignore_ament_install'
[0.249s] Level 1:colcon.colcon_core.package_identification:_identify(src/ros_gz/test_ros_gz_bridge) by extensions ['colcon_pkg']
[0.249s] Level 1:colcon.colcon_core.package_identification:_identify(src/ros_gz/test_ros_gz_bridge) by extension 'colcon_pkg'
[0.249s] Level 1:colcon.colcon_core.package_identification:_identify(src/ros_gz/test_ros_gz_bridge) by extensions ['colcon_meta']
[0.249s] Level 1:colcon.colcon_core.package_identification:_identify(src/ros_gz/test_ros_gz_bridge) by extension 'colcon_meta'
[0.249s] Level 1:colcon.colcon_core.package_identification:_identify(src/ros_gz/test_ros_gz_bridge) by extensions ['ros']
[0.249s] Level 1:colcon.colcon_core.package_identification:_identify(src/ros_gz/test_ros_gz_bridge) by extension 'ros'
[0.250s] DEBUG:colcon.colcon_core.package_identification:Package 'src/ros_gz/test_ros_gz_bridge' with type 'ros.ament_cmake' and name 'test_ros_gz_bridge'
[0.250s] Level 1:colcon.colcon_core.package_identification:_identify(src/ros_gz/tools) by extensions ['ignore', 'ignore_ament_install']
[0.250s] Level 1:colcon.colcon_core.package_identification:_identify(src/ros_gz/tools) by extension 'ignore'
[0.250s] Level 1:colcon.colcon_core.package_identification:_identify(src/ros_gz/tools) by extension 'ignore_ament_install'
[0.250s] Level 1:colcon.colcon_core.package_identification:_identify(src/ros_gz/tools) by extensions ['colcon_pkg']
[0.250s] Level 1:colcon.colcon_core.package_identification:_identify(src/ros_gz/tools) by extension 'colcon_pkg'
[0.250s] Level 1:colcon.colcon_core.package_identification:_identify(src/ros_gz/tools) by extensions ['colcon_meta']
[0.250s] Level 1:colcon.colcon_core.package_identification:_identify(src/ros_gz/tools) by extension 'colcon_meta'
[0.250s] Level 1:colcon.colcon_core.package_identification:_identify(src/ros_gz/tools) by extensions ['ros']
[0.250s] Level 1:colcon.colcon_core.package_identification:_identify(src/ros_gz/tools) by extension 'ros'
[0.250s] Level 1:colcon.colcon_core.package_identification:_identify(src/ros_gz/tools) by extensions ['cmake', 'python']
[0.250s] Level 1:colcon.colcon_core.package_identification:_identify(src/ros_gz/tools) by extension 'cmake'
[0.250s] Level 1:colcon.colcon_core.package_identification:_identify(src/ros_gz/tools) by extension 'python'
[0.250s] Level 1:colcon.colcon_core.package_identification:_identify(src/ros_gz/tools) by extensions ['python_setup_py']
[0.250s] Level 1:colcon.colcon_core.package_identification:_identify(src/ros_gz/tools) by extension 'python_setup_py'
[0.250s] Level 1:colcon.colcon_core.package_discovery:discover_packages(recursive) using defaults
[0.250s] Level 1:colcon.colcon_core.package_discovery:discover_packages(ignore) discover
[0.250s] Level 1:colcon.colcon_core.package_discovery:discover_packages(ignore) using defaults
[0.250s] Level 1:colcon.colcon_core.package_discovery:discover_packages(path) discover
[0.250s] Level 1:colcon.colcon_core.package_discovery:discover_packages(path) using defaults
[0.276s] Level 1:colcon.colcon_core.package_discovery:discover_packages(prefix_path) check parameters
[0.277s] Level 1:colcon.colcon_core.package_discovery:discover_packages(prefix_path) discover
[0.278s] WARNING:colcon.colcon_ros.prefix_path.ament:The path '/home/andre/ros2_ws/install/robotic_arm_v3_config' in the environment variable AMENT_PREFIX_PATH doesn't exist
[0.278s] WARNING:colcon.colcon_ros.prefix_path.ament:The path '/home/andre/ros2_ws/install/robotic_arm_model_v3' in the environment variable AMENT_PREFIX_PATH doesn't exist
[0.278s] WARNING:colcon.colcon_ros.prefix_path.ament:The path '/home/andre/ros2_ws/install/pose_printer' in the environment variable AMENT_PREFIX_PATH doesn't exist
[0.278s] WARNING:colcon.colcon_ros.prefix_path.ament:The path '/home/andre/ros2_ws/install/moveit_controls' in the environment variable AMENT_PREFIX_PATH doesn't exist
[0.278s] WARNING:colcon.colcon_ros.prefix_path.ament:The path '/home/andre/ros2_ws/install/move_program' in the environment variable AMENT_PREFIX_PATH doesn't exist
[0.278s] WARNING:colcon.colcon_ros.prefix_path.ament:The path '/home/andre/ros2_ws/install/hello_moveit' in the environment variable AMENT_PREFIX_PATH doesn't exist
[0.278s] WARNING:colcon.colcon_ros.prefix_path.ament:The path '/home/andre/ros2_ws/install/cpp_pubsub' in the environment variable AMENT_PREFIX_PATH doesn't exist
[0.278s] WARNING:colcon.colcon_ros.prefix_path.catkin:The path '/home/andre/ros2_ws/install/robotic_arm_v3_config' in the environment variable CMAKE_PREFIX_PATH doesn't exist
[0.278s] WARNING:colcon.colcon_ros.prefix_path.catkin:The path '/home/andre/ros2_ws/install/robotic_arm_model_v3' in the environment variable CMAKE_PREFIX_PATH doesn't exist
[0.278s] WARNING:colcon.colcon_ros.prefix_path.catkin:The path '/home/andre/ros2_ws/install/move_program' in the environment variable CMAKE_PREFIX_PATH doesn't exist
[0.279s] WARNING:colcon.colcon_ros.prefix_path.catkin:The path '/home/andre/ros2_ws/install/hello_moveit' in the environment variable CMAKE_PREFIX_PATH doesn't exist
[0.279s] WARNING:colcon.colcon_ros.prefix_path.catkin:The path '/home/andre/ros2_ws/install/cpp_pubsub' in the environment variable CMAKE_PREFIX_PATH doesn't exist
[0.280s] DEBUG:colcon.colcon_installed_package_information.package_discovery:Found 0 installed packages in /home/andre/ros2_ws/install
[0.281s] DEBUG:colcon.colcon_installed_package_information.package_discovery:Found 1 installed packages in /home/andre/ros2_ws/src/install
[0.283s] DEBUG:colcon.colcon_installed_package_information.package_discovery:Found 429 installed packages in /opt/ros/jazzy
[0.285s] Level 1:colcon.colcon_core.package_discovery:discover_packages(prefix_path) using defaults
[0.357s] WARNING:colcon.colcon_core.package_selection:Some selected packages are already built in one or more underlay workspaces:
	'ros_gz_bridge' is in: /opt/ros/jazzy
	'ros_gz_sim' is in: /opt/ros/jazzy
If a package in a merged underlay workspace is overridden and it installs headers, then all packages in the overlay must sort their include directories by workspace order. Failure to do so may result in build failures or undefined behavior at run time.
If the overridden package is used by another package in any underlay, then the overriding package in the overlay must be API and ABI compatible or undefined behavior at run time may occur.

If you understand the risks and want to override a package anyways, add the following to the command line:
	--allow-overriding ros_gz_bridge ros_gz_sim

This may be promoted to an error in a future release of colcon-override-check.
[0.358s] Level 5:colcon.colcon_core.verb:set package 'cpp_pubsub' build argument 'cmake_args' from command line to 'None'
[0.358s] Level 5:colcon.colcon_core.verb:set package 'cpp_pubsub' build argument 'cmake_target' from command line to 'None'
[0.358s] Level 5:colcon.colcon_core.verb:set package 'cpp_pubsub' build argument 'cmake_target_skip_unavailable' from command line to 'False'
[0.358s] Level 5:colcon.colcon_core.verb:set package 'cpp_pubsub' build argument 'cmake_clean_cache' from command line to 'False'
[0.358s] Level 5:colcon.colcon_core.verb:set package 'cpp_pubsub' build argument 'cmake_clean_first' from command line to 'False'
[0.358s] Level 5:colcon.colcon_core.verb:set package 'cpp_pubsub' build argument 'cmake_force_configure' from command line to 'False'
[0.358s] Level 5:colcon.colcon_core.verb:set package 'cpp_pubsub' build argument 'ament_cmake_args' from command line to 'None'
[0.358s] Level 5:colcon.colcon_core.verb:set package 'cpp_pubsub' build argument 'catkin_cmake_args' from command line to 'None'
[0.358s] Level 5:colcon.colcon_core.verb:set package 'cpp_pubsub' build argument 'catkin_skip_building_tests' from command line to 'False'
[0.358s] DEBUG:colcon.colcon_core.verb:Building package 'cpp_pubsub' with the following arguments: {'ament_cmake_args': None, 'build_base': '/home/andre/ros2_ws/build/cpp_pubsub', 'catkin_cmake_args': None, 'catkin_skip_building_tests': False, 'cmake_args': None, 'cmake_clean_cache': False, 'cmake_clean_first': False, 'cmake_force_configure': False, 'cmake_target': None, 'cmake_target_skip_unavailable': False, 'install_base': '/home/andre/ros2_ws/install/cpp_pubsub', 'merge_install': False, 'path': '/home/andre/ros2_ws/src/cpp_pubsub', 'symlink_install': False, 'test_result_base': None}
[0.359s] Level 5:colcon.colcon_core.verb:set package 'hello_moveit' build argument 'cmake_args' from command line to 'None'
[0.359s] Level 5:colcon.colcon_core.verb:set package 'hello_moveit' build argument 'cmake_target' from command line to 'None'
[0.359s] Level 5:colcon.colcon_core.verb:set package 'hello_moveit' build argument 'cmake_target_skip_unavailable' from command line to 'False'
[0.359s] Level 5:colcon.colcon_core.verb:set package 'hello_moveit' build argument 'cmake_clean_cache' from command line to 'False'
[0.359s] Level 5:colcon.colcon_core.verb:set package 'hello_moveit' build argument 'cmake_clean_first' from command line to 'False'
[0.359s] Level 5:colcon.colcon_core.verb:set package 'hello_moveit' build argument 'cmake_force_configure' from command line to 'False'
[0.359s] Level 5:colcon.colcon_core.verb:set package 'hello_moveit' build argument 'ament_cmake_args' from command line to 'None'
[0.359s] Level 5:colcon.colcon_core.verb:set package 'hello_moveit' build argument 'catkin_cmake_args' from command line to 'None'
[0.359s] Level 5:colcon.colcon_core.verb:set package 'hello_moveit' build argument 'catkin_skip_building_tests' from command line to 'False'
[0.359s] DEBUG:colcon.colcon_core.verb:Building package 'hello_moveit' with the following arguments: {'ament_cmake_args': None, 'build_base': '/home/andre/ros2_ws/build/hello_moveit', 'catkin_cmake_args': None, 'catkin_skip_building_tests': False, 'cmake_args': None, 'cmake_clean_cache': False, 'cmake_clean_first': False, 'cmake_force_configure': False, 'cmake_target': None, 'cmake_target_skip_unavailable': False, 'install_base': '/home/andre/ros2_ws/install/hello_moveit', 'merge_install': False, 'path': '/home/andre/ros2_ws/src/hello_moveit', 'symlink_install': False, 'test_result_base': None}
[0.359s] Level 5:colcon.colcon_core.verb:set package 'move_program' build argument 'cmake_args' from command line to 'None'
[0.359s] Level 5:colcon.colcon_core.verb:set package 'move_program' build argument 'cmake_target' from command line to 'None'
[0.359s] Level 5:colcon.colcon_core.verb:set package 'move_program' build argument 'cmake_target_skip_unavailable' from command line to 'False'
[0.359s] Level 5:colcon.colcon_core.verb:set package 'move_program' build argument 'cmake_clean_cache' from command line to 'False'
[0.359s] Level 5:colcon.colcon_core.verb:set package 'move_program' build argument 'cmake_clean_first' from command line to 'False'
[0.359s] Level 5:colcon.colcon_core.verb:set package 'move_program' build argument 'cmake_force_configure' from command line to 'False'
[0.360s] Level 5:colcon.colcon_core.verb:set package 'move_program' build argument 'ament_cmake_args' from command line to 'None'
[0.360s] Level 5:colcon.colcon_core.verb:set package 'move_program' build argument 'catkin_cmake_args' from command line to 'None'
[0.360s] Level 5:colcon.colcon_core.verb:set package 'move_program' build argument 'catkin_skip_building_tests' from command line to 'False'
[0.360s] DEBUG:colcon.colcon_core.verb:Building package 'move_program' with the following arguments: {'ament_cmake_args': None, 'build_base': '/home/andre/ros2_ws/build/move_program', 'catkin_cmake_args': None, 'catkin_skip_building_tests': False, 'cmake_args': None, 'cmake_clean_cache': False, 'cmake_clean_first': False, 'cmake_force_configure': False, 'cmake_target': None, 'cmake_target_skip_unavailable': False, 'install_base': '/home/andre/ros2_ws/install/move_program', 'merge_install': False, 'path': '/home/andre/ros2_ws/src/move_program', 'symlink_install': False, 'test_result_base': None}
[0.360s] Level 5:colcon.colcon_core.verb:set package 'moveit_controls' build argument 'cmake_args' from command line to 'None'
[0.360s] Level 5:colcon.colcon_core.verb:set package 'moveit_controls' build argument 'cmake_target' from command line to 'None'
[0.360s] Level 5:colcon.colcon_core.verb:set package 'moveit_controls' build argument 'cmake_target_skip_unavailable' from command line to 'False'
[0.360s] Level 5:colcon.colcon_core.verb:set package 'moveit_controls' build argument 'cmake_clean_cache' from command line to 'False'
[0.360s] Level 5:colcon.colcon_core.verb:set package 'moveit_controls' build argument 'cmake_clean_first' from command line to 'False'
[0.360s] Level 5:colcon.colcon_core.verb:set package 'moveit_controls' build argument 'cmake_force_configure' from command line to 'False'
[0.360s] Level 5:colcon.colcon_core.verb:set package 'moveit_controls' build argument 'ament_cmake_args' from command line to 'None'
[0.360s] Level 5:colcon.colcon_core.verb:set package 'moveit_controls' build argument 'catkin_cmake_args' from command line to 'None'
[0.360s] Level 5:colcon.colcon_core.verb:set package 'moveit_controls' build argument 'catkin_skip_building_tests' from command line to 'False'
[0.360s] DEBUG:colcon.colcon_core.verb:Building package 'moveit_controls' with the following arguments: {'ament_cmake_args': None, 'build_base': '/home/andre/ros2_ws/build/moveit_controls', 'catkin_cmake_args': None, 'catkin_skip_building_tests': False, 'cmake_args': None, 'cmake_clean_cache': False, 'cmake_clean_first': False, 'cmake_force_configure': False, 'cmake_target': None, 'cmake_target_skip_unavailable': False, 'install_base': '/home/andre/ros2_ws/install/moveit_controls', 'merge_install': False, 'path': '/home/andre/ros2_ws/src/moveit_controls', 'symlink_install': False, 'test_result_base': None}
[0.361s] Level 5:colcon.colcon_core.verb:set package 'pose_printer' build argument 'cmake_args' from command line to 'None'
[0.361s] Level 5:colcon.colcon_core.verb:set package 'pose_printer' build argument 'cmake_target' from command line to 'None'
[0.361s] Level 5:colcon.colcon_core.verb:set package 'pose_printer' build argument 'cmake_target_skip_unavailable' from command line to 'False'
[0.361s] Level 5:colcon.colcon_core.verb:set package 'pose_printer' build argument 'cmake_clean_cache' from command line to 'False'
[0.361s] Level 5:colcon.colcon_core.verb:set package 'pose_printer' build argument 'cmake_clean_first' from command line to 'False'
[0.361s] Level 5:colcon.colcon_core.verb:set package 'pose_printer' build argument 'cmake_force_configure' from command line to 'False'
[0.361s] Level 5:colcon.colcon_core.verb:set package 'pose_printer' build argument 'ament_cmake_args' from command line to 'None'
[0.361s] Level 5:colcon.colcon_core.verb:set package 'pose_printer' build argument 'catkin_cmake_args' from command line to 'None'
[0.361s] Level 5:colcon.colcon_core.verb:set package 'pose_printer' build argument 'catkin_skip_building_tests' from command line to 'False'
[0.361s] DEBUG:colcon.colcon_core.verb:Building package 'pose_printer' with the following arguments: {'ament_cmake_args': None, 'build_base': '/home/andre/ros2_ws/build/pose_printer', 'catkin_cmake_args': None, 'catkin_skip_building_tests': False, 'cmake_args': None, 'cmake_clean_cache': False, 'cmake_clean_first': False, 'cmake_force_configure': False, 'cmake_target': None, 'cmake_target_skip_unavailable': False, 'install_base': '/home/andre/ros2_ws/install/pose_printer', 'merge_install': False, 'path': '/home/andre/ros2_ws/src/pose_printer', 'symlink_install': False, 'test_result_base': None}
[0.361s] Level 5:colcon.colcon_core.verb:set package 'robotic_arm_model_v3' build argument 'cmake_args' from command line to 'None'
[0.361s] Level 5:colcon.colcon_core.verb:set package 'robotic_arm_model_v3' build argument 'cmake_target' from command line to 'None'
[0.361s] Level 5:colcon.colcon_core.verb:set package 'robotic_arm_model_v3' build argument 'cmake_target_skip_unavailable' from command line to 'False'
[0.361s] Level 5:colcon.colcon_core.verb:set package 'robotic_arm_model_v3' build argument 'cmake_clean_cache' from command line to 'False'
[0.361s] Level 5:colcon.colcon_core.verb:set package 'robotic_arm_model_v3' build argument 'cmake_clean_first' from command line to 'False'
[0.361s] Level 5:colcon.colcon_core.verb:set package 'robotic_arm_model_v3' build argument 'cmake_force_configure' from command line to 'False'
[0.361s] Level 5:colcon.colcon_core.verb:set package 'robotic_arm_model_v3' build argument 'ament_cmake_args' from command line to 'None'
[0.361s] Level 5:colcon.colcon_core.verb:set package 'robotic_arm_model_v3' build argument 'catkin_cmake_args' from command line to 'None'
[0.361s] Level 5:colcon.colcon_core.verb:set package 'robotic_arm_model_v3' build argument 'catkin_skip_building_tests' from command line to 'False'
[0.362s] DEBUG:colcon.colcon_core.verb:Building package 'robotic_arm_model_v3' with the following arguments: {'ament_cmake_args': None, 'build_base': '/home/andre/ros2_ws/build/robotic_arm_model_v3', 'catkin_cmake_args': None, 'catkin_skip_building_tests': False, 'cmake_args': None, 'cmake_clean_cache': False, 'cmake_clean_first': False, 'cmake_force_configure': False, 'cmake_target': None, 'cmake_target_skip_unavailable': False, 'install_base': '/home/andre/ros2_ws/install/robotic_arm_model_v3', 'merge_install': False, 'path': '/home/andre/ros2_ws/src/robotic_arm_model_v3', 'symlink_install': False, 'test_result_base': None}
[0.362s] Level 5:colcon.colcon_core.verb:set package 'robotic_arm_moveit' build argument 'cmake_args' from command line to 'None'
[0.362s] Level 5:colcon.colcon_core.verb:set package 'robotic_arm_moveit' build argument 'cmake_target' from command line to 'None'
[0.362s] Level 5:colcon.colcon_core.verb:set package 'robotic_arm_moveit' build argument 'cmake_target_skip_unavailable' from command line to 'False'
[0.362s] Level 5:colcon.colcon_core.verb:set package 'robotic_arm_moveit' build argument 'cmake_clean_cache' from command line to 'False'
[0.362s] Level 5:colcon.colcon_core.verb:set package 'robotic_arm_moveit' build argument 'cmake_clean_first' from command line to 'False'
[0.362s] Level 5:colcon.colcon_core.verb:set package 'robotic_arm_moveit' build argument 'cmake_force_configure' from command line to 'False'
[0.362s] Level 5:colcon.colcon_core.verb:set package 'robotic_arm_moveit' build argument 'ament_cmake_args' from command line to 'None'
[0.362s] Level 5:colcon.colcon_core.verb:set package 'robotic_arm_moveit' build argument 'catkin_cmake_args' from command line to 'None'
[0.362s] Level 5:colcon.colcon_core.verb:set package 'robotic_arm_moveit' build argument 'catkin_skip_building_tests' from command line to 'False'
[0.362s] DEBUG:colcon.colcon_core.verb:Building package 'robotic_arm_moveit' with the following arguments: {'ament_cmake_args': None, 'build_base': '/home/andre/ros2_ws/build/robotic_arm_moveit', 'catkin_cmake_args': None, 'catkin_skip_building_tests': False, 'cmake_args': None, 'cmake_clean_cache': False, 'cmake_clean_first': False, 'cmake_force_configure': False, 'cmake_target': None, 'cmake_target_skip_unavailable': False, 'install_base': '/home/andre/ros2_ws/install/robotic_arm_moveit', 'merge_install': False, 'path': '/home/andre/ros2_ws/src/robotic_arm_moveit', 'symlink_install': False, 'test_result_base': None}
[0.362s] Level 5:colcon.colcon_core.verb:set package 'ros_gz_interfaces' build argument 'cmake_args' from command line to 'None'
[0.362s] Level 5:colcon.colcon_core.verb:set package 'ros_gz_interfaces' build argument 'cmake_target' from command line to 'None'
[0.362s] Level 5:colcon.colcon_core.verb:set package 'ros_gz_interfaces' build argument 'cmake_target_skip_unavailable' from command line to 'False'
[0.362s] Level 5:colcon.colcon_core.verb:set package 'ros_gz_interfaces' build argument 'cmake_clean_cache' from command line to 'False'
[0.362s] Level 5:colcon.colcon_core.verb:set package 'ros_gz_interfaces' build argument 'cmake_clean_first' from command line to 'False'
[0.362s] Level 5:colcon.colcon_core.verb:set package 'ros_gz_interfaces' build argument 'cmake_force_configure' from command line to 'False'
[0.362s] Level 5:colcon.colcon_core.verb:set package 'ros_gz_interfaces' build argument 'ament_cmake_args' from command line to 'None'
[0.362s] Level 5:colcon.colcon_core.verb:set package 'ros_gz_interfaces' build argument 'catkin_cmake_args' from command line to 'None'
[0.362s] Level 5:colcon.colcon_core.verb:set package 'ros_gz_interfaces' build argument 'catkin_skip_building_tests' from command line to 'False'
[0.362s] DEBUG:colcon.colcon_core.verb:Building package 'ros_gz_interfaces' with the following arguments: {'ament_cmake_args': None, 'build_base': '/home/andre/ros2_ws/build/ros_gz_interfaces', 'catkin_cmake_args': None, 'catkin_skip_building_tests': False, 'cmake_args': None, 'cmake_clean_cache': False, 'cmake_clean_first': False, 'cmake_force_configure': False, 'cmake_target': None, 'cmake_target_skip_unavailable': False, 'install_base': '/home/andre/ros2_ws/install/ros_gz_interfaces', 'merge_install': False, 'path': '/home/andre/ros2_ws/src/ros_gz/ros_gz_interfaces', 'symlink_install': False, 'test_result_base': None}
[0.363s] Level 5:colcon.colcon_core.verb:set package 'robotic_arm_v3_config' build argument 'cmake_args' from command line to 'None'
[0.363s] Level 5:colcon.colcon_core.verb:set package 'robotic_arm_v3_config' build argument 'cmake_target' from command line to 'None'
[0.363s] Level 5:colcon.colcon_core.verb:set package 'robotic_arm_v3_config' build argument 'cmake_target_skip_unavailable' from command line to 'False'
[0.363s] Level 5:colcon.colcon_core.verb:set package 'robotic_arm_v3_config' build argument 'cmake_clean_cache' from command line to 'False'
[0.363s] Level 5:colcon.colcon_core.verb:set package 'robotic_arm_v3_config' build argument 'cmake_clean_first' from command line to 'False'
[0.363s] Level 5:colcon.colcon_core.verb:set package 'robotic_arm_v3_config' build argument 'cmake_force_configure' from command line to 'False'
[0.363s] Level 5:colcon.colcon_core.verb:set package 'robotic_arm_v3_config' build argument 'ament_cmake_args' from command line to 'None'
[0.363s] Level 5:colcon.colcon_core.verb:set package 'robotic_arm_v3_config' build argument 'catkin_cmake_args' from command line to 'None'
[0.363s] Level 5:colcon.colcon_core.verb:set package 'robotic_arm_v3_config' build argument 'catkin_skip_building_tests' from command line to 'False'
[0.363s] DEBUG:colcon.colcon_core.verb:Building package 'robotic_arm_v3_config' with the following arguments: {'ament_cmake_args': None, 'build_base': '/home/andre/ros2_ws/build/robotic_arm_v3_config', 'catkin_cmake_args': None, 'catkin_skip_building_tests': False, 'cmake_args': None, 'cmake_clean_cache': False, 'cmake_clean_first': False, 'cmake_force_configure': False, 'cmake_target': None, 'cmake_target_skip_unavailable': False, 'install_base': '/home/andre/ros2_ws/install/robotic_arm_v3_config', 'merge_install': False, 'path': '/home/andre/ros2_ws/src/robotic_arm_v3_config', 'symlink_install': False, 'test_result_base': None}
[0.363s] Level 5:colcon.colcon_core.verb:set package 'ros_gz_bridge' build argument 'cmake_args' from command line to 'None'
[0.363s] Level 5:colcon.colcon_core.verb:set package 'ros_gz_bridge' build argument 'cmake_target' from command line to 'None'
[0.363s] Level 5:colcon.colcon_core.verb:set package 'ros_gz_bridge' build argument 'cmake_target_skip_unavailable' from command line to 'False'
[0.363s] Level 5:colcon.colcon_core.verb:set package 'ros_gz_bridge' build argument 'cmake_clean_cache' from command line to 'False'
[0.363s] Level 5:colcon.colcon_core.verb:set package 'ros_gz_bridge' build argument 'cmake_clean_first' from command line to 'False'
[0.363s] Level 5:colcon.colcon_core.verb:set package 'ros_gz_bridge' build argument 'cmake_force_configure' from command line to 'False'
[0.363s] Level 5:colcon.colcon_core.verb:set package 'ros_gz_bridge' build argument 'ament_cmake_args' from command line to 'None'
[0.363s] Level 5:colcon.colcon_core.verb:set package 'ros_gz_bridge' build argument 'catkin_cmake_args' from command line to 'None'
[0.363s] Level 5:colcon.colcon_core.verb:set package 'ros_gz_bridge' build argument 'catkin_skip_building_tests' from command line to 'False'
[0.363s] DEBUG:colcon.colcon_core.verb:Building package 'ros_gz_bridge' with the following arguments: {'ament_cmake_args': None, 'build_base': '/home/andre/ros2_ws/build/ros_gz_bridge', 'catkin_cmake_args': None, 'catkin_skip_building_tests': False, 'cmake_args': None, 'cmake_clean_cache': False, 'cmake_clean_first': False, 'cmake_force_configure': False, 'cmake_target': None, 'cmake_target_skip_unavailable': False, 'install_base': '/home/andre/ros2_ws/install/ros_gz_bridge', 'merge_install': False, 'path': '/home/andre/ros2_ws/src/ros_gz/ros_gz_bridge', 'symlink_install': False, 'test_result_base': None}
[0.364s] Level 5:colcon.colcon_core.verb:set package 'ros_gz_image' build argument 'cmake_args' from command line to 'None'
[0.364s] Level 5:colcon.colcon_core.verb:set package 'ros_gz_image' build argument 'cmake_target' from command line to 'None'
[0.364s] Level 5:colcon.colcon_core.verb:set package 'ros_gz_image' build argument 'cmake_target_skip_unavailable' from command line to 'False'
[0.364s] Level 5:colcon.colcon_core.verb:set package 'ros_gz_image' build argument 'cmake_clean_cache' from command line to 'False'
[0.364s] Level 5:colcon.colcon_core.verb:set package 'ros_gz_image' build argument 'cmake_clean_first' from command line to 'False'
[0.364s] Level 5:colcon.colcon_core.verb:set package 'ros_gz_image' build argument 'cmake_force_configure' from command line to 'False'
[0.364s] Level 5:colcon.colcon_core.verb:set package 'ros_gz_image' build argument 'ament_cmake_args' from command line to 'None'
[0.364s] Level 5:colcon.colcon_core.verb:set package 'ros_gz_image' build argument 'catkin_cmake_args' from command line to 'None'
[0.364s] Level 5:colcon.colcon_core.verb:set package 'ros_gz_image' build argument 'catkin_skip_building_tests' from command line to 'False'
[0.364s] DEBUG:colcon.colcon_core.verb:Building package 'ros_gz_image' with the following arguments: {'ament_cmake_args': None, 'build_base': '/home/andre/ros2_ws/build/ros_gz_image', 'catkin_cmake_args': None, 'catkin_skip_building_tests': False, 'cmake_args': None, 'cmake_clean_cache': False, 'cmake_clean_first': False, 'cmake_force_configure': False, 'cmake_target': None, 'cmake_target_skip_unavailable': False, 'install_base': '/home/andre/ros2_ws/install/ros_gz_image', 'merge_install': False, 'path': '/home/andre/ros2_ws/src/ros_gz/ros_gz_image', 'symlink_install': False, 'test_result_base': None}
[0.364s] Level 5:colcon.colcon_core.verb:set package 'ros_gz_sim' build argument 'cmake_args' from command line to 'None'
[0.364s] Level 5:colcon.colcon_core.verb:set package 'ros_gz_sim' build argument 'cmake_target' from command line to 'None'
[0.364s] Level 5:colcon.colcon_core.verb:set package 'ros_gz_sim' build argument 'cmake_target_skip_unavailable' from command line to 'False'
[0.364s] Level 5:colcon.colcon_core.verb:set package 'ros_gz_sim' build argument 'cmake_clean_cache' from command line to 'False'
[0.364s] Level 5:colcon.colcon_core.verb:set package 'ros_gz_sim' build argument 'cmake_clean_first' from command line to 'False'
[0.364s] Level 5:colcon.colcon_core.verb:set package 'ros_gz_sim' build argument 'cmake_force_configure' from command line to 'False'
[0.364s] Level 5:colcon.colcon_core.verb:set package 'ros_gz_sim' build argument 'ament_cmake_args' from command line to 'None'
[0.364s] Level 5:colcon.colcon_core.verb:set package 'ros_gz_sim' build argument 'catkin_cmake_args' from command line to 'None'
[0.364s] Level 5:colcon.colcon_core.verb:set package 'ros_gz_sim' build argument 'catkin_skip_building_tests' from command line to 'False'
[0.364s] DEBUG:colcon.colcon_core.verb:Building package 'ros_gz_sim' with the following arguments: {'ament_cmake_args': None, 'build_base': '/home/andre/ros2_ws/build/ros_gz_sim', 'catkin_cmake_args': None, 'catkin_skip_building_tests': False, 'cmake_args': None, 'cmake_clean_cache': False, 'cmake_clean_first': False, 'cmake_force_configure': False, 'cmake_target': None, 'cmake_target_skip_unavailable': False, 'install_base': '/home/andre/ros2_ws/install/ros_gz_sim', 'merge_install': False, 'path': '/home/andre/ros2_ws/src/ros_gz/ros_gz_sim', 'symlink_install': False, 'test_result_base': None}
[0.365s] Level 5:colcon.colcon_core.verb:set package 'test_ros_gz_bridge' build argument 'cmake_args' from command line to 'None'
[0.365s] Level 5:colcon.colcon_core.verb:set package 'test_ros_gz_bridge' build argument 'cmake_target' from command line to 'None'
[0.365s] Level 5:colcon.colcon_core.verb:set package 'test_ros_gz_bridge' build argument 'cmake_target_skip_unavailable' from command line to 'False'
[0.365s] Level 5:colcon.colcon_core.verb:set package 'test_ros_gz_bridge' build argument 'cmake_clean_cache' from command line to 'False'
[0.365s] Level 5:colcon.colcon_core.verb:set package 'test_ros_gz_bridge' build argument 'cmake_clean_first' from command line to 'False'
[0.365s] Level 5:colcon.colcon_core.verb:set package 'test_ros_gz_bridge' build argument 'cmake_force_configure' from command line to 'False'
[0.365s] Level 5:colcon.colcon_core.verb:set package 'test_ros_gz_bridge' build argument 'ament_cmake_args' from command line to 'None'
[0.365s] Level 5:colcon.colcon_core.verb:set package 'test_ros_gz_bridge' build argument 'catkin_cmake_args' from command line to 'None'
[0.365s] Level 5:colcon.colcon_core.verb:set package 'test_ros_gz_bridge' build argument 'catkin_skip_building_tests' from command line to 'False'
[0.365s] DEBUG:colcon.colcon_core.verb:Building package 'test_ros_gz_bridge' with the following arguments: {'ament_cmake_args': None, 'build_base': '/home/andre/ros2_ws/build/test_ros_gz_bridge', 'catkin_cmake_args': None, 'catkin_skip_building_tests': False, 'cmake_args': None, 'cmake_clean_cache': False, 'cmake_clean_first': False, 'cmake_force_configure': False, 'cmake_target': None, 'cmake_target_skip_unavailable': False, 'install_base': '/home/andre/ros2_ws/install/test_ros_gz_bridge', 'merge_install': False, 'path': '/home/andre/ros2_ws/src/ros_gz/test_ros_gz_bridge', 'symlink_install': False, 'test_result_base': None}
[0.365s] Level 5:colcon.colcon_core.verb:set package 'ros_gz_sim_demos' build argument 'cmake_args' from command line to 'None'
[0.365s] Level 5:colcon.colcon_core.verb:set package 'ros_gz_sim_demos' build argument 'cmake_target' from command line to 'None'
[0.365s] Level 5:colcon.colcon_core.verb:set package 'ros_gz_sim_demos' build argument 'cmake_target_skip_unavailable' from command line to 'False'
[0.365s] Level 5:colcon.colcon_core.verb:set package 'ros_gz_sim_demos' build argument 'cmake_clean_cache' from command line to 'False'
[0.365s] Level 5:colcon.colcon_core.verb:set package 'ros_gz_sim_demos' build argument 'cmake_clean_first' from command line to 'False'
[0.365s] Level 5:colcon.colcon_core.verb:set package 'ros_gz_sim_demos' build argument 'cmake_force_configure' from command line to 'False'
[0.365s] Level 5:colcon.colcon_core.verb:set package 'ros_gz_sim_demos' build argument 'ament_cmake_args' from command line to 'None'
[0.365s] Level 5:colcon.colcon_core.verb:set package 'ros_gz_sim_demos' build argument 'catkin_cmake_args' from command line to 'None'
[0.365s] Level 5:colcon.colcon_core.verb:set package 'ros_gz_sim_demos' build argument 'catkin_skip_building_tests' from command line to 'False'
[0.365s] DEBUG:colcon.colcon_core.verb:Building package 'ros_gz_sim_demos' with the following arguments: {'ament_cmake_args': None, 'build_base': '/home/andre/ros2_ws/build/ros_gz_sim_demos', 'catkin_cmake_args': None, 'catkin_skip_building_tests': False, 'cmake_args': None, 'cmake_clean_cache': False, 'cmake_clean_first': False, 'cmake_force_configure': False, 'cmake_target': None, 'cmake_target_skip_unavailable': False, 'install_base': '/home/andre/ros2_ws/install/ros_gz_sim_demos', 'merge_install': False, 'path': '/home/andre/ros2_ws/src/ros_gz/ros_gz_sim_demos', 'symlink_install': False, 'test_result_base': None}
[0.365s] Level 5:colcon.colcon_core.verb:set package 'ros_gz' build argument 'cmake_args' from command line to 'None'
[0.365s] Level 5:colcon.colcon_core.verb:set package 'ros_gz' build argument 'cmake_target' from command line to 'None'
[0.365s] Level 5:colcon.colcon_core.verb:set package 'ros_gz' build argument 'cmake_target_skip_unavailable' from command line to 'False'
[0.365s] Level 5:colcon.colcon_core.verb:set package 'ros_gz' build argument 'cmake_clean_cache' from command line to 'False'
[0.365s] Level 5:colcon.colcon_core.verb:set package 'ros_gz' build argument 'cmake_clean_first' from command line to 'False'
[0.366s] Level 5:colcon.colcon_core.verb:set package 'ros_gz' build argument 'cmake_force_configure' from command line to 'False'
[0.366s] Level 5:colcon.colcon_core.verb:set package 'ros_gz' build argument 'ament_cmake_args' from command line to 'None'
[0.366s] Level 5:colcon.colcon_core.verb:set package 'ros_gz' build argument 'catkin_cmake_args' from command line to 'None'
[0.366s] Level 5:colcon.colcon_core.verb:set package 'ros_gz' build argument 'catkin_skip_building_tests' from command line to 'False'
[0.366s] DEBUG:colcon.colcon_core.verb:Building package 'ros_gz' with the following arguments: {'ament_cmake_args': None, 'build_base': '/home/andre/ros2_ws/build/ros_gz', 'catkin_cmake_args': None, 'catkin_skip_building_tests': False, 'cmake_args': None, 'cmake_clean_cache': False, 'cmake_clean_first': False, 'cmake_force_configure': False, 'cmake_target': None, 'cmake_target_skip_unavailable': False, 'install_base': '/home/andre/ros2_ws/install/ros_gz', 'merge_install': False, 'path': '/home/andre/ros2_ws/src/ros_gz/ros_gz', 'symlink_install': False, 'test_result_base': None}
[0.366s] Level 5:colcon.colcon_core.verb:set package 'gazebo' build argument 'cmake_args' from command line to 'None'
[0.366s] Level 5:colcon.colcon_core.verb:set package 'gazebo' build argument 'cmake_target' from command line to 'None'
[0.366s] Level 5:colcon.colcon_core.verb:set package 'gazebo' build argument 'cmake_target_skip_unavailable' from command line to 'False'
[0.366s] Level 5:colcon.colcon_core.verb:set package 'gazebo' build argument 'cmake_clean_cache' from command line to 'False'
[0.366s] Level 5:colcon.colcon_core.verb:set package 'gazebo' build argument 'cmake_clean_first' from command line to 'False'
[0.366s] Level 5:colcon.colcon_core.verb:set package 'gazebo' build argument 'cmake_force_configure' from command line to 'False'
[0.366s] Level 5:colcon.colcon_core.verb:set package 'gazebo' build argument 'ament_cmake_args' from command line to 'None'
[0.366s] Level 5:colcon.colcon_core.verb:set package 'gazebo' build argument 'catkin_cmake_args' from command line to 'None'
[0.366s] Level 5:colcon.colcon_core.verb:set package 'gazebo' build argument 'catkin_skip_building_tests' from command line to 'False'
[0.366s] DEBUG:colcon.colcon_core.verb:Building package 'gazebo' with the following arguments: {'ament_cmake_args': None, 'build_base': '/home/andre/ros2_ws/build/gazebo', 'catkin_cmake_args': None, 'catkin_skip_building_tests': False, 'cmake_args': None, 'cmake_clean_cache': False, 'cmake_clean_first': False, 'cmake_force_configure': False, 'cmake_target': None, 'cmake_target_skip_unavailable': False, 'install_base': '/home/andre/ros2_ws/install/gazebo', 'merge_install': False, 'path': '/home/andre/ros2_ws/src/gazebo', 'symlink_install': False, 'test_result_base': None}
[0.366s] Level 5:colcon.colcon_core.verb:set package 'robotic_arm' build argument 'cmake_args' from command line to 'None'
[0.366s] Level 5:colcon.colcon_core.verb:set package 'robotic_arm' build argument 'cmake_target' from command line to 'None'
[0.366s] Level 5:colcon.colcon_core.verb:set package 'robotic_arm' build argument 'cmake_target_skip_unavailable' from command line to 'False'
[0.366s] Level 5:colcon.colcon_core.verb:set package 'robotic_arm' build argument 'cmake_clean_cache' from command line to 'False'
[0.366s] Level 5:colcon.colcon_core.verb:set package 'robotic_arm' build argument 'cmake_clean_first' from command line to 'False'
[0.366s] Level 5:colcon.colcon_core.verb:set package 'robotic_arm' build argument 'cmake_force_configure' from command line to 'False'
[0.366s] Level 5:colcon.colcon_core.verb:set package 'robotic_arm' build argument 'ament_cmake_args' from command line to 'None'
[0.366s] Level 5:colcon.colcon_core.verb:set package 'robotic_arm' build argument 'catkin_cmake_args' from command line to 'None'
[0.366s] Level 5:colcon.colcon_core.verb:set package 'robotic_arm' build argument 'catkin_skip_building_tests' from command line to 'False'
[0.366s] DEBUG:colcon.colcon_core.verb:Building package 'robotic_arm' with the following arguments: {'ament_cmake_args': None, 'build_base': '/home/andre/ros2_ws/build/robotic_arm', 'catkin_cmake_args': None, 'catkin_skip_building_tests': False, 'cmake_args': None, 'cmake_clean_cache': False, 'cmake_clean_first': False, 'cmake_force_configure': False, 'cmake_target': None, 'cmake_target_skip_unavailable': False, 'install_base': '/home/andre/ros2_ws/install/robotic_arm', 'merge_install': False, 'path': '/home/andre/ros2_ws/src/robotic_arm', 'symlink_install': False, 'test_result_base': None}
[0.367s] Level 5:colcon.colcon_core.verb:set package 'robotic_arm_config' build argument 'cmake_args' from command line to 'None'
[0.367s] Level 5:colcon.colcon_core.verb:set package 'robotic_arm_config' build argument 'cmake_target' from command line to 'None'
[0.367s] Level 5:colcon.colcon_core.verb:set package 'robotic_arm_config' build argument 'cmake_target_skip_unavailable' from command line to 'False'
[0.367s] Level 5:colcon.colcon_core.verb:set package 'robotic_arm_config' build argument 'cmake_clean_cache' from command line to 'False'
[0.367s] Level 5:colcon.colcon_core.verb:set package 'robotic_arm_config' build argument 'cmake_clean_first' from command line to 'False'
[0.367s] Level 5:colcon.colcon_core.verb:set package 'robotic_arm_config' build argument 'cmake_force_configure' from command line to 'False'
[0.367s] Level 5:colcon.colcon_core.verb:set package 'robotic_arm_config' build argument 'ament_cmake_args' from command line to 'None'
[0.367s] Level 5:colcon.colcon_core.verb:set package 'robotic_arm_config' build argument 'catkin_cmake_args' from command line to 'None'
[0.367s] Level 5:colcon.colcon_core.verb:set package 'robotic_arm_config' build argument 'catkin_skip_building_tests' from command line to 'False'
[0.367s] DEBUG:colcon.colcon_core.verb:Building package 'robotic_arm_config' with the following arguments: {'ament_cmake_args': None, 'build_base': '/home/andre/ros2_ws/build/robotic_arm_config', 'catkin_cmake_args': None, 'catkin_skip_building_tests': False, 'cmake_args': None, 'cmake_clean_cache': False, 'cmake_clean_first': False, 'cmake_force_configure': False, 'cmake_target': None, 'cmake_target_skip_unavailable': False, 'install_base': '/home/andre/ros2_ws/install/robotic_arm_config', 'merge_install': False, 'path': '/home/andre/ros2_ws/src/robotic_arm_config', 'symlink_install': False, 'test_result_base': None}
[0.367s] INFO:colcon.colcon_core.executor:Executing jobs using 'parallel' executor
[0.368s] DEBUG:colcon.colcon_parallel_executor.executor.parallel:run_until_complete
[0.368s] INFO:colcon.colcon_ros.task.ament_cmake.build:Building ROS package in '/home/andre/ros2_ws/src/ros_gz/ros_gz_interfaces' with build type 'ament_cmake'
[0.369s] INFO:colcon.colcon_cmake.task.cmake.build:Building CMake package in '/home/andre/ros2_ws/src/ros_gz/ros_gz_interfaces'
[0.371s] INFO:colcon.colcon_core.plugin_system:Skipping extension 'colcon_core.shell.bat': Not used on non-Windows systems
[0.372s] INFO:colcon.colcon_core.shell:Skip shell extension 'powershell' for command environment: Not usable outside of PowerShell
[0.372s] DEBUG:colcon.colcon_core.shell:Skip shell extension 'dsv' for command environment
[0.376s] INFO:colcon.colcon_ros.task.ament_cmake.build:Building ROS package in '/home/andre/ros2_ws/src/robotic_arm_model_v3' with build type 'ament_cmake'
[0.376s] INFO:colcon.colcon_cmake.task.cmake.build:Building CMake package in '/home/andre/ros2_ws/src/robotic_arm_model_v3'
[0.376s] INFO:colcon.colcon_core.shell:Skip shell extension 'powershell' for command environment: Not usable outside of PowerShell
[0.376s] DEBUG:colcon.colcon_core.shell:Skip shell extension 'dsv' for command environment
[0.381s] INFO:colcon.colcon_ros.task.ament_cmake.build:Building ROS package in '/home/andre/ros2_ws/src/cpp_pubsub' with build type 'ament_cmake'
[0.381s] INFO:colcon.colcon_cmake.task.cmake.build:Building CMake package in '/home/andre/ros2_ws/src/cpp_pubsub'
[0.381s] INFO:colcon.colcon_core.shell:Skip shell extension 'powershell' for command environment: Not usable outside of PowerShell
[0.381s] DEBUG:colcon.colcon_core.shell:Skip shell extension 'dsv' for command environment
[0.386s] INFO:colcon.colcon_ros.task.ament_cmake.build:Building ROS package in '/home/andre/ros2_ws/src/hello_moveit' with build type 'ament_cmake'
[0.387s] INFO:colcon.colcon_cmake.task.cmake.build:Building CMake package in '/home/andre/ros2_ws/src/hello_moveit'
[0.387s] INFO:colcon.colcon_core.shell:Skip shell extension 'powershell' for command environment: Not usable outside of PowerShell
[0.387s] DEBUG:colcon.colcon_core.shell:Skip shell extension 'dsv' for command environment
[0.396s] DEBUG:colcon.colcon_core.event_handler.log_command:Invoking command in '/home/andre/ros2_ws/build/ros_gz_interfaces': CMAKE_PREFIX_PATH=${CMAKE_PREFIX_PATH}:/home/andre/ros2_ws/install/pose_printer:/home/andre/ros2_ws/install/moveit_controls:/opt/ros/jazzy DEBUGINFOD_URLS=https://debuginfod.ubuntu.com /usr/bin/cmake /home/andre/ros2_ws/src/ros_gz/ros_gz_interfaces -DCMAKE_INSTALL_PREFIX=/home/andre/ros2_ws/install/ros_gz_interfaces
[0.398s] DEBUG:colcon.colcon_core.event_handler.log_command:Invoking command in '/home/andre/ros2_ws/build/robotic_arm_model_v3': CMAKE_PREFIX_PATH=${CMAKE_PREFIX_PATH}:/home/andre/ros2_ws/install/pose_printer:/home/andre/ros2_ws/install/moveit_controls:/opt/ros/jazzy DEBUGINFOD_URLS=https://debuginfod.ubuntu.com /usr/bin/cmake /home/andre/ros2_ws/src/robotic_arm_model_v3 -DCMAKE_INSTALL_PREFIX=/home/andre/ros2_ws/install/robotic_arm_model_v3
[0.400s] DEBUG:colcon.colcon_core.event_handler.log_command:Invoking command in '/home/andre/ros2_ws/build/cpp_pubsub': CMAKE_PREFIX_PATH=${CMAKE_PREFIX_PATH}:/home/andre/ros2_ws/install/pose_printer:/home/andre/ros2_ws/install/moveit_controls:/opt/ros/jazzy DEBUGINFOD_URLS=https://debuginfod.ubuntu.com /usr/bin/cmake /home/andre/ros2_ws/src/cpp_pubsub -DCMAKE_INSTALL_PREFIX=/home/andre/ros2_ws/install/cpp_pubsub
[0.407s] DEBUG:colcon.colcon_core.event_handler.log_command:Invoking command in '/home/andre/ros2_ws/build/hello_moveit': CMAKE_PREFIX_PATH=${CMAKE_PREFIX_PATH}:/home/andre/ros2_ws/install/pose_printer:/home/andre/ros2_ws/install/moveit_controls:/opt/ros/jazzy DEBUGINFOD_URLS=https://debuginfod.ubuntu.com /usr/bin/cmake /home/andre/ros2_ws/src/hello_moveit -DCMAKE_INSTALL_PREFIX=/home/andre/ros2_ws/install/hello_moveit
[1.697s] DEBUG:colcon.colcon_core.event_handler.log_command:Invoked command in '/home/andre/ros2_ws/build/robotic_arm_model_v3' returned '0': CMAKE_PREFIX_PATH=${CMAKE_PREFIX_PATH}:/home/andre/ros2_ws/install/pose_printer:/home/andre/ros2_ws/install/moveit_controls:/opt/ros/jazzy DEBUGINFOD_URLS=https://debuginfod.ubuntu.com /usr/bin/cmake /home/andre/ros2_ws/src/robotic_arm_model_v3 -DCMAKE_INSTALL_PREFIX=/home/andre/ros2_ws/install/robotic_arm_model_v3
[1.700s] DEBUG:colcon.colcon_core.event_handler.log_command:Invoking command in '/home/andre/ros2_ws/build/robotic_arm_model_v3': CMAKE_PREFIX_PATH=${CMAKE_PREFIX_PATH}:/home/andre/ros2_ws/install/pose_printer:/home/andre/ros2_ws/install/moveit_controls:/opt/ros/jazzy DEBUGINFOD_URLS=https://debuginfod.ubuntu.com /usr/bin/cmake --build /home/andre/ros2_ws/build/robotic_arm_model_v3 -- -j4 -l4
[1.745s] DEBUG:colcon.colcon_core.event_handler.log_command:Invoked command in '/home/andre/ros2_ws/build/robotic_arm_model_v3' returned '0': CMAKE_PREFIX_PATH=${CMAKE_PREFIX_PATH}:/home/andre/ros2_ws/install/pose_printer:/home/andre/ros2_ws/install/moveit_controls:/opt/ros/jazzy DEBUGINFOD_URLS=https://debuginfod.ubuntu.com /usr/bin/cmake --build /home/andre/ros2_ws/build/robotic_arm_model_v3 -- -j4 -l4
[1.759s] DEBUG:colcon.colcon_core.event_handler.log_command:Invoking command in '/home/andre/ros2_ws/build/robotic_arm_model_v3': CMAKE_PREFIX_PATH=${CMAKE_PREFIX_PATH}:/home/andre/ros2_ws/install/pose_printer:/home/andre/ros2_ws/install/moveit_controls:/opt/ros/jazzy DEBUGINFOD_URLS=https://debuginfod.ubuntu.com /usr/bin/cmake --install /home/andre/ros2_ws/build/robotic_arm_model_v3
[1.796s] Level 1:colcon.colcon_core.environment:create_environment_scripts_only(robotic_arm_model_v3)
[1.797s] DEBUG:colcon.colcon_core.event_handler.log_command:Invoked command in '/home/andre/ros2_ws/build/robotic_arm_model_v3' returned '0': CMAKE_PREFIX_PATH=${CMAKE_PREFIX_PATH}:/home/andre/ros2_ws/install/pose_printer:/home/andre/ros2_ws/install/moveit_controls:/opt/ros/jazzy DEBUGINFOD_URLS=https://debuginfod.ubuntu.com /usr/bin/cmake --install /home/andre/ros2_ws/build/robotic_arm_model_v3
[1.801s] Level 1:colcon.colcon_core.environment:checking '/home/andre/ros2_ws/install/robotic_arm_model_v3' for CMake module files
[1.801s] Level 1:colcon.colcon_core.environment:checking '/home/andre/ros2_ws/install/robotic_arm_model_v3' for CMake config files
[1.802s] Level 1:colcon.colcon_core.shell:create_environment_hook('robotic_arm_model_v3', 'cmake_prefix_path')
[1.802s] INFO:colcon.colcon_core.shell:Creating environment hook '/home/andre/ros2_ws/install/robotic_arm_model_v3/share/robotic_arm_model_v3/hook/cmake_prefix_path.ps1'
[1.803s] INFO:colcon.colcon_core.shell:Creating environment descriptor '/home/andre/ros2_ws/install/robotic_arm_model_v3/share/robotic_arm_model_v3/hook/cmake_prefix_path.dsv'
[1.803s] INFO:colcon.colcon_core.shell:Creating environment hook '/home/andre/ros2_ws/install/robotic_arm_model_v3/share/robotic_arm_model_v3/hook/cmake_prefix_path.sh'
[1.804s] Level 1:colcon.colcon_core.environment:checking '/home/andre/ros2_ws/install/robotic_arm_model_v3/bin'
[1.804s] Level 1:colcon.colcon_core.environment:checking '/home/andre/ros2_ws/install/robotic_arm_model_v3/lib/pkgconfig/robotic_arm_model_v3.pc'
[1.805s] Level 1:colcon.colcon_core.environment:checking '/home/andre/ros2_ws/install/robotic_arm_model_v3/lib/python3.12/site-packages'
[1.805s] Level 1:colcon.colcon_core.environment:checking '/home/andre/ros2_ws/install/robotic_arm_model_v3/bin'
[1.805s] INFO:colcon.colcon_core.shell:Creating package script '/home/andre/ros2_ws/install/robotic_arm_model_v3/share/robotic_arm_model_v3/package.ps1'
[1.806s] INFO:colcon.colcon_core.shell:Creating package descriptor '/home/andre/ros2_ws/install/robotic_arm_model_v3/share/robotic_arm_model_v3/package.dsv'
[1.807s] INFO:colcon.colcon_core.shell:Creating package script '/home/andre/ros2_ws/install/robotic_arm_model_v3/share/robotic_arm_model_v3/package.sh'
[1.808s] INFO:colcon.colcon_core.shell:Creating package script '/home/andre/ros2_ws/install/robotic_arm_model_v3/share/robotic_arm_model_v3/package.bash'
[1.809s] INFO:colcon.colcon_core.shell:Creating package script '/home/andre/ros2_ws/install/robotic_arm_model_v3/share/robotic_arm_model_v3/package.zsh'
[1.809s] Level 1:colcon.colcon_core.environment:create_file_with_runtime_dependencies(/home/andre/ros2_ws/install/robotic_arm_model_v3/share/colcon-core/packages/robotic_arm_model_v3)
[1.810s] Level 1:colcon.colcon_core.environment:create_environment_scripts_only(robotic_arm_model_v3)
[1.810s] Level 1:colcon.colcon_core.environment:checking '/home/andre/ros2_ws/install/robotic_arm_model_v3' for CMake module files
[1.811s] Level 1:colcon.colcon_core.environment:checking '/home/andre/ros2_ws/install/robotic_arm_model_v3' for CMake config files
[1.811s] Level 1:colcon.colcon_core.shell:create_environment_hook('robotic_arm_model_v3', 'cmake_prefix_path')
[1.811s] INFO:colcon.colcon_core.shell:Creating environment hook '/home/andre/ros2_ws/install/robotic_arm_model_v3/share/robotic_arm_model_v3/hook/cmake_prefix_path.ps1'
[1.812s] INFO:colcon.colcon_core.shell:Creating environment descriptor '/home/andre/ros2_ws/install/robotic_arm_model_v3/share/robotic_arm_model_v3/hook/cmake_prefix_path.dsv'
[1.812s] INFO:colcon.colcon_core.shell:Creating environment hook '/home/andre/ros2_ws/install/robotic_arm_model_v3/share/robotic_arm_model_v3/hook/cmake_prefix_path.sh'
[1.813s] Level 1:colcon.colcon_core.environment:checking '/home/andre/ros2_ws/install/robotic_arm_model_v3/bin'
[1.813s] Level 1:colcon.colcon_core.environment:checking '/home/andre/ros2_ws/install/robotic_arm_model_v3/lib/pkgconfig/robotic_arm_model_v3.pc'
[1.813s] Level 1:colcon.colcon_core.environment:checking '/home/andre/ros2_ws/install/robotic_arm_model_v3/lib/python3.12/site-packages'
[1.813s] Level 1:colcon.colcon_core.environment:checking '/home/andre/ros2_ws/install/robotic_arm_model_v3/bin'
[1.814s] INFO:colcon.colcon_core.shell:Creating package script '/home/andre/ros2_ws/install/robotic_arm_model_v3/share/robotic_arm_model_v3/package.ps1'
[1.815s] INFO:colcon.colcon_core.shell:Creating package descriptor '/home/andre/ros2_ws/install/robotic_arm_model_v3/share/robotic_arm_model_v3/package.dsv'
[1.815s] INFO:colcon.colcon_core.shell:Creating package script '/home/andre/ros2_ws/install/robotic_arm_model_v3/share/robotic_arm_model_v3/package.sh'
[1.816s] INFO:colcon.colcon_core.shell:Creating package script '/home/andre/ros2_ws/install/robotic_arm_model_v3/share/robotic_arm_model_v3/package.bash'
[1.816s] INFO:colcon.colcon_core.shell:Creating package script '/home/andre/ros2_ws/install/robotic_arm_model_v3/share/robotic_arm_model_v3/package.zsh'
[1.817s] Level 1:colcon.colcon_core.environment:create_file_with_runtime_dependencies(/home/andre/ros2_ws/install/robotic_arm_model_v3/share/colcon-core/packages/robotic_arm_model_v3)
[1.817s] INFO:colcon.colcon_ros.task.ament_cmake.build:Building ROS package in '/home/andre/ros2_ws/src/move_program' with build type 'ament_cmake'
[1.817s] INFO:colcon.colcon_cmake.task.cmake.build:Building CMake package in '/home/andre/ros2_ws/src/move_program'
[1.817s] INFO:colcon.colcon_core.shell:Skip shell extension 'powershell' for command environment: Not usable outside of PowerShell
[1.818s] DEBUG:colcon.colcon_core.shell:Skip shell extension 'dsv' for command environment
[1.836s] DEBUG:colcon.colcon_core.event_handler.log_command:Invoking command in '/home/andre/ros2_ws/build/move_program': CMAKE_PREFIX_PATH=${CMAKE_PREFIX_PATH}:/home/andre/ros2_ws/install/pose_printer:/home/andre/ros2_ws/install/moveit_controls:/opt/ros/jazzy DEBUGINFOD_URLS=https://debuginfod.ubuntu.com /usr/bin/cmake /home/andre/ros2_ws/src/move_program -DCMAKE_INSTALL_PREFIX=/home/andre/ros2_ws/install/move_program
[2.399s] DEBUG:colcon.colcon_core.event_handler.log_command:Invoked command in '/home/andre/ros2_ws/build/cpp_pubsub' returned '0': CMAKE_PREFIX_PATH=${CMAKE_PREFIX_PATH}:/home/andre/ros2_ws/install/pose_printer:/home/andre/ros2_ws/install/moveit_controls:/opt/ros/jazzy DEBUGINFOD_URLS=https://debuginfod.ubuntu.com /usr/bin/cmake /home/andre/ros2_ws/src/cpp_pubsub -DCMAKE_INSTALL_PREFIX=/home/andre/ros2_ws/install/cpp_pubsub
[2.400s] DEBUG:colcon.colcon_core.event_handler.log_command:Invoking command in '/home/andre/ros2_ws/build/cpp_pubsub': CMAKE_PREFIX_PATH=${CMAKE_PREFIX_PATH}:/home/andre/ros2_ws/install/pose_printer:/home/andre/ros2_ws/install/moveit_controls:/opt/ros/jazzy DEBUGINFOD_URLS=https://debuginfod.ubuntu.com /usr/bin/cmake --build /home/andre/ros2_ws/build/cpp_pubsub -- -j4 -l4
[5.020s] DEBUG:colcon.colcon_core.event_handler.log_command:Invoked command in '/home/andre/ros2_ws/build/hello_moveit' returned '0': CMAKE_PREFIX_PATH=${CMAKE_PREFIX_PATH}:/home/andre/ros2_ws/install/pose_printer:/home/andre/ros2_ws/install/moveit_controls:/opt/ros/jazzy DEBUGINFOD_URLS=https://debuginfod.ubuntu.com /usr/bin/cmake /home/andre/ros2_ws/src/hello_moveit -DCMAKE_INSTALL_PREFIX=/home/andre/ros2_ws/install/hello_moveit
[5.020s] DEBUG:colcon.colcon_core.event_handler.log_command:Invoking command in '/home/andre/ros2_ws/build/hello_moveit': CMAKE_PREFIX_PATH=${CMAKE_PREFIX_PATH}:/home/andre/ros2_ws/install/pose_printer:/home/andre/ros2_ws/install/moveit_controls:/opt/ros/jazzy DEBUGINFOD_URLS=https://debuginfod.ubuntu.com /usr/bin/cmake --build /home/andre/ros2_ws/build/hello_moveit -- -j4 -l4
[5.744s] DEBUG:colcon.colcon_core.event_handler.log_command:Invoked command in '/home/andre/ros2_ws/build/move_program' returned '0': CMAKE_PREFIX_PATH=${CMAKE_PREFIX_PATH}:/home/andre/ros2_ws/install/pose_printer:/home/andre/ros2_ws/install/moveit_controls:/opt/ros/jazzy DEBUGINFOD_URLS=https://debuginfod.ubuntu.com /usr/bin/cmake /home/andre/ros2_ws/src/move_program -DCMAKE_INSTALL_PREFIX=/home/andre/ros2_ws/install/move_program
[5.744s] DEBUG:colcon.colcon_core.event_handler.log_command:Invoking command in '/home/andre/ros2_ws/build/move_program': CMAKE_PREFIX_PATH=${CMAKE_PREFIX_PATH}:/home/andre/ros2_ws/install/pose_printer:/home/andre/ros2_ws/install/moveit_controls:/opt/ros/jazzy DEBUGINFOD_URLS=https://debuginfod.ubuntu.com /usr/bin/cmake --build /home/andre/ros2_ws/build/move_program -- -j4 -l4
[7.326s] DEBUG:colcon.colcon_core.event_handler.log_command:Invoked command in '/home/andre/ros2_ws/build/ros_gz_interfaces' returned '0': CMAKE_PREFIX_PATH=${CMAKE_PREFIX_PATH}:/home/andre/ros2_ws/install/pose_printer:/home/andre/ros2_ws/install/moveit_controls:/opt/ros/jazzy DEBUGINFOD_URLS=https://debuginfod.ubuntu.com /usr/bin/cmake /home/andre/ros2_ws/src/ros_gz/ros_gz_interfaces -DCMAKE_INSTALL_PREFIX=/home/andre/ros2_ws/install/ros_gz_interfaces
[7.327s] DEBUG:colcon.colcon_core.event_handler.log_command:Invoking command in '/home/andre/ros2_ws/build/ros_gz_interfaces': CMAKE_PREFIX_PATH=${CMAKE_PREFIX_PATH}:/home/andre/ros2_ws/install/pose_printer:/home/andre/ros2_ws/install/moveit_controls:/opt/ros/jazzy DEBUGINFOD_URLS=https://debuginfod.ubuntu.com /usr/bin/cmake --build /home/andre/ros2_ws/build/ros_gz_interfaces -- -j4 -l4
[19.437s] DEBUG:colcon.colcon_core.event_handler.log_command:Invoked command in '/home/andre/ros2_ws/build/move_program' returned '0': CMAKE_PREFIX_PATH=${CMAKE_PREFIX_PATH}:/home/andre/ros2_ws/install/pose_printer:/home/andre/ros2_ws/install/moveit_controls:/opt/ros/jazzy DEBUGINFOD_URLS=https://debuginfod.ubuntu.com /usr/bin/cmake --build /home/andre/ros2_ws/build/move_program -- -j4 -l4
[19.439s] DEBUG:colcon.colcon_core.event_handler.log_command:Invoking command in '/home/andre/ros2_ws/build/move_program': CMAKE_PREFIX_PATH=${CMAKE_PREFIX_PATH}:/home/andre/ros2_ws/install/pose_printer:/home/andre/ros2_ws/install/moveit_controls:/opt/ros/jazzy DEBUGINFOD_URLS=https://debuginfod.ubuntu.com /usr/bin/cmake --install /home/andre/ros2_ws/build/move_program
[19.482s] Level 1:colcon.colcon_core.environment:create_environment_scripts_only(move_program)
[19.482s] Level 1:colcon.colcon_core.environment:checking '/home/andre/ros2_ws/install/move_program' for CMake module files
[19.483s] DEBUG:colcon.colcon_core.event_handler.log_command:Invoked command in '/home/andre/ros2_ws/build/move_program' returned '0': CMAKE_PREFIX_PATH=${CMAKE_PREFIX_PATH}:/home/andre/ros2_ws/install/pose_printer:/home/andre/ros2_ws/install/moveit_controls:/opt/ros/jazzy DEBUGINFOD_URLS=https://debuginfod.ubuntu.com /usr/bin/cmake --install /home/andre/ros2_ws/build/move_program
[19.484s] Level 1:colcon.colcon_core.environment:checking '/home/andre/ros2_ws/install/move_program' for CMake config files
[19.484s] Level 1:colcon.colcon_core.shell:create_environment_hook('move_program', 'cmake_prefix_path')
[19.485s] INFO:colcon.colcon_core.shell:Creating environment hook '/home/andre/ros2_ws/install/move_program/share/move_program/hook/cmake_prefix_path.ps1'
[19.486s] INFO:colcon.colcon_core.shell:Creating environment descriptor '/home/andre/ros2_ws/install/move_program/share/move_program/hook/cmake_prefix_path.dsv'
[19.489s] INFO:colcon.colcon_core.shell:Creating environment hook '/home/andre/ros2_ws/install/move_program/share/move_program/hook/cmake_prefix_path.sh'
[19.490s] Level 1:colcon.colcon_core.environment:checking '/home/andre/ros2_ws/install/move_program/lib'
[19.493s] Level 1:colcon.colcon_core.environment:checking '/home/andre/ros2_ws/install/move_program/bin'
[19.493s] Level 1:colcon.colcon_core.environment:checking '/home/andre/ros2_ws/install/move_program/lib/pkgconfig/move_program.pc'
[19.494s] Level 1:colcon.colcon_core.environment:checking '/home/andre/ros2_ws/install/move_program/lib/python3.12/site-packages'
[19.494s] Level 1:colcon.colcon_core.environment:checking '/home/andre/ros2_ws/install/move_program/bin'
[19.495s] INFO:colcon.colcon_core.shell:Creating package script '/home/andre/ros2_ws/install/move_program/share/move_program/package.ps1'
[19.498s] INFO:colcon.colcon_core.shell:Creating package descriptor '/home/andre/ros2_ws/install/move_program/share/move_program/package.dsv'
[19.499s] INFO:colcon.colcon_core.shell:Creating package script '/home/andre/ros2_ws/install/move_program/share/move_program/package.sh'
[19.500s] INFO:colcon.colcon_core.shell:Creating package script '/home/andre/ros2_ws/install/move_program/share/move_program/package.bash'
[19.503s] INFO:colcon.colcon_core.shell:Creating package script '/home/andre/ros2_ws/install/move_program/share/move_program/package.zsh'
[19.504s] Level 1:colcon.colcon_core.environment:create_file_with_runtime_dependencies(/home/andre/ros2_ws/install/move_program/share/colcon-core/packages/move_program)
[19.506s] Level 1:colcon.colcon_core.environment:create_environment_scripts_only(move_program)
[19.506s] Level 1:colcon.colcon_core.environment:checking '/home/andre/ros2_ws/install/move_program' for CMake module files
[19.507s] Level 1:colcon.colcon_core.environment:checking '/home/andre/ros2_ws/install/move_program' for CMake config files
[19.507s] Level 1:colcon.colcon_core.shell:create_environment_hook('move_program', 'cmake_prefix_path')
[19.507s] INFO:colcon.colcon_core.shell:Creating environment hook '/home/andre/ros2_ws/install/move_program/share/move_program/hook/cmake_prefix_path.ps1'
[19.511s] INFO:colcon.colcon_core.shell:Creating environment descriptor '/home/andre/ros2_ws/install/move_program/share/move_program/hook/cmake_prefix_path.dsv'
[19.511s] INFO:colcon.colcon_core.shell:Creating environment hook '/home/andre/ros2_ws/install/move_program/share/move_program/hook/cmake_prefix_path.sh'
[19.512s] Level 1:colcon.colcon_core.environment:checking '/home/andre/ros2_ws/install/move_program/lib'
[19.512s] Level 1:colcon.colcon_core.environment:checking '/home/andre/ros2_ws/install/move_program/bin'
[19.512s] Level 1:colcon.colcon_core.environment:checking '/home/andre/ros2_ws/install/move_program/lib/pkgconfig/move_program.pc'
[19.513s] Level 1:colcon.colcon_core.environment:checking '/home/andre/ros2_ws/install/move_program/lib/python3.12/site-packages'
[19.513s] Level 1:colcon.colcon_core.environment:checking '/home/andre/ros2_ws/install/move_program/bin'
[19.513s] INFO:colcon.colcon_core.shell:Creating package script '/home/andre/ros2_ws/install/move_program/share/move_program/package.ps1'
[19.514s] INFO:colcon.colcon_core.shell:Creating package descriptor '/home/andre/ros2_ws/install/move_program/share/move_program/package.dsv'
[19.515s] INFO:colcon.colcon_core.shell:Creating package script '/home/andre/ros2_ws/install/move_program/share/move_program/package.sh'
[19.515s] INFO:colcon.colcon_core.shell:Creating package script '/home/andre/ros2_ws/install/move_program/share/move_program/package.bash'
[19.516s] INFO:colcon.colcon_core.shell:Creating package script '/home/andre/ros2_ws/install/move_program/share/move_program/package.zsh'
[19.516s] Level 1:colcon.colcon_core.environment:create_file_with_runtime_dependencies(/home/andre/ros2_ws/install/move_program/share/colcon-core/packages/move_program)
[19.519s] INFO:colcon.colcon_ros.task.ament_python.build:Building ROS package in '/home/andre/ros2_ws/src/moveit_controls' with build type 'ament_python'
[19.519s] Level 1:colcon.colcon_core.shell:create_environment_hook('moveit_controls', 'ament_prefix_path')
[19.519s] INFO:colcon.colcon_core.shell:Creating environment hook '/home/andre/ros2_ws/install/moveit_controls/share/moveit_controls/hook/ament_prefix_path.ps1'
[19.523s] INFO:colcon.colcon_core.shell:Creating environment descriptor '/home/andre/ros2_ws/install/moveit_controls/share/moveit_controls/hook/ament_prefix_path.dsv'
[19.524s] INFO:colcon.colcon_core.shell:Creating environment hook '/home/andre/ros2_ws/install/moveit_controls/share/moveit_controls/hook/ament_prefix_path.sh'
[19.525s] INFO:colcon.colcon_core.shell:Skip shell extension 'powershell' for command environment: Not usable outside of PowerShell
[19.525s] DEBUG:colcon.colcon_core.shell:Skip shell extension 'dsv' for command environment
[20.043s] INFO:colcon.colcon_core.task.python.build:Building Python package in '/home/andre/ros2_ws/src/moveit_controls'
[20.044s] INFO:colcon.colcon_core.shell:Skip shell extension 'powershell' for command environment: Not usable outside of PowerShell
[20.044s] DEBUG:colcon.colcon_core.shell:Skip shell extension 'dsv' for command environment
[20.113s] DEBUG:colcon.colcon_core.event_handler.log_command:Invoked command in '/home/andre/ros2_ws/build/cpp_pubsub' returned '0': CMAKE_PREFIX_PATH=${CMAKE_PREFIX_PATH}:/home/andre/ros2_ws/install/pose_printer:/home/andre/ros2_ws/install/moveit_controls:/opt/ros/jazzy DEBUGINFOD_URLS=https://debuginfod.ubuntu.com /usr/bin/cmake --build /home/andre/ros2_ws/build/cpp_pubsub -- -j4 -l4
[20.115s] DEBUG:colcon.colcon_core.event_handler.log_command:Invoking command in '/home/andre/ros2_ws/build/cpp_pubsub': CMAKE_PREFIX_PATH=${CMAKE_PREFIX_PATH}:/home/andre/ros2_ws/install/pose_printer:/home/andre/ros2_ws/install/moveit_controls:/opt/ros/jazzy DEBUGINFOD_URLS=https://debuginfod.ubuntu.com /usr/bin/cmake --install /home/andre/ros2_ws/build/cpp_pubsub
[20.140s] Level 1:colcon.colcon_core.environment:create_environment_scripts_only(cpp_pubsub)
[20.141s] Level 1:colcon.colcon_core.environment:checking '/home/andre/ros2_ws/install/cpp_pubsub' for CMake module files
[20.141s] Level 1:colcon.colcon_core.environment:checking '/home/andre/ros2_ws/install/cpp_pubsub' for CMake config files
[20.145s] Level 1:colcon.colcon_core.shell:create_environment_hook('cpp_pubsub', 'cmake_prefix_path')
[20.145s] INFO:colcon.colcon_core.shell:Creating environment hook '/home/andre/ros2_ws/install/cpp_pubsub/share/cpp_pubsub/hook/cmake_prefix_path.ps1'
[20.146s] INFO:colcon.colcon_core.shell:Creating environment descriptor '/home/andre/ros2_ws/install/cpp_pubsub/share/cpp_pubsub/hook/cmake_prefix_path.dsv'
[20.146s] INFO:colcon.colcon_core.shell:Creating environment hook '/home/andre/ros2_ws/install/cpp_pubsub/share/cpp_pubsub/hook/cmake_prefix_path.sh'
[20.149s] DEBUG:colcon.colcon_core.event_handler.log_command:Invoked command in '/home/andre/ros2_ws/build/cpp_pubsub' returned '0': CMAKE_PREFIX_PATH=${CMAKE_PREFIX_PATH}:/home/andre/ros2_ws/install/pose_printer:/home/andre/ros2_ws/install/moveit_controls:/opt/ros/jazzy DEBUGINFOD_URLS=https://debuginfod.ubuntu.com /usr/bin/cmake --install /home/andre/ros2_ws/build/cpp_pubsub
[20.150s] Level 1:colcon.colcon_core.environment:checking '/home/andre/ros2_ws/install/cpp_pubsub/lib'
[20.150s] Level 1:colcon.colcon_core.environment:checking '/home/andre/ros2_ws/install/cpp_pubsub/bin'
[20.150s] Level 1:colcon.colcon_core.environment:checking '/home/andre/ros2_ws/install/cpp_pubsub/lib/pkgconfig/cpp_pubsub.pc'
[20.151s] Level 1:colcon.colcon_core.environment:checking '/home/andre/ros2_ws/install/cpp_pubsub/lib/python3.12/site-packages'
[20.151s] Level 1:colcon.colcon_core.environment:checking '/home/andre/ros2_ws/install/cpp_pubsub/bin'
[20.152s] INFO:colcon.colcon_core.shell:Creating package script '/home/andre/ros2_ws/install/cpp_pubsub/share/cpp_pubsub/package.ps1'
[20.154s] INFO:colcon.colcon_core.shell:Creating package descriptor '/home/andre/ros2_ws/install/cpp_pubsub/share/cpp_pubsub/package.dsv'
[20.155s] INFO:colcon.colcon_core.shell:Creating package script '/home/andre/ros2_ws/install/cpp_pubsub/share/cpp_pubsub/package.sh'
[20.155s] INFO:colcon.colcon_core.shell:Creating package script '/home/andre/ros2_ws/install/cpp_pubsub/share/cpp_pubsub/package.bash'
[20.155s] INFO:colcon.colcon_core.shell:Creating package script '/home/andre/ros2_ws/install/cpp_pubsub/share/cpp_pubsub/package.zsh'
[20.157s] Level 1:colcon.colcon_core.environment:create_file_with_runtime_dependencies(/home/andre/ros2_ws/install/cpp_pubsub/share/colcon-core/packages/cpp_pubsub)
[20.158s] Level 1:colcon.colcon_core.environment:create_environment_scripts_only(cpp_pubsub)
[20.158s] Level 1:colcon.colcon_core.environment:checking '/home/andre/ros2_ws/install/cpp_pubsub' for CMake module files
[20.159s] Level 1:colcon.colcon_core.environment:checking '/home/andre/ros2_ws/install/cpp_pubsub' for CMake config files
[20.159s] Level 1:colcon.colcon_core.shell:create_environment_hook('cpp_pubsub', 'cmake_prefix_path')
[20.159s] INFO:colcon.colcon_core.shell:Creating environment hook '/home/andre/ros2_ws/install/cpp_pubsub/share/cpp_pubsub/hook/cmake_prefix_path.ps1'
[20.160s] INFO:colcon.colcon_core.shell:Creating environment descriptor '/home/andre/ros2_ws/install/cpp_pubsub/share/cpp_pubsub/hook/cmake_prefix_path.dsv'
[20.160s] INFO:colcon.colcon_core.shell:Creating environment hook '/home/andre/ros2_ws/install/cpp_pubsub/share/cpp_pubsub/hook/cmake_prefix_path.sh'
[20.161s] Level 1:colcon.colcon_core.environment:checking '/home/andre/ros2_ws/install/cpp_pubsub/lib'
[20.161s] Level 1:colcon.colcon_core.environment:checking '/home/andre/ros2_ws/install/cpp_pubsub/bin'
[20.161s] Level 1:colcon.colcon_core.environment:checking '/home/andre/ros2_ws/install/cpp_pubsub/lib/pkgconfig/cpp_pubsub.pc'
[20.162s] Level 1:colcon.colcon_core.environment:checking '/home/andre/ros2_ws/install/cpp_pubsub/lib/python3.12/site-packages'
[20.162s] Level 1:colcon.colcon_core.environment:checking '/home/andre/ros2_ws/install/cpp_pubsub/bin'
[20.162s] INFO:colcon.colcon_core.shell:Creating package script '/home/andre/ros2_ws/install/cpp_pubsub/share/cpp_pubsub/package.ps1'
[20.164s] INFO:colcon.colcon_core.shell:Creating package descriptor '/home/andre/ros2_ws/install/cpp_pubsub/share/cpp_pubsub/package.dsv'
[20.164s] INFO:colcon.colcon_core.shell:Creating package script '/home/andre/ros2_ws/install/cpp_pubsub/share/cpp_pubsub/package.sh'
[20.166s] INFO:colcon.colcon_core.shell:Creating package script '/home/andre/ros2_ws/install/cpp_pubsub/share/cpp_pubsub/package.bash'
[20.167s] INFO:colcon.colcon_core.shell:Creating package script '/home/andre/ros2_ws/install/cpp_pubsub/share/cpp_pubsub/package.zsh'
[20.167s] Level 1:colcon.colcon_core.environment:create_file_with_runtime_dependencies(/home/andre/ros2_ws/install/cpp_pubsub/share/colcon-core/packages/cpp_pubsub)
[20.168s] INFO:colcon.colcon_ros.task.ament_python.build:Building ROS package in '/home/andre/ros2_ws/src/pose_printer' with build type 'ament_python'
[20.169s] Level 1:colcon.colcon_core.shell:create_environment_hook('pose_printer', 'ament_prefix_path')
[20.169s] INFO:colcon.colcon_core.shell:Creating environment hook '/home/andre/ros2_ws/install/pose_printer/share/pose_printer/hook/ament_prefix_path.ps1'
[20.170s] INFO:colcon.colcon_core.shell:Creating environment descriptor '/home/andre/ros2_ws/install/pose_printer/share/pose_printer/hook/ament_prefix_path.dsv'
[20.170s] INFO:colcon.colcon_core.shell:Creating environment hook '/home/andre/ros2_ws/install/pose_printer/share/pose_printer/hook/ament_prefix_path.sh'
[20.172s] INFO:colcon.colcon_core.shell:Skip shell extension 'powershell' for command environment: Not usable outside of PowerShell
[20.172s] DEBUG:colcon.colcon_core.shell:Skip shell extension 'dsv' for command environment
[20.619s] INFO:colcon.colcon_core.task.python.build:Building Python package in '/home/andre/ros2_ws/src/pose_printer'
[20.620s] INFO:colcon.colcon_core.shell:Skip shell extension 'powershell' for command environment: Not usable outside of PowerShell
[20.620s] DEBUG:colcon.colcon_core.shell:Skip shell extension 'dsv' for command environment
[21.765s] DEBUG:colcon.colcon_core.event_handler.log_command:Invoking command in '/home/andre/ros2_ws/src/moveit_controls': DEBUGINFOD_URLS=https://debuginfod.ubuntu.com PYTHONPATH=/home/andre/ros2_ws/build/moveit_controls/prefix_override:/usr/lib/python3/dist-packages/colcon_core/task/python/colcon_distutils_commands:/home/andre/ros2_ws/install/moveit_controls/lib/python3.12/site-packages:${PYTHONPATH} /usr/bin/python3 -W ignore:setup.py install is deprecated -W ignore:easy_install command is deprecated setup.py egg_info --egg-base ../../build/moveit_controls build --build-base /home/andre/ros2_ws/build/moveit_controls/build install --record /home/andre/ros2_ws/build/moveit_controls/install.log --single-version-externally-managed install_data
[21.826s] DEBUG:colcon.colcon_core.event_handler.log_command:Invoking command in '/home/andre/ros2_ws/src/pose_printer': DEBUGINFOD_URLS=https://debuginfod.ubuntu.com PYTHONPATH=/home/andre/ros2_ws/build/pose_printer/prefix_override:/usr/lib/python3/dist-packages/colcon_core/task/python/colcon_distutils_commands:/home/andre/ros2_ws/install/pose_printer/lib/python3.12/site-packages:${PYTHONPATH} /usr/bin/python3 -W ignore:setup.py install is deprecated -W ignore:easy_install command is deprecated setup.py egg_info --egg-base ../../build/pose_printer build --build-base /home/andre/ros2_ws/build/pose_printer/build install --record /home/andre/ros2_ws/build/pose_printer/install.log --single-version-externally-managed install_data
[23.003s] Level 1:colcon.colcon_core.environment:checking '/home/andre/ros2_ws/install/pose_printer' for CMake module files
[23.003s] DEBUG:colcon.colcon_core.event_handler.log_command:Invoked command in '/home/andre/ros2_ws/src/pose_printer' returned '0': DEBUGINFOD_URLS=https://debuginfod.ubuntu.com PYTHONPATH=/home/andre/ros2_ws/build/pose_printer/prefix_override:/usr/lib/python3/dist-packages/colcon_core/task/python/colcon_distutils_commands:/home/andre/ros2_ws/install/pose_printer/lib/python3.12/site-packages:${PYTHONPATH} /usr/bin/python3 -W ignore:setup.py install is deprecated -W ignore:easy_install command is deprecated setup.py egg_info --egg-base ../../build/pose_printer build --build-base /home/andre/ros2_ws/build/pose_printer/build install --record /home/andre/ros2_ws/build/pose_printer/install.log --single-version-externally-managed install_data
[23.005s] Level 1:colcon.colcon_core.environment:checking '/home/andre/ros2_ws/install/pose_printer' for CMake config files
[23.011s] Level 1:colcon.colcon_core.environment:checking '/home/andre/ros2_ws/install/pose_printer/lib'
[23.011s] Level 1:colcon.colcon_core.environment:checking '/home/andre/ros2_ws/install/pose_printer/bin'
[23.011s] Level 1:colcon.colcon_core.environment:checking '/home/andre/ros2_ws/install/pose_printer/lib/pkgconfig/pose_printer.pc'
[23.012s] Level 1:colcon.colcon_core.environment:checking '/home/andre/ros2_ws/install/pose_printer/lib/python3.12/site-packages'
[23.012s] Level 1:colcon.colcon_core.shell:create_environment_hook('pose_printer', 'pythonpath')
[23.012s] INFO:colcon.colcon_core.shell:Creating environment hook '/home/andre/ros2_ws/install/pose_printer/share/pose_printer/hook/pythonpath.ps1'
[23.013s] INFO:colcon.colcon_core.shell:Creating environment descriptor '/home/andre/ros2_ws/install/pose_printer/share/pose_printer/hook/pythonpath.dsv'
[23.014s] INFO:colcon.colcon_core.shell:Creating environment hook '/home/andre/ros2_ws/install/pose_printer/share/pose_printer/hook/pythonpath.sh'
[23.015s] Level 1:colcon.colcon_core.environment:checking '/home/andre/ros2_ws/install/pose_printer/bin'
[23.015s] Level 1:colcon.colcon_core.environment:create_environment_scripts_only(pose_printer)
[23.016s] INFO:colcon.colcon_core.shell:Creating package script '/home/andre/ros2_ws/install/pose_printer/share/pose_printer/package.ps1'
[23.019s] INFO:colcon.colcon_core.shell:Creating package descriptor '/home/andre/ros2_ws/install/pose_printer/share/pose_printer/package.dsv'
[23.020s] INFO:colcon.colcon_core.shell:Creating package script '/home/andre/ros2_ws/install/pose_printer/share/pose_printer/package.sh'
[23.020s] INFO:colcon.colcon_core.shell:Creating package script '/home/andre/ros2_ws/install/pose_printer/share/pose_printer/package.bash'
[23.021s] INFO:colcon.colcon_core.shell:Creating package script '/home/andre/ros2_ws/install/pose_printer/share/pose_printer/package.zsh'
[23.024s] Level 1:colcon.colcon_core.environment:create_file_with_runtime_dependencies(/home/andre/ros2_ws/install/pose_printer/share/colcon-core/packages/pose_printer)
[23.024s] INFO:colcon.colcon_ros.task.ament_cmake.build:Building ROS package in '/home/andre/ros2_ws/src/robotic_arm_moveit' with build type 'ament_cmake'
[23.026s] INFO:colcon.colcon_cmake.task.cmake.build:Building CMake package in '/home/andre/ros2_ws/src/robotic_arm_moveit'
[23.026s] INFO:colcon.colcon_core.shell:Skip shell extension 'powershell' for command environment: Not usable outside of PowerShell
[23.026s] DEBUG:colcon.colcon_core.shell:Skip shell extension 'dsv' for command environment
[23.043s] DEBUG:colcon.colcon_core.event_handler.log_command:Invoking command in '/home/andre/ros2_ws/build/robotic_arm_moveit': CMAKE_PREFIX_PATH=${CMAKE_PREFIX_PATH}:/home/andre/ros2_ws/install/pose_printer:/home/andre/ros2_ws/install/moveit_controls:/opt/ros/jazzy DEBUGINFOD_URLS=https://debuginfod.ubuntu.com /usr/bin/cmake /home/andre/ros2_ws/src/robotic_arm_moveit -DCMAKE_INSTALL_PREFIX=/home/andre/ros2_ws/install/robotic_arm_moveit
[23.206s] Level 1:colcon.colcon_core.environment:checking '/home/andre/ros2_ws/install/moveit_controls' for CMake module files
[23.206s] DEBUG:colcon.colcon_core.event_handler.log_command:Invoked command in '/home/andre/ros2_ws/src/moveit_controls' returned '0': DEBUGINFOD_URLS=https://debuginfod.ubuntu.com PYTHONPATH=/home/andre/ros2_ws/build/moveit_controls/prefix_override:/usr/lib/python3/dist-packages/colcon_core/task/python/colcon_distutils_commands:/home/andre/ros2_ws/install/moveit_controls/lib/python3.12/site-packages:${PYTHONPATH} /usr/bin/python3 -W ignore:setup.py install is deprecated -W ignore:easy_install command is deprecated setup.py egg_info --egg-base ../../build/moveit_controls build --build-base /home/andre/ros2_ws/build/moveit_controls/build install --record /home/andre/ros2_ws/build/moveit_controls/install.log --single-version-externally-managed install_data
[23.207s] Level 1:colcon.colcon_core.environment:checking '/home/andre/ros2_ws/install/moveit_controls' for CMake config files
[23.208s] Level 1:colcon.colcon_core.environment:checking '/home/andre/ros2_ws/install/moveit_controls/lib'
[23.208s] Level 1:colcon.colcon_core.environment:checking '/home/andre/ros2_ws/install/moveit_controls/bin'
[23.208s] Level 1:colcon.colcon_core.environment:checking '/home/andre/ros2_ws/install/moveit_controls/lib/pkgconfig/moveit_controls.pc'
[23.208s] Level 1:colcon.colcon_core.environment:checking '/home/andre/ros2_ws/install/moveit_controls/lib/python3.12/site-packages'
[23.209s] Level 1:colcon.colcon_core.shell:create_environment_hook('moveit_controls', 'pythonpath')
[23.212s] INFO:colcon.colcon_core.shell:Creating environment hook '/home/andre/ros2_ws/install/moveit_controls/share/moveit_controls/hook/pythonpath.ps1'
[23.212s] INFO:colcon.colcon_core.shell:Creating environment descriptor '/home/andre/ros2_ws/install/moveit_controls/share/moveit_controls/hook/pythonpath.dsv'
[23.216s] INFO:colcon.colcon_core.shell:Creating environment hook '/home/andre/ros2_ws/install/moveit_controls/share/moveit_controls/hook/pythonpath.sh'
[23.217s] Level 1:colcon.colcon_core.environment:checking '/home/andre/ros2_ws/install/moveit_controls/bin'
[23.217s] Level 1:colcon.colcon_core.environment:create_environment_scripts_only(moveit_controls)
[23.218s] INFO:colcon.colcon_core.shell:Creating package script '/home/andre/ros2_ws/install/moveit_controls/share/moveit_controls/package.ps1'
[23.218s] INFO:colcon.colcon_core.shell:Creating package descriptor '/home/andre/ros2_ws/install/moveit_controls/share/moveit_controls/package.dsv'
[23.219s] INFO:colcon.colcon_core.shell:Creating package script '/home/andre/ros2_ws/install/moveit_controls/share/moveit_controls/package.sh'
[23.220s] INFO:colcon.colcon_core.shell:Creating package script '/home/andre/ros2_ws/install/moveit_controls/share/moveit_controls/package.bash'
[23.224s] INFO:colcon.colcon_core.shell:Creating package script '/home/andre/ros2_ws/install/moveit_controls/share/moveit_controls/package.zsh'
[23.225s] Level 1:colcon.colcon_core.environment:create_file_with_runtime_dependencies(/home/andre/ros2_ws/install/moveit_controls/share/colcon-core/packages/moveit_controls)
[23.225s] INFO:colcon.colcon_ros.task.ament_cmake.build:Building ROS package in '/home/andre/ros2_ws/src/robotic_arm_v3_config' with build type 'ament_cmake'
[23.225s] INFO:colcon.colcon_cmake.task.cmake.build:Building CMake package in '/home/andre/ros2_ws/src/robotic_arm_v3_config'
[23.228s] INFO:colcon.colcon_core.shell:Skip shell extension 'powershell' for command environment: Not usable outside of PowerShell
[23.228s] DEBUG:colcon.colcon_core.shell:Skip shell extension 'dsv' for command environment
[23.260s] DEBUG:colcon.colcon_core.event_handler.log_command:Invoking command in '/home/andre/ros2_ws/build/robotic_arm_v3_config': CMAKE_PREFIX_PATH=/home/andre/ros2_ws/install/robotic_arm_model_v3:/home/andre/ros2_ws/install/robotic_arm_v3_config:/home/andre/ros2_ws/install/move_program:/home/andre/ros2_ws/install/hello_moveit:/home/andre/ros2_ws/install/cpp_pubsub:/opt/ros/jazzy/opt/gz_sim_vendor:/opt/ros/jazzy/opt/gz_sensors_vendor:/opt/ros/jazzy/opt/gz_physics_vendor:/opt/ros/jazzy/opt/sdformat_vendor:/opt/ros/jazzy/opt/gz_gui_vendor:/opt/ros/jazzy/opt/gz_transport_vendor:/opt/ros/jazzy/opt/gz_rendering_vendor:/opt/ros/jazzy/opt/gz_plugin_vendor:/opt/ros/jazzy/opt/gz_fuel_tools_vendor:/opt/ros/jazzy/opt/gz_msgs_vendor:/opt/ros/jazzy/opt/gz_common_vendor:/opt/ros/jazzy/opt/gz_math_vendor:/opt/ros/jazzy/opt/gz_utils_vendor:/opt/ros/jazzy/opt/gz_tools_vendor:/opt/ros/jazzy/opt/gz_ogre_next_vendor:/opt/ros/jazzy/opt/gz_dartsim_vendor:/opt/ros/jazzy/opt/gz_cmake_vendor:/home/andre/ros2_ws/install/pose_printer:/home/andre/ros2_ws/install/moveit_controls:/opt/ros/jazzy DEBUGINFOD_URLS=https://debuginfod.ubuntu.com /usr/bin/cmake /home/andre/ros2_ws/src/robotic_arm_v3_config -DCMAKE_INSTALL_PREFIX=/home/andre/ros2_ws/install/robotic_arm_v3_config
[24.905s] DEBUG:colcon.colcon_core.event_handler.log_command:Invoked command in '/home/andre/ros2_ws/build/robotic_arm_v3_config' returned '0': CMAKE_PREFIX_PATH=/home/andre/ros2_ws/install/robotic_arm_model_v3:/home/andre/ros2_ws/install/robotic_arm_v3_config:/home/andre/ros2_ws/install/move_program:/home/andre/ros2_ws/install/hello_moveit:/home/andre/ros2_ws/install/cpp_pubsub:/opt/ros/jazzy/opt/gz_sim_vendor:/opt/ros/jazzy/opt/gz_sensors_vendor:/opt/ros/jazzy/opt/gz_physics_vendor:/opt/ros/jazzy/opt/sdformat_vendor:/opt/ros/jazzy/opt/gz_gui_vendor:/opt/ros/jazzy/opt/gz_transport_vendor:/opt/ros/jazzy/opt/gz_rendering_vendor:/opt/ros/jazzy/opt/gz_plugin_vendor:/opt/ros/jazzy/opt/gz_fuel_tools_vendor:/opt/ros/jazzy/opt/gz_msgs_vendor:/opt/ros/jazzy/opt/gz_common_vendor:/opt/ros/jazzy/opt/gz_math_vendor:/opt/ros/jazzy/opt/gz_utils_vendor:/opt/ros/jazzy/opt/gz_tools_vendor:/opt/ros/jazzy/opt/gz_ogre_next_vendor:/opt/ros/jazzy/opt/gz_dartsim_vendor:/opt/ros/jazzy/opt/gz_cmake_vendor:/home/andre/ros2_ws/install/pose_printer:/home/andre/ros2_ws/install/moveit_controls:/opt/ros/jazzy DEBUGINFOD_URLS=https://debuginfod.ubuntu.com /usr/bin/cmake /home/andre/ros2_ws/src/robotic_arm_v3_config -DCMAKE_INSTALL_PREFIX=/home/andre/ros2_ws/install/robotic_arm_v3_config
[24.905s] DEBUG:colcon.colcon_core.event_handler.log_command:Invoking command in '/home/andre/ros2_ws/build/robotic_arm_v3_config': CMAKE_PREFIX_PATH=/home/andre/ros2_ws/install/robotic_arm_model_v3:/home/andre/ros2_ws/install/robotic_arm_v3_config:/home/andre/ros2_ws/install/move_program:/home/andre/ros2_ws/install/hello_moveit:/home/andre/ros2_ws/install/cpp_pubsub:/opt/ros/jazzy/opt/gz_sim_vendor:/opt/ros/jazzy/opt/gz_sensors_vendor:/opt/ros/jazzy/opt/gz_physics_vendor:/opt/ros/jazzy/opt/sdformat_vendor:/opt/ros/jazzy/opt/gz_gui_vendor:/opt/ros/jazzy/opt/gz_transport_vendor:/opt/ros/jazzy/opt/gz_rendering_vendor:/opt/ros/jazzy/opt/gz_plugin_vendor:/opt/ros/jazzy/opt/gz_fuel_tools_vendor:/opt/ros/jazzy/opt/gz_msgs_vendor:/opt/ros/jazzy/opt/gz_common_vendor:/opt/ros/jazzy/opt/gz_math_vendor:/opt/ros/jazzy/opt/gz_utils_vendor:/opt/ros/jazzy/opt/gz_tools_vendor:/opt/ros/jazzy/opt/gz_ogre_next_vendor:/opt/ros/jazzy/opt/gz_dartsim_vendor:/opt/ros/jazzy/opt/gz_cmake_vendor:/home/andre/ros2_ws/install/pose_printer:/home/andre/ros2_ws/install/moveit_controls:/opt/ros/jazzy DEBUGINFOD_URLS=https://debuginfod.ubuntu.com /usr/bin/cmake --build /home/andre/ros2_ws/build/robotic_arm_v3_config -- -j4 -l4
[25.010s] DEBUG:colcon.colcon_core.event_handler.log_command:Invoked command in '/home/andre/ros2_ws/build/robotic_arm_v3_config' returned '0': CMAKE_PREFIX_PATH=/home/andre/ros2_ws/install/robotic_arm_model_v3:/home/andre/ros2_ws/install/robotic_arm_v3_config:/home/andre/ros2_ws/install/move_program:/home/andre/ros2_ws/install/hello_moveit:/home/andre/ros2_ws/install/cpp_pubsub:/opt/ros/jazzy/opt/gz_sim_vendor:/opt/ros/jazzy/opt/gz_sensors_vendor:/opt/ros/jazzy/opt/gz_physics_vendor:/opt/ros/jazzy/opt/sdformat_vendor:/opt/ros/jazzy/opt/gz_gui_vendor:/opt/ros/jazzy/opt/gz_transport_vendor:/opt/ros/jazzy/opt/gz_rendering_vendor:/opt/ros/jazzy/opt/gz_plugin_vendor:/opt/ros/jazzy/opt/gz_fuel_tools_vendor:/opt/ros/jazzy/opt/gz_msgs_vendor:/opt/ros/jazzy/opt/gz_common_vendor:/opt/ros/jazzy/opt/gz_math_vendor:/opt/ros/jazzy/opt/gz_utils_vendor:/opt/ros/jazzy/opt/gz_tools_vendor:/opt/ros/jazzy/opt/gz_ogre_next_vendor:/opt/ros/jazzy/opt/gz_dartsim_vendor:/opt/ros/jazzy/opt/gz_cmake_vendor:/home/andre/ros2_ws/install/pose_printer:/home/andre/ros2_ws/install/moveit_controls:/opt/ros/jazzy DEBUGINFOD_URLS=https://debuginfod.ubuntu.com /usr/bin/cmake --build /home/andre/ros2_ws/build/robotic_arm_v3_config -- -j4 -l4
[25.010s] DEBUG:colcon.colcon_core.event_handler.log_command:Invoking command in '/home/andre/ros2_ws/build/robotic_arm_v3_config': CMAKE_PREFIX_PATH=/home/andre/ros2_ws/install/robotic_arm_model_v3:/home/andre/ros2_ws/install/robotic_arm_v3_config:/home/andre/ros2_ws/install/move_program:/home/andre/ros2_ws/install/hello_moveit:/home/andre/ros2_ws/install/cpp_pubsub:/opt/ros/jazzy/opt/gz_sim_vendor:/opt/ros/jazzy/opt/gz_sensors_vendor:/opt/ros/jazzy/opt/gz_physics_vendor:/opt/ros/jazzy/opt/sdformat_vendor:/opt/ros/jazzy/opt/gz_gui_vendor:/opt/ros/jazzy/opt/gz_transport_vendor:/opt/ros/jazzy/opt/gz_rendering_vendor:/opt/ros/jazzy/opt/gz_plugin_vendor:/opt/ros/jazzy/opt/gz_fuel_tools_vendor:/opt/ros/jazzy/opt/gz_msgs_vendor:/opt/ros/jazzy/opt/gz_common_vendor:/opt/ros/jazzy/opt/gz_math_vendor:/opt/ros/jazzy/opt/gz_utils_vendor:/opt/ros/jazzy/opt/gz_tools_vendor:/opt/ros/jazzy/opt/gz_ogre_next_vendor:/opt/ros/jazzy/opt/gz_dartsim_vendor:/opt/ros/jazzy/opt/gz_cmake_vendor:/home/andre/ros2_ws/install/pose_printer:/home/andre/ros2_ws/install/moveit_controls:/opt/ros/jazzy DEBUGINFOD_URLS=https://debuginfod.ubuntu.com /usr/bin/cmake --install /home/andre/ros2_ws/build/robotic_arm_v3_config
[25.041s] Level 1:colcon.colcon_core.environment:create_environment_scripts_only(robotic_arm_v3_config)
[25.041s] Level 1:colcon.colcon_core.environment:checking '/home/andre/ros2_ws/install/robotic_arm_v3_config' for CMake module files
[25.042s] Level 1:colcon.colcon_core.environment:checking '/home/andre/ros2_ws/install/robotic_arm_v3_config' for CMake config files
[25.043s] Level 1:colcon.colcon_core.shell:create_environment_hook('robotic_arm_v3_config', 'cmake_prefix_path')
[25.043s] INFO:colcon.colcon_core.shell:Creating environment hook '/home/andre/ros2_ws/install/robotic_arm_v3_config/share/robotic_arm_v3_config/hook/cmake_prefix_path.ps1'
[25.043s] INFO:colcon.colcon_core.shell:Creating environment descriptor '/home/andre/ros2_ws/install/robotic_arm_v3_config/share/robotic_arm_v3_config/hook/cmake_prefix_path.dsv'
[25.047s] INFO:colcon.colcon_core.shell:Creating environment hook '/home/andre/ros2_ws/install/robotic_arm_v3_config/share/robotic_arm_v3_config/hook/cmake_prefix_path.sh'
[25.048s] Level 1:colcon.colcon_core.environment:checking '/home/andre/ros2_ws/install/robotic_arm_v3_config/bin'
[25.048s] Level 1:colcon.colcon_core.environment:checking '/home/andre/ros2_ws/install/robotic_arm_v3_config/lib/pkgconfig/robotic_arm_v3_config.pc'
[25.049s] Level 1:colcon.colcon_core.environment:checking '/home/andre/ros2_ws/install/robotic_arm_v3_config/lib/python3.12/site-packages'
[25.049s] Level 1:colcon.colcon_core.environment:checking '/home/andre/ros2_ws/install/robotic_arm_v3_config/bin'
[25.049s] INFO:colcon.colcon_core.shell:Creating package script '/home/andre/ros2_ws/install/robotic_arm_v3_config/share/robotic_arm_v3_config/package.ps1'
[25.047s] DEBUG:colcon.colcon_core.event_handler.log_command:Invoked command in '/home/andre/ros2_ws/build/robotic_arm_v3_config' returned '0': CMAKE_PREFIX_PATH=/home/andre/ros2_ws/install/robotic_arm_model_v3:/home/andre/ros2_ws/install/robotic_arm_v3_config:/home/andre/ros2_ws/install/move_program:/home/andre/ros2_ws/install/hello_moveit:/home/andre/ros2_ws/install/cpp_pubsub:/opt/ros/jazzy/opt/gz_sim_vendor:/opt/ros/jazzy/opt/gz_sensors_vendor:/opt/ros/jazzy/opt/gz_physics_vendor:/opt/ros/jazzy/opt/sdformat_vendor:/opt/ros/jazzy/opt/gz_gui_vendor:/opt/ros/jazzy/opt/gz_transport_vendor:/opt/ros/jazzy/opt/gz_rendering_vendor:/opt/ros/jazzy/opt/gz_plugin_vendor:/opt/ros/jazzy/opt/gz_fuel_tools_vendor:/opt/ros/jazzy/opt/gz_msgs_vendor:/opt/ros/jazzy/opt/gz_common_vendor:/opt/ros/jazzy/opt/gz_math_vendor:/opt/ros/jazzy/opt/gz_utils_vendor:/opt/ros/jazzy/opt/gz_tools_vendor:/opt/ros/jazzy/opt/gz_ogre_next_vendor:/opt/ros/jazzy/opt/gz_dartsim_vendor:/opt/ros/jazzy/opt/gz_cmake_vendor:/home/andre/ros2_ws/install/pose_printer:/home/andre/ros2_ws/install/moveit_controls:/opt/ros/jazzy DEBUGINFOD_URLS=https://debuginfod.ubuntu.com /usr/bin/cmake --install /home/andre/ros2_ws/build/robotic_arm_v3_config
[25.054s] INFO:colcon.colcon_core.shell:Creating package descriptor '/home/andre/ros2_ws/install/robotic_arm_v3_config/share/robotic_arm_v3_config/package.dsv'
[25.055s] INFO:colcon.colcon_core.shell:Creating package script '/home/andre/ros2_ws/install/robotic_arm_v3_config/share/robotic_arm_v3_config/package.sh'
[25.055s] INFO:colcon.colcon_core.shell:Creating package script '/home/andre/ros2_ws/install/robotic_arm_v3_config/share/robotic_arm_v3_config/package.bash'
[25.056s] INFO:colcon.colcon_core.shell:Creating package script '/home/andre/ros2_ws/install/robotic_arm_v3_config/share/robotic_arm_v3_config/package.zsh'
[25.058s] Level 1:colcon.colcon_core.environment:create_file_with_runtime_dependencies(/home/andre/ros2_ws/install/robotic_arm_v3_config/share/colcon-core/packages/robotic_arm_v3_config)
[25.058s] Level 1:colcon.colcon_core.environment:create_environment_scripts_only(robotic_arm_v3_config)
[25.059s] Level 1:colcon.colcon_core.environment:checking '/home/andre/ros2_ws/install/robotic_arm_v3_config' for CMake module files
[25.059s] Level 1:colcon.colcon_core.environment:checking '/home/andre/ros2_ws/install/robotic_arm_v3_config' for CMake config files
[25.060s] Level 1:colcon.colcon_core.shell:create_environment_hook('robotic_arm_v3_config', 'cmake_prefix_path')
[25.060s] INFO:colcon.colcon_core.shell:Creating environment hook '/home/andre/ros2_ws/install/robotic_arm_v3_config/share/robotic_arm_v3_config/hook/cmake_prefix_path.ps1'
[25.060s] INFO:colcon.colcon_core.shell:Creating environment descriptor '/home/andre/ros2_ws/install/robotic_arm_v3_config/share/robotic_arm_v3_config/hook/cmake_prefix_path.dsv'
[25.061s] INFO:colcon.colcon_core.shell:Creating environment hook '/home/andre/ros2_ws/install/robotic_arm_v3_config/share/robotic_arm_v3_config/hook/cmake_prefix_path.sh'
[25.062s] Level 1:colcon.colcon_core.environment:checking '/home/andre/ros2_ws/install/robotic_arm_v3_config/bin'
[25.062s] Level 1:colcon.colcon_core.environment:checking '/home/andre/ros2_ws/install/robotic_arm_v3_config/lib/pkgconfig/robotic_arm_v3_config.pc'
[25.062s] Level 1:colcon.colcon_core.environment:checking '/home/andre/ros2_ws/install/robotic_arm_v3_config/lib/python3.12/site-packages'
[25.062s] Level 1:colcon.colcon_core.environment:checking '/home/andre/ros2_ws/install/robotic_arm_v3_config/bin'
[25.063s] INFO:colcon.colcon_core.shell:Creating package script '/home/andre/ros2_ws/install/robotic_arm_v3_config/share/robotic_arm_v3_config/package.ps1'
[25.063s] INFO:colcon.colcon_core.shell:Creating package descriptor '/home/andre/ros2_ws/install/robotic_arm_v3_config/share/robotic_arm_v3_config/package.dsv'
[25.064s] INFO:colcon.colcon_core.shell:Creating package script '/home/andre/ros2_ws/install/robotic_arm_v3_config/share/robotic_arm_v3_config/package.sh'
[25.065s] INFO:colcon.colcon_core.shell:Creating package script '/home/andre/ros2_ws/install/robotic_arm_v3_config/share/robotic_arm_v3_config/package.bash'
[25.065s] INFO:colcon.colcon_core.shell:Creating package script '/home/andre/ros2_ws/install/robotic_arm_v3_config/share/robotic_arm_v3_config/package.zsh'
[25.066s] Level 1:colcon.colcon_core.environment:create_file_with_runtime_dependencies(/home/andre/ros2_ws/install/robotic_arm_v3_config/share/colcon-core/packages/robotic_arm_v3_config)
[28.425s] DEBUG:colcon.colcon_core.event_handler.log_command:Invoked command in '/home/andre/ros2_ws/build/robotic_arm_moveit' returned '0': CMAKE_PREFIX_PATH=${CMAKE_PREFIX_PATH}:/home/andre/ros2_ws/install/pose_printer:/home/andre/ros2_ws/install/moveit_controls:/opt/ros/jazzy DEBUGINFOD_URLS=https://debuginfod.ubuntu.com /usr/bin/cmake /home/andre/ros2_ws/src/robotic_arm_moveit -DCMAKE_INSTALL_PREFIX=/home/andre/ros2_ws/install/robotic_arm_moveit
[28.426s] DEBUG:colcon.colcon_core.event_handler.log_command:Invoking command in '/home/andre/ros2_ws/build/robotic_arm_moveit': CMAKE_PREFIX_PATH=${CMAKE_PREFIX_PATH}:/home/andre/ros2_ws/install/pose_printer:/home/andre/ros2_ws/install/moveit_controls:/opt/ros/jazzy DEBUGINFOD_URLS=https://debuginfod.ubuntu.com /usr/bin/cmake --build /home/andre/ros2_ws/build/robotic_arm_moveit -- -j4 -l4
[45.901s] Level 1:colcon.colcon_core.environment:create_environment_scripts_only(hello_moveit)
[45.901s] Level 1:colcon.colcon_core.environment:checking '/home/andre/ros2_ws/install/hello_moveit' for CMake module files
[45.902s] Level 1:colcon.colcon_core.environment:checking '/home/andre/ros2_ws/install/hello_moveit' for CMake config files
[45.902s] DEBUG:colcon.colcon_core.event_handler.log_command:Invoked command in '/home/andre/ros2_ws/build/hello_moveit' returned '2': CMAKE_PREFIX_PATH=${CMAKE_PREFIX_PATH}:/home/andre/ros2_ws/install/pose_printer:/home/andre/ros2_ws/install/moveit_controls:/opt/ros/jazzy DEBUGINFOD_URLS=https://debuginfod.ubuntu.com /usr/bin/cmake --build /home/andre/ros2_ws/build/hello_moveit -- -j4 -l4
[45.904s] Level 1:colcon.colcon_core.environment:checking '/home/andre/ros2_ws/install/hello_moveit/bin'
[45.904s] Level 1:colcon.colcon_core.environment:checking '/home/andre/ros2_ws/install/hello_moveit/lib/pkgconfig/hello_moveit.pc'
[45.904s] Level 1:colcon.colcon_core.environment:checking '/home/andre/ros2_ws/install/hello_moveit/lib/python3.12/site-packages'
[45.905s] Level 1:colcon.colcon_core.environment:checking '/home/andre/ros2_ws/install/hello_moveit/bin'
[45.905s] INFO:colcon.colcon_core.shell:Creating package script '/home/andre/ros2_ws/install/hello_moveit/share/hello_moveit/package.ps1'
[45.908s] INFO:colcon.colcon_core.shell:Creating package descriptor '/home/andre/ros2_ws/install/hello_moveit/share/hello_moveit/package.dsv'
[45.909s] INFO:colcon.colcon_core.shell:Creating package script '/home/andre/ros2_ws/install/hello_moveit/share/hello_moveit/package.sh'
[45.909s] INFO:colcon.colcon_core.shell:Creating package script '/home/andre/ros2_ws/install/hello_moveit/share/hello_moveit/package.bash'
[45.910s] INFO:colcon.colcon_core.shell:Creating package script '/home/andre/ros2_ws/install/hello_moveit/share/hello_moveit/package.zsh'
[45.910s] Level 1:colcon.colcon_core.environment:create_file_with_runtime_dependencies(/home/andre/ros2_ws/install/hello_moveit/share/colcon-core/packages/hello_moveit)
[75.993s] DEBUG:colcon.colcon_parallel_executor.executor.parallel:closing loop
[75.993s] DEBUG:colcon.colcon_parallel_executor.executor.parallel:loop closed
[75.993s] DEBUG:colcon.colcon_parallel_executor.executor.parallel:run_until_complete finished with '2'
[75.993s] DEBUG:colcon.colcon_core.event_reactor:joining thread
[76.006s] INFO:colcon.colcon_core.plugin_system:Skipping extension 'colcon_notification.desktop_notification.terminal_notifier': Not used on non-Darwin systems
[76.006s] INFO:colcon.colcon_core.plugin_system:Skipping extension 'colcon_notification.desktop_notification.win32': Not used on non-Windows systems
[76.006s] INFO:colcon.colcon_notification.desktop_notification:Sending desktop notification using 'notify2'
[76.023s] DEBUG:colcon.colcon_core.event_reactor:joined thread
[76.023s] INFO:colcon.colcon_core.shell:Creating prefix script '/home/andre/ros2_ws/install/local_setup.ps1'
[76.024s] INFO:colcon.colcon_core.shell:Creating prefix util module '/home/andre/ros2_ws/install/_local_setup_util_ps1.py'
[76.026s] INFO:colcon.colcon_core.shell:Creating prefix chain script '/home/andre/ros2_ws/install/setup.ps1'
[76.027s] INFO:colcon.colcon_core.shell:Creating prefix script '/home/andre/ros2_ws/install/local_setup.sh'
[76.029s] INFO:colcon.colcon_core.shell:Creating prefix util module '/home/andre/ros2_ws/install/_local_setup_util_sh.py'
[76.029s] INFO:colcon.colcon_core.shell:Creating prefix chain script '/home/andre/ros2_ws/install/setup.sh'
[76.031s] INFO:colcon.colcon_core.shell:Creating prefix script '/home/andre/ros2_ws/install/local_setup.bash'
[76.031s] INFO:colcon.colcon_core.shell:Creating prefix chain script '/home/andre/ros2_ws/install/setup.bash'
[76.033s] INFO:colcon.colcon_core.shell:Creating prefix script '/home/andre/ros2_ws/install/local_setup.zsh'
[76.034s] INFO:colcon.colcon_core.shell:Creating prefix chain script '/home/andre/ros2_ws/install/setup.zsh'
