[0.000000] (-) TimerEvent: {}
[0.001989] (cpp_pubsub) JobQueued: {'identifier': 'cpp_pubsub', 'dependencies': OrderedDict()}
[0.002527] (esp32_controller) JobQueued: {'identifier': 'esp32_controller', 'dependencies': OrderedDict()}
[0.002615] (imu_controller) JobQueued: {'identifier': 'imu_controller', 'dependencies': OrderedDict()}
[0.002706] (move_program) JobQueued: {'identifier': 'move_program', 'dependencies': OrderedDict()}
[0.003238] (moveit_controls) JobQueued: {'identifier': 'moveit_controls', 'dependencies': OrderedDict()}
[0.003412] (mqtt_imu) JobQueued: {'identifier': 'mqtt_imu', 'dependencies': OrderedDict()}
[0.003484] (pose_printer) JobQueued: {'identifier': 'pose_printer', 'dependencies': OrderedDict()}
[0.003552] (realsense2_camera_msgs) JobQueued: {'identifier': 'realsense2_camera_msgs', 'dependencies': OrderedDict()}
[0.003621] (realsense2_ros_mqtt_bridge) JobQueued: {'identifier': 'realsense2_ros_mqtt_bridge', 'dependencies': OrderedDict()}
[0.003718] (robotic_arm_config) JobQueued: {'identifier': 'robotic_arm_config', 'dependencies': OrderedDict()}
[0.003998] (robotic_arm_model_v3) JobQueued: {'identifier': 'robotic_arm_model_v3', 'dependencies': OrderedDict()}
[0.004081] (robotic_arm_moveit) JobQueued: {'identifier': 'robotic_arm_moveit', 'dependencies': OrderedDict()}
[0.004153] (realsense2_camera) JobQueued: {'identifier': 'realsense2_camera', 'dependencies': OrderedDict({'realsense2_camera_msgs': '/home/bot/ros2_ws/install/realsense2_camera_msgs'})}
[0.004241] (realsense2_description) JobQueued: {'identifier': 'realsense2_description', 'dependencies': OrderedDict({'realsense2_camera_msgs': '/home/bot/ros2_ws/install/realsense2_camera_msgs'})}
[0.004321] (realsense2_rviz_plugin) JobQueued: {'identifier': 'realsense2_rviz_plugin', 'dependencies': OrderedDict({'realsense2_camera_msgs': '/home/bot/ros2_ws/install/realsense2_camera_msgs'})}
[0.004399] (robotic_arm_v3_config) JobQueued: {'identifier': 'robotic_arm_v3_config', 'dependencies': OrderedDict({'robotic_arm_model_v3': '/home/bot/ros2_ws/install/robotic_arm_model_v3'})}
[0.004490] (realsense2_camera_msgs) JobStarted: {'identifier': 'realsense2_camera_msgs'}
[0.096375] (robotic_arm_model_v3) JobStarted: {'identifier': 'robotic_arm_model_v3'}
[0.101075] (-) TimerEvent: {}
[0.125511] (cpp_pubsub) JobStarted: {'identifier': 'cpp_pubsub'}
[0.149506] (esp32_controller) JobStarted: {'identifier': 'esp32_controller'}
[0.179377] (realsense2_camera_msgs) JobProgress: {'identifier': 'realsense2_camera_msgs', 'progress': 'cmake'}
[0.182076] (realsense2_camera_msgs) Command: {'cmd': ['/usr/bin/cmake', '/home/bot/ros2_ws/src/realsense-ros/realsense2_camera_msgs', '-DCMAKE_BUILD_TYPE=Release', '-DCMAKE_INSTALL_PREFIX=/home/bot/ros2_ws/install/realsense2_camera_msgs'], 'cwd': '/home/bot/ros2_ws/build/realsense2_camera_msgs', 'env': OrderedDict({'LESSOPEN': '| /usr/bin/lesspipe %s', 'USER': 'bot', 'SSH_CLIENT': '192.168.1.199 58490 22', 'GZ_CONFIG_PATH': '/opt/ros/jazzy/opt/sdformat_vendor/share/gz', 'XDG_SESSION_TYPE': 'tty', 'SHLVL': '1', 'LD_LIBRARY_PATH': '/opt/ros/jazzy/opt/sdformat_vendor/lib:/opt/ros/jazzy/opt/rviz_ogre_vendor/lib:/opt/ros/jazzy/lib/aarch64-linux-gnu:/opt/ros/jazzy/opt/gz_math_vendor/lib:/opt/ros/jazzy/opt/gz_utils_vendor/lib:/opt/ros/jazzy/opt/gz_tools_vendor/lib:/opt/ros/jazzy/opt/gz_cmake_vendor/lib:/opt/ros/jazzy/lib', 'HOME': '/home/bot', 'OLDPWD': '/home/bot/ros2_ws/src', 'SSH_TTY': '/dev/pts/4', 'ROS_PYTHON_VERSION': '3', 'DBUS_SESSION_BUS_ADDRESS': 'unix:path=/run/user/1000/bus', 'DEBUGINFOD_URLS': 'https://debuginfod.ubuntu.com', 'ROS_DISTRO': 'jazzy', 'LOGNAME': 'bot', '_': '/usr/bin/colcon', 'ROS_VERSION': '2', 'XDG_SESSION_CLASS': 'user', 'TERM': 'xterm-256color', 'XDG_SESSION_ID': '6', 'PATH': '/opt/ros/jazzy/opt/gz_tools_vendor/bin:/opt/ros/jazzy/bin:/usr/local/sbin:/usr/local/bin:/usr/sbin:/usr/bin:/sbin:/bin:/usr/games:/usr/local/games:/snap/bin', 'XDG_RUNTIME_DIR': '/run/user/1000', 'LANG': 'en_US.UTF-8', 'LS_COLORS': 'rs=0:di=01;34:ln=01;36:mh=00:pi=40;33:so=01;35:do=01;35:bd=40;33;01:cd=40;33;01:or=40;31;01:mi=00:su=37;41:sg=30;43:ca=00:tw=30;42:ow=34;42:st=37;44:ex=01;32:*.tar=01;31:*.tgz=01;31:*.arc=01;31:*.arj=01;31:*.taz=01;31:*.lha=01;31:*.lz4=01;31:*.lzh=01;31:*.lzma=01;31:*.tlz=01;31:*.txz=01;31:*.tzo=01;31:*.t7z=01;31:*.zip=01;31:*.z=01;31:*.dz=01;31:*.gz=01;31:*.lrz=01;31:*.lz=01;31:*.lzo=01;31:*.xz=01;31:*.zst=01;31:*.tzst=01;31:*.bz2=01;31:*.bz=01;31:*.tbz=01;31:*.tbz2=01;31:*.tz=01;31:*.deb=01;31:*.rpm=01;31:*.jar=01;31:*.war=01;31:*.ear=01;31:*.sar=01;31:*.rar=01;31:*.alz=01;31:*.ace=01;31:*.zoo=01;31:*.cpio=01;31:*.7z=01;31:*.rz=01;31:*.cab=01;31:*.wim=01;31:*.swm=01;31:*.dwm=01;31:*.esd=01;31:*.avif=01;35:*.jpg=01;35:*.jpeg=01;35:*.mjpg=01;35:*.mjpeg=01;35:*.gif=01;35:*.bmp=01;35:*.pbm=01;35:*.pgm=01;35:*.ppm=01;35:*.tga=01;35:*.xbm=01;35:*.xpm=01;35:*.tif=01;35:*.tiff=01;35:*.png=01;35:*.svg=01;35:*.svgz=01;35:*.mng=01;35:*.pcx=01;35:*.mov=01;35:*.mpg=01;35:*.mpeg=01;35:*.m2v=01;35:*.mkv=01;35:*.webm=01;35:*.webp=01;35:*.ogm=01;35:*.mp4=01;35:*.m4v=01;35:*.mp4v=01;35:*.vob=01;35:*.qt=01;35:*.nuv=01;35:*.wmv=01;35:*.asf=01;35:*.rm=01;35:*.rmvb=01;35:*.flc=01;35:*.avi=01;35:*.fli=01;35:*.flv=01;35:*.gl=01;35:*.dl=01;35:*.xcf=01;35:*.xwd=01;35:*.yuv=01;35:*.cgm=01;35:*.emf=01;35:*.ogv=01;35:*.ogx=01;35:*.aac=00;36:*.au=00;36:*.flac=00;36:*.m4a=00;36:*.mid=00;36:*.midi=00;36:*.mka=00;36:*.mp3=00;36:*.mpc=00;36:*.ogg=00;36:*.ra=00;36:*.wav=00;36:*.oga=00;36:*.opus=00;36:*.spx=00;36:*.xspf=00;36:*~=00;90:*#=00;90:*.bak=00;90:*.crdownload=00;90:*.dpkg-dist=00;90:*.dpkg-new=00;90:*.dpkg-old=00;90:*.dpkg-tmp=00;90:*.old=00;90:*.orig=00;90:*.part=00;90:*.rej=00;90:*.rpmnew=00;90:*.rpmorig=00;90:*.rpmsave=00;90:*.swp=00;90:*.tmp=00;90:*.ucf-dist=00;90:*.ucf-new=00;90:*.ucf-old=00;90:', 'AMENT_PREFIX_PATH': '/opt/ros/jazzy', 'SHELL': '/bin/bash', 'LESSCLOSE': '/usr/bin/lesspipe %s %s', 'ROS_AUTOMATIC_DISCOVERY_RANGE': 'SUBNET', 'PWD': '/home/bot/ros2_ws/build/realsense2_camera_msgs', 'LC_ALL': 'en_US.UTF-8', 'SSH_CONNECTION': '192.168.1.199 58490 192.168.1.224 22', 'XDG_DATA_DIRS': '/usr/share/gnome:/usr/local/share:/usr/share:/var/lib/snapd/desktop', 'PYTHONPATH': '/opt/ros/jazzy/lib/python3.12/site-packages', 'COLCON': '1', 'CMAKE_PREFIX_PATH': '/opt/ros/jazzy/opt/sdformat_vendor:/opt/ros/jazzy/opt/gz_math_vendor:/opt/ros/jazzy/opt/gz_utils_vendor:/opt/ros/jazzy/opt/gz_tools_vendor:/opt/ros/jazzy/opt/gz_cmake_vendor:/opt/ros/jazzy'}), 'shell': False}
[0.199389] (robotic_arm_model_v3) JobProgress: {'identifier': 'robotic_arm_model_v3', 'progress': 'cmake'}
[0.201254] (-) TimerEvent: {}
[0.211770] (robotic_arm_model_v3) Command: {'cmd': ['/usr/bin/cmake', '/home/bot/ros2_ws/src/robotic_arm_model_v3', '-DCMAKE_BUILD_TYPE=Release', '-DCMAKE_INSTALL_PREFIX=/home/bot/ros2_ws/install/robotic_arm_model_v3'], 'cwd': '/home/bot/ros2_ws/build/robotic_arm_model_v3', 'env': OrderedDict({'LESSOPEN': '| /usr/bin/lesspipe %s', 'USER': 'bot', 'SSH_CLIENT': '192.168.1.199 58490 22', 'GZ_CONFIG_PATH': '/opt/ros/jazzy/opt/sdformat_vendor/share/gz', 'XDG_SESSION_TYPE': 'tty', 'SHLVL': '1', 'LD_LIBRARY_PATH': '/opt/ros/jazzy/opt/sdformat_vendor/lib:/opt/ros/jazzy/opt/rviz_ogre_vendor/lib:/opt/ros/jazzy/lib/aarch64-linux-gnu:/opt/ros/jazzy/opt/gz_math_vendor/lib:/opt/ros/jazzy/opt/gz_utils_vendor/lib:/opt/ros/jazzy/opt/gz_tools_vendor/lib:/opt/ros/jazzy/opt/gz_cmake_vendor/lib:/opt/ros/jazzy/lib', 'HOME': '/home/bot', 'OLDPWD': '/home/bot/ros2_ws/src', 'SSH_TTY': '/dev/pts/4', 'ROS_PYTHON_VERSION': '3', 'DBUS_SESSION_BUS_ADDRESS': 'unix:path=/run/user/1000/bus', 'DEBUGINFOD_URLS': 'https://debuginfod.ubuntu.com', 'ROS_DISTRO': 'jazzy', 'LOGNAME': 'bot', '_': '/usr/bin/colcon', 'ROS_VERSION': '2', 'XDG_SESSION_CLASS': 'user', 'TERM': 'xterm-256color', 'XDG_SESSION_ID': '6', 'PATH': '/opt/ros/jazzy/opt/gz_tools_vendor/bin:/opt/ros/jazzy/bin:/usr/local/sbin:/usr/local/bin:/usr/sbin:/usr/bin:/sbin:/bin:/usr/games:/usr/local/games:/snap/bin', 'XDG_RUNTIME_DIR': '/run/user/1000', 'LANG': 'en_US.UTF-8', 'LS_COLORS': 'rs=0:di=01;34:ln=01;36:mh=00:pi=40;33:so=01;35:do=01;35:bd=40;33;01:cd=40;33;01:or=40;31;01:mi=00:su=37;41:sg=30;43:ca=00:tw=30;42:ow=34;42:st=37;44:ex=01;32:*.tar=01;31:*.tgz=01;31:*.arc=01;31:*.arj=01;31:*.taz=01;31:*.lha=01;31:*.lz4=01;31:*.lzh=01;31:*.lzma=01;31:*.tlz=01;31:*.txz=01;31:*.tzo=01;31:*.t7z=01;31:*.zip=01;31:*.z=01;31:*.dz=01;31:*.gz=01;31:*.lrz=01;31:*.lz=01;31:*.lzo=01;31:*.xz=01;31:*.zst=01;31:*.tzst=01;31:*.bz2=01;31:*.bz=01;31:*.tbz=01;31:*.tbz2=01;31:*.tz=01;31:*.deb=01;31:*.rpm=01;31:*.jar=01;31:*.war=01;31:*.ear=01;31:*.sar=01;31:*.rar=01;31:*.alz=01;31:*.ace=01;31:*.zoo=01;31:*.cpio=01;31:*.7z=01;31:*.rz=01;31:*.cab=01;31:*.wim=01;31:*.swm=01;31:*.dwm=01;31:*.esd=01;31:*.avif=01;35:*.jpg=01;35:*.jpeg=01;35:*.mjpg=01;35:*.mjpeg=01;35:*.gif=01;35:*.bmp=01;35:*.pbm=01;35:*.pgm=01;35:*.ppm=01;35:*.tga=01;35:*.xbm=01;35:*.xpm=01;35:*.tif=01;35:*.tiff=01;35:*.png=01;35:*.svg=01;35:*.svgz=01;35:*.mng=01;35:*.pcx=01;35:*.mov=01;35:*.mpg=01;35:*.mpeg=01;35:*.m2v=01;35:*.mkv=01;35:*.webm=01;35:*.webp=01;35:*.ogm=01;35:*.mp4=01;35:*.m4v=01;35:*.mp4v=01;35:*.vob=01;35:*.qt=01;35:*.nuv=01;35:*.wmv=01;35:*.asf=01;35:*.rm=01;35:*.rmvb=01;35:*.flc=01;35:*.avi=01;35:*.fli=01;35:*.flv=01;35:*.gl=01;35:*.dl=01;35:*.xcf=01;35:*.xwd=01;35:*.yuv=01;35:*.cgm=01;35:*.emf=01;35:*.ogv=01;35:*.ogx=01;35:*.aac=00;36:*.au=00;36:*.flac=00;36:*.m4a=00;36:*.mid=00;36:*.midi=00;36:*.mka=00;36:*.mp3=00;36:*.mpc=00;36:*.ogg=00;36:*.ra=00;36:*.wav=00;36:*.oga=00;36:*.opus=00;36:*.spx=00;36:*.xspf=00;36:*~=00;90:*#=00;90:*.bak=00;90:*.crdownload=00;90:*.dpkg-dist=00;90:*.dpkg-new=00;90:*.dpkg-old=00;90:*.dpkg-tmp=00;90:*.old=00;90:*.orig=00;90:*.part=00;90:*.rej=00;90:*.rpmnew=00;90:*.rpmorig=00;90:*.rpmsave=00;90:*.swp=00;90:*.tmp=00;90:*.ucf-dist=00;90:*.ucf-new=00;90:*.ucf-old=00;90:', 'AMENT_PREFIX_PATH': '/opt/ros/jazzy', 'SHELL': '/bin/bash', 'LESSCLOSE': '/usr/bin/lesspipe %s %s', 'ROS_AUTOMATIC_DISCOVERY_RANGE': 'SUBNET', 'PWD': '/home/bot/ros2_ws/build/robotic_arm_model_v3', 'LC_ALL': 'en_US.UTF-8', 'SSH_CONNECTION': '192.168.1.199 58490 192.168.1.224 22', 'XDG_DATA_DIRS': '/usr/share/gnome:/usr/local/share:/usr/share:/var/lib/snapd/desktop', 'PYTHONPATH': '/opt/ros/jazzy/lib/python3.12/site-packages', 'COLCON': '1', 'CMAKE_PREFIX_PATH': '/opt/ros/jazzy/opt/sdformat_vendor:/opt/ros/jazzy/opt/gz_math_vendor:/opt/ros/jazzy/opt/gz_utils_vendor:/opt/ros/jazzy/opt/gz_tools_vendor:/opt/ros/jazzy/opt/gz_cmake_vendor:/opt/ros/jazzy'}), 'shell': False}
[0.220915] (cpp_pubsub) JobProgress: {'identifier': 'cpp_pubsub', 'progress': 'cmake'}
[0.233075] (cpp_pubsub) Command: {'cmd': ['/usr/bin/cmake', '/home/bot/ros2_ws/src/cpp_pubsub', '-DCMAKE_BUILD_TYPE=Release', '-DCMAKE_INSTALL_PREFIX=/home/bot/ros2_ws/install/cpp_pubsub'], 'cwd': '/home/bot/ros2_ws/build/cpp_pubsub', 'env': OrderedDict({'LESSOPEN': '| /usr/bin/lesspipe %s', 'USER': 'bot', 'SSH_CLIENT': '192.168.1.199 58490 22', 'GZ_CONFIG_PATH': '/opt/ros/jazzy/opt/sdformat_vendor/share/gz', 'XDG_SESSION_TYPE': 'tty', 'SHLVL': '1', 'LD_LIBRARY_PATH': '/opt/ros/jazzy/opt/sdformat_vendor/lib:/opt/ros/jazzy/opt/rviz_ogre_vendor/lib:/opt/ros/jazzy/lib/aarch64-linux-gnu:/opt/ros/jazzy/opt/gz_math_vendor/lib:/opt/ros/jazzy/opt/gz_utils_vendor/lib:/opt/ros/jazzy/opt/gz_tools_vendor/lib:/opt/ros/jazzy/opt/gz_cmake_vendor/lib:/opt/ros/jazzy/lib', 'HOME': '/home/bot', 'OLDPWD': '/home/bot/ros2_ws/src', 'SSH_TTY': '/dev/pts/4', 'ROS_PYTHON_VERSION': '3', 'DBUS_SESSION_BUS_ADDRESS': 'unix:path=/run/user/1000/bus', 'DEBUGINFOD_URLS': 'https://debuginfod.ubuntu.com', 'ROS_DISTRO': 'jazzy', 'LOGNAME': 'bot', '_': '/usr/bin/colcon', 'ROS_VERSION': '2', 'XDG_SESSION_CLASS': 'user', 'TERM': 'xterm-256color', 'XDG_SESSION_ID': '6', 'PATH': '/opt/ros/jazzy/opt/gz_tools_vendor/bin:/opt/ros/jazzy/bin:/usr/local/sbin:/usr/local/bin:/usr/sbin:/usr/bin:/sbin:/bin:/usr/games:/usr/local/games:/snap/bin', 'XDG_RUNTIME_DIR': '/run/user/1000', 'LANG': 'en_US.UTF-8', 'LS_COLORS': 'rs=0:di=01;34:ln=01;36:mh=00:pi=40;33:so=01;35:do=01;35:bd=40;33;01:cd=40;33;01:or=40;31;01:mi=00:su=37;41:sg=30;43:ca=00:tw=30;42:ow=34;42:st=37;44:ex=01;32:*.tar=01;31:*.tgz=01;31:*.arc=01;31:*.arj=01;31:*.taz=01;31:*.lha=01;31:*.lz4=01;31:*.lzh=01;31:*.lzma=01;31:*.tlz=01;31:*.txz=01;31:*.tzo=01;31:*.t7z=01;31:*.zip=01;31:*.z=01;31:*.dz=01;31:*.gz=01;31:*.lrz=01;31:*.lz=01;31:*.lzo=01;31:*.xz=01;31:*.zst=01;31:*.tzst=01;31:*.bz2=01;31:*.bz=01;31:*.tbz=01;31:*.tbz2=01;31:*.tz=01;31:*.deb=01;31:*.rpm=01;31:*.jar=01;31:*.war=01;31:*.ear=01;31:*.sar=01;31:*.rar=01;31:*.alz=01;31:*.ace=01;31:*.zoo=01;31:*.cpio=01;31:*.7z=01;31:*.rz=01;31:*.cab=01;31:*.wim=01;31:*.swm=01;31:*.dwm=01;31:*.esd=01;31:*.avif=01;35:*.jpg=01;35:*.jpeg=01;35:*.mjpg=01;35:*.mjpeg=01;35:*.gif=01;35:*.bmp=01;35:*.pbm=01;35:*.pgm=01;35:*.ppm=01;35:*.tga=01;35:*.xbm=01;35:*.xpm=01;35:*.tif=01;35:*.tiff=01;35:*.png=01;35:*.svg=01;35:*.svgz=01;35:*.mng=01;35:*.pcx=01;35:*.mov=01;35:*.mpg=01;35:*.mpeg=01;35:*.m2v=01;35:*.mkv=01;35:*.webm=01;35:*.webp=01;35:*.ogm=01;35:*.mp4=01;35:*.m4v=01;35:*.mp4v=01;35:*.vob=01;35:*.qt=01;35:*.nuv=01;35:*.wmv=01;35:*.asf=01;35:*.rm=01;35:*.rmvb=01;35:*.flc=01;35:*.avi=01;35:*.fli=01;35:*.flv=01;35:*.gl=01;35:*.dl=01;35:*.xcf=01;35:*.xwd=01;35:*.yuv=01;35:*.cgm=01;35:*.emf=01;35:*.ogv=01;35:*.ogx=01;35:*.aac=00;36:*.au=00;36:*.flac=00;36:*.m4a=00;36:*.mid=00;36:*.midi=00;36:*.mka=00;36:*.mp3=00;36:*.mpc=00;36:*.ogg=00;36:*.ra=00;36:*.wav=00;36:*.oga=00;36:*.opus=00;36:*.spx=00;36:*.xspf=00;36:*~=00;90:*#=00;90:*.bak=00;90:*.crdownload=00;90:*.dpkg-dist=00;90:*.dpkg-new=00;90:*.dpkg-old=00;90:*.dpkg-tmp=00;90:*.old=00;90:*.orig=00;90:*.part=00;90:*.rej=00;90:*.rpmnew=00;90:*.rpmorig=00;90:*.rpmsave=00;90:*.swp=00;90:*.tmp=00;90:*.ucf-dist=00;90:*.ucf-new=00;90:*.ucf-old=00;90:', 'AMENT_PREFIX_PATH': '/opt/ros/jazzy', 'SHELL': '/bin/bash', 'LESSCLOSE': '/usr/bin/lesspipe %s %s', 'ROS_AUTOMATIC_DISCOVERY_RANGE': 'SUBNET', 'PWD': '/home/bot/ros2_ws/build/cpp_pubsub', 'LC_ALL': 'en_US.UTF-8', 'SSH_CONNECTION': '192.168.1.199 58490 192.168.1.224 22', 'XDG_DATA_DIRS': '/usr/share/gnome:/usr/local/share:/usr/share:/var/lib/snapd/desktop', 'PYTHONPATH': '/opt/ros/jazzy/lib/python3.12/site-packages', 'COLCON': '1', 'CMAKE_PREFIX_PATH': '/opt/ros/jazzy/opt/sdformat_vendor:/opt/ros/jazzy/opt/gz_math_vendor:/opt/ros/jazzy/opt/gz_utils_vendor:/opt/ros/jazzy/opt/gz_tools_vendor:/opt/ros/jazzy/opt/gz_cmake_vendor:/opt/ros/jazzy'}), 'shell': False}
[0.301892] (-) TimerEvent: {}
[0.307503] (esp32_controller) JobProgress: {'identifier': 'esp32_controller', 'progress': 'cmake'}
[0.328697] (esp32_controller) Command: {'cmd': ['/usr/bin/cmake', '/home/bot/ros2_ws/src/esp32_controller', '-DCMAKE_BUILD_TYPE=Release', '-DCMAKE_INSTALL_PREFIX=/home/bot/ros2_ws/install/esp32_controller'], 'cwd': '/home/bot/ros2_ws/build/esp32_controller', 'env': OrderedDict({'LESSOPEN': '| /usr/bin/lesspipe %s', 'USER': 'bot', 'SSH_CLIENT': '192.168.1.199 58490 22', 'GZ_CONFIG_PATH': '/opt/ros/jazzy/opt/sdformat_vendor/share/gz', 'XDG_SESSION_TYPE': 'tty', 'SHLVL': '1', 'LD_LIBRARY_PATH': '/opt/ros/jazzy/opt/sdformat_vendor/lib:/opt/ros/jazzy/opt/rviz_ogre_vendor/lib:/opt/ros/jazzy/lib/aarch64-linux-gnu:/opt/ros/jazzy/opt/gz_math_vendor/lib:/opt/ros/jazzy/opt/gz_utils_vendor/lib:/opt/ros/jazzy/opt/gz_tools_vendor/lib:/opt/ros/jazzy/opt/gz_cmake_vendor/lib:/opt/ros/jazzy/lib', 'HOME': '/home/bot', 'OLDPWD': '/home/bot/ros2_ws/src', 'SSH_TTY': '/dev/pts/4', 'ROS_PYTHON_VERSION': '3', 'DBUS_SESSION_BUS_ADDRESS': 'unix:path=/run/user/1000/bus', 'DEBUGINFOD_URLS': 'https://debuginfod.ubuntu.com', 'ROS_DISTRO': 'jazzy', 'LOGNAME': 'bot', '_': '/usr/bin/colcon', 'ROS_VERSION': '2', 'XDG_SESSION_CLASS': 'user', 'TERM': 'xterm-256color', 'XDG_SESSION_ID': '6', 'PATH': '/opt/ros/jazzy/opt/gz_tools_vendor/bin:/opt/ros/jazzy/bin:/usr/local/sbin:/usr/local/bin:/usr/sbin:/usr/bin:/sbin:/bin:/usr/games:/usr/local/games:/snap/bin', 'XDG_RUNTIME_DIR': '/run/user/1000', 'LANG': 'en_US.UTF-8', 'LS_COLORS': 'rs=0:di=01;34:ln=01;36:mh=00:pi=40;33:so=01;35:do=01;35:bd=40;33;01:cd=40;33;01:or=40;31;01:mi=00:su=37;41:sg=30;43:ca=00:tw=30;42:ow=34;42:st=37;44:ex=01;32:*.tar=01;31:*.tgz=01;31:*.arc=01;31:*.arj=01;31:*.taz=01;31:*.lha=01;31:*.lz4=01;31:*.lzh=01;31:*.lzma=01;31:*.tlz=01;31:*.txz=01;31:*.tzo=01;31:*.t7z=01;31:*.zip=01;31:*.z=01;31:*.dz=01;31:*.gz=01;31:*.lrz=01;31:*.lz=01;31:*.lzo=01;31:*.xz=01;31:*.zst=01;31:*.tzst=01;31:*.bz2=01;31:*.bz=01;31:*.tbz=01;31:*.tbz2=01;31:*.tz=01;31:*.deb=01;31:*.rpm=01;31:*.jar=01;31:*.war=01;31:*.ear=01;31:*.sar=01;31:*.rar=01;31:*.alz=01;31:*.ace=01;31:*.zoo=01;31:*.cpio=01;31:*.7z=01;31:*.rz=01;31:*.cab=01;31:*.wim=01;31:*.swm=01;31:*.dwm=01;31:*.esd=01;31:*.avif=01;35:*.jpg=01;35:*.jpeg=01;35:*.mjpg=01;35:*.mjpeg=01;35:*.gif=01;35:*.bmp=01;35:*.pbm=01;35:*.pgm=01;35:*.ppm=01;35:*.tga=01;35:*.xbm=01;35:*.xpm=01;35:*.tif=01;35:*.tiff=01;35:*.png=01;35:*.svg=01;35:*.svgz=01;35:*.mng=01;35:*.pcx=01;35:*.mov=01;35:*.mpg=01;35:*.mpeg=01;35:*.m2v=01;35:*.mkv=01;35:*.webm=01;35:*.webp=01;35:*.ogm=01;35:*.mp4=01;35:*.m4v=01;35:*.mp4v=01;35:*.vob=01;35:*.qt=01;35:*.nuv=01;35:*.wmv=01;35:*.asf=01;35:*.rm=01;35:*.rmvb=01;35:*.flc=01;35:*.avi=01;35:*.fli=01;35:*.flv=01;35:*.gl=01;35:*.dl=01;35:*.xcf=01;35:*.xwd=01;35:*.yuv=01;35:*.cgm=01;35:*.emf=01;35:*.ogv=01;35:*.ogx=01;35:*.aac=00;36:*.au=00;36:*.flac=00;36:*.m4a=00;36:*.mid=00;36:*.midi=00;36:*.mka=00;36:*.mp3=00;36:*.mpc=00;36:*.ogg=00;36:*.ra=00;36:*.wav=00;36:*.oga=00;36:*.opus=00;36:*.spx=00;36:*.xspf=00;36:*~=00;90:*#=00;90:*.bak=00;90:*.crdownload=00;90:*.dpkg-dist=00;90:*.dpkg-new=00;90:*.dpkg-old=00;90:*.dpkg-tmp=00;90:*.old=00;90:*.orig=00;90:*.part=00;90:*.rej=00;90:*.rpmnew=00;90:*.rpmorig=00;90:*.rpmsave=00;90:*.swp=00;90:*.tmp=00;90:*.ucf-dist=00;90:*.ucf-new=00;90:*.ucf-old=00;90:', 'AMENT_PREFIX_PATH': '/opt/ros/jazzy', 'SHELL': '/bin/bash', 'LESSCLOSE': '/usr/bin/lesspipe %s %s', 'ROS_AUTOMATIC_DISCOVERY_RANGE': 'SUBNET', 'PWD': '/home/bot/ros2_ws/build/esp32_controller', 'LC_ALL': 'en_US.UTF-8', 'SSH_CONNECTION': '192.168.1.199 58490 192.168.1.224 22', 'XDG_DATA_DIRS': '/usr/share/gnome:/usr/local/share:/usr/share:/var/lib/snapd/desktop', 'PYTHONPATH': '/opt/ros/jazzy/lib/python3.12/site-packages', 'COLCON': '1', 'CMAKE_PREFIX_PATH': '/opt/ros/jazzy/opt/sdformat_vendor:/opt/ros/jazzy/opt/gz_math_vendor:/opt/ros/jazzy/opt/gz_utils_vendor:/opt/ros/jazzy/opt/gz_tools_vendor:/opt/ros/jazzy/opt/gz_cmake_vendor:/opt/ros/jazzy'}), 'shell': False}
[0.345734] (robotic_arm_model_v3) StdoutLine: {'line': b'-- Found ament_cmake: 2.5.4 (/opt/ros/jazzy/share/ament_cmake/cmake)\n'}
[0.355182] (cpp_pubsub) StdoutLine: {'line': b'-- Found ament_cmake: 2.5.4 (/opt/ros/jazzy/share/ament_cmake/cmake)\n'}
[0.402859] (-) TimerEvent: {}
[0.430038] (esp32_controller) StdoutLine: {'line': b'-- Found ament_cmake: 2.5.4 (/opt/ros/jazzy/share/ament_cmake/cmake)\n'}
[0.507025] (-) TimerEvent: {}
[0.609203] (-) TimerEvent: {}
[0.678253] (realsense2_camera_msgs) StdoutLine: {'line': b'-- The C compiler identification is GNU 13.3.0\n'}
[0.710831] (-) TimerEvent: {}
[0.811632] (-) TimerEvent: {}
[0.913499] (-) TimerEvent: {}
[1.016896] (-) TimerEvent: {}
[1.117900] (-) TimerEvent: {}
[1.160489] (realsense2_camera_msgs) StdoutLine: {'line': b'-- The CXX compiler identification is GNU 13.3.0\n'}
[1.229560] (-) TimerEvent: {}
[1.301860] (realsense2_camera_msgs) StdoutLine: {'line': b'-- Detecting C compiler ABI info\n'}
[1.333018] (-) TimerEvent: {}
[1.435861] (-) TimerEvent: {}
[1.536658] (-) TimerEvent: {}
[1.639844] (-) TimerEvent: {}
[1.740785] (-) TimerEvent: {}
[1.841953] (-) TimerEvent: {}
[1.944112] (-) TimerEvent: {}
[2.041518] (realsense2_camera_msgs) StdoutLine: {'line': b'-- Detecting C compiler ABI info - done\n'}
[2.044744] (-) TimerEvent: {}
[2.056756] (esp32_controller) StdoutLine: {'line': b'-- Found rclcpp: 28.1.13 (/opt/ros/jazzy/share/rclcpp/cmake)\n'}
[2.057528] (cpp_pubsub) StdoutLine: {'line': b'-- Found rclcpp: 28.1.13 (/opt/ros/jazzy/share/rclcpp/cmake)\n'}
[2.061846] (robotic_arm_model_v3) StdoutLine: {'line': b'-- Found ament_lint_auto: 0.17.3 (/opt/ros/jazzy/share/ament_lint_auto/cmake)\n'}
[2.085761] (realsense2_camera_msgs) StdoutLine: {'line': b'-- Check for working C compiler: /usr/bin/cc - skipped\n'}
[2.088222] (realsense2_camera_msgs) StdoutLine: {'line': b'-- Detecting C compile features\n'}
[2.091307] (realsense2_camera_msgs) StdoutLine: {'line': b'-- Detecting C compile features - done\n'}
[2.145378] (-) TimerEvent: {}
[2.150839] (realsense2_camera_msgs) StdoutLine: {'line': b'-- Detecting CXX compiler ABI info\n'}
[2.247464] (-) TimerEvent: {}
[2.349038] (cpp_pubsub) StdoutLine: {'line': b'-- Found rosidl_generator_c: 4.6.6 (/opt/ros/jazzy/share/rosidl_generator_c/cmake)\n'}
[2.351355] (-) TimerEvent: {}
[2.352555] (esp32_controller) StdoutLine: {'line': b'-- Found rosidl_generator_c: 4.6.6 (/opt/ros/jazzy/share/rosidl_generator_c/cmake)\n'}
[2.425048] (cpp_pubsub) StdoutLine: {'line': b'-- Found rosidl_generator_cpp: 4.6.6 (/opt/ros/jazzy/share/rosidl_generator_cpp/cmake)\n'}
[2.428666] (esp32_controller) StdoutLine: {'line': b'-- Found rosidl_generator_cpp: 4.6.6 (/opt/ros/jazzy/share/rosidl_generator_cpp/cmake)\n'}
[2.451553] (-) TimerEvent: {}
[2.538552] (esp32_controller) StdoutLine: {'line': b'-- Using all available rosidl_typesupport_c: rosidl_typesupport_fastrtps_c;rosidl_typesupport_introspection_c\n'}
[2.539875] (cpp_pubsub) StdoutLine: {'line': b'-- Using all available rosidl_typesupport_c: rosidl_typesupport_fastrtps_c;rosidl_typesupport_introspection_c\n'}
[2.552921] (-) TimerEvent: {}
[2.649634] (cpp_pubsub) StdoutLine: {'line': b'-- Using all available rosidl_typesupport_cpp: rosidl_typesupport_fastrtps_cpp;rosidl_typesupport_introspection_cpp\n'}
[2.653278] (esp32_controller) StdoutLine: {'line': b'-- Using all available rosidl_typesupport_cpp: rosidl_typesupport_fastrtps_cpp;rosidl_typesupport_introspection_cpp\n'}
[2.654126] (-) TimerEvent: {}
[2.711103] (robotic_arm_model_v3) StdoutLine: {'line': b"-- Added test 'lint_cmake' to check CMake code style\n"}
[2.731900] (robotic_arm_model_v3) StdoutLine: {'line': b"-- Added test 'xmllint' to check XML markup files\n"}
[2.746823] (robotic_arm_model_v3) StdoutLine: {'line': b'-- Configuring done (2.5s)\n'}
[2.755595] (-) TimerEvent: {}
[2.819880] (robotic_arm_model_v3) StdoutLine: {'line': b'-- Generating done (0.1s)\n'}
[2.840244] (robotic_arm_model_v3) StdoutLine: {'line': b'-- Build files have been written to: /home/bot/ros2_ws/build/robotic_arm_model_v3\n'}
[2.853069] (robotic_arm_model_v3) CommandEnded: {'returncode': 0}
[2.862483] (-) TimerEvent: {}
[2.866107] (robotic_arm_model_v3) JobProgress: {'identifier': 'robotic_arm_model_v3', 'progress': 'build'}
[2.866460] (robotic_arm_model_v3) Command: {'cmd': ['/usr/bin/cmake', '--build', '/home/bot/ros2_ws/build/robotic_arm_model_v3', '--', '-j4', '-l4'], 'cwd': '/home/bot/ros2_ws/build/robotic_arm_model_v3', 'env': OrderedDict({'LESSOPEN': '| /usr/bin/lesspipe %s', 'USER': 'bot', 'SSH_CLIENT': '192.168.1.199 58490 22', 'GZ_CONFIG_PATH': '/opt/ros/jazzy/opt/sdformat_vendor/share/gz', 'XDG_SESSION_TYPE': 'tty', 'SHLVL': '1', 'LD_LIBRARY_PATH': '/opt/ros/jazzy/opt/sdformat_vendor/lib:/opt/ros/jazzy/opt/rviz_ogre_vendor/lib:/opt/ros/jazzy/lib/aarch64-linux-gnu:/opt/ros/jazzy/opt/gz_math_vendor/lib:/opt/ros/jazzy/opt/gz_utils_vendor/lib:/opt/ros/jazzy/opt/gz_tools_vendor/lib:/opt/ros/jazzy/opt/gz_cmake_vendor/lib:/opt/ros/jazzy/lib', 'HOME': '/home/bot', 'OLDPWD': '/home/bot/ros2_ws/src', 'SSH_TTY': '/dev/pts/4', 'ROS_PYTHON_VERSION': '3', 'DBUS_SESSION_BUS_ADDRESS': 'unix:path=/run/user/1000/bus', 'DEBUGINFOD_URLS': 'https://debuginfod.ubuntu.com', 'ROS_DISTRO': 'jazzy', 'LOGNAME': 'bot', '_': '/usr/bin/colcon', 'ROS_VERSION': '2', 'XDG_SESSION_CLASS': 'user', 'TERM': 'xterm-256color', 'XDG_SESSION_ID': '6', 'PATH': '/opt/ros/jazzy/opt/gz_tools_vendor/bin:/opt/ros/jazzy/bin:/usr/local/sbin:/usr/local/bin:/usr/sbin:/usr/bin:/sbin:/bin:/usr/games:/usr/local/games:/snap/bin', 'XDG_RUNTIME_DIR': '/run/user/1000', 'LANG': 'en_US.UTF-8', 'LS_COLORS': 'rs=0:di=01;34:ln=01;36:mh=00:pi=40;33:so=01;35:do=01;35:bd=40;33;01:cd=40;33;01:or=40;31;01:mi=00:su=37;41:sg=30;43:ca=00:tw=30;42:ow=34;42:st=37;44:ex=01;32:*.tar=01;31:*.tgz=01;31:*.arc=01;31:*.arj=01;31:*.taz=01;31:*.lha=01;31:*.lz4=01;31:*.lzh=01;31:*.lzma=01;31:*.tlz=01;31:*.txz=01;31:*.tzo=01;31:*.t7z=01;31:*.zip=01;31:*.z=01;31:*.dz=01;31:*.gz=01;31:*.lrz=01;31:*.lz=01;31:*.lzo=01;31:*.xz=01;31:*.zst=01;31:*.tzst=01;31:*.bz2=01;31:*.bz=01;31:*.tbz=01;31:*.tbz2=01;31:*.tz=01;31:*.deb=01;31:*.rpm=01;31:*.jar=01;31:*.war=01;31:*.ear=01;31:*.sar=01;31:*.rar=01;31:*.alz=01;31:*.ace=01;31:*.zoo=01;31:*.cpio=01;31:*.7z=01;31:*.rz=01;31:*.cab=01;31:*.wim=01;31:*.swm=01;31:*.dwm=01;31:*.esd=01;31:*.avif=01;35:*.jpg=01;35:*.jpeg=01;35:*.mjpg=01;35:*.mjpeg=01;35:*.gif=01;35:*.bmp=01;35:*.pbm=01;35:*.pgm=01;35:*.ppm=01;35:*.tga=01;35:*.xbm=01;35:*.xpm=01;35:*.tif=01;35:*.tiff=01;35:*.png=01;35:*.svg=01;35:*.svgz=01;35:*.mng=01;35:*.pcx=01;35:*.mov=01;35:*.mpg=01;35:*.mpeg=01;35:*.m2v=01;35:*.mkv=01;35:*.webm=01;35:*.webp=01;35:*.ogm=01;35:*.mp4=01;35:*.m4v=01;35:*.mp4v=01;35:*.vob=01;35:*.qt=01;35:*.nuv=01;35:*.wmv=01;35:*.asf=01;35:*.rm=01;35:*.rmvb=01;35:*.flc=01;35:*.avi=01;35:*.fli=01;35:*.flv=01;35:*.gl=01;35:*.dl=01;35:*.xcf=01;35:*.xwd=01;35:*.yuv=01;35:*.cgm=01;35:*.emf=01;35:*.ogv=01;35:*.ogx=01;35:*.aac=00;36:*.au=00;36:*.flac=00;36:*.m4a=00;36:*.mid=00;36:*.midi=00;36:*.mka=00;36:*.mp3=00;36:*.mpc=00;36:*.ogg=00;36:*.ra=00;36:*.wav=00;36:*.oga=00;36:*.opus=00;36:*.spx=00;36:*.xspf=00;36:*~=00;90:*#=00;90:*.bak=00;90:*.crdownload=00;90:*.dpkg-dist=00;90:*.dpkg-new=00;90:*.dpkg-old=00;90:*.dpkg-tmp=00;90:*.old=00;90:*.orig=00;90:*.part=00;90:*.rej=00;90:*.rpmnew=00;90:*.rpmorig=00;90:*.rpmsave=00;90:*.swp=00;90:*.tmp=00;90:*.ucf-dist=00;90:*.ucf-new=00;90:*.ucf-old=00;90:', 'AMENT_PREFIX_PATH': '/opt/ros/jazzy', 'SHELL': '/bin/bash', 'LESSCLOSE': '/usr/bin/lesspipe %s %s', 'ROS_AUTOMATIC_DISCOVERY_RANGE': 'SUBNET', 'PWD': '/home/bot/ros2_ws/build/robotic_arm_model_v3', 'LC_ALL': 'en_US.UTF-8', 'SSH_CONNECTION': '192.168.1.199 58490 192.168.1.224 22', 'XDG_DATA_DIRS': '/usr/share/gnome:/usr/local/share:/usr/share:/var/lib/snapd/desktop', 'PYTHONPATH': '/opt/ros/jazzy/lib/python3.12/site-packages', 'COLCON': '1', 'CMAKE_PREFIX_PATH': '/opt/ros/jazzy/opt/sdformat_vendor:/opt/ros/jazzy/opt/gz_math_vendor:/opt/ros/jazzy/opt/gz_utils_vendor:/opt/ros/jazzy/opt/gz_tools_vendor:/opt/ros/jazzy/opt/gz_cmake_vendor:/opt/ros/jazzy'}), 'shell': False}
[2.878090] (realsense2_camera_msgs) StdoutLine: {'line': b'-- Detecting CXX compiler ABI info - done\n'}
[2.921826] (realsense2_camera_msgs) StdoutLine: {'line': b'-- Check for working CXX compiler: /usr/bin/c++ - skipped\n'}
[2.926268] (realsense2_camera_msgs) StdoutLine: {'line': b'-- Detecting CXX compile features\n'}
[2.928462] (realsense2_camera_msgs) StdoutLine: {'line': b'-- Detecting CXX compile features - done\n'}
[2.962762] (-) TimerEvent: {}
[2.987603] (realsense2_camera_msgs) StdoutLine: {'line': b'-- Found ament_cmake: 2.5.4 (/opt/ros/jazzy/share/ament_cmake/cmake)\n'}
[3.062967] (-) TimerEvent: {}
[3.068380] (esp32_controller) StdoutLine: {'line': b'-- Found rmw_implementation_cmake: 7.3.2 (/opt/ros/jazzy/share/rmw_implementation_cmake/cmake)\n'}
[3.071832] (cpp_pubsub) StdoutLine: {'line': b'-- Found rmw_implementation_cmake: 7.3.2 (/opt/ros/jazzy/share/rmw_implementation_cmake/cmake)\n'}
[3.084880] (cpp_pubsub) StdoutLine: {'line': b'-- Found rmw_fastrtps_cpp: 8.4.3 (/opt/ros/jazzy/share/rmw_fastrtps_cpp/cmake)\n'}
[3.086643] (esp32_controller) StdoutLine: {'line': b'-- Found rmw_fastrtps_cpp: 8.4.3 (/opt/ros/jazzy/share/rmw_fastrtps_cpp/cmake)\n'}
[3.132909] (robotic_arm_model_v3) CommandEnded: {'returncode': 0}
[3.134511] (robotic_arm_model_v3) JobProgress: {'identifier': 'robotic_arm_model_v3', 'progress': 'install'}
[3.165171] (-) TimerEvent: {}
[3.190040] (robotic_arm_model_v3) Command: {'cmd': ['/usr/bin/cmake', '--install', '/home/bot/ros2_ws/build/robotic_arm_model_v3'], 'cwd': '/home/bot/ros2_ws/build/robotic_arm_model_v3', 'env': OrderedDict({'LESSOPEN': '| /usr/bin/lesspipe %s', 'USER': 'bot', 'SSH_CLIENT': '192.168.1.199 58490 22', 'GZ_CONFIG_PATH': '/opt/ros/jazzy/opt/sdformat_vendor/share/gz', 'XDG_SESSION_TYPE': 'tty', 'SHLVL': '1', 'LD_LIBRARY_PATH': '/opt/ros/jazzy/opt/sdformat_vendor/lib:/opt/ros/jazzy/opt/rviz_ogre_vendor/lib:/opt/ros/jazzy/lib/aarch64-linux-gnu:/opt/ros/jazzy/opt/gz_math_vendor/lib:/opt/ros/jazzy/opt/gz_utils_vendor/lib:/opt/ros/jazzy/opt/gz_tools_vendor/lib:/opt/ros/jazzy/opt/gz_cmake_vendor/lib:/opt/ros/jazzy/lib', 'HOME': '/home/bot', 'OLDPWD': '/home/bot/ros2_ws/src', 'SSH_TTY': '/dev/pts/4', 'ROS_PYTHON_VERSION': '3', 'DBUS_SESSION_BUS_ADDRESS': 'unix:path=/run/user/1000/bus', 'DEBUGINFOD_URLS': 'https://debuginfod.ubuntu.com', 'ROS_DISTRO': 'jazzy', 'LOGNAME': 'bot', '_': '/usr/bin/colcon', 'ROS_VERSION': '2', 'XDG_SESSION_CLASS': 'user', 'TERM': 'xterm-256color', 'XDG_SESSION_ID': '6', 'PATH': '/opt/ros/jazzy/opt/gz_tools_vendor/bin:/opt/ros/jazzy/bin:/usr/local/sbin:/usr/local/bin:/usr/sbin:/usr/bin:/sbin:/bin:/usr/games:/usr/local/games:/snap/bin', 'XDG_RUNTIME_DIR': '/run/user/1000', 'LANG': 'en_US.UTF-8', 'LS_COLORS': 'rs=0:di=01;34:ln=01;36:mh=00:pi=40;33:so=01;35:do=01;35:bd=40;33;01:cd=40;33;01:or=40;31;01:mi=00:su=37;41:sg=30;43:ca=00:tw=30;42:ow=34;42:st=37;44:ex=01;32:*.tar=01;31:*.tgz=01;31:*.arc=01;31:*.arj=01;31:*.taz=01;31:*.lha=01;31:*.lz4=01;31:*.lzh=01;31:*.lzma=01;31:*.tlz=01;31:*.txz=01;31:*.tzo=01;31:*.t7z=01;31:*.zip=01;31:*.z=01;31:*.dz=01;31:*.gz=01;31:*.lrz=01;31:*.lz=01;31:*.lzo=01;31:*.xz=01;31:*.zst=01;31:*.tzst=01;31:*.bz2=01;31:*.bz=01;31:*.tbz=01;31:*.tbz2=01;31:*.tz=01;31:*.deb=01;31:*.rpm=01;31:*.jar=01;31:*.war=01;31:*.ear=01;31:*.sar=01;31:*.rar=01;31:*.alz=01;31:*.ace=01;31:*.zoo=01;31:*.cpio=01;31:*.7z=01;31:*.rz=01;31:*.cab=01;31:*.wim=01;31:*.swm=01;31:*.dwm=01;31:*.esd=01;31:*.avif=01;35:*.jpg=01;35:*.jpeg=01;35:*.mjpg=01;35:*.mjpeg=01;35:*.gif=01;35:*.bmp=01;35:*.pbm=01;35:*.pgm=01;35:*.ppm=01;35:*.tga=01;35:*.xbm=01;35:*.xpm=01;35:*.tif=01;35:*.tiff=01;35:*.png=01;35:*.svg=01;35:*.svgz=01;35:*.mng=01;35:*.pcx=01;35:*.mov=01;35:*.mpg=01;35:*.mpeg=01;35:*.m2v=01;35:*.mkv=01;35:*.webm=01;35:*.webp=01;35:*.ogm=01;35:*.mp4=01;35:*.m4v=01;35:*.mp4v=01;35:*.vob=01;35:*.qt=01;35:*.nuv=01;35:*.wmv=01;35:*.asf=01;35:*.rm=01;35:*.rmvb=01;35:*.flc=01;35:*.avi=01;35:*.fli=01;35:*.flv=01;35:*.gl=01;35:*.dl=01;35:*.xcf=01;35:*.xwd=01;35:*.yuv=01;35:*.cgm=01;35:*.emf=01;35:*.ogv=01;35:*.ogx=01;35:*.aac=00;36:*.au=00;36:*.flac=00;36:*.m4a=00;36:*.mid=00;36:*.midi=00;36:*.mka=00;36:*.mp3=00;36:*.mpc=00;36:*.ogg=00;36:*.ra=00;36:*.wav=00;36:*.oga=00;36:*.opus=00;36:*.spx=00;36:*.xspf=00;36:*~=00;90:*#=00;90:*.bak=00;90:*.crdownload=00;90:*.dpkg-dist=00;90:*.dpkg-new=00;90:*.dpkg-old=00;90:*.dpkg-tmp=00;90:*.old=00;90:*.orig=00;90:*.part=00;90:*.rej=00;90:*.rpmnew=00;90:*.rpmorig=00;90:*.rpmsave=00;90:*.swp=00;90:*.tmp=00;90:*.ucf-dist=00;90:*.ucf-new=00;90:*.ucf-old=00;90:', 'AMENT_PREFIX_PATH': '/opt/ros/jazzy', 'SHELL': '/bin/bash', 'LESSCLOSE': '/usr/bin/lesspipe %s %s', 'ROS_AUTOMATIC_DISCOVERY_RANGE': 'SUBNET', 'PWD': '/home/bot/ros2_ws/build/robotic_arm_model_v3', 'LC_ALL': 'en_US.UTF-8', 'SSH_CONNECTION': '192.168.1.199 58490 192.168.1.224 22', 'XDG_DATA_DIRS': '/usr/share/gnome:/usr/local/share:/usr/share:/var/lib/snapd/desktop', 'PYTHONPATH': '/opt/ros/jazzy/lib/python3.12/site-packages', 'COLCON': '1', 'CMAKE_PREFIX_PATH': '/opt/ros/jazzy/opt/sdformat_vendor:/opt/ros/jazzy/opt/gz_math_vendor:/opt/ros/jazzy/opt/gz_utils_vendor:/opt/ros/jazzy/opt/gz_tools_vendor:/opt/ros/jazzy/opt/gz_cmake_vendor:/opt/ros/jazzy'}), 'shell': False}
[3.256124] (robotic_arm_model_v3) StdoutLine: {'line': b'-- Install configuration: "Release"\n'}
[3.263464] (robotic_arm_model_v3) StdoutLine: {'line': b'-- Up-to-date: /home/bot/ros2_ws/install/robotic_arm_model_v3/share/robotic_arm_model_v3/urdf\n'}
[3.265901] (-) TimerEvent: {}
[3.272586] (robotic_arm_model_v3) StdoutLine: {'line': b'-- Up-to-date: /home/bot/ros2_ws/install/robotic_arm_model_v3/share/robotic_arm_model_v3/urdf/robotic_arm_model_v3.csv\n'}
[3.275179] (robotic_arm_model_v3) StdoutLine: {'line': b'-- Up-to-date: /home/bot/ros2_ws/install/robotic_arm_model_v3/share/robotic_arm_model_v3/urdf/robotic_arm_model_v3.urdf\n'}
[3.276538] (robotic_arm_model_v3) StdoutLine: {'line': b'-- Up-to-date: /home/bot/ros2_ws/install/robotic_arm_model_v3/share/robotic_arm_model_v3/urdf/robotic_arm_model_v3.sdf\n'}
[3.281205] (robotic_arm_model_v3) StdoutLine: {'line': b'-- Up-to-date: /home/bot/ros2_ws/install/robotic_arm_model_v3/share/robotic_arm_model_v3/meshes\n'}
[3.282628] (robotic_arm_model_v3) StdoutLine: {'line': b'-- Up-to-date: /home/bot/ros2_ws/install/robotic_arm_model_v3/share/robotic_arm_model_v3/meshes/link_2.STL\n'}
[3.283356] (robotic_arm_model_v3) StdoutLine: {'line': b'-- Up-to-date: /home/bot/ros2_ws/install/robotic_arm_model_v3/share/robotic_arm_model_v3/meshes/end_effector_bottom.STL\n'}
[3.283938] (robotic_arm_model_v3) StdoutLine: {'line': b'-- Up-to-date: /home/bot/ros2_ws/install/robotic_arm_model_v3/share/robotic_arm_model_v3/meshes/end_effector_link.STL\n'}
[3.284447] (robotic_arm_model_v3) StdoutLine: {'line': b'-- Up-to-date: /home/bot/ros2_ws/install/robotic_arm_model_v3/share/robotic_arm_model_v3/meshes/link_4.STL\n'}
[3.285003] (robotic_arm_model_v3) StdoutLine: {'line': b'-- Up-to-date: /home/bot/ros2_ws/install/robotic_arm_model_v3/share/robotic_arm_model_v3/meshes/link_1.STL\n'}
[3.285508] (robotic_arm_model_v3) StdoutLine: {'line': b'-- Up-to-date: /home/bot/ros2_ws/install/robotic_arm_model_v3/share/robotic_arm_model_v3/meshes/link_3.STL\n'}
[3.286068] (robotic_arm_model_v3) StdoutLine: {'line': b'-- Up-to-date: /home/bot/ros2_ws/install/robotic_arm_model_v3/share/robotic_arm_model_v3/meshes/base_link.STL\n'}
[3.286478] (robotic_arm_model_v3) StdoutLine: {'line': b'-- Up-to-date: /home/bot/ros2_ws/install/robotic_arm_model_v3/share/robotic_arm_model_v3/meshes/end_effector_top.STL\n'}
[3.287104] (robotic_arm_model_v3) StdoutLine: {'line': b'-- Up-to-date: /home/bot/ros2_ws/install/robotic_arm_model_v3/share/ament_index/resource_index/package_run_dependencies/robotic_arm_model_v3\n'}
[3.288648] (robotic_arm_model_v3) StdoutLine: {'line': b'-- Installing: /home/bot/ros2_ws/install/robotic_arm_model_v3/share/ament_index/resource_index/parent_prefix_path/robotic_arm_model_v3\n'}
[3.293888] (robotic_arm_model_v3) StdoutLine: {'line': b'-- Up-to-date: /home/bot/ros2_ws/install/robotic_arm_model_v3/share/robotic_arm_model_v3/environment/ament_prefix_path.sh\n'}
[3.294759] (robotic_arm_model_v3) StdoutLine: {'line': b'-- Up-to-date: /home/bot/ros2_ws/install/robotic_arm_model_v3/share/robotic_arm_model_v3/environment/ament_prefix_path.dsv\n'}
[3.295983] (robotic_arm_model_v3) StdoutLine: {'line': b'-- Up-to-date: /home/bot/ros2_ws/install/robotic_arm_model_v3/share/robotic_arm_model_v3/environment/path.sh\n'}
[3.296663] (robotic_arm_model_v3) StdoutLine: {'line': b'-- Up-to-date: /home/bot/ros2_ws/install/robotic_arm_model_v3/share/robotic_arm_model_v3/environment/path.dsv\n'}
[3.301085] (robotic_arm_model_v3) StdoutLine: {'line': b'-- Up-to-date: /home/bot/ros2_ws/install/robotic_arm_model_v3/share/robotic_arm_model_v3/local_setup.bash\n'}
[3.301881] (robotic_arm_model_v3) StdoutLine: {'line': b'-- Up-to-date: /home/bot/ros2_ws/install/robotic_arm_model_v3/share/robotic_arm_model_v3/local_setup.sh\n'}
[3.302521] (robotic_arm_model_v3) StdoutLine: {'line': b'-- Up-to-date: /home/bot/ros2_ws/install/robotic_arm_model_v3/share/robotic_arm_model_v3/local_setup.zsh\n'}
[3.303142] (robotic_arm_model_v3) StdoutLine: {'line': b'-- Up-to-date: /home/bot/ros2_ws/install/robotic_arm_model_v3/share/robotic_arm_model_v3/local_setup.dsv\n'}
[3.303709] (robotic_arm_model_v3) StdoutLine: {'line': b'-- Up-to-date: /home/bot/ros2_ws/install/robotic_arm_model_v3/share/robotic_arm_model_v3/package.dsv\n'}
[3.306940] (robotic_arm_model_v3) StdoutLine: {'line': b'-- Up-to-date: /home/bot/ros2_ws/install/robotic_arm_model_v3/share/ament_index/resource_index/packages/robotic_arm_model_v3\n'}
[3.309338] (robotic_arm_model_v3) StdoutLine: {'line': b'-- Up-to-date: /home/bot/ros2_ws/install/robotic_arm_model_v3/share/robotic_arm_model_v3/cmake/robotic_arm_model_v3Config.cmake\n'}
[3.311012] (robotic_arm_model_v3) StdoutLine: {'line': b'-- Up-to-date: /home/bot/ros2_ws/install/robotic_arm_model_v3/share/robotic_arm_model_v3/cmake/robotic_arm_model_v3Config-version.cmake\n'}
[3.311704] (robotic_arm_model_v3) StdoutLine: {'line': b'-- Up-to-date: /home/bot/ros2_ws/install/robotic_arm_model_v3/share/robotic_arm_model_v3/package.xml\n'}
[3.324111] (robotic_arm_model_v3) CommandEnded: {'returncode': 0}
[3.366046] (-) TimerEvent: {}
[3.469384] (-) TimerEvent: {}
[3.474627] (robotic_arm_model_v3) JobEnded: {'identifier': 'robotic_arm_model_v3', 'rc': 0}
[3.480865] (imu_controller) JobStarted: {'identifier': 'imu_controller'}
[3.524074] (imu_controller) JobProgress: {'identifier': 'imu_controller', 'progress': 'cmake'}
[3.545065] (imu_controller) Command: {'cmd': ['/usr/bin/cmake', '/home/bot/ros2_ws/src/imu_controller', '-DCMAKE_BUILD_TYPE=Release', '-DCMAKE_INSTALL_PREFIX=/home/bot/ros2_ws/install/imu_controller'], 'cwd': '/home/bot/ros2_ws/build/imu_controller', 'env': OrderedDict({'LESSOPEN': '| /usr/bin/lesspipe %s', 'USER': 'bot', 'SSH_CLIENT': '192.168.1.199 58490 22', 'GZ_CONFIG_PATH': '/opt/ros/jazzy/opt/sdformat_vendor/share/gz', 'XDG_SESSION_TYPE': 'tty', 'SHLVL': '1', 'LD_LIBRARY_PATH': '/opt/ros/jazzy/opt/sdformat_vendor/lib:/opt/ros/jazzy/opt/rviz_ogre_vendor/lib:/opt/ros/jazzy/lib/aarch64-linux-gnu:/opt/ros/jazzy/opt/gz_math_vendor/lib:/opt/ros/jazzy/opt/gz_utils_vendor/lib:/opt/ros/jazzy/opt/gz_tools_vendor/lib:/opt/ros/jazzy/opt/gz_cmake_vendor/lib:/opt/ros/jazzy/lib', 'HOME': '/home/bot', 'OLDPWD': '/home/bot/ros2_ws/src', 'SSH_TTY': '/dev/pts/4', 'ROS_PYTHON_VERSION': '3', 'DBUS_SESSION_BUS_ADDRESS': 'unix:path=/run/user/1000/bus', 'DEBUGINFOD_URLS': 'https://debuginfod.ubuntu.com', 'ROS_DISTRO': 'jazzy', 'LOGNAME': 'bot', '_': '/usr/bin/colcon', 'ROS_VERSION': '2', 'XDG_SESSION_CLASS': 'user', 'TERM': 'xterm-256color', 'XDG_SESSION_ID': '6', 'PATH': '/opt/ros/jazzy/opt/gz_tools_vendor/bin:/opt/ros/jazzy/bin:/usr/local/sbin:/usr/local/bin:/usr/sbin:/usr/bin:/sbin:/bin:/usr/games:/usr/local/games:/snap/bin', 'XDG_RUNTIME_DIR': '/run/user/1000', 'LANG': 'en_US.UTF-8', 'LS_COLORS': 'rs=0:di=01;34:ln=01;36:mh=00:pi=40;33:so=01;35:do=01;35:bd=40;33;01:cd=40;33;01:or=40;31;01:mi=00:su=37;41:sg=30;43:ca=00:tw=30;42:ow=34;42:st=37;44:ex=01;32:*.tar=01;31:*.tgz=01;31:*.arc=01;31:*.arj=01;31:*.taz=01;31:*.lha=01;31:*.lz4=01;31:*.lzh=01;31:*.lzma=01;31:*.tlz=01;31:*.txz=01;31:*.tzo=01;31:*.t7z=01;31:*.zip=01;31:*.z=01;31:*.dz=01;31:*.gz=01;31:*.lrz=01;31:*.lz=01;31:*.lzo=01;31:*.xz=01;31:*.zst=01;31:*.tzst=01;31:*.bz2=01;31:*.bz=01;31:*.tbz=01;31:*.tbz2=01;31:*.tz=01;31:*.deb=01;31:*.rpm=01;31:*.jar=01;31:*.war=01;31:*.ear=01;31:*.sar=01;31:*.rar=01;31:*.alz=01;31:*.ace=01;31:*.zoo=01;31:*.cpio=01;31:*.7z=01;31:*.rz=01;31:*.cab=01;31:*.wim=01;31:*.swm=01;31:*.dwm=01;31:*.esd=01;31:*.avif=01;35:*.jpg=01;35:*.jpeg=01;35:*.mjpg=01;35:*.mjpeg=01;35:*.gif=01;35:*.bmp=01;35:*.pbm=01;35:*.pgm=01;35:*.ppm=01;35:*.tga=01;35:*.xbm=01;35:*.xpm=01;35:*.tif=01;35:*.tiff=01;35:*.png=01;35:*.svg=01;35:*.svgz=01;35:*.mng=01;35:*.pcx=01;35:*.mov=01;35:*.mpg=01;35:*.mpeg=01;35:*.m2v=01;35:*.mkv=01;35:*.webm=01;35:*.webp=01;35:*.ogm=01;35:*.mp4=01;35:*.m4v=01;35:*.mp4v=01;35:*.vob=01;35:*.qt=01;35:*.nuv=01;35:*.wmv=01;35:*.asf=01;35:*.rm=01;35:*.rmvb=01;35:*.flc=01;35:*.avi=01;35:*.fli=01;35:*.flv=01;35:*.gl=01;35:*.dl=01;35:*.xcf=01;35:*.xwd=01;35:*.yuv=01;35:*.cgm=01;35:*.emf=01;35:*.ogv=01;35:*.ogx=01;35:*.aac=00;36:*.au=00;36:*.flac=00;36:*.m4a=00;36:*.mid=00;36:*.midi=00;36:*.mka=00;36:*.mp3=00;36:*.mpc=00;36:*.ogg=00;36:*.ra=00;36:*.wav=00;36:*.oga=00;36:*.opus=00;36:*.spx=00;36:*.xspf=00;36:*~=00;90:*#=00;90:*.bak=00;90:*.crdownload=00;90:*.dpkg-dist=00;90:*.dpkg-new=00;90:*.dpkg-old=00;90:*.dpkg-tmp=00;90:*.old=00;90:*.orig=00;90:*.part=00;90:*.rej=00;90:*.rpmnew=00;90:*.rpmorig=00;90:*.rpmsave=00;90:*.swp=00;90:*.tmp=00;90:*.ucf-dist=00;90:*.ucf-new=00;90:*.ucf-old=00;90:', 'AMENT_PREFIX_PATH': '/opt/ros/jazzy', 'SHELL': '/bin/bash', 'LESSCLOSE': '/usr/bin/lesspipe %s %s', 'ROS_AUTOMATIC_DISCOVERY_RANGE': 'SUBNET', 'PWD': '/home/bot/ros2_ws/build/imu_controller', 'LC_ALL': 'en_US.UTF-8', 'SSH_CONNECTION': '192.168.1.199 58490 192.168.1.224 22', 'XDG_DATA_DIRS': '/usr/share/gnome:/usr/local/share:/usr/share:/var/lib/snapd/desktop', 'PYTHONPATH': '/opt/ros/jazzy/lib/python3.12/site-packages', 'COLCON': '1', 'CMAKE_PREFIX_PATH': '/opt/ros/jazzy/opt/sdformat_vendor:/opt/ros/jazzy/opt/gz_math_vendor:/opt/ros/jazzy/opt/gz_utils_vendor:/opt/ros/jazzy/opt/gz_tools_vendor:/opt/ros/jazzy/opt/gz_cmake_vendor:/opt/ros/jazzy'}), 'shell': False}
[3.560855] (esp32_controller) StdoutLine: {'line': b"-- Using RMW implementation 'rmw_fastrtps_cpp' as default\n"}
[3.568300] (cpp_pubsub) StdoutLine: {'line': b"-- Using RMW implementation 'rmw_fastrtps_cpp' as default\n"}
[3.572648] (-) TimerEvent: {}
[3.649080] (imu_controller) StdoutLine: {'line': b'-- Found ament_cmake: 2.5.4 (/opt/ros/jazzy/share/ament_cmake/cmake)\n'}
[3.674349] (-) TimerEvent: {}
[3.776254] (-) TimerEvent: {}
[3.879926] (-) TimerEvent: {}
[3.980982] (-) TimerEvent: {}
[3.999867] (realsense2_camera_msgs) StdoutLine: {'line': b'-- Found Python3: /usr/bin/python3 (found version "3.12.3") found components: Interpreter \n'}
[4.010806] (cpp_pubsub) StdoutLine: {'line': b'-- Found std_msgs: 5.3.6 (/opt/ros/jazzy/share/std_msgs/cmake)\n'}
[4.012017] (esp32_controller) StdoutLine: {'line': b'-- Found nav_msgs: 5.3.6 (/opt/ros/jazzy/share/nav_msgs/cmake)\n'}
[4.082715] (-) TimerEvent: {}
[4.183838] (-) TimerEvent: {}
[4.286884] (-) TimerEvent: {}
[4.387869] (-) TimerEvent: {}
[4.430938] (esp32_controller) StdoutLine: {'line': b'-- Found sensor_msgs: 5.3.6 (/opt/ros/jazzy/share/sensor_msgs/cmake)\n'}
[4.488129] (-) TimerEvent: {}
[4.591759] (-) TimerEvent: {}
[4.600173] (esp32_controller) StdoutLine: {'line': b'-- Found moveit_ros_planning_interface: 2.12.3 (/opt/ros/jazzy/share/moveit_ros_planning_interface/cmake)\n'}
[4.692845] (-) TimerEvent: {}
[4.723611] (cpp_pubsub) StdoutLine: {'line': b'-- Configuring done (4.4s)\n'}
[4.745456] (esp32_controller) StdoutLine: {'line': b'-- Found Boost: /usr/lib/aarch64-linux-gnu/cmake/Boost-1.83.0/BoostConfig.cmake (found version "1.83.0") found components: date_time filesystem program_options system thread \n'}
[4.793904] (-) TimerEvent: {}
[4.894831] (-) TimerEvent: {}
[4.912475] (cpp_pubsub) StdoutLine: {'line': b'-- Generating done (0.1s)\n'}
[4.952829] (cpp_pubsub) StdoutLine: {'line': b'-- Build files have been written to: /home/bot/ros2_ws/build/cpp_pubsub\n'}
[4.995816] (cpp_pubsub) CommandEnded: {'returncode': 0}
[4.998480] (-) TimerEvent: {}
[5.000016] (cpp_pubsub) JobProgress: {'identifier': 'cpp_pubsub', 'progress': 'build'}
[5.000559] (cpp_pubsub) Command: {'cmd': ['/usr/bin/cmake', '--build', '/home/bot/ros2_ws/build/cpp_pubsub', '--', '-j4', '-l4'], 'cwd': '/home/bot/ros2_ws/build/cpp_pubsub', 'env': OrderedDict({'LESSOPEN': '| /usr/bin/lesspipe %s', 'USER': 'bot', 'SSH_CLIENT': '192.168.1.199 58490 22', 'GZ_CONFIG_PATH': '/opt/ros/jazzy/opt/sdformat_vendor/share/gz', 'XDG_SESSION_TYPE': 'tty', 'SHLVL': '1', 'LD_LIBRARY_PATH': '/opt/ros/jazzy/opt/sdformat_vendor/lib:/opt/ros/jazzy/opt/rviz_ogre_vendor/lib:/opt/ros/jazzy/lib/aarch64-linux-gnu:/opt/ros/jazzy/opt/gz_math_vendor/lib:/opt/ros/jazzy/opt/gz_utils_vendor/lib:/opt/ros/jazzy/opt/gz_tools_vendor/lib:/opt/ros/jazzy/opt/gz_cmake_vendor/lib:/opt/ros/jazzy/lib', 'HOME': '/home/bot', 'OLDPWD': '/home/bot/ros2_ws/src', 'SSH_TTY': '/dev/pts/4', 'ROS_PYTHON_VERSION': '3', 'DBUS_SESSION_BUS_ADDRESS': 'unix:path=/run/user/1000/bus', 'DEBUGINFOD_URLS': 'https://debuginfod.ubuntu.com', 'ROS_DISTRO': 'jazzy', 'LOGNAME': 'bot', '_': '/usr/bin/colcon', 'ROS_VERSION': '2', 'XDG_SESSION_CLASS': 'user', 'TERM': 'xterm-256color', 'XDG_SESSION_ID': '6', 'PATH': '/opt/ros/jazzy/opt/gz_tools_vendor/bin:/opt/ros/jazzy/bin:/usr/local/sbin:/usr/local/bin:/usr/sbin:/usr/bin:/sbin:/bin:/usr/games:/usr/local/games:/snap/bin', 'XDG_RUNTIME_DIR': '/run/user/1000', 'LANG': 'en_US.UTF-8', 'LS_COLORS': 'rs=0:di=01;34:ln=01;36:mh=00:pi=40;33:so=01;35:do=01;35:bd=40;33;01:cd=40;33;01:or=40;31;01:mi=00:su=37;41:sg=30;43:ca=00:tw=30;42:ow=34;42:st=37;44:ex=01;32:*.tar=01;31:*.tgz=01;31:*.arc=01;31:*.arj=01;31:*.taz=01;31:*.lha=01;31:*.lz4=01;31:*.lzh=01;31:*.lzma=01;31:*.tlz=01;31:*.txz=01;31:*.tzo=01;31:*.t7z=01;31:*.zip=01;31:*.z=01;31:*.dz=01;31:*.gz=01;31:*.lrz=01;31:*.lz=01;31:*.lzo=01;31:*.xz=01;31:*.zst=01;31:*.tzst=01;31:*.bz2=01;31:*.bz=01;31:*.tbz=01;31:*.tbz2=01;31:*.tz=01;31:*.deb=01;31:*.rpm=01;31:*.jar=01;31:*.war=01;31:*.ear=01;31:*.sar=01;31:*.rar=01;31:*.alz=01;31:*.ace=01;31:*.zoo=01;31:*.cpio=01;31:*.7z=01;31:*.rz=01;31:*.cab=01;31:*.wim=01;31:*.swm=01;31:*.dwm=01;31:*.esd=01;31:*.avif=01;35:*.jpg=01;35:*.jpeg=01;35:*.mjpg=01;35:*.mjpeg=01;35:*.gif=01;35:*.bmp=01;35:*.pbm=01;35:*.pgm=01;35:*.ppm=01;35:*.tga=01;35:*.xbm=01;35:*.xpm=01;35:*.tif=01;35:*.tiff=01;35:*.png=01;35:*.svg=01;35:*.svgz=01;35:*.mng=01;35:*.pcx=01;35:*.mov=01;35:*.mpg=01;35:*.mpeg=01;35:*.m2v=01;35:*.mkv=01;35:*.webm=01;35:*.webp=01;35:*.ogm=01;35:*.mp4=01;35:*.m4v=01;35:*.mp4v=01;35:*.vob=01;35:*.qt=01;35:*.nuv=01;35:*.wmv=01;35:*.asf=01;35:*.rm=01;35:*.rmvb=01;35:*.flc=01;35:*.avi=01;35:*.fli=01;35:*.flv=01;35:*.gl=01;35:*.dl=01;35:*.xcf=01;35:*.xwd=01;35:*.yuv=01;35:*.cgm=01;35:*.emf=01;35:*.ogv=01;35:*.ogx=01;35:*.aac=00;36:*.au=00;36:*.flac=00;36:*.m4a=00;36:*.mid=00;36:*.midi=00;36:*.mka=00;36:*.mp3=00;36:*.mpc=00;36:*.ogg=00;36:*.ra=00;36:*.wav=00;36:*.oga=00;36:*.opus=00;36:*.spx=00;36:*.xspf=00;36:*~=00;90:*#=00;90:*.bak=00;90:*.crdownload=00;90:*.dpkg-dist=00;90:*.dpkg-new=00;90:*.dpkg-old=00;90:*.dpkg-tmp=00;90:*.old=00;90:*.orig=00;90:*.part=00;90:*.rej=00;90:*.rpmnew=00;90:*.rpmorig=00;90:*.rpmsave=00;90:*.swp=00;90:*.tmp=00;90:*.ucf-dist=00;90:*.ucf-new=00;90:*.ucf-old=00;90:', 'AMENT_PREFIX_PATH': '/opt/ros/jazzy', 'SHELL': '/bin/bash', 'LESSCLOSE': '/usr/bin/lesspipe %s %s', 'ROS_AUTOMATIC_DISCOVERY_RANGE': 'SUBNET', 'PWD': '/home/bot/ros2_ws/build/cpp_pubsub', 'LC_ALL': 'en_US.UTF-8', 'SSH_CONNECTION': '192.168.1.199 58490 192.168.1.224 22', 'XDG_DATA_DIRS': '/usr/share/gnome:/usr/local/share:/usr/share:/var/lib/snapd/desktop', 'PYTHONPATH': '/opt/ros/jazzy/lib/python3.12/site-packages', 'COLCON': '1', 'CMAKE_PREFIX_PATH': '/opt/ros/jazzy/opt/sdformat_vendor:/opt/ros/jazzy/opt/gz_math_vendor:/opt/ros/jazzy/opt/gz_utils_vendor:/opt/ros/jazzy/opt/gz_tools_vendor:/opt/ros/jazzy/opt/gz_cmake_vendor:/opt/ros/jazzy'}), 'shell': False}
[5.099510] (-) TimerEvent: {}
[5.170835] (imu_controller) StdoutLine: {'line': b'-- Found rclcpp: 28.1.13 (/opt/ros/jazzy/share/rclcpp/cmake)\n'}
[5.200485] (-) TimerEvent: {}
[5.211106] (realsense2_camera_msgs) StdoutLine: {'line': b'-- Found rosidl_default_generators: 1.6.0 (/opt/ros/jazzy/share/rosidl_default_generators/cmake)\n'}
[5.300686] (-) TimerEvent: {}
[5.337122] (realsense2_camera_msgs) StdoutLine: {'line': b'-- Using all available rosidl_typesupport_c: rosidl_typesupport_fastrtps_c;rosidl_typesupport_introspection_c\n'}
[5.400870] (-) TimerEvent: {}
[5.412082] (imu_controller) StdoutLine: {'line': b'-- Found rosidl_generator_c: 4.6.6 (/opt/ros/jazzy/share/rosidl_generator_c/cmake)\n'}
[5.461425] (imu_controller) StdoutLine: {'line': b'-- Found rosidl_generator_cpp: 4.6.6 (/opt/ros/jazzy/share/rosidl_generator_cpp/cmake)\n'}
[5.501062] (-) TimerEvent: {}
[5.539142] (imu_controller) StdoutLine: {'line': b'-- Using all available rosidl_typesupport_c: rosidl_typesupport_fastrtps_c;rosidl_typesupport_introspection_c\n'}
[5.545078] (cpp_pubsub) StdoutLine: {'line': b'[ 25%] \x1b[32mBuilding CXX object CMakeFiles/talker.dir/src/publisher_lambda_function.cpp.o\x1b[0m\n'}
[5.557716] (cpp_pubsub) StdoutLine: {'line': b'[ 50%] \x1b[32mBuilding CXX object CMakeFiles/listener.dir/src/subscriber_lambda_function.cpp.o\x1b[0m\n'}
[5.601287] (-) TimerEvent: {}
[5.623852] (imu_controller) StdoutLine: {'line': b'-- Using all available rosidl_typesupport_cpp: rosidl_typesupport_fastrtps_cpp;rosidl_typesupport_introspection_cpp\n'}
[5.701544] (-) TimerEvent: {}
[5.807867] (-) TimerEvent: {}
[5.909272] (-) TimerEvent: {}
[5.916854] (imu_controller) StdoutLine: {'line': b'-- Found rmw_implementation_cmake: 7.3.2 (/opt/ros/jazzy/share/rmw_implementation_cmake/cmake)\n'}
[5.922922] (imu_controller) StdoutLine: {'line': b'-- Found rmw_fastrtps_cpp: 8.4.3 (/opt/ros/jazzy/share/rmw_fastrtps_cpp/cmake)\n'}
[6.009516] (-) TimerEvent: {}
[6.111817] (-) TimerEvent: {}
[6.147534] (realsense2_camera_msgs) StdoutLine: {'line': b'-- Using all available rosidl_typesupport_cpp: rosidl_typesupport_fastrtps_cpp;rosidl_typesupport_introspection_cpp\n'}
[6.212009] (-) TimerEvent: {}
[6.314009] (-) TimerEvent: {}
[6.390970] (imu_controller) StdoutLine: {'line': b"-- Using RMW implementation 'rmw_fastrtps_cpp' as default\n"}
[6.408988] (esp32_controller) StdoutLine: {'line': b'-- Found Boost: /usr/lib/aarch64-linux-gnu/cmake/Boost-1.83.0/BoostConfig.cmake (found version "1.83.0") found components: chrono date_time filesystem iostreams program_options regex serialization system thread \n'}
[6.414595] (-) TimerEvent: {}
[6.515816] (-) TimerEvent: {}
[6.617595] (-) TimerEvent: {}
[6.687377] (imu_controller) StdoutLine: {'line': b'-- Found sensor_msgs: 5.3.6 (/opt/ros/jazzy/share/sensor_msgs/cmake)\n'}
[6.697004] (esp32_controller) StdoutLine: {'line': b'-- Found parameter_traits: 0.5.0 (/opt/ros/jazzy/share/parameter_traits/cmake)\n'}
[6.717834] (-) TimerEvent: {}
[6.725576] (realsense2_camera_msgs) StdoutLine: {'line': b'-- Found rosidl_adapter: 4.6.6 (/opt/ros/jazzy/share/rosidl_adapter/cmake)\n'}
[6.766821] (esp32_controller) StdoutLine: {'line': b'-- Found rclcpp_lifecycle: 28.1.13 (/opt/ros/jazzy/share/rclcpp_lifecycle/cmake)\n'}
[6.784379] (realsense2_camera_msgs) StdoutLine: {'line': b'-- Found builtin_interfaces: 2.0.3 (/opt/ros/jazzy/share/builtin_interfaces/cmake)\n'}
[6.819878] (-) TimerEvent: {}
[6.922839] (-) TimerEvent: {}
[6.927666] (realsense2_camera_msgs) StdoutLine: {'line': b'-- Found std_msgs: 5.3.6 (/opt/ros/jazzy/share/std_msgs/cmake)\n'}
[6.931738] (imu_controller) StdoutLine: {'line': b'-- Found moveit_ros_planning_interface: 2.12.3 (/opt/ros/jazzy/share/moveit_ros_planning_interface/cmake)\n'}
[6.979463] (esp32_controller) StdoutLine: {'line': b'-- Found Boost: /usr/lib/aarch64-linux-gnu/cmake/Boost-1.83.0/BoostConfig.cmake (found version "1.83.0") found components: filesystem \n'}
[6.987820] (imu_controller) StdoutLine: {'line': b'-- Found Boost: /usr/lib/aarch64-linux-gnu/cmake/Boost-1.83.0/BoostConfig.cmake (found version "1.83.0") found components: date_time filesystem program_options system thread \n'}
[7.025189] (-) TimerEvent: {}
[7.072180] (realsense2_camera_msgs) StdoutLine: {'line': b'-- Found sensor_msgs: 5.3.6 (/opt/ros/jazzy/share/sensor_msgs/cmake)\n'}
[7.127866] (-) TimerEvent: {}
[7.231863] (-) TimerEvent: {}
[7.338958] (-) TimerEvent: {}
[7.401410] (esp32_controller) StdoutLine: {'line': b'-- Ensuring Eigen3 include directory is part of orocos-kdl CMake target\n'}
[7.446853] (-) TimerEvent: {}
[7.559137] (-) TimerEvent: {}
[7.665922] (-) TimerEvent: {}
[7.779572] (-) TimerEvent: {}
[7.880896] (-) TimerEvent: {}
[7.992046] (-) TimerEvent: {}
[8.095852] (-) TimerEvent: {}
[8.109045] (imu_controller) StdoutLine: {'line': b'-- Found Boost: /usr/lib/aarch64-linux-gnu/cmake/Boost-1.83.0/BoostConfig.cmake (found version "1.83.0") found components: chrono date_time filesystem iostreams program_options regex serialization system thread \n'}
[8.199850] (-) TimerEvent: {}
[8.229943] (imu_controller) StdoutLine: {'line': b'-- Found parameter_traits: 0.5.0 (/opt/ros/jazzy/share/parameter_traits/cmake)\n'}
[8.260803] (imu_controller) StdoutLine: {'line': b'-- Found rclcpp_lifecycle: 28.1.13 (/opt/ros/jazzy/share/rclcpp_lifecycle/cmake)\n'}
[8.305818] (-) TimerEvent: {}
[8.409844] (-) TimerEvent: {}
[8.447301] (imu_controller) StdoutLine: {'line': b'-- Found Boost: /usr/lib/aarch64-linux-gnu/cmake/Boost-1.83.0/BoostConfig.cmake (found version "1.83.0") found components: filesystem \n'}
[8.515838] (-) TimerEvent: {}
[8.617252] (-) TimerEvent: {}
[8.669011] (imu_controller) StdoutLine: {'line': b'-- Ensuring Eigen3 include directory is part of orocos-kdl CMake target\n'}
[8.719963] (-) TimerEvent: {}
[8.821220] (-) TimerEvent: {}
[8.925871] (-) TimerEvent: {}
[9.027351] (-) TimerEvent: {}
[9.125919] (esp32_controller) StdoutLine: {'line': b'-- Found Boost: /usr/lib/aarch64-linux-gnu/cmake/Boost-1.83.0/BoostConfig.cmake (found version "1.83.0") found components: system filesystem date_time program_options thread chrono \n'}
[9.130658] (-) TimerEvent: {}
[9.235273] (-) TimerEvent: {}
[9.337868] (-) TimerEvent: {}
[9.443094] (-) TimerEvent: {}
[9.536816] (esp32_controller) StdoutLine: {'line': b'-- Found Boost: /usr/lib/aarch64-linux-gnu/cmake/Boost-1.83.0/BoostConfig.cmake (found version "1.83.0") found components: thread system filesystem regex date_time program_options \n'}
[9.544420] (-) TimerEvent: {}
[9.555469] (imu_controller) StdoutLine: {'line': b'-- Found Boost: /usr/lib/aarch64-linux-gnu/cmake/Boost-1.83.0/BoostConfig.cmake (found version "1.83.0") found components: system filesystem date_time program_options thread chrono \n'}
[9.644616] (-) TimerEvent: {}
[9.748871] (-) TimerEvent: {}
[9.814070] (esp32_controller) StdoutLine: {'line': b'-- Found Boost: /usr/lib/aarch64-linux-gnu/cmake/Boost-1.83.0/BoostConfig.cmake (found version "1.83.0") found components: system filesystem date_time program_options thread \n'}
[9.849897] (-) TimerEvent: {}
[9.891785] (imu_controller) StdoutLine: {'line': b'-- Found Boost: /usr/lib/aarch64-linux-gnu/cmake/Boost-1.83.0/BoostConfig.cmake (found version "1.83.0") found components: thread system filesystem regex date_time program_options \n'}
[9.950154] (-) TimerEvent: {}
[10.051199] (imu_controller) StdoutLine: {'line': b'-- Found Boost: /usr/lib/aarch64-linux-gnu/cmake/Boost-1.83.0/BoostConfig.cmake (found version "1.83.0") found components: system filesystem date_time program_options thread \n'}
[10.055945] (-) TimerEvent: {}
[10.186794] (-) TimerEvent: {}
[10.276956] (imu_controller) StdoutLine: {'line': b'-- Found ament_lint_auto: 0.17.3 (/opt/ros/jazzy/share/ament_lint_auto/cmake)\n'}
[10.289864] (-) TimerEvent: {}
[10.392849] (-) TimerEvent: {}
[10.495859] (-) TimerEvent: {}
[10.596972] (-) TimerEvent: {}
[10.699869] (-) TimerEvent: {}
[10.802964] (-) TimerEvent: {}
[10.908895] (-) TimerEvent: {}
[11.005184] (esp32_controller) StdoutLine: {'line': b'-- Configuring done (10.6s)\n'}
[11.015635] (-) TimerEvent: {}
[11.118393] (-) TimerEvent: {}
[11.222858] (-) TimerEvent: {}
[11.327061] (-) TimerEvent: {}
[11.417021] (imu_controller) StdoutLine: {'line': b"-- Added test 'cppcheck' to perform static code analysis on C / C++ code\n"}
[11.423751] (imu_controller) StdoutLine: {'line': b'-- Configured cppcheck include dirs: \n'}
[11.426892] (imu_controller) StdoutLine: {'line': b'-- Configured cppcheck exclude dirs and/or files: \n'}
[11.432874] (-) TimerEvent: {}
[11.434337] (imu_controller) StdoutLine: {'line': b"-- Added test 'lint_cmake' to check CMake code style\n"}
[11.445973] (imu_controller) StdoutLine: {'line': b"-- Added test 'uncrustify' to check C / C++ code style\n"}
[11.448085] (imu_controller) StdoutLine: {'line': b'-- Configured uncrustify additional arguments: \n'}
[11.452383] (imu_controller) StdoutLine: {'line': b"-- Added test 'xmllint' to check XML markup files\n"}
[11.468798] (imu_controller) StdoutLine: {'line': b'-- Configuring done (7.8s)\n'}
[11.534059] (-) TimerEvent: {}
[11.639971] (-) TimerEvent: {}
[11.692903] (esp32_controller) StdoutLine: {'line': b'-- Generating done (0.4s)\n'}
[11.741896] (-) TimerEvent: {}
[11.842822] (-) TimerEvent: {}
[11.859086] (esp32_controller) StdoutLine: {'line': b'-- Build files have been written to: /home/bot/ros2_ws/build/esp32_controller\n'}
[11.943100] (-) TimerEvent: {}
[12.037835] (esp32_controller) CommandEnded: {'returncode': 0}
[12.044104] (-) TimerEvent: {}
[12.059249] (esp32_controller) JobProgress: {'identifier': 'esp32_controller', 'progress': 'build'}
[12.060228] (esp32_controller) Command: {'cmd': ['/usr/bin/cmake', '--build', '/home/bot/ros2_ws/build/esp32_controller', '--', '-j4', '-l4'], 'cwd': '/home/bot/ros2_ws/build/esp32_controller', 'env': OrderedDict({'LESSOPEN': '| /usr/bin/lesspipe %s', 'USER': 'bot', 'SSH_CLIENT': '192.168.1.199 58490 22', 'GZ_CONFIG_PATH': '/opt/ros/jazzy/opt/sdformat_vendor/share/gz', 'XDG_SESSION_TYPE': 'tty', 'SHLVL': '1', 'LD_LIBRARY_PATH': '/opt/ros/jazzy/opt/sdformat_vendor/lib:/opt/ros/jazzy/opt/rviz_ogre_vendor/lib:/opt/ros/jazzy/lib/aarch64-linux-gnu:/opt/ros/jazzy/opt/gz_math_vendor/lib:/opt/ros/jazzy/opt/gz_utils_vendor/lib:/opt/ros/jazzy/opt/gz_tools_vendor/lib:/opt/ros/jazzy/opt/gz_cmake_vendor/lib:/opt/ros/jazzy/lib', 'HOME': '/home/bot', 'OLDPWD': '/home/bot/ros2_ws/src', 'SSH_TTY': '/dev/pts/4', 'ROS_PYTHON_VERSION': '3', 'DBUS_SESSION_BUS_ADDRESS': 'unix:path=/run/user/1000/bus', 'DEBUGINFOD_URLS': 'https://debuginfod.ubuntu.com', 'ROS_DISTRO': 'jazzy', 'LOGNAME': 'bot', '_': '/usr/bin/colcon', 'ROS_VERSION': '2', 'XDG_SESSION_CLASS': 'user', 'TERM': 'xterm-256color', 'XDG_SESSION_ID': '6', 'PATH': '/opt/ros/jazzy/opt/gz_tools_vendor/bin:/opt/ros/jazzy/bin:/usr/local/sbin:/usr/local/bin:/usr/sbin:/usr/bin:/sbin:/bin:/usr/games:/usr/local/games:/snap/bin', 'XDG_RUNTIME_DIR': '/run/user/1000', 'LANG': 'en_US.UTF-8', 'LS_COLORS': 'rs=0:di=01;34:ln=01;36:mh=00:pi=40;33:so=01;35:do=01;35:bd=40;33;01:cd=40;33;01:or=40;31;01:mi=00:su=37;41:sg=30;43:ca=00:tw=30;42:ow=34;42:st=37;44:ex=01;32:*.tar=01;31:*.tgz=01;31:*.arc=01;31:*.arj=01;31:*.taz=01;31:*.lha=01;31:*.lz4=01;31:*.lzh=01;31:*.lzma=01;31:*.tlz=01;31:*.txz=01;31:*.tzo=01;31:*.t7z=01;31:*.zip=01;31:*.z=01;31:*.dz=01;31:*.gz=01;31:*.lrz=01;31:*.lz=01;31:*.lzo=01;31:*.xz=01;31:*.zst=01;31:*.tzst=01;31:*.bz2=01;31:*.bz=01;31:*.tbz=01;31:*.tbz2=01;31:*.tz=01;31:*.deb=01;31:*.rpm=01;31:*.jar=01;31:*.war=01;31:*.ear=01;31:*.sar=01;31:*.rar=01;31:*.alz=01;31:*.ace=01;31:*.zoo=01;31:*.cpio=01;31:*.7z=01;31:*.rz=01;31:*.cab=01;31:*.wim=01;31:*.swm=01;31:*.dwm=01;31:*.esd=01;31:*.avif=01;35:*.jpg=01;35:*.jpeg=01;35:*.mjpg=01;35:*.mjpeg=01;35:*.gif=01;35:*.bmp=01;35:*.pbm=01;35:*.pgm=01;35:*.ppm=01;35:*.tga=01;35:*.xbm=01;35:*.xpm=01;35:*.tif=01;35:*.tiff=01;35:*.png=01;35:*.svg=01;35:*.svgz=01;35:*.mng=01;35:*.pcx=01;35:*.mov=01;35:*.mpg=01;35:*.mpeg=01;35:*.m2v=01;35:*.mkv=01;35:*.webm=01;35:*.webp=01;35:*.ogm=01;35:*.mp4=01;35:*.m4v=01;35:*.mp4v=01;35:*.vob=01;35:*.qt=01;35:*.nuv=01;35:*.wmv=01;35:*.asf=01;35:*.rm=01;35:*.rmvb=01;35:*.flc=01;35:*.avi=01;35:*.fli=01;35:*.flv=01;35:*.gl=01;35:*.dl=01;35:*.xcf=01;35:*.xwd=01;35:*.yuv=01;35:*.cgm=01;35:*.emf=01;35:*.ogv=01;35:*.ogx=01;35:*.aac=00;36:*.au=00;36:*.flac=00;36:*.m4a=00;36:*.mid=00;36:*.midi=00;36:*.mka=00;36:*.mp3=00;36:*.mpc=00;36:*.ogg=00;36:*.ra=00;36:*.wav=00;36:*.oga=00;36:*.opus=00;36:*.spx=00;36:*.xspf=00;36:*~=00;90:*#=00;90:*.bak=00;90:*.crdownload=00;90:*.dpkg-dist=00;90:*.dpkg-new=00;90:*.dpkg-old=00;90:*.dpkg-tmp=00;90:*.old=00;90:*.orig=00;90:*.part=00;90:*.rej=00;90:*.rpmnew=00;90:*.rpmorig=00;90:*.rpmsave=00;90:*.swp=00;90:*.tmp=00;90:*.ucf-dist=00;90:*.ucf-new=00;90:*.ucf-old=00;90:', 'AMENT_PREFIX_PATH': '/opt/ros/jazzy', 'SHELL': '/bin/bash', 'LESSCLOSE': '/usr/bin/lesspipe %s %s', 'ROS_AUTOMATIC_DISCOVERY_RANGE': 'SUBNET', 'PWD': '/home/bot/ros2_ws/build/esp32_controller', 'LC_ALL': 'en_US.UTF-8', 'SSH_CONNECTION': '192.168.1.199 58490 192.168.1.224 22', 'XDG_DATA_DIRS': '/usr/share/gnome:/usr/local/share:/usr/share:/var/lib/snapd/desktop', 'PYTHONPATH': '/opt/ros/jazzy/lib/python3.12/site-packages', 'COLCON': '1', 'CMAKE_PREFIX_PATH': '/opt/ros/jazzy/opt/sdformat_vendor:/opt/ros/jazzy/opt/gz_math_vendor:/opt/ros/jazzy/opt/gz_utils_vendor:/opt/ros/jazzy/opt/gz_tools_vendor:/opt/ros/jazzy/opt/gz_cmake_vendor:/opt/ros/jazzy'}), 'shell': False}
[12.097797] (imu_controller) StdoutLine: {'line': b'-- Generating done (0.3s)\n'}
[12.144367] (-) TimerEvent: {}
[12.244397] (imu_controller) StdoutLine: {'line': b'-- Build files have been written to: /home/bot/ros2_ws/build/imu_controller\n'}
[12.249576] (-) TimerEvent: {}
[12.346317] (imu_controller) CommandEnded: {'returncode': 0}
[12.353633] (-) TimerEvent: {}
[12.358891] (imu_controller) JobProgress: {'identifier': 'imu_controller', 'progress': 'build'}
[12.359704] (imu_controller) Command: {'cmd': ['/usr/bin/cmake', '--build', '/home/bot/ros2_ws/build/imu_controller', '--', '-j4', '-l4'], 'cwd': '/home/bot/ros2_ws/build/imu_controller', 'env': OrderedDict({'LESSOPEN': '| /usr/bin/lesspipe %s', 'USER': 'bot', 'SSH_CLIENT': '192.168.1.199 58490 22', 'GZ_CONFIG_PATH': '/opt/ros/jazzy/opt/sdformat_vendor/share/gz', 'XDG_SESSION_TYPE': 'tty', 'SHLVL': '1', 'LD_LIBRARY_PATH': '/opt/ros/jazzy/opt/sdformat_vendor/lib:/opt/ros/jazzy/opt/rviz_ogre_vendor/lib:/opt/ros/jazzy/lib/aarch64-linux-gnu:/opt/ros/jazzy/opt/gz_math_vendor/lib:/opt/ros/jazzy/opt/gz_utils_vendor/lib:/opt/ros/jazzy/opt/gz_tools_vendor/lib:/opt/ros/jazzy/opt/gz_cmake_vendor/lib:/opt/ros/jazzy/lib', 'HOME': '/home/bot', 'OLDPWD': '/home/bot/ros2_ws/src', 'SSH_TTY': '/dev/pts/4', 'ROS_PYTHON_VERSION': '3', 'DBUS_SESSION_BUS_ADDRESS': 'unix:path=/run/user/1000/bus', 'DEBUGINFOD_URLS': 'https://debuginfod.ubuntu.com', 'ROS_DISTRO': 'jazzy', 'LOGNAME': 'bot', '_': '/usr/bin/colcon', 'ROS_VERSION': '2', 'XDG_SESSION_CLASS': 'user', 'TERM': 'xterm-256color', 'XDG_SESSION_ID': '6', 'PATH': '/opt/ros/jazzy/opt/gz_tools_vendor/bin:/opt/ros/jazzy/bin:/usr/local/sbin:/usr/local/bin:/usr/sbin:/usr/bin:/sbin:/bin:/usr/games:/usr/local/games:/snap/bin', 'XDG_RUNTIME_DIR': '/run/user/1000', 'LANG': 'en_US.UTF-8', 'LS_COLORS': 'rs=0:di=01;34:ln=01;36:mh=00:pi=40;33:so=01;35:do=01;35:bd=40;33;01:cd=40;33;01:or=40;31;01:mi=00:su=37;41:sg=30;43:ca=00:tw=30;42:ow=34;42:st=37;44:ex=01;32:*.tar=01;31:*.tgz=01;31:*.arc=01;31:*.arj=01;31:*.taz=01;31:*.lha=01;31:*.lz4=01;31:*.lzh=01;31:*.lzma=01;31:*.tlz=01;31:*.txz=01;31:*.tzo=01;31:*.t7z=01;31:*.zip=01;31:*.z=01;31:*.dz=01;31:*.gz=01;31:*.lrz=01;31:*.lz=01;31:*.lzo=01;31:*.xz=01;31:*.zst=01;31:*.tzst=01;31:*.bz2=01;31:*.bz=01;31:*.tbz=01;31:*.tbz2=01;31:*.tz=01;31:*.deb=01;31:*.rpm=01;31:*.jar=01;31:*.war=01;31:*.ear=01;31:*.sar=01;31:*.rar=01;31:*.alz=01;31:*.ace=01;31:*.zoo=01;31:*.cpio=01;31:*.7z=01;31:*.rz=01;31:*.cab=01;31:*.wim=01;31:*.swm=01;31:*.dwm=01;31:*.esd=01;31:*.avif=01;35:*.jpg=01;35:*.jpeg=01;35:*.mjpg=01;35:*.mjpeg=01;35:*.gif=01;35:*.bmp=01;35:*.pbm=01;35:*.pgm=01;35:*.ppm=01;35:*.tga=01;35:*.xbm=01;35:*.xpm=01;35:*.tif=01;35:*.tiff=01;35:*.png=01;35:*.svg=01;35:*.svgz=01;35:*.mng=01;35:*.pcx=01;35:*.mov=01;35:*.mpg=01;35:*.mpeg=01;35:*.m2v=01;35:*.mkv=01;35:*.webm=01;35:*.webp=01;35:*.ogm=01;35:*.mp4=01;35:*.m4v=01;35:*.mp4v=01;35:*.vob=01;35:*.qt=01;35:*.nuv=01;35:*.wmv=01;35:*.asf=01;35:*.rm=01;35:*.rmvb=01;35:*.flc=01;35:*.avi=01;35:*.fli=01;35:*.flv=01;35:*.gl=01;35:*.dl=01;35:*.xcf=01;35:*.xwd=01;35:*.yuv=01;35:*.cgm=01;35:*.emf=01;35:*.ogv=01;35:*.ogx=01;35:*.aac=00;36:*.au=00;36:*.flac=00;36:*.m4a=00;36:*.mid=00;36:*.midi=00;36:*.mka=00;36:*.mp3=00;36:*.mpc=00;36:*.ogg=00;36:*.ra=00;36:*.wav=00;36:*.oga=00;36:*.opus=00;36:*.spx=00;36:*.xspf=00;36:*~=00;90:*#=00;90:*.bak=00;90:*.crdownload=00;90:*.dpkg-dist=00;90:*.dpkg-new=00;90:*.dpkg-old=00;90:*.dpkg-tmp=00;90:*.old=00;90:*.orig=00;90:*.part=00;90:*.rej=00;90:*.rpmnew=00;90:*.rpmorig=00;90:*.rpmsave=00;90:*.swp=00;90:*.tmp=00;90:*.ucf-dist=00;90:*.ucf-new=00;90:*.ucf-old=00;90:', 'AMENT_PREFIX_PATH': '/opt/ros/jazzy', 'SHELL': '/bin/bash', 'LESSCLOSE': '/usr/bin/lesspipe %s %s', 'ROS_AUTOMATIC_DISCOVERY_RANGE': 'SUBNET', 'PWD': '/home/bot/ros2_ws/build/imu_controller', 'LC_ALL': 'en_US.UTF-8', 'SSH_CONNECTION': '192.168.1.199 58490 192.168.1.224 22', 'XDG_DATA_DIRS': '/usr/share/gnome:/usr/local/share:/usr/share:/var/lib/snapd/desktop', 'PYTHONPATH': '/opt/ros/jazzy/lib/python3.12/site-packages', 'COLCON': '1', 'CMAKE_PREFIX_PATH': '/opt/ros/jazzy/opt/sdformat_vendor:/opt/ros/jazzy/opt/gz_math_vendor:/opt/ros/jazzy/opt/gz_utils_vendor:/opt/ros/jazzy/opt/gz_tools_vendor:/opt/ros/jazzy/opt/gz_cmake_vendor:/opt/ros/jazzy'}), 'shell': False}
[12.453992] (-) TimerEvent: {}
[12.555159] (-) TimerEvent: {}
[12.659182] (-) TimerEvent: {}
[12.761128] (-) TimerEvent: {}
[12.865202] (-) TimerEvent: {}
[12.966204] (-) TimerEvent: {}
[13.072871] (-) TimerEvent: {}
[13.173875] (-) TimerEvent: {}
[13.255923] (imu_controller) StdoutLine: {'line': b'[ 50%] \x1b[32mBuilding CXX object CMakeFiles/imu_controller.dir/src/imu_controller.cpp.o\x1b[0m\n'}
[13.276906] (-) TimerEvent: {}
[13.303377] (esp32_controller) StdoutLine: {'line': b'[ 50%] \x1b[32mBuilding CXX object CMakeFiles/esp32_controller.dir/src/esp32_controller.cpp.o\x1b[0m\n'}
[13.379876] (-) TimerEvent: {}
[13.484097] (-) TimerEvent: {}
[13.586833] (-) TimerEvent: {}
[13.692868] (-) TimerEvent: {}
[13.793888] (-) TimerEvent: {}
[13.897824] (-) TimerEvent: {}
[14.003903] (-) TimerEvent: {}
[14.105307] (-) TimerEvent: {}
[14.210859] (-) TimerEvent: {}
[14.298950] (realsense2_camera_msgs) StdoutLine: {'line': b'-- Found ament_cmake_cppcheck: 0.17.3 (/opt/ros/jazzy/share/ament_cmake_cppcheck/cmake)\n'}
[14.311044] (-) TimerEvent: {}
[14.390044] (realsense2_camera_msgs) StdoutLine: {'line': b'-- Found ament_cmake_cpplint: 0.17.3 (/opt/ros/jazzy/share/ament_cmake_cpplint/cmake)\n'}
[14.411269] (-) TimerEvent: {}
[14.477367] (realsense2_camera_msgs) StdoutLine: {'line': b'-- Found ament_cmake_uncrustify: 0.17.3 (/opt/ros/jazzy/share/ament_cmake_uncrustify/cmake)\n'}
[14.512919] (-) TimerEvent: {}
[14.575911] (realsense2_camera_msgs) StdoutLine: {'line': b'-- Found ament_cmake_ros: 0.12.0 (/opt/ros/jazzy/share/ament_cmake_ros/cmake)\n'}
[14.619864] (-) TimerEvent: {}
[14.730841] (-) TimerEvent: {}
[14.833852] (-) TimerEvent: {}
[14.938187] (-) TimerEvent: {}
[15.044156] (-) TimerEvent: {}
[15.148862] (-) TimerEvent: {}
[15.250302] (-) TimerEvent: {}
[15.352268] (-) TimerEvent: {}
[15.455866] (-) TimerEvent: {}
[15.559848] (-) TimerEvent: {}
[15.661162] (-) TimerEvent: {}
[15.766048] (-) TimerEvent: {}
[15.867287] (-) TimerEvent: {}
[15.970883] (-) TimerEvent: {}
[16.074857] (-) TimerEvent: {}
[16.178851] (-) TimerEvent: {}
[16.283830] (-) TimerEvent: {}
[16.385186] (-) TimerEvent: {}
[16.489133] (-) TimerEvent: {}
[16.590557] (-) TimerEvent: {}
[16.694717] (-) TimerEvent: {}
[16.796631] (-) TimerEvent: {}
[16.901372] (-) TimerEvent: {}
[17.002734] (-) TimerEvent: {}
[17.106909] (-) TimerEvent: {}
[17.209862] (-) TimerEvent: {}
[17.314198] (-) TimerEvent: {}
[17.421075] (-) TimerEvent: {}
[17.522470] (-) TimerEvent: {}
[17.626867] (-) TimerEvent: {}
[17.730851] (-) TimerEvent: {}
[17.832002] (-) TimerEvent: {}
[17.933356] (-) TimerEvent: {}
[18.038916] (-) TimerEvent: {}
[18.140199] (-) TimerEvent: {}
[18.246415] (-) TimerEvent: {}
[18.347898] (-) TimerEvent: {}
[18.453871] (-) TimerEvent: {}
[18.557858] (-) TimerEvent: {}
[18.659348] (-) TimerEvent: {}
[18.762910] (-) TimerEvent: {}
[18.869870] (-) TimerEvent: {}
[18.971355] (-) TimerEvent: {}
[19.073198] (-) TimerEvent: {}
[19.178867] (-) TimerEvent: {}
[19.282859] (-) TimerEvent: {}
[19.385061] (-) TimerEvent: {}
[19.488349] (-) TimerEvent: {}
[19.592556] (-) TimerEvent: {}
[19.695000] (-) TimerEvent: {}
[19.799045] (-) TimerEvent: {}
[19.902403] (-) TimerEvent: {}
[20.005225] (-) TimerEvent: {}
[20.102940] (realsense2_camera_msgs) StdoutLine: {'line': b'-- Using all available rosidl_typesupport_c: rosidl_typesupport_fastrtps_c;rosidl_typesupport_introspection_c\n'}
[20.109197] (-) TimerEvent: {}
[20.214928] (-) TimerEvent: {}
[20.316751] (-) TimerEvent: {}
[20.420905] (-) TimerEvent: {}
[20.526135] (-) TimerEvent: {}
[20.628501] (-) TimerEvent: {}
[20.734637] (-) TimerEvent: {}
[20.839400] (-) TimerEvent: {}
[20.944298] (-) TimerEvent: {}
[21.046729] (-) TimerEvent: {}
[21.155131] (-) TimerEvent: {}
[21.256895] (-) TimerEvent: {}
[21.363879] (-) TimerEvent: {}
[21.470880] (-) TimerEvent: {}
[21.572853] (-) TimerEvent: {}
[21.678846] (-) TimerEvent: {}
[21.782949] (-) TimerEvent: {}
[21.888219] (-) TimerEvent: {}
[21.991236] (-) TimerEvent: {}
[22.094622] (-) TimerEvent: {}
[22.198835] (-) TimerEvent: {}
[22.299797] (-) TimerEvent: {}
[22.404312] (-) TimerEvent: {}
[22.510855] (-) TimerEvent: {}
[22.612145] (-) TimerEvent: {}
[22.713489] (-) TimerEvent: {}
[22.816234] (-) TimerEvent: {}
[22.919778] (-) TimerEvent: {}
[23.027842] (-) TimerEvent: {}
[23.129515] (-) TimerEvent: {}
[23.236895] (-) TimerEvent: {}
[23.338424] (-) TimerEvent: {}
[23.442262] (-) TimerEvent: {}
[23.545362] (-) TimerEvent: {}
[23.649606] (-) TimerEvent: {}
[23.753523] (-) TimerEvent: {}
[23.858838] (-) TimerEvent: {}
[23.960264] (-) TimerEvent: {}
[24.063216] (-) TimerEvent: {}
[24.167196] (-) TimerEvent: {}
[24.270891] (-) TimerEvent: {}
[24.376840] (-) TimerEvent: {}
[24.478480] (-) TimerEvent: {}
[24.580767] (-) TimerEvent: {}
[24.686865] (-) TimerEvent: {}
[24.792074] (-) TimerEvent: {}
[24.893844] (-) TimerEvent: {}
[24.998220] (-) TimerEvent: {}
[25.103512] (-) TimerEvent: {}
[25.205811] (-) TimerEvent: {}
[25.312847] (-) TimerEvent: {}
[25.414328] (-) TimerEvent: {}
[25.518893] (-) TimerEvent: {}
[25.622657] (-) TimerEvent: {}
[25.726332] (-) TimerEvent: {}
[25.830881] (-) TimerEvent: {}
[25.932534] (-) TimerEvent: {}
[26.036830] (-) TimerEvent: {}
[26.140912] (-) TimerEvent: {}
[26.242785] (-) TimerEvent: {}
[26.345094] (realsense2_camera_msgs) StdoutLine: {'line': b'-- Using all available rosidl_typesupport_cpp: rosidl_typesupport_fastrtps_cpp;rosidl_typesupport_introspection_cpp\n'}
[26.346636] (-) TimerEvent: {}
[26.451879] (-) TimerEvent: {}
[26.453481] (realsense2_camera_msgs) StdoutLine: {'line': b'-- Found python_cmake_module: 0.11.1 (/opt/ros/jazzy/share/python_cmake_module/cmake)\n'}
[26.554879] (-) TimerEvent: {}
[26.656627] (-) TimerEvent: {}
[26.762924] (-) TimerEvent: {}
[26.866927] (-) TimerEvent: {}
[26.975771] (-) TimerEvent: {}
[27.077234] (-) TimerEvent: {}
[27.181100] (-) TimerEvent: {}
[27.285556] (-) TimerEvent: {}
[27.400867] (-) TimerEvent: {}
[27.501855] (-) TimerEvent: {}
[27.602957] (-) TimerEvent: {}
[27.706136] (-) TimerEvent: {}
[27.738720] (realsense2_camera_msgs) StdoutLine: {'line': b'-- Found PythonExtra: /usr/bin/python3  \n'}
[27.807854] (-) TimerEvent: {}
[27.912238] (-) TimerEvent: {}
[28.015764] (-) TimerEvent: {}
[28.121894] (-) TimerEvent: {}
[28.223279] (-) TimerEvent: {}
[28.328171] (-) TimerEvent: {}
[28.432331] (-) TimerEvent: {}
[28.537793] (-) TimerEvent: {}
[28.642898] (-) TimerEvent: {}
[28.745863] (-) TimerEvent: {}
[28.853846] (-) TimerEvent: {}
[28.956927] (-) TimerEvent: {}
[29.060898] (-) TimerEvent: {}
[29.162880] (-) TimerEvent: {}
[29.266901] (-) TimerEvent: {}
[29.368906] (-) TimerEvent: {}
[29.475367] (-) TimerEvent: {}
[29.580872] (-) TimerEvent: {}
[29.682940] (-) TimerEvent: {}
[29.786392] (-) TimerEvent: {}
[29.889760] (-) TimerEvent: {}
[29.993255] (-) TimerEvent: {}
[30.097403] (-) TimerEvent: {}
[30.201767] (-) TimerEvent: {}
[30.305450] (-) TimerEvent: {}
[30.411114] (-) TimerEvent: {}
[30.512880] (-) TimerEvent: {}
[30.657856] (-) TimerEvent: {}
[30.761100] (-) TimerEvent: {}
[30.863830] (-) TimerEvent: {}
[30.967720] (-) TimerEvent: {}
[31.069268] (-) TimerEvent: {}
[31.174242] (-) TimerEvent: {}
[31.276868] (-) TimerEvent: {}
[31.377897] (-) TimerEvent: {}
[31.481753] (-) TimerEvent: {}
[31.583205] (-) TimerEvent: {}
[31.686872] (-) TimerEvent: {}
[31.791075] (-) TimerEvent: {}
[31.892828] (-) TimerEvent: {}
[31.994314] (-) TimerEvent: {}
[32.098887] (-) TimerEvent: {}
[32.200525] (-) TimerEvent: {}
[32.304180] (-) TimerEvent: {}
[32.405789] (-) TimerEvent: {}
[32.510014] (-) TimerEvent: {}
[32.612045] (-) TimerEvent: {}
[32.716024] (-) TimerEvent: {}
[32.817877] (-) TimerEvent: {}
[32.922782] (-) TimerEvent: {}
[33.024960] (-) TimerEvent: {}
[33.127965] (-) TimerEvent: {}
[33.233398] (-) TimerEvent: {}
[33.337865] (-) TimerEvent: {}
[33.442247] (-) TimerEvent: {}
[33.547293] (-) TimerEvent: {}
[33.648836] (-) TimerEvent: {}
[33.756980] (-) TimerEvent: {}
[33.859139] (realsense2_camera_msgs) StdoutLine: {'line': b'-- Found Python3: /usr/bin/python3 (found version "3.12.3") found components: Interpreter Development NumPy Development.Module Development.Embed \n'}
[33.864853] (-) TimerEvent: {}
[33.966410] (-) TimerEvent: {}
[34.072944] (-) TimerEvent: {}
[34.175808] (-) TimerEvent: {}
[34.282050] (-) TimerEvent: {}
[34.387989] (-) TimerEvent: {}
[34.493261] (-) TimerEvent: {}
[34.598592] (-) TimerEvent: {}
[34.604892] (realsense2_camera_msgs) StdoutLine: {'line': b'-- Found ament_cmake_flake8: 0.17.3 (/opt/ros/jazzy/share/ament_cmake_flake8/cmake)\n'}
[34.652986] (realsense2_camera_msgs) StdoutLine: {'line': b'-- Found ament_cmake_pep257: 0.17.3 (/opt/ros/jazzy/share/ament_cmake_pep257/cmake)\n'}
[34.698863] (-) TimerEvent: {}
[34.803110] (-) TimerEvent: {}
[34.847865] (realsense2_camera_msgs) StdoutLine: {'line': b'-- Configuring done (34.6s)\n'}
[34.903370] (-) TimerEvent: {}
[35.005902] (-) TimerEvent: {}
[35.110261] (-) TimerEvent: {}
[35.214872] (-) TimerEvent: {}
[35.315878] (-) TimerEvent: {}
[35.417577] (-) TimerEvent: {}
[35.521280] (-) TimerEvent: {}
[35.624891] (-) TimerEvent: {}
[35.730270] (-) TimerEvent: {}
[35.832905] (-) TimerEvent: {}
[35.936871] (-) TimerEvent: {}
[36.040881] (-) TimerEvent: {}
[36.141859] (-) TimerEvent: {}
[36.247897] (-) TimerEvent: {}
[36.267174] (realsense2_camera_msgs) StdoutLine: {'line': b'-- Generating done (1.3s)\n'}
[36.350892] (-) TimerEvent: {}
[36.456981] (-) TimerEvent: {}
[36.536904] (realsense2_camera_msgs) StdoutLine: {'line': b'-- Build files have been written to: /home/bot/ros2_ws/build/realsense2_camera_msgs\n'}
[36.564924] (-) TimerEvent: {}
[36.657816] (realsense2_camera_msgs) CommandEnded: {'returncode': 0}
[36.665931] (-) TimerEvent: {}
[36.667282] (realsense2_camera_msgs) JobProgress: {'identifier': 'realsense2_camera_msgs', 'progress': 'build'}
[36.669505] (realsense2_camera_msgs) Command: {'cmd': ['/usr/bin/cmake', '--build', '/home/bot/ros2_ws/build/realsense2_camera_msgs', '--', '-j4', '-l4'], 'cwd': '/home/bot/ros2_ws/build/realsense2_camera_msgs', 'env': OrderedDict({'LESSOPEN': '| /usr/bin/lesspipe %s', 'USER': 'bot', 'SSH_CLIENT': '192.168.1.199 58490 22', 'GZ_CONFIG_PATH': '/opt/ros/jazzy/opt/sdformat_vendor/share/gz', 'XDG_SESSION_TYPE': 'tty', 'SHLVL': '1', 'LD_LIBRARY_PATH': '/opt/ros/jazzy/opt/sdformat_vendor/lib:/opt/ros/jazzy/opt/rviz_ogre_vendor/lib:/opt/ros/jazzy/lib/aarch64-linux-gnu:/opt/ros/jazzy/opt/gz_math_vendor/lib:/opt/ros/jazzy/opt/gz_utils_vendor/lib:/opt/ros/jazzy/opt/gz_tools_vendor/lib:/opt/ros/jazzy/opt/gz_cmake_vendor/lib:/opt/ros/jazzy/lib', 'HOME': '/home/bot', 'OLDPWD': '/home/bot/ros2_ws/src', 'SSH_TTY': '/dev/pts/4', 'ROS_PYTHON_VERSION': '3', 'DBUS_SESSION_BUS_ADDRESS': 'unix:path=/run/user/1000/bus', 'DEBUGINFOD_URLS': 'https://debuginfod.ubuntu.com', 'ROS_DISTRO': 'jazzy', 'LOGNAME': 'bot', '_': '/usr/bin/colcon', 'ROS_VERSION': '2', 'XDG_SESSION_CLASS': 'user', 'TERM': 'xterm-256color', 'XDG_SESSION_ID': '6', 'PATH': '/opt/ros/jazzy/opt/gz_tools_vendor/bin:/opt/ros/jazzy/bin:/usr/local/sbin:/usr/local/bin:/usr/sbin:/usr/bin:/sbin:/bin:/usr/games:/usr/local/games:/snap/bin', 'XDG_RUNTIME_DIR': '/run/user/1000', 'LANG': 'en_US.UTF-8', 'LS_COLORS': 'rs=0:di=01;34:ln=01;36:mh=00:pi=40;33:so=01;35:do=01;35:bd=40;33;01:cd=40;33;01:or=40;31;01:mi=00:su=37;41:sg=30;43:ca=00:tw=30;42:ow=34;42:st=37;44:ex=01;32:*.tar=01;31:*.tgz=01;31:*.arc=01;31:*.arj=01;31:*.taz=01;31:*.lha=01;31:*.lz4=01;31:*.lzh=01;31:*.lzma=01;31:*.tlz=01;31:*.txz=01;31:*.tzo=01;31:*.t7z=01;31:*.zip=01;31:*.z=01;31:*.dz=01;31:*.gz=01;31:*.lrz=01;31:*.lz=01;31:*.lzo=01;31:*.xz=01;31:*.zst=01;31:*.tzst=01;31:*.bz2=01;31:*.bz=01;31:*.tbz=01;31:*.tbz2=01;31:*.tz=01;31:*.deb=01;31:*.rpm=01;31:*.jar=01;31:*.war=01;31:*.ear=01;31:*.sar=01;31:*.rar=01;31:*.alz=01;31:*.ace=01;31:*.zoo=01;31:*.cpio=01;31:*.7z=01;31:*.rz=01;31:*.cab=01;31:*.wim=01;31:*.swm=01;31:*.dwm=01;31:*.esd=01;31:*.avif=01;35:*.jpg=01;35:*.jpeg=01;35:*.mjpg=01;35:*.mjpeg=01;35:*.gif=01;35:*.bmp=01;35:*.pbm=01;35:*.pgm=01;35:*.ppm=01;35:*.tga=01;35:*.xbm=01;35:*.xpm=01;35:*.tif=01;35:*.tiff=01;35:*.png=01;35:*.svg=01;35:*.svgz=01;35:*.mng=01;35:*.pcx=01;35:*.mov=01;35:*.mpg=01;35:*.mpeg=01;35:*.m2v=01;35:*.mkv=01;35:*.webm=01;35:*.webp=01;35:*.ogm=01;35:*.mp4=01;35:*.m4v=01;35:*.mp4v=01;35:*.vob=01;35:*.qt=01;35:*.nuv=01;35:*.wmv=01;35:*.asf=01;35:*.rm=01;35:*.rmvb=01;35:*.flc=01;35:*.avi=01;35:*.fli=01;35:*.flv=01;35:*.gl=01;35:*.dl=01;35:*.xcf=01;35:*.xwd=01;35:*.yuv=01;35:*.cgm=01;35:*.emf=01;35:*.ogv=01;35:*.ogx=01;35:*.aac=00;36:*.au=00;36:*.flac=00;36:*.m4a=00;36:*.mid=00;36:*.midi=00;36:*.mka=00;36:*.mp3=00;36:*.mpc=00;36:*.ogg=00;36:*.ra=00;36:*.wav=00;36:*.oga=00;36:*.opus=00;36:*.spx=00;36:*.xspf=00;36:*~=00;90:*#=00;90:*.bak=00;90:*.crdownload=00;90:*.dpkg-dist=00;90:*.dpkg-new=00;90:*.dpkg-old=00;90:*.dpkg-tmp=00;90:*.old=00;90:*.orig=00;90:*.part=00;90:*.rej=00;90:*.rpmnew=00;90:*.rpmorig=00;90:*.rpmsave=00;90:*.swp=00;90:*.tmp=00;90:*.ucf-dist=00;90:*.ucf-new=00;90:*.ucf-old=00;90:', 'AMENT_PREFIX_PATH': '/opt/ros/jazzy', 'SHELL': '/bin/bash', 'LESSCLOSE': '/usr/bin/lesspipe %s %s', 'ROS_AUTOMATIC_DISCOVERY_RANGE': 'SUBNET', 'PWD': '/home/bot/ros2_ws/build/realsense2_camera_msgs', 'LC_ALL': 'en_US.UTF-8', 'SSH_CONNECTION': '192.168.1.199 58490 192.168.1.224 22', 'XDG_DATA_DIRS': '/usr/share/gnome:/usr/local/share:/usr/share:/var/lib/snapd/desktop', 'PYTHONPATH': '/opt/ros/jazzy/lib/python3.12/site-packages', 'COLCON': '1', 'CMAKE_PREFIX_PATH': '/opt/ros/jazzy/opt/sdformat_vendor:/opt/ros/jazzy/opt/gz_math_vendor:/opt/ros/jazzy/opt/gz_utils_vendor:/opt/ros/jazzy/opt/gz_tools_vendor:/opt/ros/jazzy/opt/gz_cmake_vendor:/opt/ros/jazzy'}), 'shell': False}
[36.766181] (-) TimerEvent: {}
[36.867600] (-) TimerEvent: {}
[36.971980] (-) TimerEvent: {}
[37.078887] (-) TimerEvent: {}
[37.180597] (-) TimerEvent: {}
[37.286886] (-) TimerEvent: {}
[37.388378] (-) TimerEvent: {}
[37.493870] (-) TimerEvent: {}
[37.532966] (realsense2_camera_msgs) StdoutLine: {'line': b'[  0%] \x1b[34m\x1b[1mGenerating type hashes for ROS interfaces\x1b[0m\n'}
[37.594095] (-) TimerEvent: {}
[37.701851] (-) TimerEvent: {}
[37.702875] (realsense2_camera_msgs) StdoutLine: {'line': b'[  0%] Built target ament_cmake_python_copy_realsense2_camera_msgs\n'}
[37.802052] (-) TimerEvent: {}
[37.908879] (-) TimerEvent: {}
[38.012538] (-) TimerEvent: {}
[38.116853] (-) TimerEvent: {}
[38.221887] (-) TimerEvent: {}
[38.327885] (-) TimerEvent: {}
[38.433892] (-) TimerEvent: {}
[38.535583] (-) TimerEvent: {}
[38.639555] (-) TimerEvent: {}
[38.746272] (-) TimerEvent: {}
[38.858393] (-) TimerEvent: {}
[38.963851] (-) TimerEvent: {}
[39.065831] (-) TimerEvent: {}
[39.171849] (-) TimerEvent: {}
[39.276851] (-) TimerEvent: {}
[39.383121] (-) TimerEvent: {}
[39.484627] (-) TimerEvent: {}
[39.590843] (-) TimerEvent: {}
[39.692297] (-) TimerEvent: {}
[39.796830] (-) TimerEvent: {}
[39.902978] (-) TimerEvent: {}
[40.014847] (-) TimerEvent: {}
[40.118870] (-) TimerEvent: {}
[40.221895] (-) TimerEvent: {}
[40.322946] (-) TimerEvent: {}
[40.434734] (-) TimerEvent: {}
[40.538880] (-) TimerEvent: {}
[40.642025] (-) TimerEvent: {}
[40.749859] (-) TimerEvent: {}
[40.851451] (-) TimerEvent: {}
[40.953575] (-) TimerEvent: {}
[41.057885] (-) TimerEvent: {}
[41.163881] (-) TimerEvent: {}
[41.265612] (-) TimerEvent: {}
[41.369895] (-) TimerEvent: {}
[41.471834] (-) TimerEvent: {}
[41.577746] (-) TimerEvent: {}
[41.685872] (-) TimerEvent: {}
[41.787421] (-) TimerEvent: {}
[41.893965] (-) TimerEvent: {}
[41.995870] (realsense2_camera_msgs) StdoutLine: {'line': b'running egg_info\n'}
[42.003225] (-) TimerEvent: {}
[42.020046] (realsense2_camera_msgs) StdoutLine: {'line': b'creating realsense2_camera_msgs.egg-info\n'}
[42.107900] (-) TimerEvent: {}
[42.208821] (-) TimerEvent: {}
[42.311722] (-) TimerEvent: {}
[42.354950] (realsense2_camera_msgs) StdoutLine: {'line': b'writing realsense2_camera_msgs.egg-info/PKG-INFO\n'}
[42.361625] (realsense2_camera_msgs) StdoutLine: {'line': b'writing dependency_links to realsense2_camera_msgs.egg-info/dependency_links.txt\n'}
[42.368232] (realsense2_camera_msgs) StdoutLine: {'line': b'writing top-level names to realsense2_camera_msgs.egg-info/top_level.txt\n'}
[42.374110] (realsense2_camera_msgs) StdoutLine: {'line': b"writing manifest file 'realsense2_camera_msgs.egg-info/SOURCES.txt'\n"}
[42.411851] (-) TimerEvent: {}
[42.513230] (-) TimerEvent: {}
[42.617891] (-) TimerEvent: {}
[42.722129] (-) TimerEvent: {}
[42.827245] (-) TimerEvent: {}
[42.929623] (-) TimerEvent: {}
[43.035110] (-) TimerEvent: {}
[43.137886] (-) TimerEvent: {}
[43.241635] (-) TimerEvent: {}
[43.346305] (-) TimerEvent: {}
[43.451227] (-) TimerEvent: {}
[43.453396] (realsense2_camera_msgs) StdoutLine: {'line': b"reading manifest file 'realsense2_camera_msgs.egg-info/SOURCES.txt'\n"}
[43.459193] (realsense2_camera_msgs) StdoutLine: {'line': b"writing manifest file 'realsense2_camera_msgs.egg-info/SOURCES.txt'\n"}
[43.553285] (-) TimerEvent: {}
[43.662119] (-) TimerEvent: {}
[43.763533] (-) TimerEvent: {}
[43.841756] (realsense2_camera_msgs) StdoutLine: {'line': b'[  0%] Built target ament_cmake_python_build_realsense2_camera_msgs_egg\n'}
[43.863819] (-) TimerEvent: {}
[43.973873] (-) TimerEvent: {}
[44.075622] (-) TimerEvent: {}
[44.179873] (-) TimerEvent: {}
[44.219460] (realsense2_camera_msgs) StdoutLine: {'line': b'[  0%] Built target realsense2_camera_msgs__rosidl_generator_type_description\n'}
[44.280088] (-) TimerEvent: {}
[44.385358] (-) TimerEvent: {}
[44.391035] (realsense2_camera_msgs) StdoutLine: {'line': b'[  0%] \x1b[34m\x1b[1mGenerating C code for ROS interfaces\x1b[0m\n'}
[44.485579] (-) TimerEvent: {}
[44.575941] (realsense2_camera_msgs) StdoutLine: {'line': b'[  0%] \x1b[34m\x1b[1mGenerating C++ code for ROS interfaces\x1b[0m\n'}
[44.588778] (-) TimerEvent: {}
[44.690911] (-) TimerEvent: {}
[44.794299] (-) TimerEvent: {}
[44.899284] (-) TimerEvent: {}
[45.003055] (-) TimerEvent: {}
[45.105789] (-) TimerEvent: {}
[45.208738] (-) TimerEvent: {}
[45.325162] (-) TimerEvent: {}
[45.426117] (-) TimerEvent: {}
[45.527432] (-) TimerEvent: {}
[45.631862] (-) TimerEvent: {}
[45.733251] (-) TimerEvent: {}
[45.835870] (-) TimerEvent: {}
[45.942868] (-) TimerEvent: {}
[46.044250] (-) TimerEvent: {}
[46.145656] (-) TimerEvent: {}
[46.247121] (-) TimerEvent: {}
[46.350582] (-) TimerEvent: {}
[46.454780] (-) TimerEvent: {}
[46.560118] (-) TimerEvent: {}
[46.667921] (-) TimerEvent: {}
[46.774895] (-) TimerEvent: {}
[46.886068] (-) TimerEvent: {}
[47.008872] (-) TimerEvent: {}
[47.117121] (-) TimerEvent: {}
[47.218768] (-) TimerEvent: {}
[47.321433] (-) TimerEvent: {}
[47.425436] (-) TimerEvent: {}
[47.528852] (-) TimerEvent: {}
[47.633838] (-) TimerEvent: {}
[47.735549] (-) TimerEvent: {}
[47.843714] (-) TimerEvent: {}
[47.945180] (-) TimerEvent: {}
[48.049414] (-) TimerEvent: {}
[48.154125] (-) TimerEvent: {}
[48.256233] (-) TimerEvent: {}
[48.361442] (-) TimerEvent: {}
[48.462792] (-) TimerEvent: {}
[48.567374] (-) TimerEvent: {}
[48.671883] (-) TimerEvent: {}
[48.772805] (-) TimerEvent: {}
[48.875975] (-) TimerEvent: {}
[48.978906] (-) TimerEvent: {}
[49.079952] (-) TimerEvent: {}
[49.186839] (-) TimerEvent: {}
[49.287742] (-) TimerEvent: {}
[49.391853] (-) TimerEvent: {}
[49.492813] (-) TimerEvent: {}
[49.595836] (-) TimerEvent: {}
[49.697099] (-) TimerEvent: {}
[49.801846] (-) TimerEvent: {}
[49.904856] (-) TimerEvent: {}
[50.009881] (-) TimerEvent: {}
[50.111631] (-) TimerEvent: {}
[50.215836] (-) TimerEvent: {}
[50.317310] (-) TimerEvent: {}
[50.422849] (-) TimerEvent: {}
[50.524381] (-) TimerEvent: {}
[50.629218] (-) TimerEvent: {}
[50.730809] (-) TimerEvent: {}
[50.834722] (-) TimerEvent: {}
[50.939902] (-) TimerEvent: {}
[51.041501] (-) TimerEvent: {}
[51.145907] (-) TimerEvent: {}
[51.251856] (-) TimerEvent: {}
[51.354865] (-) TimerEvent: {}
[51.467957] (-) TimerEvent: {}
[51.569826] (-) TimerEvent: {}
[51.671852] (-) TimerEvent: {}
[51.777870] (-) TimerEvent: {}
[51.880914] (-) TimerEvent: {}
[51.983848] (-) TimerEvent: {}
[52.086848] (-) TimerEvent: {}
[52.188169] (-) TimerEvent: {}
[52.292857] (-) TimerEvent: {}
[52.396836] (-) TimerEvent: {}
[52.498289] (-) TimerEvent: {}
[52.600894] (-) TimerEvent: {}
[52.701867] (-) TimerEvent: {}
[52.804869] (-) TimerEvent: {}
[52.906841] (-) TimerEvent: {}
[53.008501] (-) TimerEvent: {}
[53.113861] (-) TimerEvent: {}
[53.215272] (-) TimerEvent: {}
[53.319219] (-) TimerEvent: {}
[53.423850] (-) TimerEvent: {}
[53.524808] (-) TimerEvent: {}
[53.625780] (-) TimerEvent: {}
[53.729113] (-) TimerEvent: {}
[53.830601] (-) TimerEvent: {}
[53.951537] (-) TimerEvent: {}
[54.054848] (-) TimerEvent: {}
[54.156324] (-) TimerEvent: {}
[54.260663] (-) TimerEvent: {}
[54.366898] (-) TimerEvent: {}
[54.468848] (-) TimerEvent: {}
[54.573837] (-) TimerEvent: {}
[54.674755] (-) TimerEvent: {}
[54.779849] (-) TimerEvent: {}
[54.880803] (-) TimerEvent: {}
[54.984055] (-) TimerEvent: {}
[55.089847] (-) TimerEvent: {}
[55.166550] (cpp_pubsub) StdoutLine: {'line': b'[ 75%] \x1b[32m\x1b[1mLinking CXX executable talker\x1b[0m\n'}
[55.190868] (-) TimerEvent: {}
[55.293851] (-) TimerEvent: {}
[55.396842] (-) TimerEvent: {}
[55.498313] (-) TimerEvent: {}
[55.602947] (-) TimerEvent: {}
[55.815908] (-) TimerEvent: {}
[55.924932] (-) TimerEvent: {}
[56.030839] (-) TimerEvent: {}
[56.142829] (-) TimerEvent: {}
[56.245609] (-) TimerEvent: {}
[56.350319] (-) TimerEvent: {}
[56.457124] (-) TimerEvent: {}
[56.561840] (-) TimerEvent: {}
[56.665843] (-) TimerEvent: {}
[56.767353] (-) TimerEvent: {}
[56.871828] (-) TimerEvent: {}
[56.973151] (-) TimerEvent: {}
[57.074931] (-) TimerEvent: {}
[57.180340] (-) TimerEvent: {}
[57.281662] (-) TimerEvent: {}
[57.387896] (-) TimerEvent: {}
[57.489254] (-) TimerEvent: {}
[57.592779] (-) TimerEvent: {}
[57.701051] (-) TimerEvent: {}
[57.804965] (-) TimerEvent: {}
[57.906935] (-) TimerEvent: {}
[58.011854] (-) TimerEvent: {}
[58.115822] (-) TimerEvent: {}
[58.218886] (-) TimerEvent: {}
[58.325854] (-) TimerEvent: {}
[58.430814] (-) TimerEvent: {}
[58.534851] (-) TimerEvent: {}
[58.635894] (-) TimerEvent: {}
[58.744893] (-) TimerEvent: {}
[58.851908] (-) TimerEvent: {}
[58.863132] (cpp_pubsub) StdoutLine: {'line': b'[ 75%] Built target talker\n'}
[58.953860] (-) TimerEvent: {}
[59.055915] (-) TimerEvent: {}
[59.173870] (-) TimerEvent: {}
[59.277898] (-) TimerEvent: {}
[59.379433] (-) TimerEvent: {}
[59.489909] (-) TimerEvent: {}
[59.592793] (-) TimerEvent: {}
[59.697909] (-) TimerEvent: {}
[59.801885] (-) TimerEvent: {}
[59.904930] (-) TimerEvent: {}
[60.009250] (-) TimerEvent: {}
[60.110344] (-) TimerEvent: {}
[60.212867] (-) TimerEvent: {}
[60.313820] (-) TimerEvent: {}
[60.415876] (-) TimerEvent: {}
[60.517880] (-) TimerEvent: {}
[60.620913] (-) TimerEvent: {}
[61.195817] (-) TimerEvent: {}
[61.300852] (-) TimerEvent: {}
[61.406878] (-) TimerEvent: {}
[61.507880] (-) TimerEvent: {}
[61.608902] (-) TimerEvent: {}
[61.712883] (-) TimerEvent: {}
[61.813904] (-) TimerEvent: {}
[62.709869] (-) TimerEvent: {}
[62.813859] (-) TimerEvent: {}
[62.919919] (-) TimerEvent: {}
[63.021535] (-) TimerEvent: {}
[63.123873] (-) TimerEvent: {}
[63.228894] (-) TimerEvent: {}
[63.330748] (-) TimerEvent: {}
[63.433867] (-) TimerEvent: {}
[63.537881] (-) TimerEvent: {}
[63.639873] (-) TimerEvent: {}
[63.743894] (-) TimerEvent: {}
[63.844904] (-) TimerEvent: {}
[63.947923] (-) TimerEvent: {}
[64.050877] (-) TimerEvent: {}
[64.153899] (-) TimerEvent: {}
[64.256206] (-) TimerEvent: {}
[64.359795] (-) TimerEvent: {}
[64.463295] (-) TimerEvent: {}
[64.568881] (-) TimerEvent: {}
[64.669997] (-) TimerEvent: {}
[64.774264] (-) TimerEvent: {}
[64.875360] (-) TimerEvent: {}
[64.978311] (-) TimerEvent: {}
[65.081295] (-) TimerEvent: {}
[65.182343] (-) TimerEvent: {}
[65.285266] (-) TimerEvent: {}
[65.388887] (-) TimerEvent: {}
[65.493875] (-) TimerEvent: {}
[65.594911] (-) TimerEvent: {}
[65.700900] (-) TimerEvent: {}
[65.801984] (-) TimerEvent: {}
[65.904660] (-) TimerEvent: {}
[66.009871] (-) TimerEvent: {}
[66.110912] (-) TimerEvent: {}
[66.214891] (-) TimerEvent: {}
[66.315853] (-) TimerEvent: {}
[66.418335] (-) TimerEvent: {}
[66.522367] (-) TimerEvent: {}
[66.627385] (-) TimerEvent: {}
[66.733885] (-) TimerEvent: {}
[66.852928] (-) TimerEvent: {}
[66.960548] (-) TimerEvent: {}
[67.063895] (-) TimerEvent: {}
[67.186879] (-) TimerEvent: {}
[67.296294] (-) TimerEvent: {}
[67.399900] (-) TimerEvent: {}
[67.436863] (realsense2_camera_msgs) StdoutLine: {'line': b'[  0%] Built target realsense2_camera_msgs__cpp\n'}
[67.502874] (-) TimerEvent: {}
[67.606859] (-) TimerEvent: {}
[67.708251] (-) TimerEvent: {}
[67.817219] (-) TimerEvent: {}
[67.922236] (-) TimerEvent: {}
[68.024203] (-) TimerEvent: {}
[68.127497] (-) TimerEvent: {}
[68.238105] (-) TimerEvent: {}
[68.346892] (-) TimerEvent: {}
[68.447934] (-) TimerEvent: {}
[68.548951] (-) TimerEvent: {}
[68.653878] (-) TimerEvent: {}
[68.755041] (-) TimerEvent: {}
[68.856144] (-) TimerEvent: {}
[68.960283] (-) TimerEvent: {}
[69.063542] (-) TimerEvent: {}
[69.168276] (-) TimerEvent: {}
[69.272582] (-) TimerEvent: {}
[69.376148] (-) TimerEvent: {}
[69.477402] (-) TimerEvent: {}
[69.580331] (-) TimerEvent: {}
[69.682657] (-) TimerEvent: {}
[69.786882] (-) TimerEvent: {}
[69.887898] (-) TimerEvent: {}
[69.988926] (-) TimerEvent: {}
[70.091890] (-) TimerEvent: {}
[70.193064] (-) TimerEvent: {}
[70.294906] (-) TimerEvent: {}
[70.396877] (-) TimerEvent: {}
[70.500915] (-) TimerEvent: {}
[70.602552] (-) TimerEvent: {}
[70.703987] (-) TimerEvent: {}
[70.771333] (esp32_controller) StderrLine: {'line': b'\x1b[01m\x1b[K/home/bot/ros2_ws/src/esp32_controller/src/esp32_controller.cpp:\x1b[m\x1b[K In constructor \xe2\x80\x98\x1b[01m\x1b[KEsp32Controller::\x1b[01;32m\x1b[KEsp32Controller\x1b[m\x1b[K()\x1b[m\x1b[K\xe2\x80\x99:\n'}
[70.777944] (esp32_controller) StderrLine: {'line': b'\x1b[01m\x1b[K/home/bot/ros2_ws/src/esp32_controller/src/esp32_controller.cpp:563:9:\x1b[m\x1b[K \x1b[01;35m\x1b[Kwarning: \x1b[m\x1b[K\xe2\x80\x98\x1b[01m\x1b[KEsp32Controller::callback_counter_\x1b[m\x1b[K\xe2\x80\x99 will be initialized after [\x1b[01;35m\x1b[K\x1b]8;;https://gcc.gnu.org/onlinedocs/gcc/Warning-Options.html#index-Wreorder\x07-Wreorder\x1b]8;;\x07\x1b[m\x1b[K]\n'}
[70.780831] (esp32_controller) StderrLine: {'line': b'  563 |     int \x1b[01;35m\x1b[Kcallback_counter_\x1b[m\x1b[K;\n'}
[70.785942] (esp32_controller) StderrLine: {'line': b'      |         \x1b[01;35m\x1b[K^~~~~~~~~~~~~~~~~\x1b[m\x1b[K\n'}
[70.788911] (esp32_controller) StderrLine: {'line': b'\x1b[01m\x1b[K/home/bot/ros2_ws/src/esp32_controller/src/esp32_controller.cpp:558:12:\x1b[m\x1b[K \x1b[01;35m\x1b[Kwarning: \x1b[m\x1b[K  \xe2\x80\x98\x1b[01m\x1b[Kdouble Esp32Controller::current_roll_\x1b[m\x1b[K\xe2\x80\x99 [\x1b[01;35m\x1b[K\x1b]8;;https://gcc.gnu.org/onlinedocs/gcc/Warning-Options.html#index-Wreorder\x07-Wreorder\x1b]8;;\x07\x1b[m\x1b[K]\n'}
[70.794208] (esp32_controller) StderrLine: {'line': b'  558 |     double \x1b[01;35m\x1b[Kcurrent_roll_\x1b[m\x1b[K;\n'}
[70.796505] (esp32_controller) StderrLine: {'line': b'      |            \x1b[01;35m\x1b[K^~~~~~~~~~~~~\x1b[m\x1b[K\n'}
[70.801149] (esp32_controller) StderrLine: {'line': b'\x1b[01m\x1b[K/home/bot/ros2_ws/src/esp32_controller/src/esp32_controller.cpp:195:5:\x1b[m\x1b[K \x1b[01;35m\x1b[Kwarning: \x1b[m\x1b[K  when initialized here [\x1b[01;35m\x1b[K\x1b]8;;https://gcc.gnu.org/onlinedocs/gcc/Warning-Options.html#index-Wreorder\x07-Wreorder\x1b]8;;\x07\x1b[m\x1b[K]\n'}
[70.802094] (esp32_controller) StderrLine: {'line': b'  195 |     \x1b[01;35m\x1b[KEsp32Controller\x1b[m\x1b[K()\n'}
[70.808656] (-) TimerEvent: {}
[70.809864] (esp32_controller) StderrLine: {'line': b'      |     \x1b[01;35m\x1b[K^~~~~~~~~~~~~~~\x1b[m\x1b[K\n'}
[70.908877] (-) TimerEvent: {}
[71.009901] (-) TimerEvent: {}
[71.112880] (-) TimerEvent: {}
[71.216892] (-) TimerEvent: {}
[71.318600] (-) TimerEvent: {}
[71.420213] (-) TimerEvent: {}
[71.524885] (-) TimerEvent: {}
[71.626464] (-) TimerEvent: {}
[71.728901] (-) TimerEvent: {}
[71.830586] (-) TimerEvent: {}
[71.934284] (-) TimerEvent: {}
[71.959634] (realsense2_camera_msgs) StdoutLine: {'line': b'[  1%] \x1b[32mBuilding C object CMakeFiles/realsense2_camera_msgs__rosidl_generator_c.dir/rosidl_generator_c/realsense2_camera_msgs/msg/detail/imu_info__description.c.o\x1b[0m\n'}
[72.034509] (-) TimerEvent: {}
[72.138259] (-) TimerEvent: {}
[72.242424] (-) TimerEvent: {}
[72.344034] (-) TimerEvent: {}
[72.449889] (-) TimerEvent: {}
[72.542957] (realsense2_camera_msgs) StdoutLine: {'line': b'[  2%] \x1b[32mBuilding C object CMakeFiles/realsense2_camera_msgs__rosidl_generator_c.dir/rosidl_generator_c/realsense2_camera_msgs/msg/detail/extrinsics__description.c.o\x1b[0m\n'}
[72.550987] (-) TimerEvent: {}
[72.653228] (-) TimerEvent: {}
[72.755913] (-) TimerEvent: {}
[72.857986] (-) TimerEvent: {}
[72.961497] (-) TimerEvent: {}
[73.043077] (realsense2_camera_msgs) StdoutLine: {'line': b'[  2%] \x1b[32mBuilding C object CMakeFiles/realsense2_camera_msgs__rosidl_generator_c.dir/rosidl_generator_c/realsense2_camera_msgs/msg/detail/extrinsics__functions.c.o\x1b[0m\n'}
[73.066893] (-) TimerEvent: {}
[73.177895] (-) TimerEvent: {}
[73.282910] (-) TimerEvent: {}
[73.386906] (-) TimerEvent: {}
[73.493880] (-) TimerEvent: {}
[73.598990] (-) TimerEvent: {}
[73.702868] (-) TimerEvent: {}
[73.809867] (-) TimerEvent: {}
[73.874928] (realsense2_camera_msgs) StdoutLine: {'line': b'[  3%] \x1b[32mBuilding C object CMakeFiles/realsense2_camera_msgs__rosidl_generator_c.dir/rosidl_generator_c/realsense2_camera_msgs/msg/detail/extrinsics__type_support.c.o\x1b[0m\n'}
[73.910133] (-) TimerEvent: {}
[74.013830] (-) TimerEvent: {}
[74.117766] (-) TimerEvent: {}
[74.222874] (-) TimerEvent: {}
[74.227104] (realsense2_camera_msgs) StdoutLine: {'line': b'[  3%] \x1b[32mBuilding C object CMakeFiles/realsense2_camera_msgs__rosidl_generator_c.dir/rosidl_generator_c/realsense2_camera_msgs/msg/detail/metadata__description.c.o\x1b[0m\n'}
[74.323106] (-) TimerEvent: {}
[74.424826] (-) TimerEvent: {}
[74.528891] (-) TimerEvent: {}
[74.633879] (-) TimerEvent: {}
[74.676924] (realsense2_camera_msgs) StdoutLine: {'line': b'[  4%] \x1b[32mBuilding C object CMakeFiles/realsense2_camera_msgs__rosidl_generator_c.dir/rosidl_generator_c/realsense2_camera_msgs/msg/detail/metadata__functions.c.o\x1b[0m\n'}
[74.736096] (-) TimerEvent: {}
[74.837742] (-) TimerEvent: {}
[74.941168] (-) TimerEvent: {}
[75.042836] (-) TimerEvent: {}
[75.146582] (-) TimerEvent: {}
[75.248742] (-) TimerEvent: {}
[75.352877] (-) TimerEvent: {}
[75.454408] (-) TimerEvent: {}
[75.556392] (-) TimerEvent: {}
[75.608261] (realsense2_camera_msgs) StdoutLine: {'line': b'[  4%] \x1b[32mBuilding C object CMakeFiles/realsense2_camera_msgs__rosidl_generator_c.dir/rosidl_generator_c/realsense2_camera_msgs/msg/detail/metadata__type_support.c.o\x1b[0m\n'}
[75.658885] (-) TimerEvent: {}
[75.761220] (-) TimerEvent: {}
[75.865266] (-) TimerEvent: {}
[75.950119] (realsense2_camera_msgs) StdoutLine: {'line': b'[  5%] \x1b[32mBuilding C object CMakeFiles/realsense2_camera_msgs__rosidl_generator_c.dir/rosidl_generator_c/realsense2_camera_msgs/msg/detail/rgbd__description.c.o\x1b[0m\n'}
[75.965506] (-) TimerEvent: {}
[76.070882] (-) TimerEvent: {}
[76.172413] (-) TimerEvent: {}
[76.273989] (-) TimerEvent: {}
[76.376748] (-) TimerEvent: {}
[76.480781] (-) TimerEvent: {}
[76.583377] (-) TimerEvent: {}
[76.687340] (-) TimerEvent: {}
[76.791117] (-) TimerEvent: {}
[76.893118] (-) TimerEvent: {}
[76.994869] (-) TimerEvent: {}
[77.097867] (-) TimerEvent: {}
[77.199577] (-) TimerEvent: {}
[77.302762] (-) TimerEvent: {}
[77.315022] (realsense2_camera_msgs) StdoutLine: {'line': b'[  6%] \x1b[32mBuilding C object CMakeFiles/realsense2_camera_msgs__rosidl_generator_c.dir/rosidl_generator_c/realsense2_camera_msgs/msg/detail/rgbd__functions.c.o\x1b[0m\n'}
[77.406012] (-) TimerEvent: {}
[77.506884] (-) TimerEvent: {}
[77.607873] (-) TimerEvent: {}
[77.710881] (-) TimerEvent: {}
[77.814144] (-) TimerEvent: {}
[77.917868] (-) TimerEvent: {}
[78.018838] (-) TimerEvent: {}
[78.120948] (-) TimerEvent: {}
[78.226881] (-) TimerEvent: {}
[78.328533] (-) TimerEvent: {}
[78.432880] (-) TimerEvent: {}
[78.476054] (realsense2_camera_msgs) StdoutLine: {'line': b'[  6%] \x1b[32mBuilding C object CMakeFiles/realsense2_camera_msgs__rosidl_generator_c.dir/rosidl_generator_c/realsense2_camera_msgs/msg/detail/rgbd__type_support.c.o\x1b[0m\n'}
[78.535912] (-) TimerEvent: {}
[78.637093] (-) TimerEvent: {}
[78.740111] (-) TimerEvent: {}
[78.843241] (-) TimerEvent: {}
[78.947108] (-) TimerEvent: {}
[79.042928] (realsense2_camera_msgs) StdoutLine: {'line': b'[  7%] \x1b[32mBuilding C object CMakeFiles/realsense2_camera_msgs__rosidl_generator_c.dir/rosidl_generator_c/realsense2_camera_msgs/srv/detail/device_info__description.c.o\x1b[0m\n'}
[79.049877] (-) TimerEvent: {}
[79.151224] (-) TimerEvent: {}
[79.256138] (-) TimerEvent: {}
[79.361890] (-) TimerEvent: {}
[79.463919] (-) TimerEvent: {}
[79.569455] (-) TimerEvent: {}
[79.671181] (-) TimerEvent: {}
[79.705109] (realsense2_camera_msgs) StdoutLine: {'line': b'[  7%] \x1b[32mBuilding C object CMakeFiles/realsense2_camera_msgs__rosidl_generator_c.dir/rosidl_generator_c/realsense2_camera_msgs/srv/detail/device_info__functions.c.o\x1b[0m\n'}
[79.771481] (-) TimerEvent: {}
[79.873917] (-) TimerEvent: {}
[79.976322] (-) TimerEvent: {}
[80.079739] (-) TimerEvent: {}
[80.184394] (-) TimerEvent: {}
[80.287898] (-) TimerEvent: {}
[80.391948] (-) TimerEvent: {}
[80.495840] (-) TimerEvent: {}
[80.597546] (-) TimerEvent: {}
[80.700860] (-) TimerEvent: {}
[80.805332] (-) TimerEvent: {}
[80.909357] (-) TimerEvent: {}
[81.013323] (-) TimerEvent: {}
[81.118926] (-) TimerEvent: {}
[81.158196] (realsense2_camera_msgs) StdoutLine: {'line': b'[  8%] \x1b[32mBuilding C object CMakeFiles/realsense2_camera_msgs__rosidl_generator_c.dir/rosidl_generator_c/realsense2_camera_msgs/srv/detail/device_info__type_support.c.o\x1b[0m\n'}
[81.221899] (-) TimerEvent: {}
[81.325880] (-) TimerEvent: {}
[81.441992] (-) TimerEvent: {}
[81.548293] (-) TimerEvent: {}
[81.603141] (realsense2_camera_msgs) StdoutLine: {'line': b'[  8%] \x1b[32mBuilding C object CMakeFiles/realsense2_camera_msgs__rosidl_generator_c.dir/rosidl_generator_c/realsense2_camera_msgs/srv/detail/safety_preset_read__description.c.o\x1b[0m\n'}
[81.649955] (-) TimerEvent: {}
[81.752766] (-) TimerEvent: {}
[81.856293] (-) TimerEvent: {}
[81.960289] (-) TimerEvent: {}
[82.063295] (-) TimerEvent: {}
[82.168905] (-) TimerEvent: {}
[82.188038] (realsense2_camera_msgs) StdoutLine: {'line': b'[  9%] \x1b[32mBuilding C object CMakeFiles/realsense2_camera_msgs__rosidl_generator_c.dir/rosidl_generator_c/realsense2_camera_msgs/srv/detail/safety_preset_read__functions.c.o\x1b[0m\n'}
[82.271854] (-) TimerEvent: {}
[82.373058] (-) TimerEvent: {}
[82.476913] (-) TimerEvent: {}
[82.581200] (-) TimerEvent: {}
[82.685353] (-) TimerEvent: {}
[82.788629] (-) TimerEvent: {}
[82.893372] (-) TimerEvent: {}
[82.998319] (-) TimerEvent: {}
[83.100243] (-) TimerEvent: {}
[83.203881] (-) TimerEvent: {}
[83.308476] (-) TimerEvent: {}
[83.412657] (-) TimerEvent: {}
[83.516896] (-) TimerEvent: {}
[83.621298] (-) TimerEvent: {}
[83.722891] (-) TimerEvent: {}
[83.765818] (realsense2_camera_msgs) StdoutLine: {'line': b'[ 10%] \x1b[32mBuilding C object CMakeFiles/realsense2_camera_msgs__rosidl_generator_c.dir/rosidl_generator_c/realsense2_camera_msgs/srv/detail/safety_preset_read__type_support.c.o\x1b[0m\n'}
[83.825933] (-) TimerEvent: {}
[83.927465] (-) TimerEvent: {}
[84.029847] (-) TimerEvent: {}
[84.132895] (-) TimerEvent: {}
[84.178262] (realsense2_camera_msgs) StdoutLine: {'line': b'[ 10%] \x1b[32mBuilding C object CMakeFiles/realsense2_camera_msgs__rosidl_generator_c.dir/rosidl_generator_c/realsense2_camera_msgs/srv/detail/safety_preset_write__description.c.o\x1b[0m\n'}
[84.235893] (-) TimerEvent: {}
[84.337208] (-) TimerEvent: {}
[84.439893] (-) TimerEvent: {}
[84.540900] (-) TimerEvent: {}
[84.642970] (-) TimerEvent: {}
[84.745883] (-) TimerEvent: {}
[84.826867] (realsense2_camera_msgs) StdoutLine: {'line': b'[ 11%] \x1b[32mBuilding C object CMakeFiles/realsense2_camera_msgs__rosidl_generator_c.dir/rosidl_generator_c/realsense2_camera_msgs/srv/detail/safety_preset_write__functions.c.o\x1b[0m\n'}
[84.846165] (-) TimerEvent: {}
[84.951484] (-) TimerEvent: {}
[85.053385] (-) TimerEvent: {}
[85.158383] (-) TimerEvent: {}
[85.260271] (-) TimerEvent: {}
[85.363901] (-) TimerEvent: {}
[85.466337] (-) TimerEvent: {}
[85.569512] (-) TimerEvent: {}
[85.672870] (-) TimerEvent: {}
[85.773971] (-) TimerEvent: {}
[85.877087] (-) TimerEvent: {}
[85.978231] (-) TimerEvent: {}
[86.082793] (-) TimerEvent: {}
[86.185352] (-) TimerEvent: {}
[86.289225] (-) TimerEvent: {}
[86.392190] (-) TimerEvent: {}
[86.410923] (realsense2_camera_msgs) StdoutLine: {'line': b'[ 11%] \x1b[32mBuilding C object CMakeFiles/realsense2_camera_msgs__rosidl_generator_c.dir/rosidl_generator_c/realsense2_camera_msgs/srv/detail/safety_preset_write__type_support.c.o\x1b[0m\n'}
[86.492475] (-) TimerEvent: {}
[86.595624] (-) TimerEvent: {}
[86.698001] (-) TimerEvent: {}
[86.801567] (-) TimerEvent: {}
[86.906367] (-) TimerEvent: {}
[86.921279] (realsense2_camera_msgs) StdoutLine: {'line': b'[ 12%] \x1b[32mBuilding C object CMakeFiles/realsense2_camera_msgs__rosidl_generator_c.dir/rosidl_generator_c/realsense2_camera_msgs/srv/detail/safety_interface_config_read__description.c.o\x1b[0m\n'}
[87.008866] (-) TimerEvent: {}
[87.112876] (-) TimerEvent: {}
[87.218146] (-) TimerEvent: {}
[87.322591] (-) TimerEvent: {}
[87.424137] (-) TimerEvent: {}
[87.529875] (-) TimerEvent: {}
[87.631501] (-) TimerEvent: {}
[87.735877] (-) TimerEvent: {}
[87.837434] (-) TimerEvent: {}
[87.853056] (realsense2_camera_msgs) StdoutLine: {'line': b'[ 12%] \x1b[32mBuilding C object CMakeFiles/realsense2_camera_msgs__rosidl_generator_c.dir/rosidl_generator_c/realsense2_camera_msgs/srv/detail/safety_interface_config_read__functions.c.o\x1b[0m\n'}
[87.937764] (-) TimerEvent: {}
[88.044985] (-) TimerEvent: {}
[88.146763] (-) TimerEvent: {}
[88.250366] (-) TimerEvent: {}
[88.357965] (-) TimerEvent: {}
[88.459637] (-) TimerEvent: {}
[88.561881] (-) TimerEvent: {}
[88.665881] (-) TimerEvent: {}
[88.766890] (-) TimerEvent: {}
[88.868412] (-) TimerEvent: {}
[88.970878] (-) TimerEvent: {}
[89.026730] (cpp_pubsub) StdoutLine: {'line': b'[100%] \x1b[32m\x1b[1mLinking CXX executable listener\x1b[0m\n'}
[89.072936] (-) TimerEvent: {}
[89.175736] (-) TimerEvent: {}
[89.278894] (-) TimerEvent: {}
[89.380150] (-) TimerEvent: {}
[89.485983] (-) TimerEvent: {}
[89.519774] (realsense2_camera_msgs) StdoutLine: {'line': b'[ 13%] \x1b[32mBuilding C object CMakeFiles/realsense2_camera_msgs__rosidl_generator_c.dir/rosidl_generator_c/realsense2_camera_msgs/srv/detail/safety_interface_config_read__type_support.c.o\x1b[0m\n'}
[89.588913] (-) TimerEvent: {}
[89.692955] (-) TimerEvent: {}
[89.794924] (-) TimerEvent: {}
[89.896578] (-) TimerEvent: {}
[90.000216] (-) TimerEvent: {}
[90.014151] (realsense2_camera_msgs) StdoutLine: {'line': b'[ 14%] \x1b[32mBuilding C object CMakeFiles/realsense2_camera_msgs__rosidl_generator_c.dir/rosidl_generator_c/realsense2_camera_msgs/srv/detail/safety_interface_config_write__description.c.o\x1b[0m\n'}
[90.094281] (cpp_pubsub) StdoutLine: {'line': b'[100%] Built target listener\n'}
[90.100421] (-) TimerEvent: {}
[90.180282] (cpp_pubsub) CommandEnded: {'returncode': 0}
[90.189538] (cpp_pubsub) JobProgress: {'identifier': 'cpp_pubsub', 'progress': 'install'}
[90.190362] (cpp_pubsub) Command: {'cmd': ['/usr/bin/cmake', '--install', '/home/bot/ros2_ws/build/cpp_pubsub'], 'cwd': '/home/bot/ros2_ws/build/cpp_pubsub', 'env': OrderedDict({'LESSOPEN': '| /usr/bin/lesspipe %s', 'USER': 'bot', 'SSH_CLIENT': '192.168.1.199 58490 22', 'GZ_CONFIG_PATH': '/opt/ros/jazzy/opt/sdformat_vendor/share/gz', 'XDG_SESSION_TYPE': 'tty', 'SHLVL': '1', 'LD_LIBRARY_PATH': '/opt/ros/jazzy/opt/sdformat_vendor/lib:/opt/ros/jazzy/opt/rviz_ogre_vendor/lib:/opt/ros/jazzy/lib/aarch64-linux-gnu:/opt/ros/jazzy/opt/gz_math_vendor/lib:/opt/ros/jazzy/opt/gz_utils_vendor/lib:/opt/ros/jazzy/opt/gz_tools_vendor/lib:/opt/ros/jazzy/opt/gz_cmake_vendor/lib:/opt/ros/jazzy/lib', 'HOME': '/home/bot', 'OLDPWD': '/home/bot/ros2_ws/src', 'SSH_TTY': '/dev/pts/4', 'ROS_PYTHON_VERSION': '3', 'DBUS_SESSION_BUS_ADDRESS': 'unix:path=/run/user/1000/bus', 'DEBUGINFOD_URLS': 'https://debuginfod.ubuntu.com', 'ROS_DISTRO': 'jazzy', 'LOGNAME': 'bot', '_': '/usr/bin/colcon', 'ROS_VERSION': '2', 'XDG_SESSION_CLASS': 'user', 'TERM': 'xterm-256color', 'XDG_SESSION_ID': '6', 'PATH': '/opt/ros/jazzy/opt/gz_tools_vendor/bin:/opt/ros/jazzy/bin:/usr/local/sbin:/usr/local/bin:/usr/sbin:/usr/bin:/sbin:/bin:/usr/games:/usr/local/games:/snap/bin', 'XDG_RUNTIME_DIR': '/run/user/1000', 'LANG': 'en_US.UTF-8', 'LS_COLORS': 'rs=0:di=01;34:ln=01;36:mh=00:pi=40;33:so=01;35:do=01;35:bd=40;33;01:cd=40;33;01:or=40;31;01:mi=00:su=37;41:sg=30;43:ca=00:tw=30;42:ow=34;42:st=37;44:ex=01;32:*.tar=01;31:*.tgz=01;31:*.arc=01;31:*.arj=01;31:*.taz=01;31:*.lha=01;31:*.lz4=01;31:*.lzh=01;31:*.lzma=01;31:*.tlz=01;31:*.txz=01;31:*.tzo=01;31:*.t7z=01;31:*.zip=01;31:*.z=01;31:*.dz=01;31:*.gz=01;31:*.lrz=01;31:*.lz=01;31:*.lzo=01;31:*.xz=01;31:*.zst=01;31:*.tzst=01;31:*.bz2=01;31:*.bz=01;31:*.tbz=01;31:*.tbz2=01;31:*.tz=01;31:*.deb=01;31:*.rpm=01;31:*.jar=01;31:*.war=01;31:*.ear=01;31:*.sar=01;31:*.rar=01;31:*.alz=01;31:*.ace=01;31:*.zoo=01;31:*.cpio=01;31:*.7z=01;31:*.rz=01;31:*.cab=01;31:*.wim=01;31:*.swm=01;31:*.dwm=01;31:*.esd=01;31:*.avif=01;35:*.jpg=01;35:*.jpeg=01;35:*.mjpg=01;35:*.mjpeg=01;35:*.gif=01;35:*.bmp=01;35:*.pbm=01;35:*.pgm=01;35:*.ppm=01;35:*.tga=01;35:*.xbm=01;35:*.xpm=01;35:*.tif=01;35:*.tiff=01;35:*.png=01;35:*.svg=01;35:*.svgz=01;35:*.mng=01;35:*.pcx=01;35:*.mov=01;35:*.mpg=01;35:*.mpeg=01;35:*.m2v=01;35:*.mkv=01;35:*.webm=01;35:*.webp=01;35:*.ogm=01;35:*.mp4=01;35:*.m4v=01;35:*.mp4v=01;35:*.vob=01;35:*.qt=01;35:*.nuv=01;35:*.wmv=01;35:*.asf=01;35:*.rm=01;35:*.rmvb=01;35:*.flc=01;35:*.avi=01;35:*.fli=01;35:*.flv=01;35:*.gl=01;35:*.dl=01;35:*.xcf=01;35:*.xwd=01;35:*.yuv=01;35:*.cgm=01;35:*.emf=01;35:*.ogv=01;35:*.ogx=01;35:*.aac=00;36:*.au=00;36:*.flac=00;36:*.m4a=00;36:*.mid=00;36:*.midi=00;36:*.mka=00;36:*.mp3=00;36:*.mpc=00;36:*.ogg=00;36:*.ra=00;36:*.wav=00;36:*.oga=00;36:*.opus=00;36:*.spx=00;36:*.xspf=00;36:*~=00;90:*#=00;90:*.bak=00;90:*.crdownload=00;90:*.dpkg-dist=00;90:*.dpkg-new=00;90:*.dpkg-old=00;90:*.dpkg-tmp=00;90:*.old=00;90:*.orig=00;90:*.part=00;90:*.rej=00;90:*.rpmnew=00;90:*.rpmorig=00;90:*.rpmsave=00;90:*.swp=00;90:*.tmp=00;90:*.ucf-dist=00;90:*.ucf-new=00;90:*.ucf-old=00;90:', 'AMENT_PREFIX_PATH': '/opt/ros/jazzy', 'SHELL': '/bin/bash', 'LESSCLOSE': '/usr/bin/lesspipe %s %s', 'ROS_AUTOMATIC_DISCOVERY_RANGE': 'SUBNET', 'PWD': '/home/bot/ros2_ws/build/cpp_pubsub', 'LC_ALL': 'en_US.UTF-8', 'SSH_CONNECTION': '192.168.1.199 58490 192.168.1.224 22', 'XDG_DATA_DIRS': '/usr/share/gnome:/usr/local/share:/usr/share:/var/lib/snapd/desktop', 'PYTHONPATH': '/opt/ros/jazzy/lib/python3.12/site-packages', 'COLCON': '1', 'CMAKE_PREFIX_PATH': '/opt/ros/jazzy/opt/sdformat_vendor:/opt/ros/jazzy/opt/gz_math_vendor:/opt/ros/jazzy/opt/gz_utils_vendor:/opt/ros/jazzy/opt/gz_tools_vendor:/opt/ros/jazzy/opt/gz_cmake_vendor:/opt/ros/jazzy'}), 'shell': False}
[90.200654] (-) TimerEvent: {}
[90.256423] (cpp_pubsub) StdoutLine: {'line': b'-- Install configuration: "Release"\n'}
[90.267037] (cpp_pubsub) StdoutLine: {'line': b'-- Installing: /home/bot/ros2_ws/install/cpp_pubsub/lib/cpp_pubsub/talker\n'}
[90.273009] (cpp_pubsub) StdoutLine: {'line': b'-- Set non-toolchain portion of runtime path of "/home/bot/ros2_ws/install/cpp_pubsub/lib/cpp_pubsub/talker" to ""\n'}
[90.283970] (cpp_pubsub) StdoutLine: {'line': b'-- Installing: /home/bot/ros2_ws/install/cpp_pubsub/lib/cpp_pubsub/listener\n'}
[90.301304] (-) TimerEvent: {}
[90.340494] (cpp_pubsub) StdoutLine: {'line': b'-- Set non-toolchain portion of runtime path of "/home/bot/ros2_ws/install/cpp_pubsub/lib/cpp_pubsub/listener" to ""\n'}
[90.345423] (cpp_pubsub) StdoutLine: {'line': b'-- Up-to-date: /home/bot/ros2_ws/install/cpp_pubsub/lib/cpp_pubsub/talker\n'}
[90.350926] (cpp_pubsub) StdoutLine: {'line': b'-- Up-to-date: /home/bot/ros2_ws/install/cpp_pubsub/share/ament_index/resource_index/package_run_dependencies/cpp_pubsub\n'}
[90.355860] (cpp_pubsub) StdoutLine: {'line': b'-- Installing: /home/bot/ros2_ws/install/cpp_pubsub/share/ament_index/resource_index/parent_prefix_path/cpp_pubsub\n'}
[90.365867] (cpp_pubsub) StdoutLine: {'line': b'-- Up-to-date: /home/bot/ros2_ws/install/cpp_pubsub/share/cpp_pubsub/environment/ament_prefix_path.sh\n'}
[90.366921] (cpp_pubsub) StdoutLine: {'line': b'-- Up-to-date: /home/bot/ros2_ws/install/cpp_pubsub/share/cpp_pubsub/environment/ament_prefix_path.dsv\n'}
[90.368366] (cpp_pubsub) StdoutLine: {'line': b'-- Up-to-date: /home/bot/ros2_ws/install/cpp_pubsub/share/cpp_pubsub/environment/path.sh\n'}
[90.369253] (cpp_pubsub) StdoutLine: {'line': b'-- Up-to-date: /home/bot/ros2_ws/install/cpp_pubsub/share/cpp_pubsub/environment/path.dsv\n'}
[90.374235] (cpp_pubsub) StdoutLine: {'line': b'-- Up-to-date: /home/bot/ros2_ws/install/cpp_pubsub/share/cpp_pubsub/local_setup.bash\n'}
[90.375372] (cpp_pubsub) StdoutLine: {'line': b'-- Up-to-date: /home/bot/ros2_ws/install/cpp_pubsub/share/cpp_pubsub/local_setup.sh\n'}
[90.376258] (cpp_pubsub) StdoutLine: {'line': b'-- Up-to-date: /home/bot/ros2_ws/install/cpp_pubsub/share/cpp_pubsub/local_setup.zsh\n'}
[90.379808] (cpp_pubsub) StdoutLine: {'line': b'-- Up-to-date: /home/bot/ros2_ws/install/cpp_pubsub/share/cpp_pubsub/local_setup.dsv\n'}
[90.380717] (cpp_pubsub) StdoutLine: {'line': b'-- Installing: /home/bot/ros2_ws/install/cpp_pubsub/share/cpp_pubsub/package.dsv\n'}
[90.385961] (cpp_pubsub) StdoutLine: {'line': b'-- Up-to-date: /home/bot/ros2_ws/install/cpp_pubsub/share/ament_index/resource_index/packages/cpp_pubsub\n'}
[90.392111] (cpp_pubsub) StdoutLine: {'line': b'-- Up-to-date: /home/bot/ros2_ws/install/cpp_pubsub/share/cpp_pubsub/cmake/cpp_pubsubConfig.cmake\n'}
[90.399198] (cpp_pubsub) StdoutLine: {'line': b'-- Up-to-date: /home/bot/ros2_ws/install/cpp_pubsub/share/cpp_pubsub/cmake/cpp_pubsubConfig-version.cmake\n'}
[90.403794] (-) TimerEvent: {}
[90.406593] (cpp_pubsub) StdoutLine: {'line': b'-- Up-to-date: /home/bot/ros2_ws/install/cpp_pubsub/share/cpp_pubsub/package.xml\n'}
[90.414295] (cpp_pubsub) CommandEnded: {'returncode': 0}
[90.506933] (-) TimerEvent: {}
[90.535046] (cpp_pubsub) JobEnded: {'identifier': 'cpp_pubsub', 'rc': 0}
[90.541092] (move_program) JobStarted: {'identifier': 'move_program'}
[90.581391] (move_program) JobProgress: {'identifier': 'move_program', 'progress': 'cmake'}
[90.594338] (move_program) Command: {'cmd': ['/usr/bin/cmake', '/home/bot/ros2_ws/src/move_program', '-DCMAKE_BUILD_TYPE=Release', '-DCMAKE_INSTALL_PREFIX=/home/bot/ros2_ws/install/move_program'], 'cwd': '/home/bot/ros2_ws/build/move_program', 'env': OrderedDict({'LESSOPEN': '| /usr/bin/lesspipe %s', 'USER': 'bot', 'SSH_CLIENT': '192.168.1.199 58490 22', 'GZ_CONFIG_PATH': '/opt/ros/jazzy/opt/sdformat_vendor/share/gz', 'XDG_SESSION_TYPE': 'tty', 'SHLVL': '1', 'LD_LIBRARY_PATH': '/opt/ros/jazzy/opt/sdformat_vendor/lib:/opt/ros/jazzy/opt/rviz_ogre_vendor/lib:/opt/ros/jazzy/lib/aarch64-linux-gnu:/opt/ros/jazzy/opt/gz_math_vendor/lib:/opt/ros/jazzy/opt/gz_utils_vendor/lib:/opt/ros/jazzy/opt/gz_tools_vendor/lib:/opt/ros/jazzy/opt/gz_cmake_vendor/lib:/opt/ros/jazzy/lib', 'HOME': '/home/bot', 'OLDPWD': '/home/bot/ros2_ws/src', 'SSH_TTY': '/dev/pts/4', 'ROS_PYTHON_VERSION': '3', 'DBUS_SESSION_BUS_ADDRESS': 'unix:path=/run/user/1000/bus', 'DEBUGINFOD_URLS': 'https://debuginfod.ubuntu.com', 'ROS_DISTRO': 'jazzy', 'LOGNAME': 'bot', '_': '/usr/bin/colcon', 'ROS_VERSION': '2', 'XDG_SESSION_CLASS': 'user', 'TERM': 'xterm-256color', 'XDG_SESSION_ID': '6', 'PATH': '/opt/ros/jazzy/opt/gz_tools_vendor/bin:/opt/ros/jazzy/bin:/usr/local/sbin:/usr/local/bin:/usr/sbin:/usr/bin:/sbin:/bin:/usr/games:/usr/local/games:/snap/bin', 'XDG_RUNTIME_DIR': '/run/user/1000', 'LANG': 'en_US.UTF-8', 'LS_COLORS': 'rs=0:di=01;34:ln=01;36:mh=00:pi=40;33:so=01;35:do=01;35:bd=40;33;01:cd=40;33;01:or=40;31;01:mi=00:su=37;41:sg=30;43:ca=00:tw=30;42:ow=34;42:st=37;44:ex=01;32:*.tar=01;31:*.tgz=01;31:*.arc=01;31:*.arj=01;31:*.taz=01;31:*.lha=01;31:*.lz4=01;31:*.lzh=01;31:*.lzma=01;31:*.tlz=01;31:*.txz=01;31:*.tzo=01;31:*.t7z=01;31:*.zip=01;31:*.z=01;31:*.dz=01;31:*.gz=01;31:*.lrz=01;31:*.lz=01;31:*.lzo=01;31:*.xz=01;31:*.zst=01;31:*.tzst=01;31:*.bz2=01;31:*.bz=01;31:*.tbz=01;31:*.tbz2=01;31:*.tz=01;31:*.deb=01;31:*.rpm=01;31:*.jar=01;31:*.war=01;31:*.ear=01;31:*.sar=01;31:*.rar=01;31:*.alz=01;31:*.ace=01;31:*.zoo=01;31:*.cpio=01;31:*.7z=01;31:*.rz=01;31:*.cab=01;31:*.wim=01;31:*.swm=01;31:*.dwm=01;31:*.esd=01;31:*.avif=01;35:*.jpg=01;35:*.jpeg=01;35:*.mjpg=01;35:*.mjpeg=01;35:*.gif=01;35:*.bmp=01;35:*.pbm=01;35:*.pgm=01;35:*.ppm=01;35:*.tga=01;35:*.xbm=01;35:*.xpm=01;35:*.tif=01;35:*.tiff=01;35:*.png=01;35:*.svg=01;35:*.svgz=01;35:*.mng=01;35:*.pcx=01;35:*.mov=01;35:*.mpg=01;35:*.mpeg=01;35:*.m2v=01;35:*.mkv=01;35:*.webm=01;35:*.webp=01;35:*.ogm=01;35:*.mp4=01;35:*.m4v=01;35:*.mp4v=01;35:*.vob=01;35:*.qt=01;35:*.nuv=01;35:*.wmv=01;35:*.asf=01;35:*.rm=01;35:*.rmvb=01;35:*.flc=01;35:*.avi=01;35:*.fli=01;35:*.flv=01;35:*.gl=01;35:*.dl=01;35:*.xcf=01;35:*.xwd=01;35:*.yuv=01;35:*.cgm=01;35:*.emf=01;35:*.ogv=01;35:*.ogx=01;35:*.aac=00;36:*.au=00;36:*.flac=00;36:*.m4a=00;36:*.mid=00;36:*.midi=00;36:*.mka=00;36:*.mp3=00;36:*.mpc=00;36:*.ogg=00;36:*.ra=00;36:*.wav=00;36:*.oga=00;36:*.opus=00;36:*.spx=00;36:*.xspf=00;36:*~=00;90:*#=00;90:*.bak=00;90:*.crdownload=00;90:*.dpkg-dist=00;90:*.dpkg-new=00;90:*.dpkg-old=00;90:*.dpkg-tmp=00;90:*.old=00;90:*.orig=00;90:*.part=00;90:*.rej=00;90:*.rpmnew=00;90:*.rpmorig=00;90:*.rpmsave=00;90:*.swp=00;90:*.tmp=00;90:*.ucf-dist=00;90:*.ucf-new=00;90:*.ucf-old=00;90:', 'AMENT_PREFIX_PATH': '/opt/ros/jazzy', 'SHELL': '/bin/bash', 'LESSCLOSE': '/usr/bin/lesspipe %s %s', 'ROS_AUTOMATIC_DISCOVERY_RANGE': 'SUBNET', 'PWD': '/home/bot/ros2_ws/build/move_program', 'LC_ALL': 'en_US.UTF-8', 'SSH_CONNECTION': '192.168.1.199 58490 192.168.1.224 22', 'XDG_DATA_DIRS': '/usr/share/gnome:/usr/local/share:/usr/share:/var/lib/snapd/desktop', 'PYTHONPATH': '/opt/ros/jazzy/lib/python3.12/site-packages', 'COLCON': '1', 'CMAKE_PREFIX_PATH': '/opt/ros/jazzy/opt/sdformat_vendor:/opt/ros/jazzy/opt/gz_math_vendor:/opt/ros/jazzy/opt/gz_utils_vendor:/opt/ros/jazzy/opt/gz_tools_vendor:/opt/ros/jazzy/opt/gz_cmake_vendor:/opt/ros/jazzy'}), 'shell': False}
[90.607996] (-) TimerEvent: {}
[90.613013] (realsense2_camera_msgs) StdoutLine: {'line': b'[ 14%] \x1b[32mBuilding C object CMakeFiles/realsense2_camera_msgs__rosidl_generator_c.dir/rosidl_generator_c/realsense2_camera_msgs/srv/detail/safety_interface_config_write__functions.c.o\x1b[0m\n'}
[90.710886] (-) TimerEvent: {}
[90.728066] (move_program) StdoutLine: {'line': b'-- Found ament_cmake: 2.5.4 (/opt/ros/jazzy/share/ament_cmake/cmake)\n'}
[90.811055] (-) TimerEvent: {}
[90.916845] (-) TimerEvent: {}
[91.022873] (-) TimerEvent: {}
[91.124478] (-) TimerEvent: {}
[91.229369] (-) TimerEvent: {}
[91.333864] (-) TimerEvent: {}
[91.435473] (-) TimerEvent: {}
[91.537093] (-) TimerEvent: {}
[91.639811] (-) TimerEvent: {}
[91.742968] (-) TimerEvent: {}
[91.845759] (-) TimerEvent: {}
[91.949640] (-) TimerEvent: {}
[92.051135] (-) TimerEvent: {}
[92.077883] (realsense2_camera_msgs) StdoutLine: {'line': b'[ 15%] \x1b[32mBuilding C object CMakeFiles/realsense2_camera_msgs__rosidl_generator_c.dir/rosidl_generator_c/realsense2_camera_msgs/srv/detail/safety_interface_config_write__type_support.c.o\x1b[0m\n'}
[92.151358] (-) TimerEvent: {}
[92.253897] (-) TimerEvent: {}
[92.356149] (-) TimerEvent: {}
[92.385516] (move_program) StdoutLine: {'line': b'-- Found rclcpp: 28.1.13 (/opt/ros/jazzy/share/rclcpp/cmake)\n'}
[92.456915] (-) TimerEvent: {}
[92.489334] (realsense2_camera_msgs) StdoutLine: {'line': b'[ 15%] \x1b[32mBuilding C object CMakeFiles/realsense2_camera_msgs__rosidl_generator_c.dir/rosidl_generator_c/realsense2_camera_msgs/srv/detail/calib_config_read__description.c.o\x1b[0m\n'}
[92.557119] (-) TimerEvent: {}
[92.656895] (move_program) StdoutLine: {'line': b'-- Found rosidl_generator_c: 4.6.6 (/opt/ros/jazzy/share/rosidl_generator_c/cmake)\n'}
[92.659618] (-) TimerEvent: {}
[92.723879] (move_program) StdoutLine: {'line': b'-- Found rosidl_generator_cpp: 4.6.6 (/opt/ros/jazzy/share/rosidl_generator_cpp/cmake)\n'}
[92.759897] (-) TimerEvent: {}
[92.807114] (move_program) StdoutLine: {'line': b'-- Using all available rosidl_typesupport_c: rosidl_typesupport_fastrtps_c;rosidl_typesupport_introspection_c\n'}
[92.861875] (-) TimerEvent: {}
[92.901890] (move_program) StdoutLine: {'line': b'-- Using all available rosidl_typesupport_cpp: rosidl_typesupport_fastrtps_cpp;rosidl_typesupport_introspection_cpp\n'}
[92.962875] (-) TimerEvent: {}
[93.051882] (realsense2_camera_msgs) StdoutLine: {'line': b'[ 16%] \x1b[32mBuilding C object CMakeFiles/realsense2_camera_msgs__rosidl_generator_c.dir/rosidl_generator_c/realsense2_camera_msgs/srv/detail/calib_config_read__functions.c.o\x1b[0m\n'}
[93.064866] (-) TimerEvent: {}
[93.166575] (-) TimerEvent: {}
[93.271232] (-) TimerEvent: {}
[93.280496] (move_program) StdoutLine: {'line': b'-- Found rmw_implementation_cmake: 7.3.2 (/opt/ros/jazzy/share/rmw_implementation_cmake/cmake)\n'}
[93.297856] (move_program) StdoutLine: {'line': b'-- Found rmw_fastrtps_cpp: 8.4.3 (/opt/ros/jazzy/share/rmw_fastrtps_cpp/cmake)\n'}
[93.371470] (-) TimerEvent: {}
[93.475435] (-) TimerEvent: {}
[93.577303] (-) TimerEvent: {}
[93.680616] (-) TimerEvent: {}
[93.729887] (move_program) StdoutLine: {'line': b"-- Using RMW implementation 'rmw_fastrtps_cpp' as default\n"}
[93.780876] (-) TimerEvent: {}
[93.884927] (-) TimerEvent: {}
[93.986892] (-) TimerEvent: {}
[94.090648] (-) TimerEvent: {}
[94.097666] (move_program) StdoutLine: {'line': b'-- Found moveit_ros_planning_interface: 2.12.3 (/opt/ros/jazzy/share/moveit_ros_planning_interface/cmake)\n'}
[94.172906] (move_program) StdoutLine: {'line': b'-- Found Boost: /usr/lib/aarch64-linux-gnu/cmake/Boost-1.83.0/BoostConfig.cmake (found version "1.83.0") found components: date_time filesystem program_options system thread \n'}
[94.190893] (-) TimerEvent: {}
[94.294307] (-) TimerEvent: {}
[94.398115] (-) TimerEvent: {}
[94.411001] (realsense2_camera_msgs) StdoutLine: {'line': b'[ 16%] \x1b[32mBuilding C object CMakeFiles/realsense2_camera_msgs__rosidl_generator_c.dir/rosidl_generator_c/realsense2_camera_msgs/srv/detail/calib_config_read__type_support.c.o\x1b[0m\n'}
[94.498369] (-) TimerEvent: {}
[94.599361] (-) TimerEvent: {}
[94.702880] (-) TimerEvent: {}
[94.796652] (realsense2_camera_msgs) StdoutLine: {'line': b'[ 17%] \x1b[32mBuilding C object CMakeFiles/realsense2_camera_msgs__rosidl_generator_c.dir/rosidl_generator_c/realsense2_camera_msgs/srv/detail/calib_config_write__description.c.o\x1b[0m\n'}
[94.803091] (-) TimerEvent: {}
[94.904863] (-) TimerEvent: {}
[95.008610] (-) TimerEvent: {}
[95.110096] (-) TimerEvent: {}
[95.216875] (-) TimerEvent: {}
[95.318859] (-) TimerEvent: {}
[95.424284] (-) TimerEvent: {}
[95.450397] (realsense2_camera_msgs) StdoutLine: {'line': b'[ 18%] \x1b[32mBuilding C object CMakeFiles/realsense2_camera_msgs__rosidl_generator_c.dir/rosidl_generator_c/realsense2_camera_msgs/srv/detail/calib_config_write__functions.c.o\x1b[0m\n'}
[95.524536] (-) TimerEvent: {}
[95.571864] (move_program) StdoutLine: {'line': b'-- Found Boost: /usr/lib/aarch64-linux-gnu/cmake/Boost-1.83.0/BoostConfig.cmake (found version "1.83.0") found components: chrono date_time filesystem iostreams program_options regex serialization system thread \n'}
[95.624822] (-) TimerEvent: {}
[95.711970] (move_program) StdoutLine: {'line': b'-- Found parameter_traits: 0.5.0 (/opt/ros/jazzy/share/parameter_traits/cmake)\n'}
[95.725061] (-) TimerEvent: {}
[95.751875] (move_program) StdoutLine: {'line': b'-- Found rclcpp_lifecycle: 28.1.13 (/opt/ros/jazzy/share/rclcpp_lifecycle/cmake)\n'}
[95.825302] (-) TimerEvent: {}
[95.926116] (move_program) StdoutLine: {'line': b'-- Found Boost: /usr/lib/aarch64-linux-gnu/cmake/Boost-1.83.0/BoostConfig.cmake (found version "1.83.0") found components: filesystem \n'}
[95.931234] (-) TimerEvent: {}
[96.034889] (-) TimerEvent: {}
[96.136241] (-) TimerEvent: {}
[96.164877] (move_program) StdoutLine: {'line': b'-- Ensuring Eigen3 include directory is part of orocos-kdl CMake target\n'}
[96.236484] (-) TimerEvent: {}
[96.338858] (-) TimerEvent: {}
[96.439812] (-) TimerEvent: {}
[96.543758] (-) TimerEvent: {}
[96.645452] (-) TimerEvent: {}
[96.748835] (-) TimerEvent: {}
[96.853875] (-) TimerEvent: {}
[96.931011] (move_program) StdoutLine: {'line': b'-- Found Boost: /usr/lib/aarch64-linux-gnu/cmake/Boost-1.83.0/BoostConfig.cmake (found version "1.83.0") found components: system filesystem date_time program_options thread chrono \n'}
[96.949190] (realsense2_camera_msgs) StdoutLine: {'line': b'[ 18%] \x1b[32mBuilding C object CMakeFiles/realsense2_camera_msgs__rosidl_generator_c.dir/rosidl_generator_c/realsense2_camera_msgs/srv/detail/calib_config_write__type_support.c.o\x1b[0m\n'}
[96.955393] (-) TimerEvent: {}
[97.056855] (-) TimerEvent: {}
[97.120369] (move_program) StdoutLine: {'line': b'-- Found Boost: /usr/lib/aarch64-linux-gnu/cmake/Boost-1.83.0/BoostConfig.cmake (found version "1.83.0") found components: thread system filesystem regex date_time program_options \n'}
[97.157165] (-) TimerEvent: {}
[97.254962] (move_program) StdoutLine: {'line': b'-- Found Boost: /usr/lib/aarch64-linux-gnu/cmake/Boost-1.83.0/BoostConfig.cmake (found version "1.83.0") found components: system filesystem date_time program_options thread \n'}
[97.266861] (-) TimerEvent: {}
[97.385082] (-) TimerEvent: {}
[97.491899] (-) TimerEvent: {}
[97.566770] (realsense2_camera_msgs) StdoutLine: {'line': b'[ 19%] \x1b[32mBuilding C object CMakeFiles/realsense2_camera_msgs__rosidl_generator_c.dir/rosidl_generator_c/realsense2_camera_msgs/srv/detail/application_config_read__description.c.o\x1b[0m\n'}
[97.592142] (-) TimerEvent: {}
[97.695195] (-) TimerEvent: {}
[97.801840] (-) TimerEvent: {}
[97.905023] (-) TimerEvent: {}
[98.014494] (-) TimerEvent: {}
[98.063849] (move_program) StdoutLine: {'line': b'-- Configuring done (7.4s)\n'}
[98.115958] (-) TimerEvent: {}
[98.219278] (-) TimerEvent: {}
[98.307410] (realsense2_camera_msgs) StdoutLine: {'line': b'[ 19%] \x1b[32mBuilding C object CMakeFiles/realsense2_camera_msgs__rosidl_generator_c.dir/rosidl_generator_c/realsense2_camera_msgs/srv/detail/application_config_read__functions.c.o\x1b[0m\n'}
[98.319506] (-) TimerEvent: {}
[98.345575] (move_program) StdoutLine: {'line': b'-- Generating done (0.2s)\n'}
[98.419859] (move_program) StdoutLine: {'line': b'-- Build files have been written to: /home/bot/ros2_ws/build/move_program\n'}
[98.426230] (-) TimerEvent: {}
[98.489188] (move_program) CommandEnded: {'returncode': 0}
[98.494154] (move_program) JobProgress: {'identifier': 'move_program', 'progress': 'build'}
[98.494366] (move_program) Command: {'cmd': ['/usr/bin/cmake', '--build', '/home/bot/ros2_ws/build/move_program', '--', '-j4', '-l4'], 'cwd': '/home/bot/ros2_ws/build/move_program', 'env': OrderedDict({'LESSOPEN': '| /usr/bin/lesspipe %s', 'USER': 'bot', 'SSH_CLIENT': '192.168.1.199 58490 22', 'GZ_CONFIG_PATH': '/opt/ros/jazzy/opt/sdformat_vendor/share/gz', 'XDG_SESSION_TYPE': 'tty', 'SHLVL': '1', 'LD_LIBRARY_PATH': '/opt/ros/jazzy/opt/sdformat_vendor/lib:/opt/ros/jazzy/opt/rviz_ogre_vendor/lib:/opt/ros/jazzy/lib/aarch64-linux-gnu:/opt/ros/jazzy/opt/gz_math_vendor/lib:/opt/ros/jazzy/opt/gz_utils_vendor/lib:/opt/ros/jazzy/opt/gz_tools_vendor/lib:/opt/ros/jazzy/opt/gz_cmake_vendor/lib:/opt/ros/jazzy/lib', 'HOME': '/home/bot', 'OLDPWD': '/home/bot/ros2_ws/src', 'SSH_TTY': '/dev/pts/4', 'ROS_PYTHON_VERSION': '3', 'DBUS_SESSION_BUS_ADDRESS': 'unix:path=/run/user/1000/bus', 'DEBUGINFOD_URLS': 'https://debuginfod.ubuntu.com', 'ROS_DISTRO': 'jazzy', 'LOGNAME': 'bot', '_': '/usr/bin/colcon', 'ROS_VERSION': '2', 'XDG_SESSION_CLASS': 'user', 'TERM': 'xterm-256color', 'XDG_SESSION_ID': '6', 'PATH': '/opt/ros/jazzy/opt/gz_tools_vendor/bin:/opt/ros/jazzy/bin:/usr/local/sbin:/usr/local/bin:/usr/sbin:/usr/bin:/sbin:/bin:/usr/games:/usr/local/games:/snap/bin', 'XDG_RUNTIME_DIR': '/run/user/1000', 'LANG': 'en_US.UTF-8', 'LS_COLORS': 'rs=0:di=01;34:ln=01;36:mh=00:pi=40;33:so=01;35:do=01;35:bd=40;33;01:cd=40;33;01:or=40;31;01:mi=00:su=37;41:sg=30;43:ca=00:tw=30;42:ow=34;42:st=37;44:ex=01;32:*.tar=01;31:*.tgz=01;31:*.arc=01;31:*.arj=01;31:*.taz=01;31:*.lha=01;31:*.lz4=01;31:*.lzh=01;31:*.lzma=01;31:*.tlz=01;31:*.txz=01;31:*.tzo=01;31:*.t7z=01;31:*.zip=01;31:*.z=01;31:*.dz=01;31:*.gz=01;31:*.lrz=01;31:*.lz=01;31:*.lzo=01;31:*.xz=01;31:*.zst=01;31:*.tzst=01;31:*.bz2=01;31:*.bz=01;31:*.tbz=01;31:*.tbz2=01;31:*.tz=01;31:*.deb=01;31:*.rpm=01;31:*.jar=01;31:*.war=01;31:*.ear=01;31:*.sar=01;31:*.rar=01;31:*.alz=01;31:*.ace=01;31:*.zoo=01;31:*.cpio=01;31:*.7z=01;31:*.rz=01;31:*.cab=01;31:*.wim=01;31:*.swm=01;31:*.dwm=01;31:*.esd=01;31:*.avif=01;35:*.jpg=01;35:*.jpeg=01;35:*.mjpg=01;35:*.mjpeg=01;35:*.gif=01;35:*.bmp=01;35:*.pbm=01;35:*.pgm=01;35:*.ppm=01;35:*.tga=01;35:*.xbm=01;35:*.xpm=01;35:*.tif=01;35:*.tiff=01;35:*.png=01;35:*.svg=01;35:*.svgz=01;35:*.mng=01;35:*.pcx=01;35:*.mov=01;35:*.mpg=01;35:*.mpeg=01;35:*.m2v=01;35:*.mkv=01;35:*.webm=01;35:*.webp=01;35:*.ogm=01;35:*.mp4=01;35:*.m4v=01;35:*.mp4v=01;35:*.vob=01;35:*.qt=01;35:*.nuv=01;35:*.wmv=01;35:*.asf=01;35:*.rm=01;35:*.rmvb=01;35:*.flc=01;35:*.avi=01;35:*.fli=01;35:*.flv=01;35:*.gl=01;35:*.dl=01;35:*.xcf=01;35:*.xwd=01;35:*.yuv=01;35:*.cgm=01;35:*.emf=01;35:*.ogv=01;35:*.ogx=01;35:*.aac=00;36:*.au=00;36:*.flac=00;36:*.m4a=00;36:*.mid=00;36:*.midi=00;36:*.mka=00;36:*.mp3=00;36:*.mpc=00;36:*.ogg=00;36:*.ra=00;36:*.wav=00;36:*.oga=00;36:*.opus=00;36:*.spx=00;36:*.xspf=00;36:*~=00;90:*#=00;90:*.bak=00;90:*.crdownload=00;90:*.dpkg-dist=00;90:*.dpkg-new=00;90:*.dpkg-old=00;90:*.dpkg-tmp=00;90:*.old=00;90:*.orig=00;90:*.part=00;90:*.rej=00;90:*.rpmnew=00;90:*.rpmorig=00;90:*.rpmsave=00;90:*.swp=00;90:*.tmp=00;90:*.ucf-dist=00;90:*.ucf-new=00;90:*.ucf-old=00;90:', 'AMENT_PREFIX_PATH': '/opt/ros/jazzy', 'SHELL': '/bin/bash', 'LESSCLOSE': '/usr/bin/lesspipe %s %s', 'ROS_AUTOMATIC_DISCOVERY_RANGE': 'SUBNET', 'PWD': '/home/bot/ros2_ws/build/move_program', 'LC_ALL': 'en_US.UTF-8', 'SSH_CONNECTION': '192.168.1.199 58490 192.168.1.224 22', 'XDG_DATA_DIRS': '/usr/share/gnome:/usr/local/share:/usr/share:/var/lib/snapd/desktop', 'PYTHONPATH': '/opt/ros/jazzy/lib/python3.12/site-packages', 'COLCON': '1', 'CMAKE_PREFIX_PATH': '/opt/ros/jazzy/opt/sdformat_vendor:/opt/ros/jazzy/opt/gz_math_vendor:/opt/ros/jazzy/opt/gz_utils_vendor:/opt/ros/jazzy/opt/gz_tools_vendor:/opt/ros/jazzy/opt/gz_cmake_vendor:/opt/ros/jazzy'}), 'shell': False}
[98.526440] (-) TimerEvent: {}
[98.627929] (-) TimerEvent: {}
[98.732100] (-) TimerEvent: {}
[98.833874] (-) TimerEvent: {}
[98.938666] (-) TimerEvent: {}
[99.040875] (-) TimerEvent: {}
[99.146815] (-) TimerEvent: {}
[99.254487] (-) TimerEvent: {}
[99.325310] (move_program) StdoutLine: {'line': b'[ 50%] \x1b[32mBuilding CXX object CMakeFiles/move_program.dir/src/move_program.cpp.o\x1b[0m\n'}
[99.354764] (-) TimerEvent: {}
[99.456133] (-) TimerEvent: {}
[99.560641] (-) TimerEvent: {}
[99.599482] (realsense2_camera_msgs) StdoutLine: {'line': b'[ 20%] \x1b[32mBuilding C object CMakeFiles/realsense2_camera_msgs__rosidl_generator_c.dir/rosidl_generator_c/realsense2_camera_msgs/srv/detail/application_config_read__type_support.c.o\x1b[0m\n'}
[99.660888] (-) TimerEvent: {}
[99.765867] (-) TimerEvent: {}
[99.867365] (-) TimerEvent: {}
[99.971533] (realsense2_camera_msgs) StdoutLine: {'line': b'[ 20%] \x1b[32mBuilding C object CMakeFiles/realsense2_camera_msgs__rosidl_generator_c.dir/rosidl_generator_c/realsense2_camera_msgs/srv/detail/application_config_write__description.c.o\x1b[0m\n'}
[99.972552] (-) TimerEvent: {}
[100.077851] (-) TimerEvent: {}
[100.178818] (-) TimerEvent: {}
[100.283497] (-) TimerEvent: {}
[100.385865] (-) TimerEvent: {}
[100.487654] (-) TimerEvent: {}
[100.517967] (realsense2_camera_msgs) StdoutLine: {'line': b'[ 21%] \x1b[32mBuilding C object CMakeFiles/realsense2_camera_msgs__rosidl_generator_c.dir/rosidl_generator_c/realsense2_camera_msgs/srv/detail/application_config_write__functions.c.o\x1b[0m\n'}
[100.587881] (-) TimerEvent: {}
[100.689380] (-) TimerEvent: {}
[100.793864] (-) TimerEvent: {}
[100.895344] (-) TimerEvent: {}
[100.996791] (-) TimerEvent: {}
[101.100611] (-) TimerEvent: {}
[101.202010] (-) TimerEvent: {}
[101.306305] (-) TimerEvent: {}
[101.409873] (-) TimerEvent: {}
[101.512145] (-) TimerEvent: {}
[101.616267] (-) TimerEvent: {}
[101.718906] (-) TimerEvent: {}
[101.788096] (realsense2_camera_msgs) StdoutLine: {'line': b'[ 22%] \x1b[32mBuilding C object CMakeFiles/realsense2_camera_msgs__rosidl_generator_c.dir/rosidl_generator_c/realsense2_camera_msgs/srv/detail/application_config_write__type_support.c.o\x1b[0m\n'}
[101.819124] (-) TimerEvent: {}
[101.920821] (-) TimerEvent: {}
[102.024879] (-) TimerEvent: {}
[102.126349] (-) TimerEvent: {}
[102.171564] (realsense2_camera_msgs) StdoutLine: {'line': b'[ 22%] \x1b[32mBuilding C object CMakeFiles/realsense2_camera_msgs__rosidl_generator_c.dir/rosidl_generator_c/realsense2_camera_msgs/srv/detail/hardware_monitor_command_send__description.c.o\x1b[0m\n'}
[102.228998] (-) TimerEvent: {}
[102.330505] (-) TimerEvent: {}
[102.435223] (-) TimerEvent: {}
[102.536740] (-) TimerEvent: {}
[102.640155] (-) TimerEvent: {}
[102.707961] (realsense2_camera_msgs) StdoutLine: {'line': b'[ 23%] \x1b[32mBuilding C object CMakeFiles/realsense2_camera_msgs__rosidl_generator_c.dir/rosidl_generator_c/realsense2_camera_msgs/srv/detail/hardware_monitor_command_send__functions.c.o\x1b[0m\n'}
[102.742890] (-) TimerEvent: {}
[102.844444] (-) TimerEvent: {}
[102.948616] (-) TimerEvent: {}
[103.053180] (-) TimerEvent: {}
[103.156266] (-) TimerEvent: {}
[103.259869] (-) TimerEvent: {}
[103.362902] (-) TimerEvent: {}
[103.466780] (-) TimerEvent: {}
[103.570887] (-) TimerEvent: {}
[103.672414] (-) TimerEvent: {}
[103.776765] (-) TimerEvent: {}
[103.878264] (-) TimerEvent: {}
[103.981622] (-) TimerEvent: {}
[104.084227] (-) TimerEvent: {}
[104.108091] (realsense2_camera_msgs) StdoutLine: {'line': b'[ 23%] \x1b[32mBuilding C object CMakeFiles/realsense2_camera_msgs__rosidl_generator_c.dir/rosidl_generator_c/realsense2_camera_msgs/srv/detail/hardware_monitor_command_send__type_support.c.o\x1b[0m\n'}
[104.185945] (-) TimerEvent: {}
[104.290082] (-) TimerEvent: {}
[104.391258] (-) TimerEvent: {}
[104.482486] (realsense2_camera_msgs) StdoutLine: {'line': b'[ 24%] \x1b[32mBuilding C object CMakeFiles/realsense2_camera_msgs__rosidl_generator_c.dir/rosidl_generator_c/realsense2_camera_msgs/action/detail/triggered_calibration__description.c.o\x1b[0m\n'}
[104.491485] (-) TimerEvent: {}
[104.594331] (-) TimerEvent: {}
[104.697847] (-) TimerEvent: {}
[104.798829] (-) TimerEvent: {}
[104.899769] (-) TimerEvent: {}
[105.003114] (-) TimerEvent: {}
[105.104003] (-) TimerEvent: {}
[105.205805] (-) TimerEvent: {}
[105.309619] (-) TimerEvent: {}
[105.411241] (-) TimerEvent: {}
[105.515383] (-) TimerEvent: {}
[105.592883] (realsense2_camera_msgs) StdoutLine: {'line': b'[ 25%] \x1b[32mBuilding C object CMakeFiles/realsense2_camera_msgs__rosidl_generator_c.dir/rosidl_generator_c/realsense2_camera_msgs/action/detail/triggered_calibration__functions.c.o\x1b[0m\n'}
[105.615616] (-) TimerEvent: {}
[105.724250] (-) TimerEvent: {}
[105.826891] (-) TimerEvent: {}
[105.931893] (-) TimerEvent: {}
[106.039853] (-) TimerEvent: {}
[106.141550] (-) TimerEvent: {}
[106.246896] (-) TimerEvent: {}
[106.351144] (-) TimerEvent: {}
[106.452883] (-) TimerEvent: {}
[106.555901] (-) TimerEvent: {}
[106.668289] (-) TimerEvent: {}
[106.786901] (-) TimerEvent: {}
[106.895946] (-) TimerEvent: {}
[107.001397] (-) TimerEvent: {}
[107.105484] (-) TimerEvent: {}
[107.208828] (-) TimerEvent: {}
[107.314871] (-) TimerEvent: {}
[107.418878] (-) TimerEvent: {}
[107.522872] (-) TimerEvent: {}
[107.624592] (-) TimerEvent: {}
[107.728885] (-) TimerEvent: {}
[107.833139] (-) TimerEvent: {}
[107.941874] (-) TimerEvent: {}
[108.042814] (-) TimerEvent: {}
[108.143849] (-) TimerEvent: {}
[108.244901] (-) TimerEvent: {}
[108.348894] (-) TimerEvent: {}
[108.450128] (-) TimerEvent: {}
[108.554427] (-) TimerEvent: {}
[108.656881] (-) TimerEvent: {}
[108.759245] (-) TimerEvent: {}
[108.863330] (-) TimerEvent: {}
[108.965888] (-) TimerEvent: {}
[109.068879] (-) TimerEvent: {}
[109.169997] (-) TimerEvent: {}
[109.273730] (-) TimerEvent: {}
[109.375519] (-) TimerEvent: {}
[109.478617] (-) TimerEvent: {}
[109.581367] (-) TimerEvent: {}
[109.684857] (-) TimerEvent: {}
[109.788322] (-) TimerEvent: {}
[109.891282] (-) TimerEvent: {}
[109.994615] (-) TimerEvent: {}
[110.070060] (realsense2_camera_msgs) StdoutLine: {'line': b'[ 25%] \x1b[32mBuilding C object CMakeFiles/realsense2_camera_msgs__rosidl_generator_c.dir/rosidl_generator_c/realsense2_camera_msgs/action/detail/triggered_calibration__type_support.c.o\x1b[0m\n'}
[110.094866] (-) TimerEvent: {}
[110.196894] (-) TimerEvent: {}
[110.299879] (-) TimerEvent: {}
[110.402887] (-) TimerEvent: {}
[110.504387] (-) TimerEvent: {}
[110.570303] (realsense2_camera_msgs) StdoutLine: {'line': b'[ 26%] \x1b[32mBuilding C object CMakeFiles/realsense2_camera_msgs__rosidl_generator_c.dir/rosidl_generator_c/realsense2_camera_msgs/msg/detail/imu_info__type_support.c.o\x1b[0m\n'}
[110.604730] (-) TimerEvent: {}
[110.708304] (-) TimerEvent: {}
[110.812830] (-) TimerEvent: {}
[110.884188] (realsense2_camera_msgs) StdoutLine: {'line': b'[ 26%] \x1b[32mBuilding C object CMakeFiles/realsense2_camera_msgs__rosidl_generator_c.dir/rosidl_generator_c/realsense2_camera_msgs/msg/detail/imu_info__functions.c.o\x1b[0m\n'}
[110.913070] (-) TimerEvent: {}
[111.017390] (-) TimerEvent: {}
[111.122298] (-) TimerEvent: {}
[111.224778] (-) TimerEvent: {}
[111.328889] (-) TimerEvent: {}
[111.432218] (-) TimerEvent: {}
[111.537875] (-) TimerEvent: {}
[111.635087] (realsense2_camera_msgs) StdoutLine: {'line': b'[ 27%] \x1b[32m\x1b[1mLinking C shared library librealsense2_camera_msgs__rosidl_generator_c.so\x1b[0m\n'}
[111.640975] (-) TimerEvent: {}
[111.752508] (-) TimerEvent: {}
[111.857015] (-) TimerEvent: {}
[111.961899] (-) TimerEvent: {}
[112.063716] (-) TimerEvent: {}
[112.165533] (-) TimerEvent: {}
[112.231330] (realsense2_camera_msgs) StdoutLine: {'line': b'[ 27%] Built target realsense2_camera_msgs__rosidl_generator_c\n'}
[112.266983] (-) TimerEvent: {}
[112.326203] (realsense2_camera_msgs) StdoutLine: {'line': b'[ 28%] \x1b[34m\x1b[1mGenerating C++ type support dispatch for ROS interfaces\x1b[0m\n'}
[112.367217] (-) TimerEvent: {}
[112.483923] (-) TimerEvent: {}
[112.587343] (-) TimerEvent: {}
[112.688866] (-) TimerEvent: {}
[112.791921] (-) TimerEvent: {}
[112.893599] (-) TimerEvent: {}
[112.997909] (-) TimerEvent: {}
[113.108182] (-) TimerEvent: {}
[113.211168] (-) TimerEvent: {}
[113.313622] (-) TimerEvent: {}
[113.416559] (-) TimerEvent: {}
[113.520257] (-) TimerEvent: {}
[113.621978] (-) TimerEvent: {}
[113.725725] (-) TimerEvent: {}
[113.828089] (-) TimerEvent: {}
[113.932658] (-) TimerEvent: {}
[114.036870] (-) TimerEvent: {}
[114.138601] (-) TimerEvent: {}
[114.240133] (-) TimerEvent: {}
[114.344865] (-) TimerEvent: {}
[114.445877] (-) TimerEvent: {}
[114.552959] (-) TimerEvent: {}
[114.655867] (-) TimerEvent: {}
[114.760230] (-) TimerEvent: {}
[114.862882] (-) TimerEvent: {}
[114.964612] (-) TimerEvent: {}
[115.069178] (-) TimerEvent: {}
[115.170828] (-) TimerEvent: {}
[115.273878] (-) TimerEvent: {}
[115.377949] (-) TimerEvent: {}
[115.479398] (-) TimerEvent: {}
[115.580826] (-) TimerEvent: {}
[115.682195] (-) TimerEvent: {}
[115.787257] (-) TimerEvent: {}
[115.888861] (-) TimerEvent: {}
[115.992718] (-) TimerEvent: {}
[116.094129] (-) TimerEvent: {}
[116.197713] (-) TimerEvent: {}
[116.301877] (-) TimerEvent: {}
[116.409621] (-) TimerEvent: {}
[116.514880] (-) TimerEvent: {}
[116.616328] (-) TimerEvent: {}
[116.721122] (-) TimerEvent: {}
[116.822614] (-) TimerEvent: {}
[116.927120] (-) TimerEvent: {}
[117.028600] (-) TimerEvent: {}
[117.133194] (-) TimerEvent: {}
[117.239850] (-) TimerEvent: {}
[117.341220] (-) TimerEvent: {}
[117.446182] (-) TimerEvent: {}
[117.548327] (-) TimerEvent: {}
[117.653896] (-) TimerEvent: {}
[117.759887] (-) TimerEvent: {}
[117.863854] (-) TimerEvent: {}
[117.964793] (-) TimerEvent: {}
[118.066835] (-) TimerEvent: {}
[118.171330] (-) TimerEvent: {}
[118.275155] (-) TimerEvent: {}
[118.383883] (-) TimerEvent: {}
[118.485420] (-) TimerEvent: {}
[118.586935] (-) TimerEvent: {}
[118.691246] (-) TimerEvent: {}
[118.792452] (-) TimerEvent: {}
[118.893869] (-) TimerEvent: {}
[118.998330] (-) TimerEvent: {}
[119.100733] (-) TimerEvent: {}
[119.206905] (-) TimerEvent: {}
[119.308613] (-) TimerEvent: {}
[119.412299] (-) TimerEvent: {}
[119.516904] (-) TimerEvent: {}
[119.617951] (-) TimerEvent: {}
[119.722373] (-) TimerEvent: {}
[119.826883] (-) TimerEvent: {}
[119.934911] (-) TimerEvent: {}
[120.047115] (-) TimerEvent: {}
[120.148450] (-) TimerEvent: {}
[120.252901] (-) TimerEvent: {}
[120.353904] (-) TimerEvent: {}
[120.455895] (-) TimerEvent: {}
[120.558899] (-) TimerEvent: {}
[120.569831] (realsense2_camera_msgs) StdoutLine: {'line': b'[ 28%] \x1b[32mBuilding CXX object CMakeFiles/realsense2_camera_msgs__rosidl_typesupport_cpp.dir/rosidl_typesupport_cpp/realsense2_camera_msgs/msg/imu_info__type_support.cpp.o\x1b[0m\n'}
[120.662583] (-) TimerEvent: {}
[120.774211] (-) TimerEvent: {}
[120.876052] (-) TimerEvent: {}
[120.994127] (-) TimerEvent: {}
[121.102141] (-) TimerEvent: {}
[121.204464] (-) TimerEvent: {}
[121.305600] (-) TimerEvent: {}
[121.408272] (-) TimerEvent: {}
[121.784358] (-) TimerEvent: {}
[121.887880] (-) TimerEvent: {}
[121.989732] (-) TimerEvent: {}
[122.094138] (-) TimerEvent: {}
[122.195394] (-) TimerEvent: {}
[122.296524] (-) TimerEvent: {}
[122.397554] (-) TimerEvent: {}
[122.498563] (-) TimerEvent: {}
[122.599528] (-) TimerEvent: {}
[122.702036] (-) TimerEvent: {}
[122.802987] (-) TimerEvent: {}
[122.903860] (-) TimerEvent: {}
[123.005264] (-) TimerEvent: {}
[123.106270] (-) TimerEvent: {}
[123.207355] (-) TimerEvent: {}
[123.308965] (-) TimerEvent: {}
[123.410122] (-) TimerEvent: {}
[123.511001] (-) TimerEvent: {}
[123.612177] (-) TimerEvent: {}
[123.715025] (-) TimerEvent: {}
[123.816268] (-) TimerEvent: {}
[123.919017] (-) TimerEvent: {}
[124.020080] (-) TimerEvent: {}
[124.125076] (-) TimerEvent: {}
[124.226643] (-) TimerEvent: {}
[124.328911] (-) TimerEvent: {}
[124.431644] (-) TimerEvent: {}
[124.533937] (-) TimerEvent: {}
[124.639023] (-) TimerEvent: {}
[124.741308] (-) TimerEvent: {}
[124.844582] (-) TimerEvent: {}
[124.947215] (-) TimerEvent: {}
[125.050845] (-) TimerEvent: {}
[125.154283] (-) TimerEvent: {}
[125.257843] (-) TimerEvent: {}
[125.361793] (-) TimerEvent: {}
[125.465283] (-) TimerEvent: {}
[125.570113] (-) TimerEvent: {}
[125.672806] (-) TimerEvent: {}
[125.776820] (-) TimerEvent: {}
[125.880856] (-) TimerEvent: {}
[125.985881] (-) TimerEvent: {}
[126.087365] (-) TimerEvent: {}
[126.188857] (-) TimerEvent: {}
[126.289887] (-) TimerEvent: {}
[126.390907] (-) TimerEvent: {}
[126.493228] (-) TimerEvent: {}
[129.309641] (-) TimerEvent: {}
[129.416100] (-) TimerEvent: {}
[129.516973] (-) TimerEvent: {}
[129.618994] (-) TimerEvent: {}
[129.724341] (-) TimerEvent: {}
[129.830885] (-) TimerEvent: {}
[129.932632] (-) TimerEvent: {}
[130.035776] (-) TimerEvent: {}
[130.137214] (-) TimerEvent: {}
[130.243873] (-) TimerEvent: {}
[130.365584] (-) TimerEvent: {}
[130.473750] (-) TimerEvent: {}
[130.577567] (-) TimerEvent: {}
[130.678990] (-) TimerEvent: {}
[130.782870] (-) TimerEvent: {}
[130.884523] (-) TimerEvent: {}
[130.986898] (-) TimerEvent: {}
[131.088525] (-) TimerEvent: {}
[131.199874] (-) TimerEvent: {}
[131.302226] (-) TimerEvent: {}
[131.408746] (-) TimerEvent: {}
[131.516775] (-) TimerEvent: {}
[131.633878] (-) TimerEvent: {}
[131.735392] (-) TimerEvent: {}
[131.839662] (-) TimerEvent: {}
[131.944013] (-) TimerEvent: {}
[132.048659] (-) TimerEvent: {}
[132.157874] (-) TimerEvent: {}
[132.259651] (-) TimerEvent: {}
[132.363872] (-) TimerEvent: {}
[132.466929] (-) TimerEvent: {}
[132.571277] (-) TimerEvent: {}
[132.677945] (-) TimerEvent: {}
[132.779032] (-) TimerEvent: {}
[132.879994] (-) TimerEvent: {}
[132.980993] (-) TimerEvent: {}
[133.082109] (-) TimerEvent: {}
[133.196904] (-) TimerEvent: {}
[133.298109] (-) TimerEvent: {}
[133.440863] (-) TimerEvent: {}
[133.542059] (-) TimerEvent: {}
[133.644069] (-) TimerEvent: {}
[133.746863] (-) TimerEvent: {}
[133.850356] (-) TimerEvent: {}
[133.951961] (-) TimerEvent: {}
[134.056069] (-) TimerEvent: {}
[134.163353] (realsense2_camera_msgs) StdoutLine: {'line': b'[ 29%] \x1b[32mBuilding CXX object CMakeFiles/realsense2_camera_msgs__rosidl_typesupport_cpp.dir/rosidl_typesupport_cpp/realsense2_camera_msgs/msg/extrinsics__type_support.cpp.o\x1b[0m\n'}
[134.221137] (-) TimerEvent: {}
[134.322757] (-) TimerEvent: {}
[134.425342] (-) TimerEvent: {}
[134.528564] (-) TimerEvent: {}
[134.630887] (-) TimerEvent: {}
[134.731930] (-) TimerEvent: {}
[134.833009] (-) TimerEvent: {}
[134.934236] (-) TimerEvent: {}
[135.040866] (-) TimerEvent: {}
[135.142292] (-) TimerEvent: {}
[135.243645] (-) TimerEvent: {}
[135.345891] (-) TimerEvent: {}
[135.448943] (-) TimerEvent: {}
[135.551845] (-) TimerEvent: {}
[135.658876] (-) TimerEvent: {}
[135.760449] (-) TimerEvent: {}
[135.861878] (-) TimerEvent: {}
[135.968996] (-) TimerEvent: {}
[136.080866] (-) TimerEvent: {}
[136.181796] (-) TimerEvent: {}
[136.284892] (-) TimerEvent: {}
[136.393866] (-) TimerEvent: {}
[136.495379] (-) TimerEvent: {}
[136.598949] (-) TimerEvent: {}
[136.700481] (-) TimerEvent: {}
[136.805867] (-) TimerEvent: {}
[136.908896] (-) TimerEvent: {}
[137.014326] (-) TimerEvent: {}
[137.115885] (-) TimerEvent: {}
[137.221882] (-) TimerEvent: {}
[137.326907] (-) TimerEvent: {}
[137.429665] (-) TimerEvent: {}
[137.531936] (-) TimerEvent: {}
[137.633808] (-) TimerEvent: {}
[137.734906] (-) TimerEvent: {}
[137.835845] (-) TimerEvent: {}
[137.936713] (-) TimerEvent: {}
[138.037473] (-) TimerEvent: {}
[138.138328] (-) TimerEvent: {}
[138.239195] (-) TimerEvent: {}
[138.340023] (-) TimerEvent: {}
[138.566921] (-) TimerEvent: {}
[138.669888] (-) TimerEvent: {}
[138.773177] (-) TimerEvent: {}
[138.875445] (-) TimerEvent: {}
[138.980294] (-) TimerEvent: {}
[139.085170] (-) TimerEvent: {}
[139.186992] (-) TimerEvent: {}
[139.295719] (-) TimerEvent: {}
[139.400347] (-) TimerEvent: {}
[139.504954] (-) TimerEvent: {}
[139.609885] (-) TimerEvent: {}
[139.713410] (-) TimerEvent: {}
[139.819791] (-) TimerEvent: {}
[139.933705] (realsense2_camera_msgs) StdoutLine: {'line': b'[ 30%] \x1b[32mBuilding CXX object CMakeFiles/realsense2_camera_msgs__rosidl_typesupport_cpp.dir/rosidl_typesupport_cpp/realsense2_camera_msgs/msg/metadata__type_support.cpp.o\x1b[0m\n'}
[139.935370] (-) TimerEvent: {}
[140.042916] (-) TimerEvent: {}
[140.144739] (-) TimerEvent: {}
[140.245773] (-) TimerEvent: {}
[140.348290] (-) TimerEvent: {}
[140.449613] (-) TimerEvent: {}
[140.551704] (-) TimerEvent: {}
[140.655292] (-) TimerEvent: {}
[140.758875] (-) TimerEvent: {}
[140.860565] (-) TimerEvent: {}
[140.966904] (-) TimerEvent: {}
[141.073793] (-) TimerEvent: {}
[141.177895] (-) TimerEvent: {}
[141.280112] (-) TimerEvent: {}
[141.390332] (-) TimerEvent: {}
[141.494962] (-) TimerEvent: {}
[141.601880] (-) TimerEvent: {}
[141.703446] (-) TimerEvent: {}
[141.804899] (-) TimerEvent: {}
[141.910944] (-) TimerEvent: {}
[142.013358] (-) TimerEvent: {}
[142.116829] (-) TimerEvent: {}
[142.220751] (-) TimerEvent: {}
[142.326246] (-) TimerEvent: {}
[142.428318] (-) TimerEvent: {}
[142.532799] (-) TimerEvent: {}
[142.635886] (-) TimerEvent: {}
[142.741881] (-) TimerEvent: {}
[142.843586] (-) TimerEvent: {}
[142.945218] (-) TimerEvent: {}
[143.048884] (-) TimerEvent: {}
[143.155908] (-) TimerEvent: {}
[143.258869] (-) TimerEvent: {}
[143.362885] (-) TimerEvent: {}
[143.464642] (-) TimerEvent: {}
[143.568767] (-) TimerEvent: {}
[143.673427] (-) TimerEvent: {}
[143.774991] (-) TimerEvent: {}
[143.876927] (-) TimerEvent: {}
[143.981147] (-) TimerEvent: {}
[144.082601] (-) TimerEvent: {}
[144.186871] (-) TimerEvent: {}
[144.243228] (realsense2_camera_msgs) StdoutLine: {'line': b'[ 30%] \x1b[32mBuilding CXX object CMakeFiles/realsense2_camera_msgs__rosidl_typesupport_cpp.dir/rosidl_typesupport_cpp/realsense2_camera_msgs/msg/rgbd__type_support.cpp.o\x1b[0m\n'}
[144.288859] (-) TimerEvent: {}
[144.913451] (-) TimerEvent: {}
[145.015878] (-) TimerEvent: {}
[145.117926] (-) TimerEvent: {}
[145.228994] (-) TimerEvent: {}
[145.330477] (-) TimerEvent: {}
[145.431759] (-) TimerEvent: {}
[149.235038] (-) TimerEvent: {}
[149.336611] (-) TimerEvent: {}
[149.437802] (-) TimerEvent: {}
[149.538848] (-) TimerEvent: {}
[149.640252] (-) TimerEvent: {}
[149.741569] (-) TimerEvent: {}
[149.842902] (-) TimerEvent: {}
[149.944714] (-) TimerEvent: {}
[150.045756] (-) TimerEvent: {}
[150.147078] (-) TimerEvent: {}
[150.247985] (-) TimerEvent: {}
[150.349435] (-) TimerEvent: {}
[150.450829] (-) TimerEvent: {}
[150.552080] (-) TimerEvent: {}
[150.652824] (-) TimerEvent: {}
[150.753722] (-) TimerEvent: {}
[151.719855] (-) TimerEvent: {}
[153.554888] (-) TimerEvent: {}
[157.095050] (-) TimerEvent: {}
[157.239537] (-) TimerEvent: {}
[157.416864] (-) TimerEvent: {}
[157.525627] (-) TimerEvent: {}
[157.628863] (-) TimerEvent: {}
[157.730274] (-) TimerEvent: {}
[157.832121] (-) TimerEvent: {}
[157.933161] (-) TimerEvent: {}
[158.034561] (-) TimerEvent: {}
[158.135800] (-) TimerEvent: {}
[158.237379] (-) TimerEvent: {}
[158.338806] (-) TimerEvent: {}
[158.439962] (-) TimerEvent: {}
[158.541452] (-) TimerEvent: {}
[158.642544] (-) TimerEvent: {}
[158.743522] (-) TimerEvent: {}
[158.844855] (-) TimerEvent: {}
[158.945903] (-) TimerEvent: {}
[159.047454] (-) TimerEvent: {}
[159.148863] (-) TimerEvent: {}
[159.249789] (-) TimerEvent: {}
[159.350908] (-) TimerEvent: {}
[159.452348] (-) TimerEvent: {}
[159.553611] (-) TimerEvent: {}
[159.654572] (-) TimerEvent: {}
[159.755389] (-) TimerEvent: {}
[159.856621] (-) TimerEvent: {}
[159.958534] (-) TimerEvent: {}
[160.059654] (-) TimerEvent: {}
[160.161137] (-) TimerEvent: {}
[160.262402] (-) TimerEvent: {}
[160.364036] (-) TimerEvent: {}
[160.465561] (-) TimerEvent: {}
[160.567114] (-) TimerEvent: {}
[160.668475] (-) TimerEvent: {}
[160.769940] (-) TimerEvent: {}
[160.871537] (-) TimerEvent: {}
[160.973124] (-) TimerEvent: {}
[161.074379] (-) TimerEvent: {}
[161.175915] (-) TimerEvent: {}
[161.277472] (-) TimerEvent: {}
[161.379487] (-) TimerEvent: {}
[161.481036] (-) TimerEvent: {}
[161.582041] (-) TimerEvent: {}
[161.682785] (-) TimerEvent: {}
[161.783915] (-) TimerEvent: {}
[161.885450] (-) TimerEvent: {}
[161.986786] (-) TimerEvent: {}
[162.087620] (-) TimerEvent: {}
[162.188980] (-) TimerEvent: {}
[162.290386] (-) TimerEvent: {}
[162.391509] (-) TimerEvent: {}
[188.771614] (-) TimerEvent: {}
[188.924133] (-) TimerEvent: {}
[189.097235] (-) TimerEvent: {}
[189.338382] (esp32_controller) StderrLine: {'line': b'\x1b[01m\x1b[Kc++:\x1b[m\x1b[K \x1b[01;31m\x1b[Kfatal error: \x1b[m\x1b[KKilled signal terminated program cc1plus\n'}
[189.751131] (-) TimerEvent: {}
[189.751822] (esp32_controller) StderrLine: {'line': b'compilation terminated.\n'}
[189.752829] (esp32_controller) StderrLine: {'line': b'gmake[2]: *** [CMakeFiles/esp32_controller.dir/build.make:76: CMakeFiles/esp32_controller.dir/src/esp32_controller.cpp.o] Error 1\n'}
[189.851408] (-) TimerEvent: {}
[189.952316] (-) TimerEvent: {}
[190.053492] (-) TimerEvent: {}
[190.155090] (-) TimerEvent: {}
[190.256000] (-) TimerEvent: {}
[190.357852] (-) TimerEvent: {}
[190.459287] (-) TimerEvent: {}
[190.560315] (-) TimerEvent: {}
[190.661444] (-) TimerEvent: {}
[190.762342] (-) TimerEvent: {}
[190.864360] (-) TimerEvent: {}
[190.965180] (-) TimerEvent: {}
[191.066178] (-) TimerEvent: {}
[191.112932] (esp32_controller) StderrLine: {'line': b'gmake[1]: *** [CMakeFiles/Makefile2:137: CMakeFiles/esp32_controller.dir/all] Error 2\n'}
[191.169840] (-) TimerEvent: {}
[191.257322] (esp32_controller) StderrLine: {'line': b'gmake: *** [Makefile:146: all] Error 2\n'}
[191.270883] (-) TimerEvent: {}
[191.376103] (-) TimerEvent: {}
[191.477316] (-) TimerEvent: {}
[191.578540] (-) TimerEvent: {}
[191.680369] (-) TimerEvent: {}
[191.782241] (-) TimerEvent: {}
[191.883110] (-) TimerEvent: {}
[191.984002] (-) TimerEvent: {}
[192.085627] (-) TimerEvent: {}
[192.187858] (-) TimerEvent: {}
[192.292306] (-) TimerEvent: {}
[192.397446] (-) TimerEvent: {}
[192.518618] (-) TimerEvent: {}
[192.661309] (-) TimerEvent: {}
[192.809020] (-) TimerEvent: {}
[192.968381] (-) TimerEvent: {}
[193.138790] (esp32_controller) CommandEnded: {'returncode': 2}
[194.571577] (-) TimerEvent: {}
[194.586597] (imu_controller) StdoutLine: {'line': b'[100%] \x1b[32m\x1b[1mLinking CXX executable imu_controller\x1b[0m\n'}
[194.654973] (realsense2_camera_msgs) StdoutLine: {'line': b'[ 31%] \x1b[32mBuilding CXX object CMakeFiles/realsense2_camera_msgs__rosidl_typesupport_cpp.dir/rosidl_typesupport_cpp/realsense2_camera_msgs/srv/device_info__type_support.cpp.o\x1b[0m\n'}
[194.702476] (-) TimerEvent: {}
[194.838891] (-) TimerEvent: {}
[194.944944] (-) TimerEvent: {}
[195.049734] (-) TimerEvent: {}
[195.158018] (-) TimerEvent: {}
[195.265934] (-) TimerEvent: {}
[195.388316] (-) TimerEvent: {}
[195.499078] (-) TimerEvent: {}
[195.612853] (-) TimerEvent: {}
[195.740042] (-) TimerEvent: {}
[195.852161] (-) TimerEvent: {}
[195.968286] (-) TimerEvent: {}
[196.011065] (esp32_controller) JobEnded: {'identifier': 'esp32_controller', 'rc': 2}
[196.161515] (-) TimerEvent: {}
[196.262576] (-) TimerEvent: {}
[196.368291] (-) TimerEvent: {}
[196.469940] (-) TimerEvent: {}
[196.572808] (-) TimerEvent: {}
[196.677159] (-) TimerEvent: {}
[196.780200] (-) TimerEvent: {}
[196.881815] (-) TimerEvent: {}
[196.985855] (-) TimerEvent: {}
[197.087436] (-) TimerEvent: {}
[197.190157] (-) TimerEvent: {}
[197.292030] (-) TimerEvent: {}
[197.396369] (-) TimerEvent: {}
[197.501350] (-) TimerEvent: {}
[197.603536] (-) TimerEvent: {}
[197.704997] (-) TimerEvent: {}
[197.806148] (-) TimerEvent: {}
[197.907833] (-) TimerEvent: {}
[198.009052] (-) TimerEvent: {}
[198.111610] (-) TimerEvent: {}
[198.213577] (-) TimerEvent: {}
[198.315263] (-) TimerEvent: {}
[198.416497] (-) TimerEvent: {}
[198.519331] (-) TimerEvent: {}
[198.626354] (-) TimerEvent: {}
[198.652134] (realsense2_camera_msgs) StdoutLine: {'line': b'[ 31%] \x1b[32mBuilding CXX object CMakeFiles/realsense2_camera_msgs__rosidl_typesupport_cpp.dir/rosidl_typesupport_cpp/realsense2_camera_msgs/srv/safety_preset_read__type_support.cpp.o\x1b[0m\n'}
[198.726872] (-) TimerEvent: {}
[198.832420] (-) TimerEvent: {}
[198.914908] (imu_controller) StdoutLine: {'line': b'[100%] Built target imu_controller\n'}
[198.932631] (-) TimerEvent: {}
[199.033593] (-) TimerEvent: {}
[199.134424] (-) TimerEvent: {}
[199.148805] (imu_controller) JobEnded: {'identifier': 'imu_controller', 'rc': 'SIGINT'}
[199.234647] (-) TimerEvent: {}
[199.336088] (-) TimerEvent: {}
[199.437162] (-) TimerEvent: {}
[199.538141] (-) TimerEvent: {}
[199.639175] (-) TimerEvent: {}
[199.740276] (-) TimerEvent: {}
[199.841147] (-) TimerEvent: {}
[199.942000] (-) TimerEvent: {}
[200.043151] (-) TimerEvent: {}
[200.144287] (-) TimerEvent: {}
[200.245274] (-) TimerEvent: {}
[200.346304] (-) TimerEvent: {}
[200.447275] (-) TimerEvent: {}
[200.548281] (-) TimerEvent: {}
[200.649194] (-) TimerEvent: {}
[200.750115] (-) TimerEvent: {}
[200.851031] (-) TimerEvent: {}
[200.952091] (-) TimerEvent: {}
[201.054079] (-) TimerEvent: {}
[201.155146] (-) TimerEvent: {}
[201.256103] (-) TimerEvent: {}
[201.259014] (realsense2_camera_msgs) StdoutLine: {'line': b'[ 32%] \x1b[32mBuilding CXX object CMakeFiles/realsense2_camera_msgs__rosidl_typesupport_cpp.dir/rosidl_typesupport_cpp/realsense2_camera_msgs/srv/safety_preset_write__type_support.cpp.o\x1b[0m\n'}
[201.356307] (-) TimerEvent: {}
[201.457606] (-) TimerEvent: {}
[201.558901] (-) TimerEvent: {}
[201.660308] (-) TimerEvent: {}
[201.761599] (-) TimerEvent: {}
[201.862936] (-) TimerEvent: {}
[201.964332] (-) TimerEvent: {}
[202.065718] (-) TimerEvent: {}
[202.166626] (-) TimerEvent: {}
[202.268247] (-) TimerEvent: {}
[202.369649] (-) TimerEvent: {}
[202.471330] (-) TimerEvent: {}
[202.572213] (-) TimerEvent: {}
[202.674025] (-) TimerEvent: {}
[202.775391] (-) TimerEvent: {}
[202.877059] (-) TimerEvent: {}
[202.978606] (-) TimerEvent: {}
[203.080063] (-) TimerEvent: {}
[203.181071] (-) TimerEvent: {}
[203.281930] (-) TimerEvent: {}
[203.383517] (-) TimerEvent: {}
[203.484542] (-) TimerEvent: {}
[203.585840] (-) TimerEvent: {}
[203.687174] (-) TimerEvent: {}
[203.788773] (-) TimerEvent: {}
[203.890150] (-) TimerEvent: {}
[203.991795] (-) TimerEvent: {}
[204.029288] (realsense2_camera_msgs) StdoutLine: {'line': b'[ 32%] \x1b[32mBuilding CXX object CMakeFiles/realsense2_camera_msgs__rosidl_typesupport_cpp.dir/rosidl_typesupport_cpp/realsense2_camera_msgs/srv/safety_interface_config_read__type_support.cpp.o\x1b[0m\n'}
[204.092018] (-) TimerEvent: {}
[204.103633] (move_program) StdoutLine: {'line': b'[100%] \x1b[32m\x1b[1mLinking CXX executable move_program\x1b[0m\n'}
[204.192213] (-) TimerEvent: {}
[204.292976] (-) TimerEvent: {}
[204.394013] (-) TimerEvent: {}
[204.494930] (-) TimerEvent: {}
[204.595871] (-) TimerEvent: {}
[204.696858] (-) TimerEvent: {}
[204.797823] (-) TimerEvent: {}
[204.898813] (-) TimerEvent: {}
[204.999853] (-) TimerEvent: {}
[205.100926] (-) TimerEvent: {}
[205.203207] (-) TimerEvent: {}
[205.304546] (-) TimerEvent: {}
[205.406937] (-) TimerEvent: {}
[205.508066] (-) TimerEvent: {}
[205.610858] (-) TimerEvent: {}
[205.713731] (-) TimerEvent: {}
[205.815465] (-) TimerEvent: {}
[205.887494] (move_program) StdoutLine: {'line': b'[100%] Built target move_program\n'}
[205.917847] (-) TimerEvent: {}
[205.973480] (move_program) JobEnded: {'identifier': 'move_program', 'rc': 'SIGINT'}
[206.018048] (-) TimerEvent: {}
[206.118825] (-) TimerEvent: {}
[206.219569] (-) TimerEvent: {}
[206.320392] (-) TimerEvent: {}
[206.421269] (-) TimerEvent: {}
[206.522126] (-) TimerEvent: {}
[206.622963] (-) TimerEvent: {}
[206.723743] (-) TimerEvent: {}
[206.763166] (realsense2_camera_msgs) StdoutLine: {'line': b'[ 33%] \x1b[32mBuilding CXX object CMakeFiles/realsense2_camera_msgs__rosidl_typesupport_cpp.dir/rosidl_typesupport_cpp/realsense2_camera_msgs/srv/safety_interface_config_write__type_support.cpp.o\x1b[0m\n'}
[206.823929] (-) TimerEvent: {}
[206.924584] (-) TimerEvent: {}
[207.025282] (-) TimerEvent: {}
[207.126019] (-) TimerEvent: {}
[207.226754] (-) TimerEvent: {}
[207.327434] (-) TimerEvent: {}
[207.428262] (-) TimerEvent: {}
[207.529048] (-) TimerEvent: {}
[207.629823] (-) TimerEvent: {}
[207.730549] (-) TimerEvent: {}
[207.831353] (-) TimerEvent: {}
[207.932147] (-) TimerEvent: {}
[208.033026] (-) TimerEvent: {}
[208.133824] (-) TimerEvent: {}
[208.234550] (-) TimerEvent: {}
[208.335355] (-) TimerEvent: {}
[208.436141] (-) TimerEvent: {}
[208.536885] (-) TimerEvent: {}
[208.637625] (-) TimerEvent: {}
[208.738442] (-) TimerEvent: {}
[208.839209] (-) TimerEvent: {}
[208.939943] (-) TimerEvent: {}
[208.948987] (realsense2_camera_msgs) StdoutLine: {'line': b'[ 34%] \x1b[32mBuilding CXX object CMakeFiles/realsense2_camera_msgs__rosidl_typesupport_cpp.dir/rosidl_typesupport_cpp/realsense2_camera_msgs/srv/calib_config_read__type_support.cpp.o\x1b[0m\n'}
[209.040245] (-) TimerEvent: {}
[209.140981] (-) TimerEvent: {}
[209.241766] (-) TimerEvent: {}
[209.342426] (-) TimerEvent: {}
[209.443138] (-) TimerEvent: {}
[209.543869] (-) TimerEvent: {}
[209.644588] (-) TimerEvent: {}
[209.745375] (-) TimerEvent: {}
[209.846255] (-) TimerEvent: {}
[209.947028] (-) TimerEvent: {}
[210.047836] (-) TimerEvent: {}
[210.148532] (-) TimerEvent: {}
[210.249383] (-) TimerEvent: {}
[210.350323] (-) TimerEvent: {}
[210.451120] (-) TimerEvent: {}
[210.551856] (-) TimerEvent: {}
[210.652585] (-) TimerEvent: {}
[210.753375] (-) TimerEvent: {}
[210.854188] (-) TimerEvent: {}
[210.954976] (-) TimerEvent: {}
[211.055829] (-) TimerEvent: {}
[211.077643] (realsense2_camera_msgs) StdoutLine: {'line': b'[ 34%] \x1b[32mBuilding CXX object CMakeFiles/realsense2_camera_msgs__rosidl_typesupport_cpp.dir/rosidl_typesupport_cpp/realsense2_camera_msgs/srv/calib_config_write__type_support.cpp.o\x1b[0m\n'}
[211.156029] (-) TimerEvent: {}
[211.256779] (-) TimerEvent: {}
[211.357476] (-) TimerEvent: {}
[211.458208] (-) TimerEvent: {}
[211.558925] (-) TimerEvent: {}
[211.659648] (-) TimerEvent: {}
[211.760429] (-) TimerEvent: {}
[211.861211] (-) TimerEvent: {}
[211.962022] (-) TimerEvent: {}
[212.062765] (-) TimerEvent: {}
[212.163535] (-) TimerEvent: {}
[212.264405] (-) TimerEvent: {}
[212.365182] (-) TimerEvent: {}
[212.465976] (-) TimerEvent: {}
[212.566766] (-) TimerEvent: {}
[212.667466] (-) TimerEvent: {}
[212.768224] (-) TimerEvent: {}
[212.868992] (-) TimerEvent: {}
[212.969800] (-) TimerEvent: {}
[213.070550] (-) TimerEvent: {}
[213.171326] (-) TimerEvent: {}
[213.244142] (realsense2_camera_msgs) StdoutLine: {'line': b'[ 35%] \x1b[32mBuilding CXX object CMakeFiles/realsense2_camera_msgs__rosidl_typesupport_cpp.dir/rosidl_typesupport_cpp/realsense2_camera_msgs/srv/application_config_read__type_support.cpp.o\x1b[0m\n'}
[213.271529] (-) TimerEvent: {}
[213.372274] (-) TimerEvent: {}
[213.472987] (-) TimerEvent: {}
[213.573649] (-) TimerEvent: {}
[213.674359] (-) TimerEvent: {}
[213.775098] (-) TimerEvent: {}
[213.875854] (-) TimerEvent: {}
[213.976598] (-) TimerEvent: {}
[214.077375] (-) TimerEvent: {}
[214.178220] (-) TimerEvent: {}
[214.279012] (-) TimerEvent: {}
[214.379827] (-) TimerEvent: {}
[214.480589] (-) TimerEvent: {}
[214.581442] (-) TimerEvent: {}
[214.682216] (-) TimerEvent: {}
[214.783031] (-) TimerEvent: {}
[214.883824] (-) TimerEvent: {}
[214.985309] (-) TimerEvent: {}
[215.086079] (-) TimerEvent: {}
[215.186858] (-) TimerEvent: {}
[215.288015] (-) TimerEvent: {}
[215.388815] (-) TimerEvent: {}
[215.416091] (realsense2_camera_msgs) StdoutLine: {'line': b'[ 35%] \x1b[32mBuilding CXX object CMakeFiles/realsense2_camera_msgs__rosidl_typesupport_cpp.dir/rosidl_typesupport_cpp/realsense2_camera_msgs/srv/application_config_write__type_support.cpp.o\x1b[0m\n'}
[215.489005] (-) TimerEvent: {}
[215.589655] (-) TimerEvent: {}
[215.690380] (-) TimerEvent: {}
[215.791094] (-) TimerEvent: {}
[215.894894] (-) TimerEvent: {}
[215.995839] (-) TimerEvent: {}
[216.096553] (-) TimerEvent: {}
[216.197507] (-) TimerEvent: {}
[216.298545] (-) TimerEvent: {}
[216.399738] (-) TimerEvent: {}
[216.500473] (-) TimerEvent: {}
[216.601258] (-) TimerEvent: {}
[216.702018] (-) TimerEvent: {}
[216.802821] (-) TimerEvent: {}
[216.903643] (-) TimerEvent: {}
[217.004392] (-) TimerEvent: {}
[217.105353] (-) TimerEvent: {}
[217.206140] (-) TimerEvent: {}
[217.306867] (-) TimerEvent: {}
[217.407657] (-) TimerEvent: {}
[217.508434] (-) TimerEvent: {}
[217.609261] (-) TimerEvent: {}
[217.646237] (realsense2_camera_msgs) StdoutLine: {'line': b'[ 36%] \x1b[32mBuilding CXX object CMakeFiles/realsense2_camera_msgs__rosidl_typesupport_cpp.dir/rosidl_typesupport_cpp/realsense2_camera_msgs/srv/hardware_monitor_command_send__type_support.cpp.o\x1b[0m\n'}
[217.709436] (-) TimerEvent: {}
[217.810127] (-) TimerEvent: {}
[217.910825] (-) TimerEvent: {}
[218.011483] (-) TimerEvent: {}
[218.112201] (-) TimerEvent: {}
[218.212865] (-) TimerEvent: {}
[218.313595] (-) TimerEvent: {}
[218.414557] (-) TimerEvent: {}
[218.515366] (-) TimerEvent: {}
[218.616136] (-) TimerEvent: {}
[218.716870] (-) TimerEvent: {}
[218.817617] (-) TimerEvent: {}
[218.918397] (-) TimerEvent: {}
[219.019184] (-) TimerEvent: {}
[219.119942] (-) TimerEvent: {}
[219.220728] (-) TimerEvent: {}
[219.321470] (-) TimerEvent: {}
[219.422240] (-) TimerEvent: {}
[219.523013] (-) TimerEvent: {}
[219.623770] (-) TimerEvent: {}
[219.724537] (-) TimerEvent: {}
[219.825325] (-) TimerEvent: {}
[219.926080] (-) TimerEvent: {}
[219.962309] (realsense2_camera_msgs) StdoutLine: {'line': b'[ 36%] \x1b[32mBuilding CXX object CMakeFiles/realsense2_camera_msgs__rosidl_typesupport_cpp.dir/rosidl_typesupport_cpp/realsense2_camera_msgs/action/triggered_calibration__type_support.cpp.o\x1b[0m\n'}
[220.026309] (-) TimerEvent: {}
[220.126988] (-) TimerEvent: {}
[220.227721] (-) TimerEvent: {}
[220.328397] (-) TimerEvent: {}
[220.429123] (-) TimerEvent: {}
[220.529827] (-) TimerEvent: {}
[220.630518] (-) TimerEvent: {}
[220.731291] (-) TimerEvent: {}
[220.832127] (-) TimerEvent: {}
[220.932873] (-) TimerEvent: {}
[221.033751] (-) TimerEvent: {}
[221.134493] (-) TimerEvent: {}
[221.235305] (-) TimerEvent: {}
[221.336076] (-) TimerEvent: {}
[221.436830] (-) TimerEvent: {}
[221.537556] (-) TimerEvent: {}
[221.638361] (-) TimerEvent: {}
[221.739132] (-) TimerEvent: {}
[221.840004] (-) TimerEvent: {}
[221.940790] (-) TimerEvent: {}
[222.041586] (-) TimerEvent: {}
[222.142447] (-) TimerEvent: {}
[222.243337] (-) TimerEvent: {}
[222.344123] (-) TimerEvent: {}
[222.444855] (-) TimerEvent: {}
[222.545578] (-) TimerEvent: {}
[222.646376] (-) TimerEvent: {}
[222.747184] (-) TimerEvent: {}
[222.847966] (-) TimerEvent: {}
[222.948756] (-) TimerEvent: {}
[223.049479] (-) TimerEvent: {}
[223.150273] (-) TimerEvent: {}
[223.251180] (-) TimerEvent: {}
[223.351943] (-) TimerEvent: {}
[223.452642] (-) TimerEvent: {}
[223.553460] (-) TimerEvent: {}
[223.654238] (-) TimerEvent: {}
[223.712799] (realsense2_camera_msgs) StdoutLine: {'line': b'[ 37%] \x1b[32m\x1b[1mLinking CXX shared library librealsense2_camera_msgs__rosidl_typesupport_cpp.so\x1b[0m\n'}
[223.754408] (-) TimerEvent: {}
[223.855165] (-) TimerEvent: {}
[223.956056] (-) TimerEvent: {}
[224.056834] (-) TimerEvent: {}
[224.157575] (-) TimerEvent: {}
[224.161466] (realsense2_camera_msgs) StdoutLine: {'line': b'[ 37%] Built target realsense2_camera_msgs__rosidl_typesupport_cpp\n'}
[224.257827] (-) TimerEvent: {}
[224.267256] (realsense2_camera_msgs) StdoutLine: {'line': b'[ 38%] \x1b[34m\x1b[1mGenerating C type support dispatch for ROS interfaces\x1b[0m\n'}
[224.357986] (-) TimerEvent: {}
[224.458755] (-) TimerEvent: {}
[224.559475] (-) TimerEvent: {}
[224.660180] (-) TimerEvent: {}
[224.760844] (-) TimerEvent: {}
[224.861740] (-) TimerEvent: {}
[224.962613] (-) TimerEvent: {}
[225.063825] (-) TimerEvent: {}
[225.164601] (-) TimerEvent: {}
[225.265502] (-) TimerEvent: {}
[225.366283] (-) TimerEvent: {}
[225.467931] (-) TimerEvent: {}
[225.568716] (-) TimerEvent: {}
[225.669320] (-) TimerEvent: {}
[225.770111] (-) TimerEvent: {}
[225.870814] (-) TimerEvent: {}
[225.971493] (-) TimerEvent: {}
[226.072201] (-) TimerEvent: {}
[226.172976] (-) TimerEvent: {}
[226.273626] (-) TimerEvent: {}
[226.374300] (-) TimerEvent: {}
[226.474954] (-) TimerEvent: {}
[226.575605] (-) TimerEvent: {}
[226.676275] (-) TimerEvent: {}
[226.776897] (-) TimerEvent: {}
[226.877529] (-) TimerEvent: {}
[226.978234] (-) TimerEvent: {}
[227.078931] (-) TimerEvent: {}
[227.179533] (-) TimerEvent: {}
[227.280185] (-) TimerEvent: {}
[227.380969] (-) TimerEvent: {}
[227.481593] (-) TimerEvent: {}
[227.582282] (-) TimerEvent: {}
[227.682919] (-) TimerEvent: {}
[227.783590] (-) TimerEvent: {}
[227.884339] (-) TimerEvent: {}
[227.985071] (-) TimerEvent: {}
[228.085925] (-) TimerEvent: {}
[228.186615] (-) TimerEvent: {}
[228.287396] (-) TimerEvent: {}
[228.388149] (-) TimerEvent: {}
[228.488826] (-) TimerEvent: {}
[228.589604] (-) TimerEvent: {}
[228.660253] (realsense2_camera_msgs) StdoutLine: {'line': b'[ 39%] \x1b[32mBuilding CXX object CMakeFiles/realsense2_camera_msgs__rosidl_typesupport_c.dir/rosidl_typesupport_c/realsense2_camera_msgs/msg/imu_info__type_support.cpp.o\x1b[0m\n'}
[228.689831] (-) TimerEvent: {}
[228.790547] (-) TimerEvent: {}
[228.891335] (-) TimerEvent: {}
[228.961917] (realsense2_camera_msgs) StdoutLine: {'line': b'[ 39%] \x1b[32mBuilding CXX object CMakeFiles/realsense2_camera_msgs__rosidl_typesupport_c.dir/rosidl_typesupport_c/realsense2_camera_msgs/msg/extrinsics__type_support.cpp.o\x1b[0m\n'}
[228.991523] (-) TimerEvent: {}
[229.092358] (-) TimerEvent: {}
[229.193101] (-) TimerEvent: {}
[229.253431] (realsense2_camera_msgs) StdoutLine: {'line': b'[ 40%] \x1b[32mBuilding CXX object CMakeFiles/realsense2_camera_msgs__rosidl_typesupport_c.dir/rosidl_typesupport_c/realsense2_camera_msgs/msg/metadata__type_support.cpp.o\x1b[0m\n'}
[229.293313] (-) TimerEvent: {}
[229.394092] (-) TimerEvent: {}
[229.494763] (-) TimerEvent: {}
[229.541849] (realsense2_camera_msgs) StdoutLine: {'line': b'[ 40%] \x1b[32mBuilding CXX object CMakeFiles/realsense2_camera_msgs__rosidl_typesupport_c.dir/rosidl_typesupport_c/realsense2_camera_msgs/msg/rgbd__type_support.cpp.o\x1b[0m\n'}
[229.594965] (-) TimerEvent: {}
[229.695645] (-) TimerEvent: {}
[229.796310] (-) TimerEvent: {}
[229.838094] (realsense2_camera_msgs) StdoutLine: {'line': b'[ 41%] \x1b[32mBuilding CXX object CMakeFiles/realsense2_camera_msgs__rosidl_typesupport_c.dir/rosidl_typesupport_c/realsense2_camera_msgs/srv/device_info__type_support.cpp.o\x1b[0m\n'}
[229.896509] (-) TimerEvent: {}
[229.997257] (-) TimerEvent: {}
[230.098038] (-) TimerEvent: {}
[230.165316] (realsense2_camera_msgs) StdoutLine: {'line': b'[ 41%] \x1b[32mBuilding CXX object CMakeFiles/realsense2_camera_msgs__rosidl_typesupport_c.dir/rosidl_typesupport_c/realsense2_camera_msgs/srv/safety_preset_read__type_support.cpp.o\x1b[0m\n'}
[230.198238] (-) TimerEvent: {}
[230.299028] (-) TimerEvent: {}
[230.399737] (-) TimerEvent: {}
[230.486135] (realsense2_camera_msgs) StdoutLine: {'line': b'[ 42%] \x1b[32mBuilding CXX object CMakeFiles/realsense2_camera_msgs__rosidl_typesupport_c.dir/rosidl_typesupport_c/realsense2_camera_msgs/srv/safety_preset_write__type_support.cpp.o\x1b[0m\n'}
[230.499909] (-) TimerEvent: {}
[230.600537] (-) TimerEvent: {}
[230.701235] (-) TimerEvent: {}
[230.802005] (-) TimerEvent: {}
[230.807167] (realsense2_camera_msgs) StdoutLine: {'line': b'[ 43%] \x1b[32mBuilding CXX object CMakeFiles/realsense2_camera_msgs__rosidl_typesupport_c.dir/rosidl_typesupport_c/realsense2_camera_msgs/srv/safety_interface_config_read__type_support.cpp.o\x1b[0m\n'}
[230.902188] (-) TimerEvent: {}
[231.002883] (-) TimerEvent: {}
[231.103587] (-) TimerEvent: {}
[231.130266] (realsense2_camera_msgs) StdoutLine: {'line': b'[ 43%] \x1b[32mBuilding CXX object CMakeFiles/realsense2_camera_msgs__rosidl_typesupport_c.dir/rosidl_typesupport_c/realsense2_camera_msgs/srv/safety_interface_config_write__type_support.cpp.o\x1b[0m\n'}
[231.203820] (-) TimerEvent: {}
[231.304531] (-) TimerEvent: {}
[231.405228] (-) TimerEvent: {}
[231.457553] (realsense2_camera_msgs) StdoutLine: {'line': b'[ 44%] \x1b[32mBuilding CXX object CMakeFiles/realsense2_camera_msgs__rosidl_typesupport_c.dir/rosidl_typesupport_c/realsense2_camera_msgs/srv/calib_config_read__type_support.cpp.o\x1b[0m\n'}
[231.505466] (-) TimerEvent: {}
[231.606286] (-) TimerEvent: {}
[231.706976] (-) TimerEvent: {}
[231.781024] (realsense2_camera_msgs) StdoutLine: {'line': b'[ 44%] \x1b[32mBuilding CXX object CMakeFiles/realsense2_camera_msgs__rosidl_typesupport_c.dir/rosidl_typesupport_c/realsense2_camera_msgs/srv/calib_config_write__type_support.cpp.o\x1b[0m\n'}
[231.807174] (-) TimerEvent: {}
[231.907973] (-) TimerEvent: {}
[232.008635] (-) TimerEvent: {}
[232.104711] (realsense2_camera_msgs) StdoutLine: {'line': b'[ 45%] \x1b[32mBuilding CXX object CMakeFiles/realsense2_camera_msgs__rosidl_typesupport_c.dir/rosidl_typesupport_c/realsense2_camera_msgs/srv/application_config_read__type_support.cpp.o\x1b[0m\n'}
[232.108816] (-) TimerEvent: {}
[232.209491] (-) TimerEvent: {}
[232.310226] (-) TimerEvent: {}
[232.410973] (-) TimerEvent: {}
[232.423417] (realsense2_camera_msgs) StdoutLine: {'line': b'[ 45%] \x1b[32mBuilding CXX object CMakeFiles/realsense2_camera_msgs__rosidl_typesupport_c.dir/rosidl_typesupport_c/realsense2_camera_msgs/srv/application_config_write__type_support.cpp.o\x1b[0m\n'}
[232.511160] (-) TimerEvent: {}
[232.611855] (-) TimerEvent: {}
[232.712645] (-) TimerEvent: {}
[232.748030] (realsense2_camera_msgs) StdoutLine: {'line': b'[ 46%] \x1b[32mBuilding CXX object CMakeFiles/realsense2_camera_msgs__rosidl_typesupport_c.dir/rosidl_typesupport_c/realsense2_camera_msgs/srv/hardware_monitor_command_send__type_support.cpp.o\x1b[0m\n'}
[232.812823] (-) TimerEvent: {}
[232.913505] (-) TimerEvent: {}
[233.014243] (-) TimerEvent: {}
[233.068500] (realsense2_camera_msgs) StdoutLine: {'line': b'[ 47%] \x1b[32mBuilding CXX object CMakeFiles/realsense2_camera_msgs__rosidl_typesupport_c.dir/rosidl_typesupport_c/realsense2_camera_msgs/action/triggered_calibration__type_support.cpp.o\x1b[0m\n'}
[233.114445] (-) TimerEvent: {}
[233.215216] (-) TimerEvent: {}
[233.315971] (-) TimerEvent: {}
[233.416876] (-) TimerEvent: {}
[233.477822] (realsense2_camera_msgs) StdoutLine: {'line': b'[ 47%] \x1b[32m\x1b[1mLinking CXX shared library librealsense2_camera_msgs__rosidl_typesupport_c.so\x1b[0m\n'}
[233.517072] (-) TimerEvent: {}
[233.617859] (-) TimerEvent: {}
[233.718634] (-) TimerEvent: {}
[233.754232] (realsense2_camera_msgs) StdoutLine: {'line': b'[ 47%] Built target realsense2_camera_msgs__rosidl_typesupport_c\n'}
[233.818870] (-) TimerEvent: {}
[233.834136] (realsense2_camera_msgs) StdoutLine: {'line': b'[ 47%] \x1b[34m\x1b[1mGenerating C++ type support for eProsima Fast-RTPS\x1b[0m\n'}
[233.919021] (-) TimerEvent: {}
[234.019628] (-) TimerEvent: {}
[234.120374] (-) TimerEvent: {}
[234.221112] (-) TimerEvent: {}
[234.321784] (-) TimerEvent: {}
[234.422438] (-) TimerEvent: {}
[234.523147] (-) TimerEvent: {}
[234.623794] (-) TimerEvent: {}
[234.724441] (-) TimerEvent: {}
[234.825238] (-) TimerEvent: {}
[234.925982] (-) TimerEvent: {}
[235.026567] (-) TimerEvent: {}
[235.127242] (-) TimerEvent: {}
[235.228030] (-) TimerEvent: {}
[235.328780] (-) TimerEvent: {}
[235.429798] (-) TimerEvent: {}
[235.530632] (-) TimerEvent: {}
[235.632273] (-) TimerEvent: {}
[235.733021] (-) TimerEvent: {}
[235.833718] (-) TimerEvent: {}
[235.934339] (-) TimerEvent: {}
[236.035006] (-) TimerEvent: {}
[236.135757] (-) TimerEvent: {}
[236.237814] (-) TimerEvent: {}
[236.338549] (-) TimerEvent: {}
[236.439364] (-) TimerEvent: {}
[236.540032] (-) TimerEvent: {}
[236.640765] (-) TimerEvent: {}
[236.741404] (-) TimerEvent: {}
[236.842198] (-) TimerEvent: {}
[236.942887] (-) TimerEvent: {}
[237.043568] (-) TimerEvent: {}
[237.144224] (-) TimerEvent: {}
[237.244843] (-) TimerEvent: {}
[237.345516] (-) TimerEvent: {}
[237.446323] (-) TimerEvent: {}
[237.547017] (-) TimerEvent: {}
[237.647759] (-) TimerEvent: {}
[237.748557] (-) TimerEvent: {}
[237.849270] (-) TimerEvent: {}
[237.949941] (-) TimerEvent: {}
[238.050601] (-) TimerEvent: {}
[238.151327] (-) TimerEvent: {}
[238.251967] (-) TimerEvent: {}
[238.352578] (-) TimerEvent: {}
[238.453220] (-) TimerEvent: {}
[238.553997] (-) TimerEvent: {}
[238.654616] (-) TimerEvent: {}
[238.755307] (-) TimerEvent: {}
[238.856024] (-) TimerEvent: {}
[238.956746] (-) TimerEvent: {}
[239.057441] (-) TimerEvent: {}
[239.158121] (-) TimerEvent: {}
[239.258750] (-) TimerEvent: {}
[239.359355] (-) TimerEvent: {}
[239.460017] (-) TimerEvent: {}
[239.560749] (-) TimerEvent: {}
[239.661412] (-) TimerEvent: {}
[239.762109] (-) TimerEvent: {}
[239.862844] (-) TimerEvent: {}
[239.963511] (-) TimerEvent: {}
[240.064344] (-) TimerEvent: {}
[240.165389] (-) TimerEvent: {}
[240.266163] (-) TimerEvent: {}
[240.366949] (-) TimerEvent: {}
[240.467646] (-) TimerEvent: {}
[240.568452] (-) TimerEvent: {}
[240.669212] (-) TimerEvent: {}
[240.770090] (-) TimerEvent: {}
[240.870905] (-) TimerEvent: {}
[240.971582] (-) TimerEvent: {}
[241.072314] (-) TimerEvent: {}
[241.173125] (-) TimerEvent: {}
[241.273884] (-) TimerEvent: {}
[241.374631] (-) TimerEvent: {}
[241.475410] (-) TimerEvent: {}
[241.576206] (-) TimerEvent: {}
[241.592147] (realsense2_camera_msgs) StdoutLine: {'line': b'[ 48%] \x1b[32mBuilding CXX object CMakeFiles/realsense2_camera_msgs__rosidl_typesupport_fastrtps_cpp.dir/rosidl_typesupport_fastrtps_cpp/realsense2_camera_msgs/msg/detail/dds_fastrtps/imu_info__type_support.cpp.o\x1b[0m\n'}
[241.676370] (-) TimerEvent: {}
[241.777074] (-) TimerEvent: {}
[241.877778] (-) TimerEvent: {}
[241.978455] (-) TimerEvent: {}
[242.079166] (-) TimerEvent: {}
[242.179820] (-) TimerEvent: {}
[242.280532] (-) TimerEvent: {}
[242.381324] (-) TimerEvent: {}
[242.482144] (-) TimerEvent: {}
[242.582865] (-) TimerEvent: {}
[242.683662] (-) TimerEvent: {}
[242.784443] (-) TimerEvent: {}
[242.885298] (-) TimerEvent: {}
[242.986173] (-) TimerEvent: {}
[243.086971] (-) TimerEvent: {}
[243.187827] (-) TimerEvent: {}
[243.288557] (-) TimerEvent: {}
[243.389335] (-) TimerEvent: {}
[243.490131] (-) TimerEvent: {}
[243.590860] (-) TimerEvent: {}
[243.691585] (-) TimerEvent: {}
[243.792370] (-) TimerEvent: {}
[243.893147] (-) TimerEvent: {}
[243.993869] (-) TimerEvent: {}
[244.094624] (-) TimerEvent: {}
[244.150348] (realsense2_camera_msgs) StdoutLine: {'line': b'[ 48%] \x1b[32mBuilding CXX object CMakeFiles/realsense2_camera_msgs__rosidl_typesupport_fastrtps_cpp.dir/rosidl_typesupport_fastrtps_cpp/realsense2_camera_msgs/msg/detail/dds_fastrtps/extrinsics__type_support.cpp.o\x1b[0m\n'}
[244.194897] (-) TimerEvent: {}
[244.295648] (-) TimerEvent: {}
[244.396402] (-) TimerEvent: {}
[244.497283] (-) TimerEvent: {}
[244.597991] (-) TimerEvent: {}
[244.698662] (-) TimerEvent: {}
[244.801203] (-) TimerEvent: {}
[244.902080] (-) TimerEvent: {}
[245.002881] (-) TimerEvent: {}
[245.103658] (-) TimerEvent: {}
[245.204860] (-) TimerEvent: {}
[245.305578] (-) TimerEvent: {}
[245.406883] (-) TimerEvent: {}
[245.508157] (-) TimerEvent: {}
[245.609521] (-) TimerEvent: {}
[245.711000] (-) TimerEvent: {}
[245.812464] (-) TimerEvent: {}
[245.913729] (-) TimerEvent: {}
[246.014949] (-) TimerEvent: {}
[246.116230] (-) TimerEvent: {}
[246.217071] (-) TimerEvent: {}
[246.317834] (-) TimerEvent: {}
[246.418580] (-) TimerEvent: {}
[246.519379] (-) TimerEvent: {}
[246.620108] (-) TimerEvent: {}
[246.689964] (realsense2_camera_msgs) StdoutLine: {'line': b'[ 49%] \x1b[32mBuilding CXX object CMakeFiles/realsense2_camera_msgs__rosidl_typesupport_fastrtps_cpp.dir/rosidl_typesupport_fastrtps_cpp/realsense2_camera_msgs/msg/detail/dds_fastrtps/metadata__type_support.cpp.o\x1b[0m\n'}
[246.720301] (-) TimerEvent: {}
[246.821037] (-) TimerEvent: {}
[246.921812] (-) TimerEvent: {}
[247.022484] (-) TimerEvent: {}
[247.123179] (-) TimerEvent: {}
[247.224002] (-) TimerEvent: {}
[247.324732] (-) TimerEvent: {}
[247.425446] (-) TimerEvent: {}
[247.526225] (-) TimerEvent: {}
[247.626986] (-) TimerEvent: {}
[247.727802] (-) TimerEvent: {}
[247.828770] (-) TimerEvent: {}
[247.929576] (-) TimerEvent: {}
[248.030380] (-) TimerEvent: {}
[248.131142] (-) TimerEvent: {}
[248.231989] (-) TimerEvent: {}
[248.332787] (-) TimerEvent: {}
[248.433534] (-) TimerEvent: {}
[248.534341] (-) TimerEvent: {}
[248.635125] (-) TimerEvent: {}
[248.735938] (-) TimerEvent: {}
[248.836666] (-) TimerEvent: {}
[248.937454] (-) TimerEvent: {}
[249.038225] (-) TimerEvent: {}
[249.076847] (realsense2_camera_msgs) StdoutLine: {'line': b'[ 50%] \x1b[32mBuilding CXX object CMakeFiles/realsense2_camera_msgs__rosidl_typesupport_fastrtps_cpp.dir/rosidl_typesupport_fastrtps_cpp/realsense2_camera_msgs/msg/detail/dds_fastrtps/rgbd__type_support.cpp.o\x1b[0m\n'}
[249.138418] (-) TimerEvent: {}
[249.239157] (-) TimerEvent: {}
[249.339810] (-) TimerEvent: {}
[249.440505] (-) TimerEvent: {}
[249.541224] (-) TimerEvent: {}
[249.642046] (-) TimerEvent: {}
[249.742793] (-) TimerEvent: {}
[249.843553] (-) TimerEvent: {}
[249.944332] (-) TimerEvent: {}
[250.045221] (-) TimerEvent: {}
[250.146051] (-) TimerEvent: {}
[250.246829] (-) TimerEvent: {}
[250.347637] (-) TimerEvent: {}
[250.448445] (-) TimerEvent: {}
[250.549227] (-) TimerEvent: {}
[250.649979] (-) TimerEvent: {}
[250.750740] (-) TimerEvent: {}
[250.851442] (-) TimerEvent: {}
[250.952213] (-) TimerEvent: {}
[251.052988] (-) TimerEvent: {}
[251.153760] (-) TimerEvent: {}
[251.254528] (-) TimerEvent: {}
[251.355355] (-) TimerEvent: {}
[251.456147] (-) TimerEvent: {}
[251.505377] (realsense2_camera_msgs) StdoutLine: {'line': b'[ 50%] \x1b[32mBuilding CXX object CMakeFiles/realsense2_camera_msgs__rosidl_typesupport_fastrtps_cpp.dir/rosidl_typesupport_fastrtps_cpp/realsense2_camera_msgs/srv/detail/dds_fastrtps/device_info__type_support.cpp.o\x1b[0m\n'}
[251.556378] (-) TimerEvent: {}
[251.657276] (-) TimerEvent: {}
[251.758028] (-) TimerEvent: {}
[251.858808] (-) TimerEvent: {}
[251.959756] (-) TimerEvent: {}
[252.060456] (-) TimerEvent: {}
[252.161217] (-) TimerEvent: {}
[252.262006] (-) TimerEvent: {}
[252.362797] (-) TimerEvent: {}
[252.463520] (-) TimerEvent: {}
[252.564267] (-) TimerEvent: {}
[252.665029] (-) TimerEvent: {}
[252.765833] (-) TimerEvent: {}
[252.866651] (-) TimerEvent: {}
[252.967559] (-) TimerEvent: {}
[253.068408] (-) TimerEvent: {}
[253.169212] (-) TimerEvent: {}
[253.270056] (-) TimerEvent: {}
[253.370846] (-) TimerEvent: {}
[253.471545] (-) TimerEvent: {}
[253.572326] (-) TimerEvent: {}
[253.673091] (-) TimerEvent: {}
[253.773833] (-) TimerEvent: {}
[253.874563] (-) TimerEvent: {}
[253.975370] (-) TimerEvent: {}
[254.076124] (-) TimerEvent: {}
[254.176859] (-) TimerEvent: {}
[254.277615] (-) TimerEvent: {}
[254.378397] (-) TimerEvent: {}
[254.479206] (-) TimerEvent: {}
[254.579991] (-) TimerEvent: {}
[254.680772] (-) TimerEvent: {}
[254.781492] (-) TimerEvent: {}
[254.883363] (-) TimerEvent: {}
[254.984256] (-) TimerEvent: {}
[255.085828] (-) TimerEvent: {}
[255.186514] (-) TimerEvent: {}
[255.287289] (-) TimerEvent: {}
[255.388047] (-) TimerEvent: {}
[255.488805] (-) TimerEvent: {}
[255.589588] (-) TimerEvent: {}
[255.690463] (-) TimerEvent: {}
[255.791318] (-) TimerEvent: {}
[255.892143] (-) TimerEvent: {}
[255.937152] (realsense2_camera_msgs) StdoutLine: {'line': b'[ 51%] \x1b[32mBuilding CXX object CMakeFiles/realsense2_camera_msgs__rosidl_typesupport_fastrtps_cpp.dir/rosidl_typesupport_fastrtps_cpp/realsense2_camera_msgs/srv/detail/dds_fastrtps/safety_preset_read__type_support.cpp.o\x1b[0m\n'}
[255.992367] (-) TimerEvent: {}
[256.093133] (-) TimerEvent: {}
[256.193840] (-) TimerEvent: {}
[256.294529] (-) TimerEvent: {}
[256.395252] (-) TimerEvent: {}
[256.495976] (-) TimerEvent: {}
[256.596650] (-) TimerEvent: {}
[256.697416] (-) TimerEvent: {}
[256.798177] (-) TimerEvent: {}
[256.898942] (-) TimerEvent: {}
[256.999740] (-) TimerEvent: {}
[257.100432] (-) TimerEvent: {}
[257.201232] (-) TimerEvent: {}
[257.302001] (-) TimerEvent: {}
[257.402849] (-) TimerEvent: {}
[257.503604] (-) TimerEvent: {}
[257.604393] (-) TimerEvent: {}
[257.705209] (-) TimerEvent: {}
[257.805994] (-) TimerEvent: {}
[257.906752] (-) TimerEvent: {}
[258.007486] (-) TimerEvent: {}
[258.108263] (-) TimerEvent: {}
[258.209037] (-) TimerEvent: {}
[258.309809] (-) TimerEvent: {}
[258.410541] (-) TimerEvent: {}
[258.511350] (-) TimerEvent: {}
[258.612145] (-) TimerEvent: {}
[258.712877] (-) TimerEvent: {}
[258.813610] (-) TimerEvent: {}
[258.914436] (-) TimerEvent: {}
[259.015243] (-) TimerEvent: {}
[259.115997] (-) TimerEvent: {}
[259.216765] (-) TimerEvent: {}
[259.317524] (-) TimerEvent: {}
[259.418310] (-) TimerEvent: {}
[259.519120] (-) TimerEvent: {}
[259.601458] (realsense2_camera_msgs) StdoutLine: {'line': b'[ 51%] \x1b[32mBuilding CXX object CMakeFiles/realsense2_camera_msgs__rosidl_typesupport_fastrtps_cpp.dir/rosidl_typesupport_fastrtps_cpp/realsense2_camera_msgs/srv/detail/dds_fastrtps/safety_preset_write__type_support.cpp.o\x1b[0m\n'}
[259.619310] (-) TimerEvent: {}
[259.720075] (-) TimerEvent: {}
[259.820794] (-) TimerEvent: {}
[259.921483] (-) TimerEvent: {}
[260.022246] (-) TimerEvent: {}
[260.123009] (-) TimerEvent: {}
[260.223842] (-) TimerEvent: {}
[260.324625] (-) TimerEvent: {}
[260.425421] (-) TimerEvent: {}
[260.526227] (-) TimerEvent: {}
[260.626985] (-) TimerEvent: {}
[260.727754] (-) TimerEvent: {}
[260.828457] (-) TimerEvent: {}
[260.929242] (-) TimerEvent: {}
[261.030118] (-) TimerEvent: {}
[261.130843] (-) TimerEvent: {}
[261.231637] (-) TimerEvent: {}
[261.332505] (-) TimerEvent: {}
[261.433420] (-) TimerEvent: {}
[261.534257] (-) TimerEvent: {}
[261.635025] (-) TimerEvent: {}
[261.735809] (-) TimerEvent: {}
[261.836539] (-) TimerEvent: {}
[261.937328] (-) TimerEvent: {}
[262.038103] (-) TimerEvent: {}
[262.138857] (-) TimerEvent: {}
[262.239584] (-) TimerEvent: {}
[262.340351] (-) TimerEvent: {}
[262.441122] (-) TimerEvent: {}
[262.541834] (-) TimerEvent: {}
[262.642536] (-) TimerEvent: {}
[262.743337] (-) TimerEvent: {}
[262.844144] (-) TimerEvent: {}
[262.944864] (-) TimerEvent: {}
[263.045566] (-) TimerEvent: {}
[263.146327] (-) TimerEvent: {}
[263.247153] (-) TimerEvent: {}
[263.313417] (realsense2_camera_msgs) StdoutLine: {'line': b'[ 52%] \x1b[32mBuilding CXX object CMakeFiles/realsense2_camera_msgs__rosidl_typesupport_fastrtps_cpp.dir/rosidl_typesupport_fastrtps_cpp/realsense2_camera_msgs/srv/detail/dds_fastrtps/safety_interface_config_read__type_support.cpp.o\x1b[0m\n'}
[263.347360] (-) TimerEvent: {}
[263.448173] (-) TimerEvent: {}
[263.548915] (-) TimerEvent: {}
[263.649590] (-) TimerEvent: {}
[263.750283] (-) TimerEvent: {}
[263.850966] (-) TimerEvent: {}
[263.951633] (-) TimerEvent: {}
[264.052436] (-) TimerEvent: {}
[264.153224] (-) TimerEvent: {}
[264.253988] (-) TimerEvent: {}
[264.354741] (-) TimerEvent: {}
[264.455449] (-) TimerEvent: {}
[264.556291] (-) TimerEvent: {}
[264.657083] (-) TimerEvent: {}
[264.757811] (-) TimerEvent: {}
[264.858649] (-) TimerEvent: {}
[264.959503] (-) TimerEvent: {}
[265.060282] (-) TimerEvent: {}
[265.161128] (-) TimerEvent: {}
[265.262045] (-) TimerEvent: {}
[265.362831] (-) TimerEvent: {}
[265.463555] (-) TimerEvent: {}
[265.564761] (-) TimerEvent: {}
[265.665570] (-) TimerEvent: {}
[265.766719] (-) TimerEvent: {}
[265.868123] (-) TimerEvent: {}
[265.969065] (-) TimerEvent: {}
[266.069947] (-) TimerEvent: {}
[266.170781] (-) TimerEvent: {}
[266.271499] (-) TimerEvent: {}
[266.372291] (-) TimerEvent: {}
[266.473129] (-) TimerEvent: {}
[266.573855] (-) TimerEvent: {}
[266.674575] (-) TimerEvent: {}
[266.775382] (-) TimerEvent: {}
[266.876175] (-) TimerEvent: {}
[266.976911] (-) TimerEvent: {}
[267.077607] (-) TimerEvent: {}
[267.135534] (realsense2_camera_msgs) StdoutLine: {'line': b'[ 52%] \x1b[32mBuilding CXX object CMakeFiles/realsense2_camera_msgs__rosidl_typesupport_fastrtps_cpp.dir/rosidl_typesupport_fastrtps_cpp/realsense2_camera_msgs/srv/detail/dds_fastrtps/safety_interface_config_write__type_support.cpp.o\x1b[0m\n'}
[267.177849] (-) TimerEvent: {}
[267.278633] (-) TimerEvent: {}
[267.379419] (-) TimerEvent: {}
[267.480288] (-) TimerEvent: {}
[267.580997] (-) TimerEvent: {}
[267.681649] (-) TimerEvent: {}
[267.782382] (-) TimerEvent: {}
[267.883210] (-) TimerEvent: {}
[267.983966] (-) TimerEvent: {}
[268.084786] (-) TimerEvent: {}
[268.185577] (-) TimerEvent: {}
[268.286373] (-) TimerEvent: {}
[268.387213] (-) TimerEvent: {}
[268.488132] (-) TimerEvent: {}
[268.588973] (-) TimerEvent: {}
[268.689802] (-) TimerEvent: {}
[268.790515] (-) TimerEvent: {}
[268.891367] (-) TimerEvent: {}
[268.992169] (-) TimerEvent: {}
[269.093042] (-) TimerEvent: {}
[269.193805] (-) TimerEvent: {}
[269.294514] (-) TimerEvent: {}
[269.395270] (-) TimerEvent: {}
[269.496058] (-) TimerEvent: {}
[269.596824] (-) TimerEvent: {}
[269.697512] (-) TimerEvent: {}
[269.798302] (-) TimerEvent: {}
[269.899083] (-) TimerEvent: {}
[269.999826] (-) TimerEvent: {}
[270.100544] (-) TimerEvent: {}
[270.201334] (-) TimerEvent: {}
[270.302077] (-) TimerEvent: {}
[270.402806] (-) TimerEvent: {}
[270.503513] (-) TimerEvent: {}
[270.604329] (-) TimerEvent: {}
[270.705110] (-) TimerEvent: {}
[270.805842] (-) TimerEvent: {}
[270.821892] (realsense2_camera_msgs) StdoutLine: {'line': b'[ 53%] \x1b[32mBuilding CXX object CMakeFiles/realsense2_camera_msgs__rosidl_typesupport_fastrtps_cpp.dir/rosidl_typesupport_fastrtps_cpp/realsense2_camera_msgs/srv/detail/dds_fastrtps/calib_config_read__type_support.cpp.o\x1b[0m\n'}
[270.906025] (-) TimerEvent: {}
[271.006761] (-) TimerEvent: {}
[271.107419] (-) TimerEvent: {}
[271.208124] (-) TimerEvent: {}
[271.308800] (-) TimerEvent: {}
[271.409452] (-) TimerEvent: {}
[271.510166] (-) TimerEvent: {}
[271.610883] (-) TimerEvent: {}
[271.711604] (-) TimerEvent: {}
[271.812422] (-) TimerEvent: {}
[271.913182] (-) TimerEvent: {}
[272.013933] (-) TimerEvent: {}
[272.114645] (-) TimerEvent: {}
[272.215441] (-) TimerEvent: {}
[272.316335] (-) TimerEvent: {}
[272.417183] (-) TimerEvent: {}
[272.517984] (-) TimerEvent: {}
[272.618752] (-) TimerEvent: {}
[272.719554] (-) TimerEvent: {}
[272.820401] (-) TimerEvent: {}
[272.921200] (-) TimerEvent: {}
[273.021974] (-) TimerEvent: {}
[273.122735] (-) TimerEvent: {}
[273.223441] (-) TimerEvent: {}
[273.324242] (-) TimerEvent: {}
[273.425009] (-) TimerEvent: {}
[273.525785] (-) TimerEvent: {}
[273.626541] (-) TimerEvent: {}
[273.727297] (-) TimerEvent: {}
[273.828083] (-) TimerEvent: {}
[273.928835] (-) TimerEvent: {}
[274.029590] (-) TimerEvent: {}
[274.130429] (-) TimerEvent: {}
[274.231229] (-) TimerEvent: {}
[274.332167] (-) TimerEvent: {}
[274.432996] (-) TimerEvent: {}
[274.470406] (realsense2_camera_msgs) StdoutLine: {'line': b'[ 54%] \x1b[32mBuilding CXX object CMakeFiles/realsense2_camera_msgs__rosidl_typesupport_fastrtps_cpp.dir/rosidl_typesupport_fastrtps_cpp/realsense2_camera_msgs/srv/detail/dds_fastrtps/calib_config_write__type_support.cpp.o\x1b[0m\n'}
[274.534129] (-) TimerEvent: {}
[274.635539] (-) TimerEvent: {}
[274.736268] (-) TimerEvent: {}
[274.836993] (-) TimerEvent: {}
[274.955492] (-) TimerEvent: {}
[275.056399] (-) TimerEvent: {}
[275.157297] (-) TimerEvent: {}
[275.258106] (-) TimerEvent: {}
[275.358844] (-) TimerEvent: {}
[275.459615] (-) TimerEvent: {}
[275.560436] (-) TimerEvent: {}
[275.661275] (-) TimerEvent: {}
[275.763078] (-) TimerEvent: {}
[275.863858] (-) TimerEvent: {}
[275.964570] (-) TimerEvent: {}
[276.065375] (-) TimerEvent: {}
[276.166264] (-) TimerEvent: {}
[276.267051] (-) TimerEvent: {}
[276.367809] (-) TimerEvent: {}
[276.468501] (-) TimerEvent: {}
[276.569279] (-) TimerEvent: {}
[276.670058] (-) TimerEvent: {}
[276.770823] (-) TimerEvent: {}
[276.871544] (-) TimerEvent: {}
[276.972330] (-) TimerEvent: {}
[277.073135] (-) TimerEvent: {}
[277.173859] (-) TimerEvent: {}
[277.274743] (-) TimerEvent: {}
[277.375451] (-) TimerEvent: {}
[277.476263] (-) TimerEvent: {}
[277.577047] (-) TimerEvent: {}
[277.677819] (-) TimerEvent: {}
[277.778525] (-) TimerEvent: {}
[277.879278] (-) TimerEvent: {}
[277.980107] (-) TimerEvent: {}
[278.080822] (-) TimerEvent: {}
[278.181556] (-) TimerEvent: {}
[278.282351] (-) TimerEvent: {}
[278.327647] (realsense2_camera_msgs) StdoutLine: {'line': b'[ 54%] \x1b[32mBuilding CXX object CMakeFiles/realsense2_camera_msgs__rosidl_typesupport_fastrtps_cpp.dir/rosidl_typesupport_fastrtps_cpp/realsense2_camera_msgs/srv/detail/dds_fastrtps/application_config_read__type_support.cpp.o\x1b[0m\n'}
[278.382562] (-) TimerEvent: {}
[278.483364] (-) TimerEvent: {}
[278.584235] (-) TimerEvent: {}
[278.685004] (-) TimerEvent: {}
[278.785753] (-) TimerEvent: {}
[278.886434] (-) TimerEvent: {}
[278.987148] (-) TimerEvent: {}
[279.088053] (-) TimerEvent: {}
[279.188814] (-) TimerEvent: {}
[279.289559] (-) TimerEvent: {}
[279.390368] (-) TimerEvent: {}
[279.491129] (-) TimerEvent: {}
[279.591841] (-) TimerEvent: {}
[279.692578] (-) TimerEvent: {}
[279.793396] (-) TimerEvent: {}
[279.894196] (-) TimerEvent: {}
[279.994999] (-) TimerEvent: {}
[280.095837] (-) TimerEvent: {}
[280.196605] (-) TimerEvent: {}
[280.297395] (-) TimerEvent: {}
[280.398174] (-) TimerEvent: {}
[280.498932] (-) TimerEvent: {}
[280.599800] (-) TimerEvent: {}
[280.700816] (-) TimerEvent: {}
[280.801506] (-) TimerEvent: {}
[280.902272] (-) TimerEvent: {}
[281.003071] (-) TimerEvent: {}
[281.103831] (-) TimerEvent: {}
[281.204534] (-) TimerEvent: {}
[281.305336] (-) TimerEvent: {}
[281.406102] (-) TimerEvent: {}
[281.506838] (-) TimerEvent: {}
[281.607588] (-) TimerEvent: {}
[281.708375] (-) TimerEvent: {}
[281.809192] (-) TimerEvent: {}
[281.909946] (-) TimerEvent: {}
[281.966331] (realsense2_camera_msgs) StdoutLine: {'line': b'[ 55%] \x1b[32mBuilding CXX object CMakeFiles/realsense2_camera_msgs__rosidl_typesupport_fastrtps_cpp.dir/rosidl_typesupport_fastrtps_cpp/realsense2_camera_msgs/srv/detail/dds_fastrtps/application_config_write__type_support.cpp.o\x1b[0m\n'}
[282.010163] (-) TimerEvent: {}
[282.110962] (-) TimerEvent: {}
[282.211634] (-) TimerEvent: {}
[282.312402] (-) TimerEvent: {}
[282.413302] (-) TimerEvent: {}
[282.514066] (-) TimerEvent: {}
[282.614838] (-) TimerEvent: {}
[282.715565] (-) TimerEvent: {}
[282.816331] (-) TimerEvent: {}
[282.917116] (-) TimerEvent: {}
[283.017891] (-) TimerEvent: {}
[283.118604] (-) TimerEvent: {}
[283.219429] (-) TimerEvent: {}
[283.320279] (-) TimerEvent: {}
[283.421087] (-) TimerEvent: {}
[283.521850] (-) TimerEvent: {}
[283.622568] (-) TimerEvent: {}
[283.723336] (-) TimerEvent: {}
[283.824189] (-) TimerEvent: {}
[283.925043] (-) TimerEvent: {}
[284.025836] (-) TimerEvent: {}
[284.126558] (-) TimerEvent: {}
[284.228944] (-) TimerEvent: {}
[284.329931] (-) TimerEvent: {}
[284.430720] (-) TimerEvent: {}
[284.531475] (-) TimerEvent: {}
[284.632316] (-) TimerEvent: {}
[284.733070] (-) TimerEvent: {}
[284.833840] (-) TimerEvent: {}
[284.934573] (-) TimerEvent: {}
[285.041405] (-) TimerEvent: {}
[285.142278] (-) TimerEvent: {}
[285.243053] (-) TimerEvent: {}
[285.343814] (-) TimerEvent: {}
[285.444725] (-) TimerEvent: {}
[285.545487] (-) TimerEvent: {}
[285.646325] (-) TimerEvent: {}
[285.747260] (-) TimerEvent: {}
[285.790895] (realsense2_camera_msgs) StdoutLine: {'line': b'[ 55%] \x1b[32mBuilding CXX object CMakeFiles/realsense2_camera_msgs__rosidl_typesupport_fastrtps_cpp.dir/rosidl_typesupport_fastrtps_cpp/realsense2_camera_msgs/srv/detail/dds_fastrtps/hardware_monitor_command_send__type_support.cpp.o\x1b[0m\n'}
[285.847467] (-) TimerEvent: {}
[285.948204] (-) TimerEvent: {}
[286.048927] (-) TimerEvent: {}
[286.149588] (-) TimerEvent: {}
[286.250311] (-) TimerEvent: {}
[286.351032] (-) TimerEvent: {}
[286.451746] (-) TimerEvent: {}
[286.552433] (-) TimerEvent: {}
[286.653197] (-) TimerEvent: {}
[286.753954] (-) TimerEvent: {}
[286.854743] (-) TimerEvent: {}
[286.955481] (-) TimerEvent: {}
[287.056585] (-) TimerEvent: {}
[287.157390] (-) TimerEvent: {}
[287.258273] (-) TimerEvent: {}
[287.359113] (-) TimerEvent: {}
[287.459848] (-) TimerEvent: {}
[287.560748] (-) TimerEvent: {}
[287.661498] (-) TimerEvent: {}
[287.762252] (-) TimerEvent: {}
[287.863042] (-) TimerEvent: {}
[287.963834] (-) TimerEvent: {}
[288.064597] (-) TimerEvent: {}
[288.165354] (-) TimerEvent: {}
[288.266146] (-) TimerEvent: {}
[288.366924] (-) TimerEvent: {}
[288.467634] (-) TimerEvent: {}
[288.568395] (-) TimerEvent: {}
[288.669214] (-) TimerEvent: {}
[288.770001] (-) TimerEvent: {}
[288.870726] (-) TimerEvent: {}
[288.971402] (-) TimerEvent: {}
[289.072256] (-) TimerEvent: {}
[289.173023] (-) TimerEvent: {}
[289.273805] (-) TimerEvent: {}
[289.374555] (-) TimerEvent: {}
[289.475416] (-) TimerEvent: {}
[289.576193] (-) TimerEvent: {}
[289.676896] (-) TimerEvent: {}
[289.777706] (-) TimerEvent: {}
[289.878420] (-) TimerEvent: {}
[289.979383] (-) TimerEvent: {}
[290.092916] (realsense2_camera_msgs) StdoutLine: {'line': b'[ 56%] \x1b[32mBuilding CXX object CMakeFiles/realsense2_camera_msgs__rosidl_typesupport_fastrtps_cpp.dir/rosidl_typesupport_fastrtps_cpp/realsense2_camera_msgs/action/detail/dds_fastrtps/triggered_calibration__type_support.cpp.o\x1b[0m\n'}
[290.093598] (-) TimerEvent: {}
[290.194206] (-) TimerEvent: {}
[290.294850] (-) TimerEvent: {}
[290.395492] (-) TimerEvent: {}
[290.496176] (-) TimerEvent: {}
[290.596826] (-) TimerEvent: {}
[290.697492] (-) TimerEvent: {}
[290.798186] (-) TimerEvent: {}
[290.898844] (-) TimerEvent: {}
[290.999567] (-) TimerEvent: {}
[291.100351] (-) TimerEvent: {}
[291.201375] (-) TimerEvent: {}
[291.302175] (-) TimerEvent: {}
[291.402983] (-) TimerEvent: {}
[291.503732] (-) TimerEvent: {}
[291.604465] (-) TimerEvent: {}
[291.705293] (-) TimerEvent: {}
[291.806067] (-) TimerEvent: {}
[291.906826] (-) TimerEvent: {}
[292.007935] (-) TimerEvent: {}
[292.108820] (-) TimerEvent: {}
[292.209594] (-) TimerEvent: {}
[292.310453] (-) TimerEvent: {}
[292.411324] (-) TimerEvent: {}
[292.512091] (-) TimerEvent: {}
[292.612833] (-) TimerEvent: {}
[292.713649] (-) TimerEvent: {}
[292.814528] (-) TimerEvent: {}
[292.915380] (-) TimerEvent: {}
[293.016249] (-) TimerEvent: {}
[293.117106] (-) TimerEvent: {}
[293.217855] (-) TimerEvent: {}
[293.318596] (-) TimerEvent: {}
[293.419416] (-) TimerEvent: {}
[293.520183] (-) TimerEvent: {}
[293.620971] (-) TimerEvent: {}
[293.721742] (-) TimerEvent: {}
[293.822458] (-) TimerEvent: {}
[293.923260] (-) TimerEvent: {}
[294.024055] (-) TimerEvent: {}
[294.124810] (-) TimerEvent: {}
[294.225813] (-) TimerEvent: {}
[294.326788] (-) TimerEvent: {}
[294.427503] (-) TimerEvent: {}
[294.528279] (-) TimerEvent: {}
[294.629133] (-) TimerEvent: {}
[294.729972] (-) TimerEvent: {}
[294.830769] (-) TimerEvent: {}
[294.931529] (-) TimerEvent: {}
[295.032338] (-) TimerEvent: {}
[295.133152] (-) TimerEvent: {}
[295.233929] (-) TimerEvent: {}
[295.334762] (-) TimerEvent: {}
[295.435574] (-) TimerEvent: {}
[295.536424] (-) TimerEvent: {}
[295.637304] (-) TimerEvent: {}
[295.738091] (-) TimerEvent: {}
[295.838852] (-) TimerEvent: {}
[295.939588] (-) TimerEvent: {}
[296.040366] (-) TimerEvent: {}
[296.141203] (-) TimerEvent: {}
[296.241962] (-) TimerEvent: {}
[296.342735] (-) TimerEvent: {}
[296.443463] (-) TimerEvent: {}
[296.544279] (-) TimerEvent: {}
[296.645230] (-) TimerEvent: {}
[296.700710] (realsense2_camera_msgs) StdoutLine: {'line': b'[ 57%] \x1b[32m\x1b[1mLinking CXX shared library librealsense2_camera_msgs__rosidl_typesupport_fastrtps_cpp.so\x1b[0m\n'}
[296.745416] (-) TimerEvent: {}
[296.846261] (-) TimerEvent: {}
[296.947292] (-) TimerEvent: {}
[297.048462] (-) TimerEvent: {}
[297.149300] (-) TimerEvent: {}
[297.222020] (realsense2_camera_msgs) StdoutLine: {'line': b'[ 57%] Built target realsense2_camera_msgs__rosidl_typesupport_fastrtps_cpp\n'}
[297.249504] (-) TimerEvent: {}
[297.309193] (realsense2_camera_msgs) StdoutLine: {'line': b'[ 58%] \x1b[34m\x1b[1mGenerating C++ introspection for ROS interfaces\x1b[0m\n'}
[297.349649] (-) TimerEvent: {}
[297.450315] (-) TimerEvent: {}
[297.551032] (-) TimerEvent: {}
[297.651653] (-) TimerEvent: {}
[297.752333] (-) TimerEvent: {}
[297.853130] (-) TimerEvent: {}
[297.953789] (-) TimerEvent: {}
[298.054441] (-) TimerEvent: {}
[298.155142] (-) TimerEvent: {}
[298.255878] (-) TimerEvent: {}
[298.356629] (-) TimerEvent: {}
[298.457308] (-) TimerEvent: {}
[298.557975] (-) TimerEvent: {}
[298.658587] (-) TimerEvent: {}
[298.759301] (-) TimerEvent: {}
[298.860009] (-) TimerEvent: {}
[298.960615] (-) TimerEvent: {}
[299.061255] (-) TimerEvent: {}
[299.161919] (-) TimerEvent: {}
[299.262546] (-) TimerEvent: {}
[299.363212] (-) TimerEvent: {}
[299.463808] (-) TimerEvent: {}
[299.564443] (-) TimerEvent: {}
[299.665111] (-) TimerEvent: {}
[299.765776] (-) TimerEvent: {}
[299.866530] (-) TimerEvent: {}
[299.967159] (-) TimerEvent: {}
[300.067796] (-) TimerEvent: {}
[300.174437] (-) TimerEvent: {}
[300.275191] (-) TimerEvent: {}
[300.375826] (-) TimerEvent: {}
[300.476470] (-) TimerEvent: {}
[300.577186] (-) TimerEvent: {}
[300.677805] (-) TimerEvent: {}
[300.778434] (-) TimerEvent: {}
[300.879097] (-) TimerEvent: {}
[300.979731] (-) TimerEvent: {}
[301.080330] (-) TimerEvent: {}
[301.180942] (-) TimerEvent: {}
[301.281573] (-) TimerEvent: {}
[301.382313] (-) TimerEvent: {}
[301.483117] (-) TimerEvent: {}
[301.583880] (-) TimerEvent: {}
[301.684754] (-) TimerEvent: {}
[301.785419] (-) TimerEvent: {}
[301.886151] (-) TimerEvent: {}
[301.986967] (-) TimerEvent: {}
[302.087663] (-) TimerEvent: {}
[302.188377] (-) TimerEvent: {}
[302.289115] (-) TimerEvent: {}
[302.389820] (-) TimerEvent: {}
[302.490499] (-) TimerEvent: {}
[302.591217] (-) TimerEvent: {}
[302.692095] (-) TimerEvent: {}
[302.709113] (realsense2_camera_msgs) StdoutLine: {'line': b'[ 58%] \x1b[32mBuilding CXX object CMakeFiles/realsense2_camera_msgs__rosidl_typesupport_introspection_cpp.dir/rosidl_typesupport_introspection_cpp/realsense2_camera_msgs/msg/detail/imu_info__type_support.cpp.o\x1b[0m\n'}
[302.792282] (-) TimerEvent: {}
[302.892961] (-) TimerEvent: {}
[302.993623] (-) TimerEvent: {}
[303.094340] (-) TimerEvent: {}
[303.195105] (-) TimerEvent: {}
[303.295851] (-) TimerEvent: {}
[303.396561] (-) TimerEvent: {}
[303.497441] (-) TimerEvent: {}
[303.598248] (-) TimerEvent: {}
[303.699060] (-) TimerEvent: {}
[303.799822] (-) TimerEvent: {}
[303.900537] (-) TimerEvent: {}
[304.001615] (-) TimerEvent: {}
[304.102378] (-) TimerEvent: {}
[304.203407] (-) TimerEvent: {}
[304.304206] (-) TimerEvent: {}
[304.404960] (-) TimerEvent: {}
[304.488161] (realsense2_camera_msgs) StdoutLine: {'line': b'[ 59%] \x1b[32mBuilding CXX object CMakeFiles/realsense2_camera_msgs__rosidl_typesupport_introspection_cpp.dir/rosidl_typesupport_introspection_cpp/realsense2_camera_msgs/msg/detail/extrinsics__type_support.cpp.o\x1b[0m\n'}
[304.505145] (-) TimerEvent: {}
[304.606155] (-) TimerEvent: {}
[304.706816] (-) TimerEvent: {}
[304.808013] (-) TimerEvent: {}
[304.908710] (-) TimerEvent: {}
[305.009385] (-) TimerEvent: {}
[305.110300] (-) TimerEvent: {}
[305.212045] (-) TimerEvent: {}
[305.313539] (-) TimerEvent: {}
[305.414809] (-) TimerEvent: {}
[305.515635] (-) TimerEvent: {}
[305.616414] (-) TimerEvent: {}
[305.717197] (-) TimerEvent: {}
[305.818043] (-) TimerEvent: {}
[305.918816] (-) TimerEvent: {}
[306.019550] (-) TimerEvent: {}
[306.120313] (-) TimerEvent: {}
[306.190865] (realsense2_camera_msgs) StdoutLine: {'line': b'[ 60%] \x1b[32mBuilding CXX object CMakeFiles/realsense2_camera_msgs__rosidl_typesupport_introspection_cpp.dir/rosidl_typesupport_introspection_cpp/realsense2_camera_msgs/msg/detail/metadata__type_support.cpp.o\x1b[0m\n'}
[306.220517] (-) TimerEvent: {}
[306.321392] (-) TimerEvent: {}
[306.422088] (-) TimerEvent: {}
[306.522798] (-) TimerEvent: {}
[306.623482] (-) TimerEvent: {}
[306.724167] (-) TimerEvent: {}
[306.824926] (-) TimerEvent: {}
[306.925657] (-) TimerEvent: {}
[307.026503] (-) TimerEvent: {}
[307.127291] (-) TimerEvent: {}
[307.228084] (-) TimerEvent: {}
[307.249903] (realsense2_camera_msgs) StdoutLine: {'line': b'[ 60%] \x1b[32mBuilding CXX object CMakeFiles/realsense2_camera_msgs__rosidl_typesupport_introspection_cpp.dir/rosidl_typesupport_introspection_cpp/realsense2_camera_msgs/msg/detail/rgbd__type_support.cpp.o\x1b[0m\n'}
[307.328330] (-) TimerEvent: {}
[307.432150] (-) TimerEvent: {}
[307.532996] (-) TimerEvent: {}
[307.633825] (-) TimerEvent: {}
[307.734588] (-) TimerEvent: {}
[307.835413] (-) TimerEvent: {}
[307.899777] (realsense2_camera_msgs) StdoutLine: {'line': b'[ 61%] \x1b[32mBuilding CXX object CMakeFiles/realsense2_camera_msgs__rosidl_typesupport_introspection_cpp.dir/rosidl_typesupport_introspection_cpp/realsense2_camera_msgs/srv/detail/device_info__type_support.cpp.o\x1b[0m\n'}
[307.935804] (-) TimerEvent: {}
[308.036811] (-) TimerEvent: {}
[308.137552] (-) TimerEvent: {}
[308.239295] (-) TimerEvent: {}
[308.340358] (-) TimerEvent: {}
[308.441134] (-) TimerEvent: {}
[308.541973] (-) TimerEvent: {}
[308.643060] (-) TimerEvent: {}
[308.743977] (-) TimerEvent: {}
[308.845000] (-) TimerEvent: {}
[308.945874] (-) TimerEvent: {}
[309.046748] (-) TimerEvent: {}
[309.147605] (-) TimerEvent: {}
[309.248474] (-) TimerEvent: {}
[309.349407] (-) TimerEvent: {}
[309.416441] (realsense2_camera_msgs) StdoutLine: {'line': b'[ 61%] \x1b[32mBuilding CXX object CMakeFiles/realsense2_camera_msgs__rosidl_typesupport_introspection_cpp.dir/rosidl_typesupport_introspection_cpp/realsense2_camera_msgs/srv/detail/safety_preset_read__type_support.cpp.o\x1b[0m\n'}
[309.449612] (-) TimerEvent: {}
[309.550500] (-) TimerEvent: {}
[309.651354] (-) TimerEvent: {}
[309.752444] (-) TimerEvent: {}
[309.854223] (-) TimerEvent: {}
[309.955120] (-) TimerEvent: {}
[310.056179] (-) TimerEvent: {}
[310.157165] (-) TimerEvent: {}
[310.258040] (-) TimerEvent: {}
[310.358856] (-) TimerEvent: {}
[310.459832] (-) TimerEvent: {}
[310.560750] (-) TimerEvent: {}
[310.661783] (-) TimerEvent: {}
[310.762831] (-) TimerEvent: {}
[310.863842] (-) TimerEvent: {}
[310.965006] (-) TimerEvent: {}
[311.066073] (-) TimerEvent: {}
[311.167141] (-) TimerEvent: {}
[311.268236] (-) TimerEvent: {}
[311.369304] (-) TimerEvent: {}
[311.470129] (-) TimerEvent: {}
[311.570871] (-) TimerEvent: {}
[311.660454] (realsense2_camera_msgs) StdoutLine: {'line': b'[ 62%] \x1b[32mBuilding CXX object CMakeFiles/realsense2_camera_msgs__rosidl_typesupport_introspection_cpp.dir/rosidl_typesupport_introspection_cpp/realsense2_camera_msgs/srv/detail/safety_preset_write__type_support.cpp.o\x1b[0m\n'}
[311.671093] (-) TimerEvent: {}
[311.772002] (-) TimerEvent: {}
[311.873237] (-) TimerEvent: {}
[311.974154] (-) TimerEvent: {}
[312.074941] (-) TimerEvent: {}
[312.176119] (-) TimerEvent: {}
[312.277080] (-) TimerEvent: {}
[312.308645] (realsense2_camera_msgs) StdoutLine: {'line': b'[ 62%] \x1b[32mBuilding CXX object CMakeFiles/realsense2_camera_msgs__rosidl_typesupport_introspection_cpp.dir/rosidl_typesupport_introspection_cpp/realsense2_camera_msgs/srv/detail/safety_interface_config_read__type_support.cpp.o\x1b[0m\n'}
[312.377277] (-) TimerEvent: {}
[312.478027] (-) TimerEvent: {}
[312.578825] (-) TimerEvent: {}
[312.680478] (-) TimerEvent: {}
[312.781287] (-) TimerEvent: {}
[312.882548] (-) TimerEvent: {}
[312.983363] (-) TimerEvent: {}
[313.085065] (-) TimerEvent: {}
[313.186060] (-) TimerEvent: {}
[313.287033] (-) TimerEvent: {}
[313.388582] (-) TimerEvent: {}
[313.489601] (-) TimerEvent: {}
[313.590584] (-) TimerEvent: {}
[313.691898] (-) TimerEvent: {}
[313.792875] (-) TimerEvent: {}
[313.894202] (-) TimerEvent: {}
[313.995074] (-) TimerEvent: {}
[314.095930] (-) TimerEvent: {}
[314.198923] (-) TimerEvent: {}
[314.305895] (-) TimerEvent: {}
[314.407499] (-) TimerEvent: {}
[314.509343] (-) TimerEvent: {}
[314.611142] (-) TimerEvent: {}
[314.712996] (-) TimerEvent: {}
[314.727011] (realsense2_camera_msgs) StdoutLine: {'line': b'[ 63%] \x1b[32mBuilding CXX object CMakeFiles/realsense2_camera_msgs__rosidl_typesupport_introspection_cpp.dir/rosidl_typesupport_introspection_cpp/realsense2_camera_msgs/srv/detail/safety_interface_config_write__type_support.cpp.o\x1b[0m\n'}
[314.813220] (-) TimerEvent: {}
[314.914094] (-) TimerEvent: {}
[315.015336] (-) TimerEvent: {}
[315.116870] (-) TimerEvent: {}
[315.220928] (-) TimerEvent: {}
[315.321739] (-) TimerEvent: {}
[315.362043] (realsense2_camera_msgs) StdoutLine: {'line': b'[ 64%] \x1b[32mBuilding CXX object CMakeFiles/realsense2_camera_msgs__rosidl_typesupport_introspection_cpp.dir/rosidl_typesupport_introspection_cpp/realsense2_camera_msgs/srv/detail/calib_config_read__type_support.cpp.o\x1b[0m\n'}
[315.421894] (-) TimerEvent: {}
[315.523162] (-) TimerEvent: {}
[315.623969] (-) TimerEvent: {}
[315.724847] (-) TimerEvent: {}
[315.825612] (-) TimerEvent: {}
[315.926406] (-) TimerEvent: {}
[316.027310] (-) TimerEvent: {}
[316.128153] (-) TimerEvent: {}
[316.229117] (-) TimerEvent: {}
[316.329966] (-) TimerEvent: {}
[316.430897] (-) TimerEvent: {}
[316.531803] (-) TimerEvent: {}
[316.632613] (-) TimerEvent: {}
[316.733503] (-) TimerEvent: {}
[316.834394] (-) TimerEvent: {}
[316.935352] (-) TimerEvent: {}
[317.036299] (-) TimerEvent: {}
[317.137199] (-) TimerEvent: {}
[317.238135] (-) TimerEvent: {}
[317.339086] (-) TimerEvent: {}
[317.441471] (-) TimerEvent: {}
[317.542456] (-) TimerEvent: {}
[317.643423] (-) TimerEvent: {}
[317.744268] (-) TimerEvent: {}
[317.786472] (realsense2_camera_msgs) StdoutLine: {'line': b'[ 64%] \x1b[32mBuilding CXX object CMakeFiles/realsense2_camera_msgs__rosidl_typesupport_introspection_cpp.dir/rosidl_typesupport_introspection_cpp/realsense2_camera_msgs/srv/detail/calib_config_write__type_support.cpp.o\x1b[0m\n'}
[317.844470] (-) TimerEvent: {}
[317.945289] (-) TimerEvent: {}
[318.046044] (-) TimerEvent: {}
[318.146825] (-) TimerEvent: {}
[318.247560] (-) TimerEvent: {}
[318.291052] (realsense2_camera_msgs) StdoutLine: {'line': b'[ 65%] \x1b[32mBuilding CXX object CMakeFiles/realsense2_camera_msgs__rosidl_typesupport_introspection_cpp.dir/rosidl_typesupport_introspection_cpp/realsense2_camera_msgs/srv/detail/application_config_read__type_support.cpp.o\x1b[0m\n'}
[318.347816] (-) TimerEvent: {}
[318.448546] (-) TimerEvent: {}
[318.549749] (-) TimerEvent: {}
[318.650476] (-) TimerEvent: {}
[318.751391] (-) TimerEvent: {}
[318.852641] (-) TimerEvent: {}
[318.954190] (-) TimerEvent: {}
[319.055533] (-) TimerEvent: {}
[319.156936] (-) TimerEvent: {}
[319.257884] (-) TimerEvent: {}
[319.359180] (-) TimerEvent: {}
[319.460135] (-) TimerEvent: {}
[319.561587] (-) TimerEvent: {}
[319.662494] (-) TimerEvent: {}
[319.764053] (-) TimerEvent: {}
[319.864861] (-) TimerEvent: {}
[319.965711] (-) TimerEvent: {}
[320.066982] (-) TimerEvent: {}
[320.168027] (-) TimerEvent: {}
[320.269384] (-) TimerEvent: {}
[320.370854] (-) TimerEvent: {}
[320.471663] (-) TimerEvent: {}
[320.572536] (-) TimerEvent: {}
[320.673411] (-) TimerEvent: {}
[320.761843] (realsense2_camera_msgs) StdoutLine: {'line': b'[ 65%] \x1b[32mBuilding CXX object CMakeFiles/realsense2_camera_msgs__rosidl_typesupport_introspection_cpp.dir/rosidl_typesupport_introspection_cpp/realsense2_camera_msgs/srv/detail/application_config_write__type_support.cpp.o\x1b[0m\n'}
[320.773640] (-) TimerEvent: {}
[320.874543] (-) TimerEvent: {}
[320.975785] (-) TimerEvent: {}
[321.076555] (-) TimerEvent: {}
[321.177438] (-) TimerEvent: {}
[321.191034] (realsense2_camera_msgs) StdoutLine: {'line': b'[ 66%] \x1b[32mBuilding CXX object CMakeFiles/realsense2_camera_msgs__rosidl_typesupport_introspection_cpp.dir/rosidl_typesupport_introspection_cpp/realsense2_camera_msgs/srv/detail/hardware_monitor_command_send__type_support.cpp.o\x1b[0m\n'}
[321.277654] (-) TimerEvent: {}
[321.378585] (-) TimerEvent: {}
[321.479387] (-) TimerEvent: {}
[321.580204] (-) TimerEvent: {}
[321.680943] (-) TimerEvent: {}
[321.781804] (-) TimerEvent: {}
[321.882711] (-) TimerEvent: {}
[321.983495] (-) TimerEvent: {}
[322.084391] (-) TimerEvent: {}
[322.185548] (-) TimerEvent: {}
[322.286615] (-) TimerEvent: {}
[322.387630] (-) TimerEvent: {}
[322.488460] (-) TimerEvent: {}
[322.589385] (-) TimerEvent: {}
[322.690385] (-) TimerEvent: {}
[322.791416] (-) TimerEvent: {}
[322.892355] (-) TimerEvent: {}
[322.993472] (-) TimerEvent: {}
[323.094399] (-) TimerEvent: {}
[323.195330] (-) TimerEvent: {}
[323.296219] (-) TimerEvent: {}
[323.397128] (-) TimerEvent: {}
[323.498016] (-) TimerEvent: {}
[323.598829] (-) TimerEvent: {}
[323.699624] (-) TimerEvent: {}
[323.739583] (realsense2_camera_msgs) StdoutLine: {'line': b'[ 66%] \x1b[32mBuilding CXX object CMakeFiles/realsense2_camera_msgs__rosidl_typesupport_introspection_cpp.dir/rosidl_typesupport_introspection_cpp/realsense2_camera_msgs/action/detail/triggered_calibration__type_support.cpp.o\x1b[0m\n'}
[323.799833] (-) TimerEvent: {}
[323.901125] (-) TimerEvent: {}
[324.001866] (-) TimerEvent: {}
[324.102621] (-) TimerEvent: {}
[324.204876] (-) TimerEvent: {}
[324.309432] (-) TimerEvent: {}
[324.411139] (-) TimerEvent: {}
[324.513031] (-) TimerEvent: {}
[324.614409] (-) TimerEvent: {}
[324.716357] (-) TimerEvent: {}
[324.818346] (-) TimerEvent: {}
[324.919224] (-) TimerEvent: {}
[325.020922] (-) TimerEvent: {}
[325.122545] (-) TimerEvent: {}
[325.224366] (-) TimerEvent: {}
[325.326250] (-) TimerEvent: {}
[325.427602] (-) TimerEvent: {}
[325.528412] (-) TimerEvent: {}
[325.629266] (-) TimerEvent: {}
[325.730053] (-) TimerEvent: {}
[325.830831] (-) TimerEvent: {}
[325.931588] (-) TimerEvent: {}
[326.032366] (-) TimerEvent: {}
[326.133233] (-) TimerEvent: {}
[326.234347] (-) TimerEvent: {}
[326.335112] (-) TimerEvent: {}
[326.435864] (-) TimerEvent: {}
[326.536616] (-) TimerEvent: {}
[326.637484] (-) TimerEvent: {}
[326.738307] (-) TimerEvent: {}
[326.839227] (-) TimerEvent: {}
[326.940014] (-) TimerEvent: {}
[327.040801] (-) TimerEvent: {}
[327.141545] (-) TimerEvent: {}
[327.242282] (-) TimerEvent: {}
[327.343077] (-) TimerEvent: {}
[327.443814] (-) TimerEvent: {}
[327.544499] (-) TimerEvent: {}
[327.645274] (-) TimerEvent: {}
[327.746070] (-) TimerEvent: {}
[327.846825] (-) TimerEvent: {}
[327.947530] (-) TimerEvent: {}
[328.048282] (-) TimerEvent: {}
[328.149084] (-) TimerEvent: {}
[328.249835] (-) TimerEvent: {}
[328.350578] (-) TimerEvent: {}
[328.451418] (-) TimerEvent: {}
[328.541431] (realsense2_camera_msgs) StdoutLine: {'line': b'[ 67%] \x1b[32m\x1b[1mLinking CXX shared library librealsense2_camera_msgs__rosidl_typesupport_introspection_cpp.so\x1b[0m\n'}
[328.551720] (-) TimerEvent: {}
[328.652459] (-) TimerEvent: {}
[328.753282] (-) TimerEvent: {}
[328.854150] (-) TimerEvent: {}
[328.955124] (-) TimerEvent: {}
[329.056032] (-) TimerEvent: {}
[329.057000] (realsense2_camera_msgs) StdoutLine: {'line': b'[ 67%] Built target realsense2_camera_msgs__rosidl_typesupport_introspection_cpp\n'}
[329.145528] (realsense2_camera_msgs) StdoutLine: {'line': b'[ 68%] \x1b[34m\x1b[1mGenerating C introspection for ROS interfaces\x1b[0m\n'}
[329.146424] (realsense2_camera_msgs) StdoutLine: {'line': b'[ 68%] \x1b[34m\x1b[1mGenerating C type support for eProsima Fast-RTPS\x1b[0m\n'}
[329.156210] (-) TimerEvent: {}
[329.256979] (-) TimerEvent: {}
[329.357855] (-) TimerEvent: {}
[329.459077] (-) TimerEvent: {}
[329.559799] (-) TimerEvent: {}
[329.660790] (-) TimerEvent: {}
[329.762265] (-) TimerEvent: {}
[329.863364] (-) TimerEvent: {}
[329.964088] (-) TimerEvent: {}
[330.064795] (-) TimerEvent: {}
[330.165473] (-) TimerEvent: {}
[330.266301] (-) TimerEvent: {}
[330.366990] (-) TimerEvent: {}
[330.467646] (-) TimerEvent: {}
[330.568332] (-) TimerEvent: {}
[330.669047] (-) TimerEvent: {}
[330.769755] (-) TimerEvent: {}
[330.870405] (-) TimerEvent: {}
[330.971100] (-) TimerEvent: {}
[331.071788] (-) TimerEvent: {}
[331.172465] (-) TimerEvent: {}
[331.273200] (-) TimerEvent: {}
[331.373848] (-) TimerEvent: {}
[331.474532] (-) TimerEvent: {}
[331.575294] (-) TimerEvent: {}
[331.676117] (-) TimerEvent: {}
[331.776787] (-) TimerEvent: {}
[331.877431] (-) TimerEvent: {}
[331.978105] (-) TimerEvent: {}
[332.078826] (-) TimerEvent: {}
[332.179544] (-) TimerEvent: {}
[332.280229] (-) TimerEvent: {}
[332.380963] (-) TimerEvent: {}
[332.481633] (-) TimerEvent: {}
[332.582363] (-) TimerEvent: {}
[332.683107] (-) TimerEvent: {}
[332.783797] (-) TimerEvent: {}
[332.884492] (-) TimerEvent: {}
[332.985180] (-) TimerEvent: {}
[333.085865] (-) TimerEvent: {}
[333.186567] (-) TimerEvent: {}
[333.287276] (-) TimerEvent: {}
[333.387968] (-) TimerEvent: {}
[333.488593] (-) TimerEvent: {}
[333.589273] (-) TimerEvent: {}
[333.690021] (-) TimerEvent: {}
[333.790774] (-) TimerEvent: {}
[333.891841] (-) TimerEvent: {}
[333.997862] (-) TimerEvent: {}
[334.098796] (-) TimerEvent: {}
[334.199977] (-) TimerEvent: {}
[334.300817] (-) TimerEvent: {}
[334.403500] (-) TimerEvent: {}
[334.504393] (-) TimerEvent: {}
[334.606035] (-) TimerEvent: {}
[334.709411] (-) TimerEvent: {}
[334.810221] (-) TimerEvent: {}
[334.871904] (realsense2_camera_msgs) StdoutLine: {'line': b'[ 69%] \x1b[32mBuilding C object CMakeFiles/realsense2_camera_msgs__rosidl_typesupport_introspection_c.dir/rosidl_typesupport_introspection_c/realsense2_camera_msgs/msg/detail/imu_info__type_support.c.o\x1b[0m\n'}
[334.879986] (realsense2_camera_msgs) StdoutLine: {'line': b'[ 69%] \x1b[32mBuilding C object CMakeFiles/realsense2_camera_msgs__rosidl_typesupport_introspection_c.dir/rosidl_typesupport_introspection_c/realsense2_camera_msgs/msg/detail/extrinsics__type_support.c.o\x1b[0m\n'}
[334.905433] (realsense2_camera_msgs) StdoutLine: {'line': b'[ 70%] \x1b[32mBuilding C object CMakeFiles/realsense2_camera_msgs__rosidl_typesupport_introspection_c.dir/rosidl_typesupport_introspection_c/realsense2_camera_msgs/msg/detail/metadata__type_support.c.o\x1b[0m\n'}
[334.910418] (-) TimerEvent: {}
[335.011984] (-) TimerEvent: {}
[335.112810] (-) TimerEvent: {}
[335.215427] (-) TimerEvent: {}
[335.319117] (-) TimerEvent: {}
[335.419937] (-) TimerEvent: {}
[335.520613] (-) TimerEvent: {}
[335.621372] (-) TimerEvent: {}
[335.692112] (realsense2_camera_msgs) StdoutLine: {'line': b'[ 70%] \x1b[32mBuilding C object CMakeFiles/realsense2_camera_msgs__rosidl_typesupport_introspection_c.dir/rosidl_typesupport_introspection_c/realsense2_camera_msgs/msg/detail/rgbd__type_support.c.o\x1b[0m\n'}
[335.721651] (-) TimerEvent: {}
[335.743957] (realsense2_camera_msgs) StdoutLine: {'line': b'[ 71%] \x1b[32mBuilding C object CMakeFiles/realsense2_camera_msgs__rosidl_typesupport_introspection_c.dir/rosidl_typesupport_introspection_c/realsense2_camera_msgs/srv/detail/device_info__type_support.c.o\x1b[0m\n'}
[335.773480] (realsense2_camera_msgs) StdoutLine: {'line': b'[ 72%] \x1b[32mBuilding C object CMakeFiles/realsense2_camera_msgs__rosidl_typesupport_introspection_c.dir/rosidl_typesupport_introspection_c/realsense2_camera_msgs/srv/detail/safety_preset_read__type_support.c.o\x1b[0m\n'}
[335.822875] (-) TimerEvent: {}
[335.927753] (-) TimerEvent: {}
[336.029134] (-) TimerEvent: {}
[336.033930] (realsense2_camera_msgs) StdoutLine: {'line': b'[ 72%] \x1b[32mBuilding C object CMakeFiles/realsense2_camera_msgs__rosidl_typesupport_introspection_c.dir/rosidl_typesupport_introspection_c/realsense2_camera_msgs/srv/detail/safety_preset_write__type_support.c.o\x1b[0m\n'}
[336.129342] (-) TimerEvent: {}
[336.233043] (-) TimerEvent: {}
[336.234878] (realsense2_camera_msgs) StdoutLine: {'line': b'[ 73%] \x1b[32mBuilding C object CMakeFiles/realsense2_camera_msgs__rosidl_typesupport_introspection_c.dir/rosidl_typesupport_introspection_c/realsense2_camera_msgs/srv/detail/safety_interface_config_read__type_support.c.o\x1b[0m\n'}
[336.253059] (realsense2_camera_msgs) StdoutLine: {'line': b'[ 73%] \x1b[32mBuilding C object CMakeFiles/realsense2_camera_msgs__rosidl_typesupport_introspection_c.dir/rosidl_typesupport_introspection_c/realsense2_camera_msgs/srv/detail/safety_interface_config_write__type_support.c.o\x1b[0m\n'}
[336.333239] (-) TimerEvent: {}
[336.437572] (-) TimerEvent: {}
[336.538429] (-) TimerEvent: {}
[336.542418] (realsense2_camera_msgs) StdoutLine: {'line': b'[ 74%] \x1b[32mBuilding C object CMakeFiles/realsense2_camera_msgs__rosidl_typesupport_introspection_c.dir/rosidl_typesupport_introspection_c/realsense2_camera_msgs/srv/detail/calib_config_read__type_support.c.o\x1b[0m\n'}
[336.640846] (-) TimerEvent: {}
[336.730291] (realsense2_camera_msgs) StdoutLine: {'line': b'[ 74%] \x1b[32mBuilding C object CMakeFiles/realsense2_camera_msgs__rosidl_typesupport_introspection_c.dir/rosidl_typesupport_introspection_c/realsense2_camera_msgs/srv/detail/calib_config_write__type_support.c.o\x1b[0m\n'}
[336.741115] (-) TimerEvent: {}
[336.764038] (realsense2_camera_msgs) StdoutLine: {'line': b'[ 75%] \x1b[32mBuilding C object CMakeFiles/realsense2_camera_msgs__rosidl_typesupport_introspection_c.dir/rosidl_typesupport_introspection_c/realsense2_camera_msgs/srv/detail/application_config_read__type_support.c.o\x1b[0m\n'}
[336.841357] (-) TimerEvent: {}
[336.946171] (-) TimerEvent: {}
[337.038009] (realsense2_camera_msgs) StdoutLine: {'line': b'[ 76%] \x1b[32mBuilding C object CMakeFiles/realsense2_camera_msgs__rosidl_typesupport_introspection_c.dir/rosidl_typesupport_introspection_c/realsense2_camera_msgs/srv/detail/application_config_write__type_support.c.o\x1b[0m\n'}
[337.046414] (-) TimerEvent: {}
[337.149928] (-) TimerEvent: {}
[337.215327] (realsense2_camera_msgs) StdoutLine: {'line': b'[ 76%] \x1b[32mBuilding C object CMakeFiles/realsense2_camera_msgs__rosidl_typesupport_introspection_c.dir/rosidl_typesupport_introspection_c/realsense2_camera_msgs/srv/detail/hardware_monitor_command_send__type_support.c.o\x1b[0m\n'}
[337.251860] (-) TimerEvent: {}
[337.277865] (realsense2_camera_msgs) StdoutLine: {'line': b'[ 77%] \x1b[32mBuilding C object CMakeFiles/realsense2_camera_msgs__rosidl_typesupport_introspection_c.dir/rosidl_typesupport_introspection_c/realsense2_camera_msgs/action/detail/triggered_calibration__type_support.c.o\x1b[0m\n'}
[337.354855] (-) TimerEvent: {}
[337.455792] (-) TimerEvent: {}
[337.557133] (-) TimerEvent: {}
[337.659354] (-) TimerEvent: {}
[337.761973] (-) TimerEvent: {}
[337.864513] (-) TimerEvent: {}
[337.971469] (-) TimerEvent: {}
[338.076374] (-) TimerEvent: {}
[338.124858] (realsense2_camera_msgs) StdoutLine: {'line': b'[ 77%] \x1b[32m\x1b[1mLinking C shared library librealsense2_camera_msgs__rosidl_typesupport_introspection_c.so\x1b[0m\n'}
[338.176859] (-) TimerEvent: {}
[338.279931] (-) TimerEvent: {}
[338.381431] (-) TimerEvent: {}
[338.415112] (realsense2_camera_msgs) StdoutLine: {'line': b'[ 77%] Built target realsense2_camera_msgs__rosidl_typesupport_introspection_c\n'}
[338.434023] (realsense2_camera_msgs) StdoutLine: {'line': b'[ 78%] \x1b[32mBuilding CXX object CMakeFiles/realsense2_camera_msgs__rosidl_typesupport_fastrtps_c.dir/rosidl_typesupport_fastrtps_c/realsense2_camera_msgs/msg/detail/imu_info__type_support_c.cpp.o\x1b[0m\n'}
[338.437898] (realsense2_camera_msgs) StdoutLine: {'line': b'[ 78%] \x1b[32mBuilding CXX object CMakeFiles/realsense2_camera_msgs__rosidl_typesupport_fastrtps_c.dir/rosidl_typesupport_fastrtps_c/realsense2_camera_msgs/msg/detail/metadata__type_support_c.cpp.o\x1b[0m\n'}
[338.439204] (realsense2_camera_msgs) StdoutLine: {'line': b'[ 78%] \x1b[32mBuilding CXX object CMakeFiles/realsense2_camera_msgs__rosidl_typesupport_fastrtps_c.dir/rosidl_typesupport_fastrtps_c/realsense2_camera_msgs/msg/detail/extrinsics__type_support_c.cpp.o\x1b[0m\n'}
[338.475031] (realsense2_camera_msgs) StdoutLine: {'line': b'[ 79%] \x1b[32mBuilding CXX object CMakeFiles/realsense2_camera_msgs__rosidl_typesupport_fastrtps_c.dir/rosidl_typesupport_fastrtps_c/realsense2_camera_msgs/msg/detail/rgbd__type_support_c.cpp.o\x1b[0m\n'}
[338.481752] (-) TimerEvent: {}
[338.585248] (-) TimerEvent: {}
[338.687823] (-) TimerEvent: {}
[338.791838] (-) TimerEvent: {}
[338.892571] (-) TimerEvent: {}
[338.993502] (-) TimerEvent: {}
[339.094623] (-) TimerEvent: {}
[339.197812] (-) TimerEvent: {}
[339.300321] (-) TimerEvent: {}
[339.405256] (-) TimerEvent: {}
[339.508233] (-) TimerEvent: {}
[339.611725] (-) TimerEvent: {}
[339.716374] (-) TimerEvent: {}
[339.818188] (-) TimerEvent: {}
[339.923218] (-) TimerEvent: {}
[340.028875] (-) TimerEvent: {}
[340.130621] (-) TimerEvent: {}
[340.233907] (-) TimerEvent: {}
[340.337899] (-) TimerEvent: {}
[340.439412] (-) TimerEvent: {}
[340.545190] (-) TimerEvent: {}
[340.650248] (-) TimerEvent: {}
[340.752055] (-) TimerEvent: {}
[340.855221] (-) TimerEvent: {}
[340.958128] (-) TimerEvent: {}
[341.061329] (-) TimerEvent: {}
[341.164180] (-) TimerEvent: {}
[341.267890] (-) TimerEvent: {}
[341.369393] (-) TimerEvent: {}
[341.470917] (-) TimerEvent: {}
[341.574764] (-) TimerEvent: {}
[341.678056] (-) TimerEvent: {}
[341.745123] (realsense2_camera_msgs) StdoutLine: {'line': b'[ 79%] \x1b[32mBuilding CXX object CMakeFiles/realsense2_camera_msgs__rosidl_typesupport_fastrtps_c.dir/rosidl_typesupport_fastrtps_c/realsense2_camera_msgs/srv/detail/device_info__type_support_c.cpp.o\x1b[0m\n'}
[341.774123] (realsense2_camera_msgs) StdoutLine: {'line': b'[ 80%] \x1b[32mBuilding CXX object CMakeFiles/realsense2_camera_msgs__rosidl_typesupport_fastrtps_c.dir/rosidl_typesupport_fastrtps_c/realsense2_camera_msgs/srv/detail/safety_preset_read__type_support_c.cpp.o\x1b[0m\n'}
[341.778283] (-) TimerEvent: {}
[341.881096] (-) TimerEvent: {}
[341.949751] (realsense2_camera_msgs) StdoutLine: {'line': b'[ 81%] \x1b[32mBuilding CXX object CMakeFiles/realsense2_camera_msgs__rosidl_typesupport_fastrtps_c.dir/rosidl_typesupport_fastrtps_c/realsense2_camera_msgs/srv/detail/safety_preset_write__type_support_c.cpp.o\x1b[0m\n'}
[341.960922] (realsense2_camera_msgs) StdoutLine: {'line': b'[ 81%] \x1b[32mBuilding CXX object CMakeFiles/realsense2_camera_msgs__rosidl_typesupport_fastrtps_c.dir/rosidl_typesupport_fastrtps_c/realsense2_camera_msgs/srv/detail/safety_interface_config_read__type_support_c.cpp.o\x1b[0m\n'}
[341.981304] (-) TimerEvent: {}
[342.084459] (-) TimerEvent: {}
[342.185622] (-) TimerEvent: {}
[342.288725] (-) TimerEvent: {}
[342.389899] (-) TimerEvent: {}
[342.494116] (-) TimerEvent: {}
[342.595501] (-) TimerEvent: {}
[342.696871] (-) TimerEvent: {}
[342.800798] (-) TimerEvent: {}
[342.902496] (-) TimerEvent: {}
[343.010902] (-) TimerEvent: {}
[343.111991] (-) TimerEvent: {}
[343.214880] (-) TimerEvent: {}
[343.315874] (-) TimerEvent: {}
[343.419723] (-) TimerEvent: {}
[343.521355] (-) TimerEvent: {}
[343.625926] (-) TimerEvent: {}
[343.728855] (-) TimerEvent: {}
[343.829887] (-) TimerEvent: {}
[343.934601] (-) TimerEvent: {}
[344.036057] (-) TimerEvent: {}
[344.142899] (-) TimerEvent: {}
[344.244923] (-) TimerEvent: {}
[344.349597] (-) TimerEvent: {}
[344.451326] (-) TimerEvent: {}
[344.556320] (-) TimerEvent: {}
[344.663611] (-) TimerEvent: {}
[344.768880] (-) TimerEvent: {}
[344.869841] (-) TimerEvent: {}
[344.971873] (-) TimerEvent: {}
[345.076309] (-) TimerEvent: {}
[345.182114] (-) TimerEvent: {}
[345.283372] (-) TimerEvent: {}
[345.388174] (-) TimerEvent: {}
[345.493907] (-) TimerEvent: {}
[345.595548] (-) TimerEvent: {}
[345.697859] (-) TimerEvent: {}
[345.800805] (-) TimerEvent: {}
[345.903899] (-) TimerEvent: {}
[346.008758] (-) TimerEvent: {}
[346.110481] (-) TimerEvent: {}
[346.158513] (realsense2_camera_msgs) StdoutLine: {'line': b'[ 82%] \x1b[32mBuilding CXX object CMakeFiles/realsense2_camera_msgs__rosidl_typesupport_fastrtps_c.dir/rosidl_typesupport_fastrtps_c/realsense2_camera_msgs/srv/detail/safety_interface_config_write__type_support_c.cpp.o\x1b[0m\n'}
[346.210933] (-) TimerEvent: {}
[346.315233] (-) TimerEvent: {}
[346.416401] (-) TimerEvent: {}
[346.520349] (-) TimerEvent: {}
[346.621372] (-) TimerEvent: {}
[346.724635] (-) TimerEvent: {}
[346.828784] (-) TimerEvent: {}
[346.933308] (-) TimerEvent: {}
[347.034579] (-) TimerEvent: {}
[347.065081] (realsense2_camera_msgs) StdoutLine: {'line': b'[ 82%] \x1b[32mBuilding CXX object CMakeFiles/realsense2_camera_msgs__rosidl_typesupport_fastrtps_c.dir/rosidl_typesupport_fastrtps_c/realsense2_camera_msgs/srv/detail/calib_config_read__type_support_c.cpp.o\x1b[0m\n'}
[347.084828] (realsense2_camera_msgs) StdoutLine: {'line': b'[ 83%] \x1b[32mBuilding CXX object CMakeFiles/realsense2_camera_msgs__rosidl_typesupport_fastrtps_c.dir/rosidl_typesupport_fastrtps_c/realsense2_camera_msgs/srv/detail/calib_config_write__type_support_c.cpp.o\x1b[0m\n'}
[347.121019] (realsense2_camera_msgs) StdoutLine: {'line': b'[ 83%] \x1b[32mBuilding CXX object CMakeFiles/realsense2_camera_msgs__rosidl_typesupport_fastrtps_c.dir/rosidl_typesupport_fastrtps_c/realsense2_camera_msgs/srv/detail/application_config_read__type_support_c.cpp.o\x1b[0m\n'}
[347.134913] (-) TimerEvent: {}
[347.236445] (-) TimerEvent: {}
[347.337819] (-) TimerEvent: {}
[347.441568] (-) TimerEvent: {}
[347.542882] (-) TimerEvent: {}
[347.647264] (-) TimerEvent: {}
[347.748903] (-) TimerEvent: {}
[347.852278] (-) TimerEvent: {}
[347.956323] (-) TimerEvent: {}
[348.058151] (-) TimerEvent: {}
[348.161178] (-) TimerEvent: {}
[348.262842] (-) TimerEvent: {}
[348.367251] (-) TimerEvent: {}
[348.470092] (-) TimerEvent: {}
[348.575942] (-) TimerEvent: {}
[348.677538] (-) TimerEvent: {}
[348.782322] (-) TimerEvent: {}
[348.884028] (-) TimerEvent: {}
[348.987924] (-) TimerEvent: {}
[349.091881] (-) TimerEvent: {}
[349.196645] (-) TimerEvent: {}
[349.297892] (-) TimerEvent: {}
[349.401885] (-) TimerEvent: {}
[349.504908] (-) TimerEvent: {}
[349.607020] (-) TimerEvent: {}
[349.711859] (-) TimerEvent: {}
[349.814071] (-) TimerEvent: {}
[349.918859] (-) TimerEvent: {}
[350.020620] (-) TimerEvent: {}
[350.124794] (-) TimerEvent: {}
[350.226383] (-) TimerEvent: {}
[350.331896] (-) TimerEvent: {}
[350.433514] (-) TimerEvent: {}
[350.538876] (-) TimerEvent: {}
[350.593651] (realsense2_camera_msgs) StdoutLine: {'line': b'[ 84%] \x1b[32mBuilding CXX object CMakeFiles/realsense2_camera_msgs__rosidl_typesupport_fastrtps_c.dir/rosidl_typesupport_fastrtps_c/realsense2_camera_msgs/srv/detail/application_config_write__type_support_c.cpp.o\x1b[0m\n'}
[350.639148] (-) TimerEvent: {}
[350.742348] (-) TimerEvent: {}
[350.846335] (-) TimerEvent: {}
[350.950282] (-) TimerEvent: {}
[351.052910] (-) TimerEvent: {}
[351.155891] (-) TimerEvent: {}
[351.256981] (-) TimerEvent: {}
[351.359889] (-) TimerEvent: {}
[351.419271] (realsense2_camera_msgs) StdoutLine: {'line': b'[ 85%] \x1b[32mBuilding CXX object CMakeFiles/realsense2_camera_msgs__rosidl_typesupport_fastrtps_c.dir/rosidl_typesupport_fastrtps_c/realsense2_camera_msgs/srv/detail/hardware_monitor_command_send__type_support_c.cpp.o\x1b[0m\n'}
[351.463901] (-) TimerEvent: {}
[351.560264] (realsense2_camera_msgs) StdoutLine: {'line': b'[ 85%] \x1b[32mBuilding CXX object CMakeFiles/realsense2_camera_msgs__rosidl_typesupport_fastrtps_c.dir/rosidl_typesupport_fastrtps_c/realsense2_camera_msgs/action/detail/triggered_calibration__type_support_c.cpp.o\x1b[0m\n'}
[351.564124] (-) TimerEvent: {}
[351.666922] (-) TimerEvent: {}
[351.768130] (-) TimerEvent: {}
[351.869008] (-) TimerEvent: {}
[351.969838] (-) TimerEvent: {}
[352.071090] (-) TimerEvent: {}
[352.171881] (-) TimerEvent: {}
[352.272873] (-) TimerEvent: {}
[352.374355] (-) TimerEvent: {}
[352.476139] (-) TimerEvent: {}
[352.578290] (-) TimerEvent: {}
[352.680163] (-) TimerEvent: {}
[352.782571] (-) TimerEvent: {}
[352.884259] (-) TimerEvent: {}
[352.985320] (-) TimerEvent: {}
[353.086463] (-) TimerEvent: {}
[353.187467] (-) TimerEvent: {}
[353.289215] (-) TimerEvent: {}
[353.390245] (-) TimerEvent: {}
[353.491840] (-) TimerEvent: {}
[353.593893] (-) TimerEvent: {}
[353.695289] (-) TimerEvent: {}
[353.800660] (-) TimerEvent: {}
[353.905014] (-) TimerEvent: {}
[354.006458] (-) TimerEvent: {}
[354.108873] (-) TimerEvent: {}
[354.210498] (-) TimerEvent: {}
[354.314868] (-) TimerEvent: {}
[354.416174] (-) TimerEvent: {}
[354.517467] (-) TimerEvent: {}
[354.618770] (-) TimerEvent: {}
[354.720858] (-) TimerEvent: {}
[354.822519] (-) TimerEvent: {}
[354.925895] (-) TimerEvent: {}
[355.029914] (-) TimerEvent: {}
[355.131128] (-) TimerEvent: {}
[355.232866] (-) TimerEvent: {}
[355.335271] (-) TimerEvent: {}
[355.439905] (-) TimerEvent: {}
[355.541022] (-) TimerEvent: {}
[355.642026] (-) TimerEvent: {}
[355.742826] (-) TimerEvent: {}
[355.843557] (-) TimerEvent: {}
[355.944462] (-) TimerEvent: {}
[356.045297] (-) TimerEvent: {}
[356.146170] (-) TimerEvent: {}
[356.247121] (-) TimerEvent: {}
[356.347862] (-) TimerEvent: {}
[356.448626] (-) TimerEvent: {}
[356.549408] (-) TimerEvent: {}
[356.650246] (-) TimerEvent: {}
[356.750200] (realsense2_camera_msgs) StdoutLine: {'line': b'[ 86%] \x1b[32m\x1b[1mLinking CXX shared library librealsense2_camera_msgs__rosidl_typesupport_fastrtps_c.so\x1b[0m\n'}
[356.751014] (-) TimerEvent: {}
[356.851594] (-) TimerEvent: {}
[356.952487] (-) TimerEvent: {}
[357.053759] (-) TimerEvent: {}
[357.154531] (-) TimerEvent: {}
[357.208492] (realsense2_camera_msgs) StdoutLine: {'line': b'[ 86%] Built target realsense2_camera_msgs__rosidl_typesupport_fastrtps_c\n'}
[357.254778] (-) TimerEvent: {}
[357.348139] (realsense2_camera_msgs) StdoutLine: {'line': b'[ 86%] Built target realsense2_camera_msgs\n'}
[357.354966] (-) TimerEvent: {}
[357.455732] (-) TimerEvent: {}
[357.493471] (realsense2_camera_msgs) StdoutLine: {'line': b'[ 87%] \x1b[34m\x1b[1mGenerating Python code for ROS interfaces\x1b[0m\n'}
[357.555816] (-) TimerEvent: {}
[357.656471] (-) TimerEvent: {}
[357.757343] (-) TimerEvent: {}
[357.858169] (-) TimerEvent: {}
[357.958826] (-) TimerEvent: {}
[358.059512] (-) TimerEvent: {}
[358.160174] (-) TimerEvent: {}
[358.260814] (-) TimerEvent: {}
[358.361452] (-) TimerEvent: {}
[358.462163] (-) TimerEvent: {}
[358.562790] (-) TimerEvent: {}
[358.663463] (-) TimerEvent: {}
[358.764209] (-) TimerEvent: {}
[358.864916] (-) TimerEvent: {}
[358.965536] (-) TimerEvent: {}
[359.066203] (-) TimerEvent: {}
[359.166802] (-) TimerEvent: {}
[359.267402] (-) TimerEvent: {}
[359.368112] (-) TimerEvent: {}
[359.468744] (-) TimerEvent: {}
[359.569362] (-) TimerEvent: {}
[359.670044] (-) TimerEvent: {}
[359.770746] (-) TimerEvent: {}
[359.871364] (-) TimerEvent: {}
[359.972010] (-) TimerEvent: {}
[360.072650] (-) TimerEvent: {}
[360.173296] (-) TimerEvent: {}
[360.273939] (-) TimerEvent: {}
[360.374550] (-) TimerEvent: {}
[360.475206] (-) TimerEvent: {}
[360.575900] (-) TimerEvent: {}
[360.676542] (-) TimerEvent: {}
[360.777194] (-) TimerEvent: {}
[360.877820] (-) TimerEvent: {}
[360.978449] (-) TimerEvent: {}
[361.079132] (-) TimerEvent: {}
[361.179804] (-) TimerEvent: {}
[361.280428] (-) TimerEvent: {}
[361.381168] (-) TimerEvent: {}
[361.481845] (-) TimerEvent: {}
[361.582486] (-) TimerEvent: {}
[361.683141] (-) TimerEvent: {}
[361.783783] (-) TimerEvent: {}
[361.884408] (-) TimerEvent: {}
[361.985102] (-) TimerEvent: {}
[362.085771] (-) TimerEvent: {}
[362.186372] (-) TimerEvent: {}
[362.287043] (-) TimerEvent: {}
[362.387664] (-) TimerEvent: {}
[362.488303] (-) TimerEvent: {}
[362.588969] (-) TimerEvent: {}
[362.689579] (-) TimerEvent: {}
[362.790238] (-) TimerEvent: {}
[362.890884] (-) TimerEvent: {}
[362.991501] (-) TimerEvent: {}
[363.092139] (-) TimerEvent: {}
[363.192815] (-) TimerEvent: {}
[363.293431] (-) TimerEvent: {}
[363.394083] (-) TimerEvent: {}
[363.494750] (-) TimerEvent: {}
[363.595360] (-) TimerEvent: {}
[363.696058] (-) TimerEvent: {}
[363.796766] (-) TimerEvent: {}
[363.897558] (-) TimerEvent: {}
[363.998255] (-) TimerEvent: {}
[364.099038] (-) TimerEvent: {}
[364.199810] (-) TimerEvent: {}
[364.300456] (-) TimerEvent: {}
[364.401178] (-) TimerEvent: {}
[364.501931] (-) TimerEvent: {}
[364.602584] (-) TimerEvent: {}
[364.703261] (-) TimerEvent: {}
[364.804035] (-) TimerEvent: {}
[364.904768] (-) TimerEvent: {}
[365.005364] (-) TimerEvent: {}
[365.106351] (-) TimerEvent: {}
[365.207013] (-) TimerEvent: {}
[365.308057] (-) TimerEvent: {}
[365.408725] (-) TimerEvent: {}
[365.509357] (-) TimerEvent: {}
[365.610042] (-) TimerEvent: {}
[365.710706] (-) TimerEvent: {}
[365.811345] (-) TimerEvent: {}
[365.912049] (-) TimerEvent: {}
[366.012751] (-) TimerEvent: {}
[366.113471] (-) TimerEvent: {}
[366.214152] (-) TimerEvent: {}
[366.314788] (-) TimerEvent: {}
[366.415376] (-) TimerEvent: {}
[366.516014] (-) TimerEvent: {}
[366.616621] (-) TimerEvent: {}
[366.717273] (-) TimerEvent: {}
[366.817947] (-) TimerEvent: {}
[366.918555] (-) TimerEvent: {}
[367.019223] (-) TimerEvent: {}
[367.119885] (-) TimerEvent: {}
[367.220476] (-) TimerEvent: {}
[367.321142] (-) TimerEvent: {}
[367.421805] (-) TimerEvent: {}
[367.522428] (-) TimerEvent: {}
[367.623069] (-) TimerEvent: {}
[367.723664] (-) TimerEvent: {}
[367.824315] (-) TimerEvent: {}
[367.924961] (-) TimerEvent: {}
[368.025565] (-) TimerEvent: {}
[368.126195] (-) TimerEvent: {}
[368.226991] (-) TimerEvent: {}
[368.330866] (-) TimerEvent: {}
[368.431782] (-) TimerEvent: {}
[368.532837] (-) TimerEvent: {}
[368.634664] (-) TimerEvent: {}
[368.736181] (-) TimerEvent: {}
[368.837163] (-) TimerEvent: {}
[368.849406] (realsense2_camera_msgs) StdoutLine: {'line': b'[ 87%] Built target realsense2_camera_msgs__py\n'}
[368.937378] (-) TimerEvent: {}
[368.993436] (realsense2_camera_msgs) StdoutLine: {'line': b'[ 87%] \x1b[32mBuilding C object CMakeFiles/realsense2_camera_msgs__rosidl_generator_py.dir/rosidl_generator_py/realsense2_camera_msgs/msg/_imu_info_s.c.o\x1b[0m\n'}
[368.996380] (realsense2_camera_msgs) StdoutLine: {'line': b'[ 88%] \x1b[32mBuilding C object CMakeFiles/realsense2_camera_msgs__rosidl_generator_py.dir/rosidl_generator_py/realsense2_camera_msgs/msg/_metadata_s.c.o\x1b[0m\n'}
[368.999091] (realsense2_camera_msgs) StdoutLine: {'line': b'[ 88%] \x1b[32mBuilding C object CMakeFiles/realsense2_camera_msgs__rosidl_generator_py.dir/rosidl_generator_py/realsense2_camera_msgs/msg/_extrinsics_s.c.o\x1b[0m\n'}
[369.003185] (realsense2_camera_msgs) StdoutLine: {'line': b'[ 89%] \x1b[32mBuilding C object CMakeFiles/realsense2_camera_msgs__rosidl_generator_py.dir/rosidl_generator_py/realsense2_camera_msgs/msg/_rgbd_s.c.o\x1b[0m\n'}
[369.038941] (-) TimerEvent: {}
[369.140533] (-) TimerEvent: {}
[369.243018] (-) TimerEvent: {}
[369.346605] (-) TimerEvent: {}
[369.447940] (-) TimerEvent: {}
[369.552157] (-) TimerEvent: {}
[369.654870] (-) TimerEvent: {}
[369.756555] (-) TimerEvent: {}
[369.858842] (-) TimerEvent: {}
[369.962829] (-) TimerEvent: {}
[370.063874] (-) TimerEvent: {}
[370.168393] (-) TimerEvent: {}
[370.234940] (realsense2_camera_msgs) StdoutLine: {'line': b'[ 90%] \x1b[32mBuilding C object CMakeFiles/realsense2_camera_msgs__rosidl_generator_py.dir/rosidl_generator_py/realsense2_camera_msgs/srv/_device_info_s.c.o\x1b[0m\n'}
[370.250911] (realsense2_camera_msgs) StdoutLine: {'line': b'[ 90%] \x1b[32mBuilding C object CMakeFiles/realsense2_camera_msgs__rosidl_generator_py.dir/rosidl_generator_py/realsense2_camera_msgs/srv/_safety_preset_read_s.c.o\x1b[0m\n'}
[370.257301] (realsense2_camera_msgs) StdoutLine: {'line': b'[ 91%] \x1b[32mBuilding C object CMakeFiles/realsense2_camera_msgs__rosidl_generator_py.dir/rosidl_generator_py/realsense2_camera_msgs/srv/_safety_preset_write_s.c.o\x1b[0m\n'}
[370.268787] (-) TimerEvent: {}
[370.310224] (realsense2_camera_msgs) StdoutLine: {'line': b'[ 91%] \x1b[32mBuilding C object CMakeFiles/realsense2_camera_msgs__rosidl_generator_py.dir/rosidl_generator_py/realsense2_camera_msgs/srv/_safety_interface_config_read_s.c.o\x1b[0m\n'}
[370.369029] (-) TimerEvent: {}
[370.471148] (-) TimerEvent: {}
[370.574242] (-) TimerEvent: {}
[370.675896] (-) TimerEvent: {}
[370.779242] (-) TimerEvent: {}
[370.880512] (-) TimerEvent: {}
[370.985407] (-) TimerEvent: {}
[371.086900] (-) TimerEvent: {}
[371.188506] (-) TimerEvent: {}
[371.290954] (-) TimerEvent: {}
[371.395870] (-) TimerEvent: {}
[371.497351] (-) TimerEvent: {}
[371.598887] (-) TimerEvent: {}
[371.702898] (-) TimerEvent: {}
[371.804437] (-) TimerEvent: {}
[371.823396] (realsense2_camera_msgs) StdoutLine: {'line': b'[ 92%] \x1b[32mBuilding C object CMakeFiles/realsense2_camera_msgs__rosidl_generator_py.dir/rosidl_generator_py/realsense2_camera_msgs/srv/_safety_interface_config_write_s.c.o\x1b[0m\n'}
[371.838541] (realsense2_camera_msgs) StdoutLine: {'line': b'[ 92%] \x1b[32mBuilding C object CMakeFiles/realsense2_camera_msgs__rosidl_generator_py.dir/rosidl_generator_py/realsense2_camera_msgs/srv/_calib_config_read_s.c.o\x1b[0m\n'}
[371.847177] (realsense2_camera_msgs) StdoutLine: {'line': b'[ 93%] \x1b[32mBuilding C object CMakeFiles/realsense2_camera_msgs__rosidl_generator_py.dir/rosidl_generator_py/realsense2_camera_msgs/srv/_calib_config_write_s.c.o\x1b[0m\n'}
[371.875951] (realsense2_camera_msgs) StdoutLine: {'line': b'[ 94%] \x1b[32mBuilding C object CMakeFiles/realsense2_camera_msgs__rosidl_generator_py.dir/rosidl_generator_py/realsense2_camera_msgs/srv/_application_config_read_s.c.o\x1b[0m\n'}
[371.904723] (-) TimerEvent: {}
[372.008896] (-) TimerEvent: {}
[372.110096] (-) TimerEvent: {}
[372.214155] (-) TimerEvent: {}
[372.315483] (-) TimerEvent: {}
[372.419470] (-) TimerEvent: {}
[372.520899] (-) TimerEvent: {}
[372.622375] (-) TimerEvent: {}
[372.725865] (-) TimerEvent: {}
[372.828301] (-) TimerEvent: {}
[372.931382] (-) TimerEvent: {}
[373.035849] (-) TimerEvent: {}
[373.139887] (-) TimerEvent: {}
[373.241651] (-) TimerEvent: {}
[373.332630] (realsense2_camera_msgs) StdoutLine: {'line': b'[ 94%] \x1b[32mBuilding C object CMakeFiles/realsense2_camera_msgs__rosidl_generator_py.dir/rosidl_generator_py/realsense2_camera_msgs/srv/_application_config_write_s.c.o\x1b[0m\n'}
[373.343055] (-) TimerEvent: {}
[373.359483] (realsense2_camera_msgs) StdoutLine: {'line': b'[ 95%] \x1b[32mBuilding C object CMakeFiles/realsense2_camera_msgs__rosidl_generator_py.dir/rosidl_generator_py/realsense2_camera_msgs/srv/_hardware_monitor_command_send_s.c.o\x1b[0m\n'}
[373.402929] (realsense2_camera_msgs) StdoutLine: {'line': b'[ 95%] \x1b[32mBuilding C object CMakeFiles/realsense2_camera_msgs__rosidl_generator_py.dir/rosidl_generator_py/realsense2_camera_msgs/action/_triggered_calibration_s.c.o\x1b[0m\n'}
[373.443253] (-) TimerEvent: {}
[373.544407] (-) TimerEvent: {}
[373.646301] (-) TimerEvent: {}
[373.749223] (-) TimerEvent: {}
[373.853848] (-) TimerEvent: {}
[373.955445] (-) TimerEvent: {}
[374.059867] (-) TimerEvent: {}
[374.161155] (-) TimerEvent: {}
[374.262556] (-) TimerEvent: {}
[374.363549] (-) TimerEvent: {}
[374.467875] (-) TimerEvent: {}
[374.569354] (-) TimerEvent: {}
[374.671887] (-) TimerEvent: {}
[374.773401] (-) TimerEvent: {}
[374.874916] (-) TimerEvent: {}
[374.976888] (-) TimerEvent: {}
[375.077894] (-) TimerEvent: {}
[375.178920] (-) TimerEvent: {}
[375.279974] (-) TimerEvent: {}
[375.380751] (-) TimerEvent: {}
[375.481520] (-) TimerEvent: {}
[375.582373] (-) TimerEvent: {}
[375.683299] (-) TimerEvent: {}
[375.784120] (-) TimerEvent: {}
[375.801106] (realsense2_camera_msgs) StdoutLine: {'line': b'[ 96%] \x1b[32m\x1b[1mLinking C shared library librealsense2_camera_msgs__rosidl_generator_py.so\x1b[0m\n'}
[375.884294] (-) TimerEvent: {}
[375.984996] (-) TimerEvent: {}
[376.085768] (-) TimerEvent: {}
[376.163174] (realsense2_camera_msgs) StdoutLine: {'line': b'[ 96%] Built target realsense2_camera_msgs__rosidl_generator_py\n'}
[376.185962] (-) TimerEvent: {}
[376.286786] (-) TimerEvent: {}
[376.311480] (realsense2_camera_msgs) StdoutLine: {'line': b'[ 97%] \x1b[32mBuilding C object CMakeFiles/realsense2_camera_msgs_s__rosidl_typesupport_introspection_c.dir/rosidl_generator_py/realsense2_camera_msgs/_realsense2_camera_msgs_s.ep.rosidl_typesupport_introspection_c.c.o\x1b[0m\n'}
[376.323081] (realsense2_camera_msgs) StdoutLine: {'line': b'[ 98%] \x1b[32mBuilding C object CMakeFiles/realsense2_camera_msgs_s__rosidl_typesupport_fastrtps_c.dir/rosidl_generator_py/realsense2_camera_msgs/_realsense2_camera_msgs_s.ep.rosidl_typesupport_fastrtps_c.c.o\x1b[0m\n'}
[376.327076] (realsense2_camera_msgs) StdoutLine: {'line': b'[ 99%] \x1b[32mBuilding C object CMakeFiles/realsense2_camera_msgs_s__rosidl_typesupport_c.dir/rosidl_generator_py/realsense2_camera_msgs/_realsense2_camera_msgs_s.ep.rosidl_typesupport_c.c.o\x1b[0m\n'}
[376.386906] (-) TimerEvent: {}
[376.488060] (-) TimerEvent: {}
[376.588804] (-) TimerEvent: {}
[376.689499] (-) TimerEvent: {}
[376.791292] (-) TimerEvent: {}
[376.892182] (-) TimerEvent: {}
[376.993278] (-) TimerEvent: {}
[377.097746] (-) TimerEvent: {}
[377.201322] (-) TimerEvent: {}
[377.303575] (-) TimerEvent: {}
[377.405815] (-) TimerEvent: {}
[377.507761] (-) TimerEvent: {}
[377.608724] (-) TimerEvent: {}
[377.709786] (-) TimerEvent: {}
[377.810760] (-) TimerEvent: {}
[377.912319] (-) TimerEvent: {}
[378.014086] (-) TimerEvent: {}
[378.115057] (-) TimerEvent: {}
[378.216067] (-) TimerEvent: {}
[378.317110] (-) TimerEvent: {}
[378.418214] (-) TimerEvent: {}
[378.519470] (-) TimerEvent: {}
[378.621635] (-) TimerEvent: {}
[378.723421] (-) TimerEvent: {}
[378.824524] (-) TimerEvent: {}
[378.926912] (-) TimerEvent: {}
[379.029228] (-) TimerEvent: {}
[379.131325] (-) TimerEvent: {}
[379.235927] (-) TimerEvent: {}
[379.340512] (-) TimerEvent: {}
[379.442788] (-) TimerEvent: {}
[379.545065] (-) TimerEvent: {}
[379.647254] (-) TimerEvent: {}
[379.749881] (-) TimerEvent: {}
[379.851629] (-) TimerEvent: {}
[379.954164] (-) TimerEvent: {}
[380.056261] (-) TimerEvent: {}
[380.157662] (-) TimerEvent: {}
[380.232070] (realsense2_camera_msgs) StdoutLine: {'line': b'[ 99%] \x1b[32m\x1b[1mLinking C shared module rosidl_generator_py/realsense2_camera_msgs/realsense2_camera_msgs_s__rosidl_typesupport_c.so\x1b[0m\n'}
[380.257896] (-) TimerEvent: {}
[380.286406] (realsense2_camera_msgs) StdoutLine: {'line': b'[100%] \x1b[32m\x1b[1mLinking C shared module rosidl_generator_py/realsense2_camera_msgs/realsense2_camera_msgs_s__rosidl_typesupport_introspection_c.so\x1b[0m\n'}
[380.341058] (realsense2_camera_msgs) StdoutLine: {'line': b'[100%] \x1b[32m\x1b[1mLinking C shared module rosidl_generator_py/realsense2_camera_msgs/realsense2_camera_msgs_s__rosidl_typesupport_fastrtps_c.so\x1b[0m\n'}
[380.360872] (-) TimerEvent: {}
[380.462171] (-) TimerEvent: {}
[380.469897] (realsense2_camera_msgs) StdoutLine: {'line': b'[100%] Built target realsense2_camera_msgs_s__rosidl_typesupport_c\n'}
[380.536208] (realsense2_camera_msgs) StdoutLine: {'line': b'[100%] Built target realsense2_camera_msgs_s__rosidl_typesupport_introspection_c\n'}
[380.562364] (-) TimerEvent: {}
[380.609050] (realsense2_camera_msgs) StdoutLine: {'line': b'[100%] Built target realsense2_camera_msgs_s__rosidl_typesupport_fastrtps_c\n'}
[380.662535] (-) TimerEvent: {}
[380.735619] (realsense2_camera_msgs) JobEnded: {'identifier': 'realsense2_camera_msgs', 'rc': 'SIGINT'}
[380.787986] (-) TimerEvent: {}
[380.795298] (moveit_controls) JobSkipped: {'identifier': 'moveit_controls'}
[380.798851] (mqtt_imu) JobSkipped: {'identifier': 'mqtt_imu'}
[380.799364] (pose_printer) JobSkipped: {'identifier': 'pose_printer'}
[380.799513] (realsense2_ros_mqtt_bridge) JobSkipped: {'identifier': 'realsense2_ros_mqtt_bridge'}
[380.799631] (robotic_arm_config) JobSkipped: {'identifier': 'robotic_arm_config'}
[380.799769] (robotic_arm_moveit) JobSkipped: {'identifier': 'robotic_arm_moveit'}
[380.799899] (realsense2_camera) JobSkipped: {'identifier': 'realsense2_camera'}
[380.800002] (realsense2_description) JobSkipped: {'identifier': 'realsense2_description'}
[380.800106] (realsense2_rviz_plugin) JobSkipped: {'identifier': 'realsense2_rviz_plugin'}
[380.800210] (robotic_arm_v3_config) JobSkipped: {'identifier': 'robotic_arm_v3_config'}
[380.800321] (-) EventReactorShutdown: {}
