[0.016s] Invoking command in '/home/andre/ros2_ws/src/build/moveit_msgs': CMAKE_PREFIX_PATH=${CMAKE_PREFIX_PATH}:/opt/ros/jazzy DEBUGINFOD_URLS=https://debuginfod.ubuntu.com /usr/bin/cmake /home/andre/ros2_ws/src/moveit_msgs -DCMAKE_BUILD_TYPE=Release -DCMAKE_INSTALL_PREFIX=/home/andre/ros2_ws/src/install/moveit_msgs
[0.090s] -- The C compiler identification is GNU 13.3.0
[0.161s] -- The CXX compiler identification is GNU 13.3.0
[0.180s] -- Detecting C compiler ABI info
[0.299s] -- Detecting C compiler ABI info - done
[0.312s] -- Check for working C compiler: /usr/bin/cc - skipped
[0.312s] -- Detecting C compile features
[0.313s] -- Detecting C compile features - done
[0.324s] -- Detecting CXX compiler ABI info
[0.449s] -- Detecting CXX compiler ABI info - done
[0.463s] -- Check for working CXX compiler: /usr/bin/c++ - skipped
[0.463s] -- Detecting CXX compile features
[0.464s] -- Detecting CXX compile features - done
[0.469s] -- Found ament_cmake: 2.5.4 (/opt/ros/jazzy/share/ament_cmake/cmake)
[0.673s] -- Found Python3: /usr/bin/python3 (found version "3.12.3") found components: Interpreter 
[0.838s] -- Found rosidl_default_generators: 1.6.0 (/opt/ros/jazzy/share/rosidl_default_generators/cmake)
[0.849s] -- Using all available rosidl_typesupport_c: rosidl_typesupport_fastrtps_c;rosidl_typesupport_introspection_c
[0.942s] -- Using all available rosidl_typesupport_cpp: rosidl_typesupport_fastrtps_cpp;rosidl_typesupport_introspection_cpp
[1.001s] -- Found rosidl_adapter: 4.6.6 (/opt/ros/jazzy/share/rosidl_adapter/cmake)
[1.006s] -- Found action_msgs: 2.0.3 (/opt/ros/jazzy/share/action_msgs/cmake)
[1.101s] -- Found std_msgs: 5.3.6 (/opt/ros/jazzy/share/std_msgs/cmake)
[1.142s] -- Found geometry_msgs: 5.3.6 (/opt/ros/jazzy/share/geometry_msgs/cmake)
[1.165s] -- Found sensor_msgs: 5.3.6 (/opt/ros/jazzy/share/sensor_msgs/cmake)
[1.203s] -- Found shape_msgs: 5.3.6 (/opt/ros/jazzy/share/shape_msgs/cmake)
[1.231s] -- Found object_recognition_msgs: 2.0.0 (/opt/ros/jazzy/share/object_recognition_msgs/cmake)
[1.301s] -- Found octomap_msgs: 2.0.1 (/opt/ros/jazzy/share/octomap_msgs/cmake)
[1.341s] -- Found trajectory_msgs: 5.3.6 (/opt/ros/jazzy/share/trajectory_msgs/cmake)
[2.894s] -- Found ament_cmake_ros: 0.12.0 (/opt/ros/jazzy/share/ament_cmake_ros/cmake)
[3.743s] -- Using all available rosidl_typesupport_c: rosidl_typesupport_fastrtps_c;rosidl_typesupport_introspection_c
[4.780s] -- Using all available rosidl_typesupport_cpp: rosidl_typesupport_fastrtps_cpp;rosidl_typesupport_introspection_cpp
[4.787s] -- Found python_cmake_module: 0.11.1 (/opt/ros/jazzy/share/python_cmake_module/cmake)
[4.950s] -- Found PythonExtra: /usr/bin/python3  
[5.507s] -- Found Python3: /usr/bin/python3 (found version "3.12.3") found components: Interpreter Development NumPy Development.Module Development.Embed 
[5.636s] -- Found ament_lint_auto: 0.17.3 (/opt/ros/jazzy/share/ament_lint_auto/cmake)
[5.658s] -- Configuring done (5.6s)
[5.920s] -- Generating done (0.2s)
[5.954s] -- Build files have been written to: /home/andre/ros2_ws/src/build/moveit_msgs
[5.971s] Invoked command in '/home/andre/ros2_ws/src/build/moveit_msgs' returned '0': CMAKE_PREFIX_PATH=${CMAKE_PREFIX_PATH}:/opt/ros/jazzy DEBUGINFOD_URLS=https://debuginfod.ubuntu.com /usr/bin/cmake /home/andre/ros2_ws/src/moveit_msgs -DCMAKE_BUILD_TYPE=Release -DCMAKE_INSTALL_PREFIX=/home/andre/ros2_ws/src/install/moveit_msgs
[5.972s] Invoking command in '/home/andre/ros2_ws/src/build/moveit_msgs': CMAKE_PREFIX_PATH=${CMAKE_PREFIX_PATH}:/opt/ros/jazzy DEBUGINFOD_URLS=https://debuginfod.ubuntu.com /usr/bin/cmake --build /home/andre/ros2_ws/src/build/moveit_msgs -- -j4 -l4
[6.157s] [  0%] [34m[1mGenerating type hashes for ROS interfaces[0m
[6.169s] [  0%] Built target ament_cmake_python_copy_moveit_msgs
[6.537s] running egg_info
[6.538s] creating moveit_msgs.egg-info
[6.579s] writing moveit_msgs.egg-info/PKG-INFO
[6.579s] writing dependency_links to moveit_msgs.egg-info/dependency_links.txt
[6.579s] writing top-level names to moveit_msgs.egg-info/top_level.txt
[6.579s] writing manifest file 'moveit_msgs.egg-info/SOURCES.txt'
[6.707s] reading manifest file 'moveit_msgs.egg-info/SOURCES.txt'
[6.708s] writing manifest file 'moveit_msgs.egg-info/SOURCES.txt'
[6.747s] [  0%] Built target ament_cmake_python_build_moveit_msgs_egg
[14.197s] [  0%] Built target moveit_msgs__rosidl_generator_type_description
[14.253s] [  0%] [34m[1mGenerating C code for ROS interfaces[0m
[14.299s] [  0%] [34m[1mGenerating C++ code for ROS interfaces[0m
[49.580s] [  0%] Built target moveit_msgs__cpp
[55.760s] [  0%] [32mBuilding C object CMakeFiles/moveit_msgs__rosidl_generator_c.dir/rosidl_generator_c/moveit_msgs/msg/detail/allowed_collision_entry__description.c.o[0m
[55.888s] [  0%] [32mBuilding C object CMakeFiles/moveit_msgs__rosidl_generator_c.dir/rosidl_generator_c/moveit_msgs/msg/detail/allowed_collision_matrix__description.c.o[0m
[56.028s] [  0%] [32mBuilding C object CMakeFiles/moveit_msgs__rosidl_generator_c.dir/rosidl_generator_c/moveit_msgs/msg/detail/allowed_collision_matrix__functions.c.o[0m
[56.342s] [  1%] [32mBuilding C object CMakeFiles/moveit_msgs__rosidl_generator_c.dir/rosidl_generator_c/moveit_msgs/msg/detail/allowed_collision_matrix__type_support.c.o[0m
[56.443s] [  1%] [32mBuilding C object CMakeFiles/moveit_msgs__rosidl_generator_c.dir/rosidl_generator_c/moveit_msgs/msg/detail/attached_collision_object__description.c.o[0m
[56.626s] [  1%] [32mBuilding C object CMakeFiles/moveit_msgs__rosidl_generator_c.dir/rosidl_generator_c/moveit_msgs/msg/detail/attached_collision_object__functions.c.o[0m
[56.778s] [  1%] [32mBuilding C object CMakeFiles/moveit_msgs__rosidl_generator_c.dir/rosidl_generator_c/moveit_msgs/msg/detail/attached_collision_object__type_support.c.o[0m
[56.829s] [  1%] [32mBuilding C object CMakeFiles/moveit_msgs__rosidl_generator_c.dir/rosidl_generator_c/moveit_msgs/msg/detail/bounding_volume__description.c.o[0m
[56.909s] [  1%] [32mBuilding C object CMakeFiles/moveit_msgs__rosidl_generator_c.dir/rosidl_generator_c/moveit_msgs/msg/detail/bounding_volume__functions.c.o[0m
[57.050s] [  1%] [32mBuilding C object CMakeFiles/moveit_msgs__rosidl_generator_c.dir/rosidl_generator_c/moveit_msgs/msg/detail/bounding_volume__type_support.c.o[0m
[57.099s] [  1%] [32mBuilding C object CMakeFiles/moveit_msgs__rosidl_generator_c.dir/rosidl_generator_c/moveit_msgs/msg/detail/cartesian_point__description.c.o[0m
[57.173s] [  2%] [32mBuilding C object CMakeFiles/moveit_msgs__rosidl_generator_c.dir/rosidl_generator_c/moveit_msgs/msg/detail/cartesian_point__functions.c.o[0m
[57.313s] [  2%] [32mBuilding C object CMakeFiles/moveit_msgs__rosidl_generator_c.dir/rosidl_generator_c/moveit_msgs/msg/detail/cartesian_point__type_support.c.o[0m
[57.361s] [  2%] [32mBuilding C object CMakeFiles/moveit_msgs__rosidl_generator_c.dir/rosidl_generator_c/moveit_msgs/msg/detail/cartesian_trajectory__description.c.o[0m
[57.441s] [  2%] [32mBuilding C object CMakeFiles/moveit_msgs__rosidl_generator_c.dir/rosidl_generator_c/moveit_msgs/msg/detail/cartesian_trajectory__functions.c.o[0m
[57.578s] [  2%] [32mBuilding C object CMakeFiles/moveit_msgs__rosidl_generator_c.dir/rosidl_generator_c/moveit_msgs/msg/detail/cartesian_trajectory__type_support.c.o[0m
[57.628s] [  2%] [32mBuilding C object CMakeFiles/moveit_msgs__rosidl_generator_c.dir/rosidl_generator_c/moveit_msgs/msg/detail/cartesian_trajectory_point__description.c.o[0m
[57.707s] [  2%] [32mBuilding C object CMakeFiles/moveit_msgs__rosidl_generator_c.dir/rosidl_generator_c/moveit_msgs/msg/detail/cartesian_trajectory_point__functions.c.o[0m
[57.846s] [  2%] [32mBuilding C object CMakeFiles/moveit_msgs__rosidl_generator_c.dir/rosidl_generator_c/moveit_msgs/msg/detail/cartesian_trajectory_point__type_support.c.o[0m
[57.897s] [  2%] [32mBuilding C object CMakeFiles/moveit_msgs__rosidl_generator_c.dir/rosidl_generator_c/moveit_msgs/msg/detail/collision_object__description.c.o[0m
[58.008s] [  3%] [32mBuilding C object CMakeFiles/moveit_msgs__rosidl_generator_c.dir/rosidl_generator_c/moveit_msgs/msg/detail/collision_object__functions.c.o[0m
[58.174s] [  3%] [32mBuilding C object CMakeFiles/moveit_msgs__rosidl_generator_c.dir/rosidl_generator_c/moveit_msgs/msg/detail/collision_object__type_support.c.o[0m
[58.226s] [  3%] [32mBuilding C object CMakeFiles/moveit_msgs__rosidl_generator_c.dir/rosidl_generator_c/moveit_msgs/msg/detail/constraint_eval_result__description.c.o[0m
[58.295s] [  3%] [32mBuilding C object CMakeFiles/moveit_msgs__rosidl_generator_c.dir/rosidl_generator_c/moveit_msgs/msg/detail/constraint_eval_result__functions.c.o[0m
[58.432s] [  3%] [32mBuilding C object CMakeFiles/moveit_msgs__rosidl_generator_c.dir/rosidl_generator_c/moveit_msgs/msg/detail/constraint_eval_result__type_support.c.o[0m
[58.490s] [  3%] [32mBuilding C object CMakeFiles/moveit_msgs__rosidl_generator_c.dir/rosidl_generator_c/moveit_msgs/msg/detail/constraints__description.c.o[0m
[58.599s] [  3%] [32mBuilding C object CMakeFiles/moveit_msgs__rosidl_generator_c.dir/rosidl_generator_c/moveit_msgs/msg/detail/constraints__functions.c.o[0m
[58.776s] [  3%] [32mBuilding C object CMakeFiles/moveit_msgs__rosidl_generator_c.dir/rosidl_generator_c/moveit_msgs/msg/detail/constraints__type_support.c.o[0m
[58.836s] [  4%] [32mBuilding C object CMakeFiles/moveit_msgs__rosidl_generator_c.dir/rosidl_generator_c/moveit_msgs/msg/detail/cost_source__description.c.o[0m
[58.918s] [  4%] [32mBuilding C object CMakeFiles/moveit_msgs__rosidl_generator_c.dir/rosidl_generator_c/moveit_msgs/msg/detail/cost_source__functions.c.o[0m
[59.064s] [  4%] [32mBuilding C object CMakeFiles/moveit_msgs__rosidl_generator_c.dir/rosidl_generator_c/moveit_msgs/msg/detail/cost_source__type_support.c.o[0m
[59.123s] [  4%] [32mBuilding C object CMakeFiles/moveit_msgs__rosidl_generator_c.dir/rosidl_generator_c/moveit_msgs/msg/detail/contact_information__description.c.o[0m
[59.215s] [  4%] [32mBuilding C object CMakeFiles/moveit_msgs__rosidl_generator_c.dir/rosidl_generator_c/moveit_msgs/msg/detail/contact_information__functions.c.o[0m
[59.420s] [  4%] [32mBuilding C object CMakeFiles/moveit_msgs__rosidl_generator_c.dir/rosidl_generator_c/moveit_msgs/msg/detail/contact_information__type_support.c.o[0m
[59.477s] [  4%] [32mBuilding C object CMakeFiles/moveit_msgs__rosidl_generator_c.dir/rosidl_generator_c/moveit_msgs/msg/detail/display_trajectory__description.c.o[0m
[59.638s] [  4%] [32mBuilding C object CMakeFiles/moveit_msgs__rosidl_generator_c.dir/rosidl_generator_c/moveit_msgs/msg/detail/display_trajectory__functions.c.o[0m
[59.814s] [  4%] [32mBuilding C object CMakeFiles/moveit_msgs__rosidl_generator_c.dir/rosidl_generator_c/moveit_msgs/msg/detail/display_trajectory__type_support.c.o[0m
[59.876s] [  5%] [32mBuilding C object CMakeFiles/moveit_msgs__rosidl_generator_c.dir/rosidl_generator_c/moveit_msgs/msg/detail/display_robot_state__description.c.o[0m
[60.000s] [  5%] [32mBuilding C object CMakeFiles/moveit_msgs__rosidl_generator_c.dir/rosidl_generator_c/moveit_msgs/msg/detail/display_robot_state__functions.c.o[0m
[60.191s] [  5%] [32mBuilding C object CMakeFiles/moveit_msgs__rosidl_generator_c.dir/rosidl_generator_c/moveit_msgs/msg/detail/display_robot_state__type_support.c.o[0m
[60.259s] [  5%] [32mBuilding C object CMakeFiles/moveit_msgs__rosidl_generator_c.dir/rosidl_generator_c/moveit_msgs/msg/detail/generic_trajectory__description.c.o[0m
[60.365s] [  5%] [32mBuilding C object CMakeFiles/moveit_msgs__rosidl_generator_c.dir/rosidl_generator_c/moveit_msgs/msg/detail/generic_trajectory__functions.c.o[0m
[60.541s] [  5%] [32mBuilding C object CMakeFiles/moveit_msgs__rosidl_generator_c.dir/rosidl_generator_c/moveit_msgs/msg/detail/generic_trajectory__type_support.c.o[0m
[60.604s] [  5%] [32mBuilding C object CMakeFiles/moveit_msgs__rosidl_generator_c.dir/rosidl_generator_c/moveit_msgs/msg/detail/grasp__description.c.o[0m
[60.713s] [  5%] [32mBuilding C object CMakeFiles/moveit_msgs__rosidl_generator_c.dir/rosidl_generator_c/moveit_msgs/msg/detail/grasp__functions.c.o[0m
[60.899s] [  6%] [32mBuilding C object CMakeFiles/moveit_msgs__rosidl_generator_c.dir/rosidl_generator_c/moveit_msgs/msg/detail/grasp__type_support.c.o[0m
[60.961s] [  6%] [32mBuilding C object CMakeFiles/moveit_msgs__rosidl_generator_c.dir/rosidl_generator_c/moveit_msgs/msg/detail/gripper_translation__description.c.o[0m
[61.044s] [  6%] [32mBuilding C object CMakeFiles/moveit_msgs__rosidl_generator_c.dir/rosidl_generator_c/moveit_msgs/msg/detail/gripper_translation__functions.c.o[0m
[61.181s] [  6%] [32mBuilding C object CMakeFiles/moveit_msgs__rosidl_generator_c.dir/rosidl_generator_c/moveit_msgs/msg/detail/gripper_translation__type_support.c.o[0m
[61.230s] [  6%] [32mBuilding C object CMakeFiles/moveit_msgs__rosidl_generator_c.dir/rosidl_generator_c/moveit_msgs/msg/detail/joint_constraint__description.c.o[0m
[61.294s] [  6%] [32mBuilding C object CMakeFiles/moveit_msgs__rosidl_generator_c.dir/rosidl_generator_c/moveit_msgs/msg/detail/joint_constraint__functions.c.o[0m
[61.424s] [  6%] [32mBuilding C object CMakeFiles/moveit_msgs__rosidl_generator_c.dir/rosidl_generator_c/moveit_msgs/msg/detail/joint_constraint__type_support.c.o[0m
[61.469s] [  6%] [32mBuilding C object CMakeFiles/moveit_msgs__rosidl_generator_c.dir/rosidl_generator_c/moveit_msgs/msg/detail/joint_limits__description.c.o[0m
[61.529s] [  6%] [32mBuilding C object CMakeFiles/moveit_msgs__rosidl_generator_c.dir/rosidl_generator_c/moveit_msgs/msg/detail/joint_limits__functions.c.o[0m
[61.667s] [  7%] [32mBuilding C object CMakeFiles/moveit_msgs__rosidl_generator_c.dir/rosidl_generator_c/moveit_msgs/msg/detail/joint_limits__type_support.c.o[0m
[61.716s] [  7%] [32mBuilding C object CMakeFiles/moveit_msgs__rosidl_generator_c.dir/rosidl_generator_c/moveit_msgs/msg/detail/link_padding__description.c.o[0m
[61.791s] [  7%] [32mBuilding C object CMakeFiles/moveit_msgs__rosidl_generator_c.dir/rosidl_generator_c/moveit_msgs/msg/detail/link_padding__functions.c.o[0m
[61.953s] [  7%] [32mBuilding C object CMakeFiles/moveit_msgs__rosidl_generator_c.dir/rosidl_generator_c/moveit_msgs/msg/detail/link_padding__type_support.c.o[0m
[62.012s] [  7%] [32mBuilding C object CMakeFiles/moveit_msgs__rosidl_generator_c.dir/rosidl_generator_c/moveit_msgs/msg/detail/link_scale__description.c.o[0m
[62.087s] [  7%] [32mBuilding C object CMakeFiles/moveit_msgs__rosidl_generator_c.dir/rosidl_generator_c/moveit_msgs/msg/detail/link_scale__functions.c.o[0m
[62.248s] [  7%] [32mBuilding C object CMakeFiles/moveit_msgs__rosidl_generator_c.dir/rosidl_generator_c/moveit_msgs/msg/detail/link_scale__type_support.c.o[0m
[62.307s] [  7%] [32mBuilding C object CMakeFiles/moveit_msgs__rosidl_generator_c.dir/rosidl_generator_c/moveit_msgs/msg/detail/motion_plan_request__description.c.o[0m
[62.455s] [  8%] [32mBuilding C object CMakeFiles/moveit_msgs__rosidl_generator_c.dir/rosidl_generator_c/moveit_msgs/msg/detail/motion_plan_request__functions.c.o[0m
[62.626s] [  8%] [32mBuilding C object CMakeFiles/moveit_msgs__rosidl_generator_c.dir/rosidl_generator_c/moveit_msgs/msg/detail/motion_plan_request__type_support.c.o[0m
[62.682s] [  8%] [32mBuilding C object CMakeFiles/moveit_msgs__rosidl_generator_c.dir/rosidl_generator_c/moveit_msgs/msg/detail/motion_plan_response__description.c.o[0m
[62.795s] [  8%] [32mBuilding C object CMakeFiles/moveit_msgs__rosidl_generator_c.dir/rosidl_generator_c/moveit_msgs/msg/detail/motion_plan_response__functions.c.o[0m
[62.948s] [  8%] [32mBuilding C object CMakeFiles/moveit_msgs__rosidl_generator_c.dir/rosidl_generator_c/moveit_msgs/msg/detail/motion_plan_response__type_support.c.o[0m
[63.004s] [  8%] [32mBuilding C object CMakeFiles/moveit_msgs__rosidl_generator_c.dir/rosidl_generator_c/moveit_msgs/msg/detail/motion_plan_detailed_response__description.c.o[0m
[63.116s] [  8%] [32mBuilding C object CMakeFiles/moveit_msgs__rosidl_generator_c.dir/rosidl_generator_c/moveit_msgs/msg/detail/motion_plan_detailed_response__functions.c.o[0m
[63.268s] [  8%] [32mBuilding C object CMakeFiles/moveit_msgs__rosidl_generator_c.dir/rosidl_generator_c/moveit_msgs/msg/detail/motion_plan_detailed_response__type_support.c.o[0m
[63.323s] [  9%] [32mBuilding C object CMakeFiles/moveit_msgs__rosidl_generator_c.dir/rosidl_generator_c/moveit_msgs/msg/detail/motion_sequence_item__description.c.o[0m
[63.448s] [  9%] [32mBuilding C object CMakeFiles/moveit_msgs__rosidl_generator_c.dir/rosidl_generator_c/moveit_msgs/msg/detail/motion_sequence_item__functions.c.o[0m
[63.590s] [  9%] [32mBuilding C object CMakeFiles/moveit_msgs__rosidl_generator_c.dir/rosidl_generator_c/moveit_msgs/msg/detail/motion_sequence_item__type_support.c.o[0m
[63.644s] [  9%] [32mBuilding C object CMakeFiles/moveit_msgs__rosidl_generator_c.dir/rosidl_generator_c/moveit_msgs/msg/detail/motion_sequence_request__description.c.o[0m
[63.763s] [  9%] [32mBuilding C object CMakeFiles/moveit_msgs__rosidl_generator_c.dir/rosidl_generator_c/moveit_msgs/msg/detail/motion_sequence_request__functions.c.o[0m
[63.899s] [  9%] [32mBuilding C object CMakeFiles/moveit_msgs__rosidl_generator_c.dir/rosidl_generator_c/moveit_msgs/msg/detail/motion_sequence_request__type_support.c.o[0m
[63.954s] [  9%] [32mBuilding C object CMakeFiles/moveit_msgs__rosidl_generator_c.dir/rosidl_generator_c/moveit_msgs/msg/detail/motion_sequence_response__description.c.o[0m
[64.062s] [  9%] [32mBuilding C object CMakeFiles/moveit_msgs__rosidl_generator_c.dir/rosidl_generator_c/moveit_msgs/msg/detail/motion_sequence_response__functions.c.o[0m
[64.209s] [  9%] [32mBuilding C object CMakeFiles/moveit_msgs__rosidl_generator_c.dir/rosidl_generator_c/moveit_msgs/msg/detail/motion_sequence_response__type_support.c.o[0m
[64.262s] [ 10%] [32mBuilding C object CMakeFiles/moveit_msgs__rosidl_generator_c.dir/rosidl_generator_c/moveit_msgs/msg/detail/move_it_error_codes__description.c.o[0m
[64.323s] [ 10%] [32mBuilding C object CMakeFiles/moveit_msgs__rosidl_generator_c.dir/rosidl_generator_c/moveit_msgs/msg/detail/move_it_error_codes__functions.c.o[0m
[64.458s] [ 10%] [32mBuilding C object CMakeFiles/moveit_msgs__rosidl_generator_c.dir/rosidl_generator_c/moveit_msgs/msg/detail/move_it_error_codes__type_support.c.o[0m
[64.509s] [ 10%] [32mBuilding C object CMakeFiles/moveit_msgs__rosidl_generator_c.dir/rosidl_generator_c/moveit_msgs/msg/detail/trajectory_constraints__description.c.o[0m
[64.597s] [ 10%] [32mBuilding C object CMakeFiles/moveit_msgs__rosidl_generator_c.dir/rosidl_generator_c/moveit_msgs/msg/detail/trajectory_constraints__functions.c.o[0m
[64.730s] [ 10%] [32mBuilding C object CMakeFiles/moveit_msgs__rosidl_generator_c.dir/rosidl_generator_c/moveit_msgs/msg/detail/trajectory_constraints__type_support.c.o[0m
[64.780s] [ 10%] [32mBuilding C object CMakeFiles/moveit_msgs__rosidl_generator_c.dir/rosidl_generator_c/moveit_msgs/msg/detail/object_color__description.c.o[0m
[64.844s] [ 10%] [32mBuilding C object CMakeFiles/moveit_msgs__rosidl_generator_c.dir/rosidl_generator_c/moveit_msgs/msg/detail/object_color__functions.c.o[0m
[64.978s] [ 11%] [32mBuilding C object CMakeFiles/moveit_msgs__rosidl_generator_c.dir/rosidl_generator_c/moveit_msgs/msg/detail/object_color__type_support.c.o[0m
[65.026s] [ 11%] [32mBuilding C object CMakeFiles/moveit_msgs__rosidl_generator_c.dir/rosidl_generator_c/moveit_msgs/msg/detail/orientation_constraint__description.c.o[0m
[65.095s] [ 11%] [32mBuilding C object CMakeFiles/moveit_msgs__rosidl_generator_c.dir/rosidl_generator_c/moveit_msgs/msg/detail/orientation_constraint__functions.c.o[0m
[65.261s] [ 11%] [32mBuilding C object CMakeFiles/moveit_msgs__rosidl_generator_c.dir/rosidl_generator_c/moveit_msgs/msg/detail/orientation_constraint__type_support.c.o[0m
[65.312s] [ 11%] [32mBuilding C object CMakeFiles/moveit_msgs__rosidl_generator_c.dir/rosidl_generator_c/moveit_msgs/msg/detail/oriented_bounding_box__description.c.o[0m
[65.381s] [ 11%] [32mBuilding C object CMakeFiles/moveit_msgs__rosidl_generator_c.dir/rosidl_generator_c/moveit_msgs/msg/detail/oriented_bounding_box__functions.c.o[0m
[65.518s] [ 11%] [32mBuilding C object CMakeFiles/moveit_msgs__rosidl_generator_c.dir/rosidl_generator_c/moveit_msgs/msg/detail/oriented_bounding_box__type_support.c.o[0m
[65.566s] [ 11%] [32mBuilding C object CMakeFiles/moveit_msgs__rosidl_generator_c.dir/rosidl_generator_c/moveit_msgs/msg/detail/place_location__description.c.o[0m
[65.649s] [ 11%] [32mBuilding C object CMakeFiles/moveit_msgs__rosidl_generator_c.dir/rosidl_generator_c/moveit_msgs/msg/detail/place_location__functions.c.o[0m
[65.799s] [ 12%] [32mBuilding C object CMakeFiles/moveit_msgs__rosidl_generator_c.dir/rosidl_generator_c/moveit_msgs/msg/detail/place_location__type_support.c.o[0m
[65.849s] [ 12%] [32mBuilding C object CMakeFiles/moveit_msgs__rosidl_generator_c.dir/rosidl_generator_c/moveit_msgs/msg/detail/planner_interface_description__description.c.o[0m
[65.911s] [ 12%] [32mBuilding C object CMakeFiles/moveit_msgs__rosidl_generator_c.dir/rosidl_generator_c/moveit_msgs/msg/detail/planner_interface_description__functions.c.o[0m
[66.047s] [ 12%] [32mBuilding C object CMakeFiles/moveit_msgs__rosidl_generator_c.dir/rosidl_generator_c/moveit_msgs/msg/detail/planner_interface_description__type_support.c.o[0m
[66.094s] [ 12%] [32mBuilding C object CMakeFiles/moveit_msgs__rosidl_generator_c.dir/rosidl_generator_c/moveit_msgs/msg/detail/planner_params__description.c.o[0m
[66.154s] [ 12%] [32mBuilding C object CMakeFiles/moveit_msgs__rosidl_generator_c.dir/rosidl_generator_c/moveit_msgs/msg/detail/planner_params__functions.c.o[0m
[66.289s] [ 12%] [32mBuilding C object CMakeFiles/moveit_msgs__rosidl_generator_c.dir/rosidl_generator_c/moveit_msgs/msg/detail/planner_params__type_support.c.o[0m
[66.337s] [ 12%] [32mBuilding C object CMakeFiles/moveit_msgs__rosidl_generator_c.dir/rosidl_generator_c/moveit_msgs/msg/detail/planning_scene__description.c.o[0m
[66.457s] [ 13%] [32mBuilding C object CMakeFiles/moveit_msgs__rosidl_generator_c.dir/rosidl_generator_c/moveit_msgs/msg/detail/planning_scene__functions.c.o[0m
[66.618s] [ 13%] [32mBuilding C object CMakeFiles/moveit_msgs__rosidl_generator_c.dir/rosidl_generator_c/moveit_msgs/msg/detail/planning_scene__type_support.c.o[0m
[66.672s] [ 13%] [32mBuilding C object CMakeFiles/moveit_msgs__rosidl_generator_c.dir/rosidl_generator_c/moveit_msgs/msg/detail/planning_scene_components__description.c.o[0m
[66.734s] [ 13%] [32mBuilding C object CMakeFiles/moveit_msgs__rosidl_generator_c.dir/rosidl_generator_c/moveit_msgs/msg/detail/planning_scene_components__functions.c.o[0m
[66.860s] [ 13%] [32mBuilding C object CMakeFiles/moveit_msgs__rosidl_generator_c.dir/rosidl_generator_c/moveit_msgs/msg/detail/planning_scene_components__type_support.c.o[0m
[66.908s] [ 13%] [32mBuilding C object CMakeFiles/moveit_msgs__rosidl_generator_c.dir/rosidl_generator_c/moveit_msgs/msg/detail/planning_scene_world__description.c.o[0m
[67.001s] [ 13%] [32mBuilding C object CMakeFiles/moveit_msgs__rosidl_generator_c.dir/rosidl_generator_c/moveit_msgs/msg/detail/planning_scene_world__functions.c.o[0m
[67.151s] [ 13%] [32mBuilding C object CMakeFiles/moveit_msgs__rosidl_generator_c.dir/rosidl_generator_c/moveit_msgs/msg/detail/planning_scene_world__type_support.c.o[0m
[67.207s] [ 13%] [32mBuilding C object CMakeFiles/moveit_msgs__rosidl_generator_c.dir/rosidl_generator_c/moveit_msgs/msg/detail/planning_options__description.c.o[0m
[67.319s] [ 14%] [32mBuilding C object CMakeFiles/moveit_msgs__rosidl_generator_c.dir/rosidl_generator_c/moveit_msgs/msg/detail/planning_options__functions.c.o[0m
[67.461s] [ 14%] [32mBuilding C object CMakeFiles/moveit_msgs__rosidl_generator_c.dir/rosidl_generator_c/moveit_msgs/msg/detail/planning_options__type_support.c.o[0m
[67.516s] [ 14%] [32mBuilding C object CMakeFiles/moveit_msgs__rosidl_generator_c.dir/rosidl_generator_c/moveit_msgs/msg/detail/position_constraint__description.c.o[0m
[67.598s] [ 14%] [32mBuilding C object CMakeFiles/moveit_msgs__rosidl_generator_c.dir/rosidl_generator_c/moveit_msgs/msg/detail/position_constraint__functions.c.o[0m
[67.746s] [ 14%] [32mBuilding C object CMakeFiles/moveit_msgs__rosidl_generator_c.dir/rosidl_generator_c/moveit_msgs/msg/detail/position_constraint__type_support.c.o[0m
[67.795s] [ 14%] [32mBuilding C object CMakeFiles/moveit_msgs__rosidl_generator_c.dir/rosidl_generator_c/moveit_msgs/msg/detail/robot_state__description.c.o[0m
[67.895s] [ 14%] [32mBuilding C object CMakeFiles/moveit_msgs__rosidl_generator_c.dir/rosidl_generator_c/moveit_msgs/msg/detail/robot_state__functions.c.o[0m
[68.042s] [ 14%] [32mBuilding C object CMakeFiles/moveit_msgs__rosidl_generator_c.dir/rosidl_generator_c/moveit_msgs/msg/detail/robot_state__type_support.c.o[0m
[68.094s] [ 15%] [32mBuilding C object CMakeFiles/moveit_msgs__rosidl_generator_c.dir/rosidl_generator_c/moveit_msgs/msg/detail/robot_trajectory__description.c.o[0m
[68.174s] [ 15%] [32mBuilding C object CMakeFiles/moveit_msgs__rosidl_generator_c.dir/rosidl_generator_c/moveit_msgs/msg/detail/robot_trajectory__functions.c.o[0m
[68.313s] [ 15%] [32mBuilding C object CMakeFiles/moveit_msgs__rosidl_generator_c.dir/rosidl_generator_c/moveit_msgs/msg/detail/robot_trajectory__type_support.c.o[0m
[68.363s] [ 15%] [32mBuilding C object CMakeFiles/moveit_msgs__rosidl_generator_c.dir/rosidl_generator_c/moveit_msgs/msg/detail/visibility_constraint__description.c.o[0m
[68.435s] [ 15%] [32mBuilding C object CMakeFiles/moveit_msgs__rosidl_generator_c.dir/rosidl_generator_c/moveit_msgs/msg/detail/visibility_constraint__functions.c.o[0m
[68.578s] [ 15%] [32mBuilding C object CMakeFiles/moveit_msgs__rosidl_generator_c.dir/rosidl_generator_c/moveit_msgs/msg/detail/visibility_constraint__type_support.c.o[0m
[68.628s] [ 15%] [32mBuilding C object CMakeFiles/moveit_msgs__rosidl_generator_c.dir/rosidl_generator_c/moveit_msgs/msg/detail/workspace_parameters__description.c.o[0m
[68.694s] [ 15%] [32mBuilding C object CMakeFiles/moveit_msgs__rosidl_generator_c.dir/rosidl_generator_c/moveit_msgs/msg/detail/workspace_parameters__functions.c.o[0m
[68.836s] [ 15%] [32mBuilding C object CMakeFiles/moveit_msgs__rosidl_generator_c.dir/rosidl_generator_c/moveit_msgs/msg/detail/workspace_parameters__type_support.c.o[0m
[68.896s] [ 16%] [32mBuilding C object CMakeFiles/moveit_msgs__rosidl_generator_c.dir/rosidl_generator_c/moveit_msgs/msg/detail/kinematic_solver_info__description.c.o[0m
[68.997s] [ 16%] [32mBuilding C object CMakeFiles/moveit_msgs__rosidl_generator_c.dir/rosidl_generator_c/moveit_msgs/msg/detail/kinematic_solver_info__functions.c.o[0m
[69.239s] [ 16%] [32mBuilding C object CMakeFiles/moveit_msgs__rosidl_generator_c.dir/rosidl_generator_c/moveit_msgs/msg/detail/kinematic_solver_info__type_support.c.o[0m
[69.315s] [ 16%] [32mBuilding C object CMakeFiles/moveit_msgs__rosidl_generator_c.dir/rosidl_generator_c/moveit_msgs/msg/detail/position_ik_request__description.c.o[0m
[69.430s] [ 16%] [32mBuilding C object CMakeFiles/moveit_msgs__rosidl_generator_c.dir/rosidl_generator_c/moveit_msgs/msg/detail/position_ik_request__functions.c.o[0m
[69.584s] [ 16%] [32mBuilding C object CMakeFiles/moveit_msgs__rosidl_generator_c.dir/rosidl_generator_c/moveit_msgs/msg/detail/position_ik_request__type_support.c.o[0m
[69.638s] [ 16%] [32mBuilding C object CMakeFiles/moveit_msgs__rosidl_generator_c.dir/rosidl_generator_c/moveit_msgs/msg/detail/pipeline_state__description.c.o[0m
[69.775s] [ 16%] [32mBuilding C object CMakeFiles/moveit_msgs__rosidl_generator_c.dir/rosidl_generator_c/moveit_msgs/msg/detail/pipeline_state__functions.c.o[0m
[69.925s] [ 17%] [32mBuilding C object CMakeFiles/moveit_msgs__rosidl_generator_c.dir/rosidl_generator_c/moveit_msgs/msg/detail/pipeline_state__type_support.c.o[0m
[69.983s] [ 17%] [32mBuilding C object CMakeFiles/moveit_msgs__rosidl_generator_c.dir/rosidl_generator_c/moveit_msgs/msg/detail/servo_status__description.c.o[0m
[70.046s] [ 17%] [32mBuilding C object CMakeFiles/moveit_msgs__rosidl_generator_c.dir/rosidl_generator_c/moveit_msgs/msg/detail/servo_status__functions.c.o[0m
[70.183s] [ 17%] [32mBuilding C object CMakeFiles/moveit_msgs__rosidl_generator_c.dir/rosidl_generator_c/moveit_msgs/msg/detail/servo_status__type_support.c.o[0m
[70.232s] [ 17%] [32mBuilding C object CMakeFiles/moveit_msgs__rosidl_generator_c.dir/rosidl_generator_c/moveit_msgs/srv/detail/get_motion_plan__description.c.o[0m
[70.514s] [ 17%] [32mBuilding C object CMakeFiles/moveit_msgs__rosidl_generator_c.dir/rosidl_generator_c/moveit_msgs/srv/detail/get_motion_plan__functions.c.o[0m
[70.831s] [ 17%] [32mBuilding C object CMakeFiles/moveit_msgs__rosidl_generator_c.dir/rosidl_generator_c/moveit_msgs/srv/detail/get_motion_plan__type_support.c.o[0m
[70.910s] [ 17%] [32mBuilding C object CMakeFiles/moveit_msgs__rosidl_generator_c.dir/rosidl_generator_c/moveit_msgs/srv/detail/get_multi_state_validity__description.c.o[0m
[71.135s] [ 18%] [32mBuilding C object CMakeFiles/moveit_msgs__rosidl_generator_c.dir/rosidl_generator_c/moveit_msgs/srv/detail/get_multi_state_validity__functions.c.o[0m
[71.459s] [ 18%] [32mBuilding C object CMakeFiles/moveit_msgs__rosidl_generator_c.dir/rosidl_generator_c/moveit_msgs/srv/detail/get_multi_state_validity__type_support.c.o[0m
[71.544s] [ 18%] [32mBuilding C object CMakeFiles/moveit_msgs__rosidl_generator_c.dir/rosidl_generator_c/moveit_msgs/srv/detail/get_state_validity__description.c.o[0m
[71.762s] [ 18%] [32mBuilding C object CMakeFiles/moveit_msgs__rosidl_generator_c.dir/rosidl_generator_c/moveit_msgs/srv/detail/get_state_validity__functions.c.o[0m
[72.075s] [ 18%] [32mBuilding C object CMakeFiles/moveit_msgs__rosidl_generator_c.dir/rosidl_generator_c/moveit_msgs/srv/detail/get_state_validity__type_support.c.o[0m
[72.156s] [ 18%] [32mBuilding C object CMakeFiles/moveit_msgs__rosidl_generator_c.dir/rosidl_generator_c/moveit_msgs/srv/detail/get_cartesian_path__description.c.o[0m
[72.399s] [ 18%] [32mBuilding C object CMakeFiles/moveit_msgs__rosidl_generator_c.dir/rosidl_generator_c/moveit_msgs/srv/detail/get_cartesian_path__functions.c.o[0m
[72.733s] [ 18%] [32mBuilding C object CMakeFiles/moveit_msgs__rosidl_generator_c.dir/rosidl_generator_c/moveit_msgs/srv/detail/get_cartesian_path__type_support.c.o[0m
[72.816s] [ 18%] [32mBuilding C object CMakeFiles/moveit_msgs__rosidl_generator_c.dir/rosidl_generator_c/moveit_msgs/srv/detail/get_planning_scene__description.c.o[0m
[73.024s] [ 19%] [32mBuilding C object CMakeFiles/moveit_msgs__rosidl_generator_c.dir/rosidl_generator_c/moveit_msgs/srv/detail/get_planning_scene__functions.c.o[0m
[73.319s] [ 19%] [32mBuilding C object CMakeFiles/moveit_msgs__rosidl_generator_c.dir/rosidl_generator_c/moveit_msgs/srv/detail/get_planning_scene__type_support.c.o[0m
[73.399s] [ 19%] [32mBuilding C object CMakeFiles/moveit_msgs__rosidl_generator_c.dir/rosidl_generator_c/moveit_msgs/srv/detail/grasp_planning__description.c.o[0m
[73.594s] [ 19%] [32mBuilding C object CMakeFiles/moveit_msgs__rosidl_generator_c.dir/rosidl_generator_c/moveit_msgs/srv/detail/grasp_planning__functions.c.o[0m
[73.908s] [ 19%] [32mBuilding C object CMakeFiles/moveit_msgs__rosidl_generator_c.dir/rosidl_generator_c/moveit_msgs/srv/detail/grasp_planning__type_support.c.o[0m
[73.984s] [ 19%] [32mBuilding C object CMakeFiles/moveit_msgs__rosidl_generator_c.dir/rosidl_generator_c/moveit_msgs/srv/detail/apply_planning_scene__description.c.o[0m
[74.208s] [ 19%] [32mBuilding C object CMakeFiles/moveit_msgs__rosidl_generator_c.dir/rosidl_generator_c/moveit_msgs/srv/detail/apply_planning_scene__functions.c.o[0m
[74.498s] [ 19%] [32mBuilding C object CMakeFiles/moveit_msgs__rosidl_generator_c.dir/rosidl_generator_c/moveit_msgs/srv/detail/apply_planning_scene__type_support.c.o[0m
[74.577s] [ 20%] [32mBuilding C object CMakeFiles/moveit_msgs__rosidl_generator_c.dir/rosidl_generator_c/moveit_msgs/srv/detail/query_planner_interfaces__description.c.o[0m
[74.679s] [ 20%] [32mBuilding C object CMakeFiles/moveit_msgs__rosidl_generator_c.dir/rosidl_generator_c/moveit_msgs/srv/detail/query_planner_interfaces__functions.c.o[0m
[74.963s] [ 20%] [32mBuilding C object CMakeFiles/moveit_msgs__rosidl_generator_c.dir/rosidl_generator_c/moveit_msgs/srv/detail/query_planner_interfaces__type_support.c.o[0m
[75.033s] [ 20%] [32mBuilding C object CMakeFiles/moveit_msgs__rosidl_generator_c.dir/rosidl_generator_c/moveit_msgs/srv/detail/get_motion_sequence__description.c.o[0m
[75.315s] [ 20%] [32mBuilding C object CMakeFiles/moveit_msgs__rosidl_generator_c.dir/rosidl_generator_c/moveit_msgs/srv/detail/get_motion_sequence__functions.c.o[0m
[75.617s] [ 20%] [32mBuilding C object CMakeFiles/moveit_msgs__rosidl_generator_c.dir/rosidl_generator_c/moveit_msgs/srv/detail/get_motion_sequence__type_support.c.o[0m
[75.701s] [ 20%] [32mBuilding C object CMakeFiles/moveit_msgs__rosidl_generator_c.dir/rosidl_generator_c/moveit_msgs/srv/detail/get_position_fk__description.c.o[0m
[75.894s] [ 20%] [32mBuilding C object CMakeFiles/moveit_msgs__rosidl_generator_c.dir/rosidl_generator_c/moveit_msgs/srv/detail/get_position_fk__functions.c.o[0m
[76.202s] [ 20%] [32mBuilding C object CMakeFiles/moveit_msgs__rosidl_generator_c.dir/rosidl_generator_c/moveit_msgs/srv/detail/get_position_fk__type_support.c.o[0m
[76.278s] [ 21%] [32mBuilding C object CMakeFiles/moveit_msgs__rosidl_generator_c.dir/rosidl_generator_c/moveit_msgs/srv/detail/get_position_ik__description.c.o[0m
[76.512s] [ 21%] [32mBuilding C object CMakeFiles/moveit_msgs__rosidl_generator_c.dir/rosidl_generator_c/moveit_msgs/srv/detail/get_position_ik__functions.c.o[0m
[76.816s] [ 21%] [32mBuilding C object CMakeFiles/moveit_msgs__rosidl_generator_c.dir/rosidl_generator_c/moveit_msgs/srv/detail/get_position_ik__type_support.c.o[0m
[76.896s] [ 21%] [32mBuilding C object CMakeFiles/moveit_msgs__rosidl_generator_c.dir/rosidl_generator_c/moveit_msgs/srv/detail/get_planner_params__description.c.o[0m
[77.009s] [ 21%] [32mBuilding C object CMakeFiles/moveit_msgs__rosidl_generator_c.dir/rosidl_generator_c/moveit_msgs/srv/detail/get_planner_params__functions.c.o[0m
[77.307s] [ 21%] [32mBuilding C object CMakeFiles/moveit_msgs__rosidl_generator_c.dir/rosidl_generator_c/moveit_msgs/srv/detail/get_planner_params__type_support.c.o[0m
[77.379s] [ 21%] [32mBuilding C object CMakeFiles/moveit_msgs__rosidl_generator_c.dir/rosidl_generator_c/moveit_msgs/srv/detail/set_planner_params__description.c.o[0m
[77.484s] [ 21%] [32mBuilding C object CMakeFiles/moveit_msgs__rosidl_generator_c.dir/rosidl_generator_c/moveit_msgs/srv/detail/set_planner_params__functions.c.o[0m
[77.775s] [ 22%] [32mBuilding C object CMakeFiles/moveit_msgs__rosidl_generator_c.dir/rosidl_generator_c/moveit_msgs/srv/detail/set_planner_params__type_support.c.o[0m
[77.846s] [ 22%] [32mBuilding C object CMakeFiles/moveit_msgs__rosidl_generator_c.dir/rosidl_generator_c/moveit_msgs/srv/detail/update_pointcloud_octomap__description.c.o[0m
[77.959s] [ 22%] [32mBuilding C object CMakeFiles/moveit_msgs__rosidl_generator_c.dir/rosidl_generator_c/moveit_msgs/srv/detail/update_pointcloud_octomap__functions.c.o[0m
[78.314s] [ 22%] [32mBuilding C object CMakeFiles/moveit_msgs__rosidl_generator_c.dir/rosidl_generator_c/moveit_msgs/srv/detail/update_pointcloud_octomap__type_support.c.o[0m
[78.414s] [ 22%] [32mBuilding C object CMakeFiles/moveit_msgs__rosidl_generator_c.dir/rosidl_generator_c/moveit_msgs/srv/detail/save_geometry_to_file__description.c.o[0m
[78.518s] [ 22%] [32mBuilding C object CMakeFiles/moveit_msgs__rosidl_generator_c.dir/rosidl_generator_c/moveit_msgs/srv/detail/save_geometry_to_file__functions.c.o[0m
[78.812s] [ 22%] [32mBuilding C object CMakeFiles/moveit_msgs__rosidl_generator_c.dir/rosidl_generator_c/moveit_msgs/srv/detail/save_geometry_to_file__type_support.c.o[0m
[78.879s] [ 22%] [32mBuilding C object CMakeFiles/moveit_msgs__rosidl_generator_c.dir/rosidl_generator_c/moveit_msgs/srv/detail/save_map__description.c.o[0m
[78.977s] [ 22%] [32mBuilding C object CMakeFiles/moveit_msgs__rosidl_generator_c.dir/rosidl_generator_c/moveit_msgs/srv/detail/save_map__functions.c.o[0m
[79.294s] [ 23%] [32mBuilding C object CMakeFiles/moveit_msgs__rosidl_generator_c.dir/rosidl_generator_c/moveit_msgs/srv/detail/save_map__type_support.c.o[0m
[79.406s] [ 23%] [32mBuilding C object CMakeFiles/moveit_msgs__rosidl_generator_c.dir/rosidl_generator_c/moveit_msgs/srv/detail/load_geometry_from_file__description.c.o[0m
[79.510s] [ 23%] [32mBuilding C object CMakeFiles/moveit_msgs__rosidl_generator_c.dir/rosidl_generator_c/moveit_msgs/srv/detail/load_geometry_from_file__functions.c.o[0m
[79.805s] [ 23%] [32mBuilding C object CMakeFiles/moveit_msgs__rosidl_generator_c.dir/rosidl_generator_c/moveit_msgs/srv/detail/load_geometry_from_file__type_support.c.o[0m
[79.881s] [ 23%] [32mBuilding C object CMakeFiles/moveit_msgs__rosidl_generator_c.dir/rosidl_generator_c/moveit_msgs/srv/detail/load_map__description.c.o[0m
[79.986s] [ 23%] [32mBuilding C object CMakeFiles/moveit_msgs__rosidl_generator_c.dir/rosidl_generator_c/moveit_msgs/srv/detail/load_map__functions.c.o[0m
[80.293s] [ 23%] [32mBuilding C object CMakeFiles/moveit_msgs__rosidl_generator_c.dir/rosidl_generator_c/moveit_msgs/srv/detail/load_map__type_support.c.o[0m
[80.369s] [ 23%] [32mBuilding C object CMakeFiles/moveit_msgs__rosidl_generator_c.dir/rosidl_generator_c/moveit_msgs/srv/detail/save_robot_state_to_warehouse__description.c.o[0m
[80.560s] [ 24%] [32mBuilding C object CMakeFiles/moveit_msgs__rosidl_generator_c.dir/rosidl_generator_c/moveit_msgs/srv/detail/save_robot_state_to_warehouse__functions.c.o[0m
[80.871s] [ 24%] [32mBuilding C object CMakeFiles/moveit_msgs__rosidl_generator_c.dir/rosidl_generator_c/moveit_msgs/srv/detail/save_robot_state_to_warehouse__type_support.c.o[0m
[80.954s] [ 24%] [32mBuilding C object CMakeFiles/moveit_msgs__rosidl_generator_c.dir/rosidl_generator_c/moveit_msgs/srv/detail/list_robot_states_in_warehouse__description.c.o[0m
[81.057s] [ 24%] [32mBuilding C object CMakeFiles/moveit_msgs__rosidl_generator_c.dir/rosidl_generator_c/moveit_msgs/srv/detail/list_robot_states_in_warehouse__functions.c.o[0m
[81.371s] [ 24%] [32mBuilding C object CMakeFiles/moveit_msgs__rosidl_generator_c.dir/rosidl_generator_c/moveit_msgs/srv/detail/list_robot_states_in_warehouse__type_support.c.o[0m
[81.445s] [ 24%] [32mBuilding C object CMakeFiles/moveit_msgs__rosidl_generator_c.dir/rosidl_generator_c/moveit_msgs/srv/detail/get_robot_state_from_warehouse__description.c.o[0m
[81.631s] [ 24%] [32mBuilding C object CMakeFiles/moveit_msgs__rosidl_generator_c.dir/rosidl_generator_c/moveit_msgs/srv/detail/get_robot_state_from_warehouse__functions.c.o[0m
[81.945s] [ 24%] [32mBuilding C object CMakeFiles/moveit_msgs__rosidl_generator_c.dir/rosidl_generator_c/moveit_msgs/srv/detail/get_robot_state_from_warehouse__type_support.c.o[0m
[82.026s] [ 25%] [32mBuilding C object CMakeFiles/moveit_msgs__rosidl_generator_c.dir/rosidl_generator_c/moveit_msgs/srv/detail/check_if_robot_state_exists_in_warehouse__description.c.o[0m
[82.126s] [ 25%] [32mBuilding C object CMakeFiles/moveit_msgs__rosidl_generator_c.dir/rosidl_generator_c/moveit_msgs/srv/detail/check_if_robot_state_exists_in_warehouse__functions.c.o[0m
[82.415s] [ 25%] [32mBuilding C object CMakeFiles/moveit_msgs__rosidl_generator_c.dir/rosidl_generator_c/moveit_msgs/srv/detail/check_if_robot_state_exists_in_warehouse__type_support.c.o[0m
[82.488s] [ 25%] [32mBuilding C object CMakeFiles/moveit_msgs__rosidl_generator_c.dir/rosidl_generator_c/moveit_msgs/srv/detail/rename_robot_state_in_warehouse__description.c.o[0m
[82.585s] [ 25%] [32mBuilding C object CMakeFiles/moveit_msgs__rosidl_generator_c.dir/rosidl_generator_c/moveit_msgs/srv/detail/rename_robot_state_in_warehouse__functions.c.o[0m
[82.879s] [ 25%] [32mBuilding C object CMakeFiles/moveit_msgs__rosidl_generator_c.dir/rosidl_generator_c/moveit_msgs/srv/detail/rename_robot_state_in_warehouse__type_support.c.o[0m
[82.952s] [ 25%] [32mBuilding C object CMakeFiles/moveit_msgs__rosidl_generator_c.dir/rosidl_generator_c/moveit_msgs/srv/detail/delete_robot_state_from_warehouse__description.c.o[0m
[83.055s] [ 25%] [32mBuilding C object CMakeFiles/moveit_msgs__rosidl_generator_c.dir/rosidl_generator_c/moveit_msgs/srv/detail/delete_robot_state_from_warehouse__functions.c.o[0m
[83.362s] [ 25%] [32mBuilding C object CMakeFiles/moveit_msgs__rosidl_generator_c.dir/rosidl_generator_c/moveit_msgs/srv/detail/delete_robot_state_from_warehouse__type_support.c.o[0m
[83.435s] [ 26%] [32mBuilding C object CMakeFiles/moveit_msgs__rosidl_generator_c.dir/rosidl_generator_c/moveit_msgs/srv/detail/servo_command_type__description.c.o[0m
[83.541s] [ 26%] [32mBuilding C object CMakeFiles/moveit_msgs__rosidl_generator_c.dir/rosidl_generator_c/moveit_msgs/srv/detail/servo_command_type__functions.c.o[0m
[83.828s] [ 26%] [32mBuilding C object CMakeFiles/moveit_msgs__rosidl_generator_c.dir/rosidl_generator_c/moveit_msgs/srv/detail/servo_command_type__type_support.c.o[0m
[83.897s] [ 26%] [32mBuilding C object CMakeFiles/moveit_msgs__rosidl_generator_c.dir/rosidl_generator_c/moveit_msgs/srv/detail/get_group_urdf__description.c.o[0m
[84.004s] [ 26%] [32mBuilding C object CMakeFiles/moveit_msgs__rosidl_generator_c.dir/rosidl_generator_c/moveit_msgs/srv/detail/get_group_urdf__functions.c.o[0m
[84.313s] [ 26%] [32mBuilding C object CMakeFiles/moveit_msgs__rosidl_generator_c.dir/rosidl_generator_c/moveit_msgs/srv/detail/get_group_urdf__type_support.c.o[0m
[84.384s] [ 26%] [32mBuilding C object CMakeFiles/moveit_msgs__rosidl_generator_c.dir/rosidl_generator_c/moveit_msgs/action/detail/execute_trajectory__description.c.o[0m
[84.676s] [ 26%] [32mBuilding C object CMakeFiles/moveit_msgs__rosidl_generator_c.dir/rosidl_generator_c/moveit_msgs/action/detail/execute_trajectory__functions.c.o[0m
[85.532s] [ 27%] [32mBuilding C object CMakeFiles/moveit_msgs__rosidl_generator_c.dir/rosidl_generator_c/moveit_msgs/action/detail/execute_trajectory__type_support.c.o[0m
[85.624s] [ 27%] [32mBuilding C object CMakeFiles/moveit_msgs__rosidl_generator_c.dir/rosidl_generator_c/moveit_msgs/action/detail/move_group__description.c.o[0m
[86.266s] [ 27%] [32mBuilding C object CMakeFiles/moveit_msgs__rosidl_generator_c.dir/rosidl_generator_c/moveit_msgs/action/detail/move_group__functions.c.o[0m
[87.154s] [ 27%] [32mBuilding C object CMakeFiles/moveit_msgs__rosidl_generator_c.dir/rosidl_generator_c/moveit_msgs/action/detail/move_group__type_support.c.o[0m
[87.259s] [ 27%] [32mBuilding C object CMakeFiles/moveit_msgs__rosidl_generator_c.dir/rosidl_generator_c/moveit_msgs/action/detail/move_group_sequence__description.c.o[0m
[88.033s] [ 27%] [32mBuilding C object CMakeFiles/moveit_msgs__rosidl_generator_c.dir/rosidl_generator_c/moveit_msgs/action/detail/move_group_sequence__functions.c.o[0m
[88.927s] [ 27%] [32mBuilding C object CMakeFiles/moveit_msgs__rosidl_generator_c.dir/rosidl_generator_c/moveit_msgs/action/detail/move_group_sequence__type_support.c.o[0m
[89.048s] [ 27%] [32mBuilding C object CMakeFiles/moveit_msgs__rosidl_generator_c.dir/rosidl_generator_c/moveit_msgs/action/detail/pickup__description.c.o[0m
[89.690s] [ 27%] [32mBuilding C object CMakeFiles/moveit_msgs__rosidl_generator_c.dir/rosidl_generator_c/moveit_msgs/action/detail/pickup__functions.c.o[0m
[90.542s] [ 28%] [32mBuilding C object CMakeFiles/moveit_msgs__rosidl_generator_c.dir/rosidl_generator_c/moveit_msgs/action/detail/pickup__type_support.c.o[0m
[90.648s] [ 28%] [32mBuilding C object CMakeFiles/moveit_msgs__rosidl_generator_c.dir/rosidl_generator_c/moveit_msgs/action/detail/place__description.c.o[0m
[91.242s] [ 28%] [32mBuilding C object CMakeFiles/moveit_msgs__rosidl_generator_c.dir/rosidl_generator_c/moveit_msgs/action/detail/place__functions.c.o[0m
[92.117s] [ 28%] [32mBuilding C object CMakeFiles/moveit_msgs__rosidl_generator_c.dir/rosidl_generator_c/moveit_msgs/action/detail/place__type_support.c.o[0m
[92.216s] [ 28%] [32mBuilding C object CMakeFiles/moveit_msgs__rosidl_generator_c.dir/rosidl_generator_c/moveit_msgs/action/detail/local_planner__description.c.o[0m
[92.522s] [ 28%] [32mBuilding C object CMakeFiles/moveit_msgs__rosidl_generator_c.dir/rosidl_generator_c/moveit_msgs/action/detail/local_planner__functions.c.o[0m
[93.348s] [ 28%] [32mBuilding C object CMakeFiles/moveit_msgs__rosidl_generator_c.dir/rosidl_generator_c/moveit_msgs/action/detail/local_planner__type_support.c.o[0m
[93.440s] [ 28%] [32mBuilding C object CMakeFiles/moveit_msgs__rosidl_generator_c.dir/rosidl_generator_c/moveit_msgs/action/detail/global_planner__description.c.o[0m
[94.000s] [ 29%] [32mBuilding C object CMakeFiles/moveit_msgs__rosidl_generator_c.dir/rosidl_generator_c/moveit_msgs/action/detail/global_planner__functions.c.o[0m
[94.859s] [ 29%] [32mBuilding C object CMakeFiles/moveit_msgs__rosidl_generator_c.dir/rosidl_generator_c/moveit_msgs/action/detail/global_planner__type_support.c.o[0m
[94.957s] [ 29%] [32mBuilding C object CMakeFiles/moveit_msgs__rosidl_generator_c.dir/rosidl_generator_c/moveit_msgs/action/detail/hybrid_planner__description.c.o[0m
[95.405s] [ 29%] [32mBuilding C object CMakeFiles/moveit_msgs__rosidl_generator_c.dir/rosidl_generator_c/moveit_msgs/action/detail/hybrid_planner__functions.c.o[0m
[96.266s] [ 29%] [32mBuilding C object CMakeFiles/moveit_msgs__rosidl_generator_c.dir/rosidl_generator_c/moveit_msgs/action/detail/hybrid_planner__type_support.c.o[0m
[96.364s] [ 29%] [32mBuilding C object CMakeFiles/moveit_msgs__rosidl_generator_c.dir/rosidl_generator_c/moveit_msgs/msg/detail/allowed_collision_entry__type_support.c.o[0m
[96.415s] [ 29%] [32mBuilding C object CMakeFiles/moveit_msgs__rosidl_generator_c.dir/rosidl_generator_c/moveit_msgs/msg/detail/allowed_collision_entry__functions.c.o[0m
[96.560s] [ 29%] [32m[1mLinking C shared library libmoveit_msgs__rosidl_generator_c.so[0m
[96.696s] [ 29%] Built target moveit_msgs__rosidl_generator_c
[96.713s] [ 29%] [34m[1mGenerating C++ type support dispatch for ROS interfaces[0m
[103.660s] [ 29%] [32mBuilding CXX object CMakeFiles/moveit_msgs__rosidl_typesupport_cpp.dir/rosidl_typesupport_cpp/moveit_msgs/msg/allowed_collision_entry__type_support.cpp.o[0m
[103.997s] [ 29%] [32mBuilding CXX object CMakeFiles/moveit_msgs__rosidl_typesupport_cpp.dir/rosidl_typesupport_cpp/moveit_msgs/msg/allowed_collision_matrix__type_support.cpp.o[0m
[104.338s] [ 30%] [32mBuilding CXX object CMakeFiles/moveit_msgs__rosidl_typesupport_cpp.dir/rosidl_typesupport_cpp/moveit_msgs/msg/attached_collision_object__type_support.cpp.o[0m
[104.703s] [ 30%] [32mBuilding CXX object CMakeFiles/moveit_msgs__rosidl_typesupport_cpp.dir/rosidl_typesupport_cpp/moveit_msgs/msg/bounding_volume__type_support.cpp.o[0m
[105.049s] [ 30%] [32mBuilding CXX object CMakeFiles/moveit_msgs__rosidl_typesupport_cpp.dir/rosidl_typesupport_cpp/moveit_msgs/msg/cartesian_point__type_support.cpp.o[0m
[105.394s] [ 30%] [32mBuilding CXX object CMakeFiles/moveit_msgs__rosidl_typesupport_cpp.dir/rosidl_typesupport_cpp/moveit_msgs/msg/cartesian_trajectory__type_support.cpp.o[0m
[105.740s] [ 30%] [32mBuilding CXX object CMakeFiles/moveit_msgs__rosidl_typesupport_cpp.dir/rosidl_typesupport_cpp/moveit_msgs/msg/cartesian_trajectory_point__type_support.cpp.o[0m
[106.083s] [ 30%] [32mBuilding CXX object CMakeFiles/moveit_msgs__rosidl_typesupport_cpp.dir/rosidl_typesupport_cpp/moveit_msgs/msg/collision_object__type_support.cpp.o[0m
[106.430s] [ 30%] [32mBuilding CXX object CMakeFiles/moveit_msgs__rosidl_typesupport_cpp.dir/rosidl_typesupport_cpp/moveit_msgs/msg/constraint_eval_result__type_support.cpp.o[0m
[106.770s] [ 30%] [32mBuilding CXX object CMakeFiles/moveit_msgs__rosidl_typesupport_cpp.dir/rosidl_typesupport_cpp/moveit_msgs/msg/constraints__type_support.cpp.o[0m
[107.130s] [ 30%] [32mBuilding CXX object CMakeFiles/moveit_msgs__rosidl_typesupport_cpp.dir/rosidl_typesupport_cpp/moveit_msgs/msg/cost_source__type_support.cpp.o[0m
[107.470s] [ 31%] [32mBuilding CXX object CMakeFiles/moveit_msgs__rosidl_typesupport_cpp.dir/rosidl_typesupport_cpp/moveit_msgs/msg/contact_information__type_support.cpp.o[0m
[107.818s] [ 31%] [32mBuilding CXX object CMakeFiles/moveit_msgs__rosidl_typesupport_cpp.dir/rosidl_typesupport_cpp/moveit_msgs/msg/display_trajectory__type_support.cpp.o[0m
[108.193s] [ 31%] [32mBuilding CXX object CMakeFiles/moveit_msgs__rosidl_typesupport_cpp.dir/rosidl_typesupport_cpp/moveit_msgs/msg/display_robot_state__type_support.cpp.o[0m
[108.594s] [ 31%] [32mBuilding CXX object CMakeFiles/moveit_msgs__rosidl_typesupport_cpp.dir/rosidl_typesupport_cpp/moveit_msgs/msg/generic_trajectory__type_support.cpp.o[0m
[108.986s] [ 31%] [32mBuilding CXX object CMakeFiles/moveit_msgs__rosidl_typesupport_cpp.dir/rosidl_typesupport_cpp/moveit_msgs/msg/grasp__type_support.cpp.o[0m
[109.349s] [ 31%] [32mBuilding CXX object CMakeFiles/moveit_msgs__rosidl_typesupport_cpp.dir/rosidl_typesupport_cpp/moveit_msgs/msg/gripper_translation__type_support.cpp.o[0m
[109.715s] [ 31%] [32mBuilding CXX object CMakeFiles/moveit_msgs__rosidl_typesupport_cpp.dir/rosidl_typesupport_cpp/moveit_msgs/msg/joint_constraint__type_support.cpp.o[0m
[110.047s] [ 31%] [32mBuilding CXX object CMakeFiles/moveit_msgs__rosidl_typesupport_cpp.dir/rosidl_typesupport_cpp/moveit_msgs/msg/joint_limits__type_support.cpp.o[0m
[110.382s] [ 32%] [32mBuilding CXX object CMakeFiles/moveit_msgs__rosidl_typesupport_cpp.dir/rosidl_typesupport_cpp/moveit_msgs/msg/link_padding__type_support.cpp.o[0m
[110.720s] [ 32%] [32mBuilding CXX object CMakeFiles/moveit_msgs__rosidl_typesupport_cpp.dir/rosidl_typesupport_cpp/moveit_msgs/msg/link_scale__type_support.cpp.o[0m
[111.056s] [ 32%] [32mBuilding CXX object CMakeFiles/moveit_msgs__rosidl_typesupport_cpp.dir/rosidl_typesupport_cpp/moveit_msgs/msg/motion_plan_request__type_support.cpp.o[0m
[111.424s] [ 32%] [32mBuilding CXX object CMakeFiles/moveit_msgs__rosidl_typesupport_cpp.dir/rosidl_typesupport_cpp/moveit_msgs/msg/motion_plan_response__type_support.cpp.o[0m
[111.786s] [ 32%] [32mBuilding CXX object CMakeFiles/moveit_msgs__rosidl_typesupport_cpp.dir/rosidl_typesupport_cpp/moveit_msgs/msg/motion_plan_detailed_response__type_support.cpp.o[0m
[112.146s] [ 32%] [32mBuilding CXX object CMakeFiles/moveit_msgs__rosidl_typesupport_cpp.dir/rosidl_typesupport_cpp/moveit_msgs/msg/motion_sequence_item__type_support.cpp.o[0m
[112.510s] [ 32%] [32mBuilding CXX object CMakeFiles/moveit_msgs__rosidl_typesupport_cpp.dir/rosidl_typesupport_cpp/moveit_msgs/msg/motion_sequence_request__type_support.cpp.o[0m
[112.879s] [ 32%] [32mBuilding CXX object CMakeFiles/moveit_msgs__rosidl_typesupport_cpp.dir/rosidl_typesupport_cpp/moveit_msgs/msg/motion_sequence_response__type_support.cpp.o[0m
[113.234s] [ 32%] [32mBuilding CXX object CMakeFiles/moveit_msgs__rosidl_typesupport_cpp.dir/rosidl_typesupport_cpp/moveit_msgs/msg/move_it_error_codes__type_support.cpp.o[0m
[113.570s] [ 33%] [32mBuilding CXX object CMakeFiles/moveit_msgs__rosidl_typesupport_cpp.dir/rosidl_typesupport_cpp/moveit_msgs/msg/trajectory_constraints__type_support.cpp.o[0m
[113.930s] [ 33%] [32mBuilding CXX object CMakeFiles/moveit_msgs__rosidl_typesupport_cpp.dir/rosidl_typesupport_cpp/moveit_msgs/msg/object_color__type_support.cpp.o[0m
[114.277s] [ 33%] [32mBuilding CXX object CMakeFiles/moveit_msgs__rosidl_typesupport_cpp.dir/rosidl_typesupport_cpp/moveit_msgs/msg/orientation_constraint__type_support.cpp.o[0m
[114.624s] [ 33%] [32mBuilding CXX object CMakeFiles/moveit_msgs__rosidl_typesupport_cpp.dir/rosidl_typesupport_cpp/moveit_msgs/msg/oriented_bounding_box__type_support.cpp.o[0m
[114.976s] [ 33%] [32mBuilding CXX object CMakeFiles/moveit_msgs__rosidl_typesupport_cpp.dir/rosidl_typesupport_cpp/moveit_msgs/msg/place_location__type_support.cpp.o[0m
[115.343s] [ 33%] [32mBuilding CXX object CMakeFiles/moveit_msgs__rosidl_typesupport_cpp.dir/rosidl_typesupport_cpp/moveit_msgs/msg/planner_interface_description__type_support.cpp.o[0m
[115.674s] [ 33%] [34m[1mGenerating C type support dispatch for ROS interfaces[0m
[115.684s] [ 33%] [32mBuilding CXX object CMakeFiles/moveit_msgs__rosidl_typesupport_cpp.dir/rosidl_typesupport_cpp/moveit_msgs/msg/planner_params__type_support.cpp.o[0m
[116.073s] [ 33%] [32mBuilding CXX object CMakeFiles/moveit_msgs__rosidl_typesupport_cpp.dir/rosidl_typesupport_cpp/moveit_msgs/msg/planning_scene__type_support.cpp.o[0m
[116.510s] [ 34%] [32mBuilding CXX object CMakeFiles/moveit_msgs__rosidl_typesupport_cpp.dir/rosidl_typesupport_cpp/moveit_msgs/msg/planning_scene_components__type_support.cpp.o[0m
[116.902s] [ 34%] [32mBuilding CXX object CMakeFiles/moveit_msgs__rosidl_typesupport_cpp.dir/rosidl_typesupport_cpp/moveit_msgs/msg/planning_scene_world__type_support.cpp.o[0m
[117.358s] [ 34%] [32mBuilding CXX object CMakeFiles/moveit_msgs__rosidl_typesupport_cpp.dir/rosidl_typesupport_cpp/moveit_msgs/msg/planning_options__type_support.cpp.o[0m
[117.680s] [ 34%] [34m[1mGenerating C introspection for ROS interfaces[0m
[117.804s] [ 34%] [32mBuilding CXX object CMakeFiles/moveit_msgs__rosidl_typesupport_cpp.dir/rosidl_typesupport_cpp/moveit_msgs/msg/position_constraint__type_support.cpp.o[0m
[118.285s] [ 34%] [32mBuilding CXX object CMakeFiles/moveit_msgs__rosidl_typesupport_cpp.dir/rosidl_typesupport_cpp/moveit_msgs/msg/robot_state__type_support.cpp.o[0m
[118.808s] [ 34%] [32mBuilding CXX object CMakeFiles/moveit_msgs__rosidl_typesupport_cpp.dir/rosidl_typesupport_cpp/moveit_msgs/msg/robot_trajectory__type_support.cpp.o[0m
[119.270s] [ 34%] [32mBuilding CXX object CMakeFiles/moveit_msgs__rosidl_typesupport_cpp.dir/rosidl_typesupport_cpp/moveit_msgs/msg/visibility_constraint__type_support.cpp.o[0m
[119.699s] [ 34%] [34m[1mGenerating C type support for eProsima Fast-RTPS[0m
[119.767s] [ 34%] [32mBuilding CXX object CMakeFiles/moveit_msgs__rosidl_typesupport_cpp.dir/rosidl_typesupport_cpp/moveit_msgs/msg/workspace_parameters__type_support.cpp.o[0m
[120.343s] [ 34%] [32mBuilding CXX object CMakeFiles/moveit_msgs__rosidl_typesupport_cpp.dir/rosidl_typesupport_cpp/moveit_msgs/msg/kinematic_solver_info__type_support.cpp.o[0m
[120.983s] [ 35%] [32mBuilding CXX object CMakeFiles/moveit_msgs__rosidl_typesupport_cpp.dir/rosidl_typesupport_cpp/moveit_msgs/msg/position_ik_request__type_support.cpp.o[0m
[121.783s] [ 35%] [32mBuilding CXX object CMakeFiles/moveit_msgs__rosidl_typesupport_cpp.dir/rosidl_typesupport_cpp/moveit_msgs/msg/pipeline_state__type_support.cpp.o[0m
[122.556s] [ 35%] [32mBuilding CXX object CMakeFiles/moveit_msgs__rosidl_typesupport_cpp.dir/rosidl_typesupport_cpp/moveit_msgs/msg/servo_status__type_support.cpp.o[0m
[123.209s] [ 35%] [32mBuilding CXX object CMakeFiles/moveit_msgs__rosidl_typesupport_cpp.dir/rosidl_typesupport_cpp/moveit_msgs/srv/get_motion_plan__type_support.cpp.o[0m
[124.876s] [ 35%] [32mBuilding CXX object CMakeFiles/moveit_msgs__rosidl_typesupport_c.dir/rosidl_typesupport_c/moveit_msgs/msg/allowed_collision_entry__type_support.cpp.o[0m
[124.942s] [ 35%] [32mBuilding CXX object CMakeFiles/moveit_msgs__rosidl_typesupport_c.dir/rosidl_typesupport_c/moveit_msgs/msg/allowed_collision_matrix__type_support.cpp.o[0m
[125.006s] [ 36%] [32mBuilding CXX object CMakeFiles/moveit_msgs__rosidl_typesupport_c.dir/rosidl_typesupport_c/moveit_msgs/msg/attached_collision_object__type_support.cpp.o[0m
[125.075s] [ 36%] [32mBuilding CXX object CMakeFiles/moveit_msgs__rosidl_typesupport_c.dir/rosidl_typesupport_c/moveit_msgs/msg/bounding_volume__type_support.cpp.o[0m
[125.142s] [ 36%] [32mBuilding CXX object CMakeFiles/moveit_msgs__rosidl_typesupport_c.dir/rosidl_typesupport_c/moveit_msgs/msg/cartesian_point__type_support.cpp.o[0m
[125.207s] [ 36%] [32mBuilding CXX object CMakeFiles/moveit_msgs__rosidl_typesupport_c.dir/rosidl_typesupport_c/moveit_msgs/msg/cartesian_trajectory__type_support.cpp.o[0m
[125.274s] [ 36%] [32mBuilding CXX object CMakeFiles/moveit_msgs__rosidl_typesupport_c.dir/rosidl_typesupport_c/moveit_msgs/msg/cartesian_trajectory_point__type_support.cpp.o[0m
[125.339s] [ 36%] [32mBuilding CXX object CMakeFiles/moveit_msgs__rosidl_typesupport_c.dir/rosidl_typesupport_c/moveit_msgs/msg/collision_object__type_support.cpp.o[0m
[125.407s] [ 36%] [32mBuilding CXX object CMakeFiles/moveit_msgs__rosidl_typesupport_c.dir/rosidl_typesupport_c/moveit_msgs/msg/constraint_eval_result__type_support.cpp.o[0m
[125.470s] [ 36%] [32mBuilding CXX object CMakeFiles/moveit_msgs__rosidl_typesupport_c.dir/rosidl_typesupport_c/moveit_msgs/msg/constraints__type_support.cpp.o[0m
[125.539s] [ 36%] [32mBuilding CXX object CMakeFiles/moveit_msgs__rosidl_typesupport_c.dir/rosidl_typesupport_c/moveit_msgs/msg/cost_source__type_support.cpp.o[0m
[125.602s] [ 37%] [32mBuilding CXX object CMakeFiles/moveit_msgs__rosidl_typesupport_c.dir/rosidl_typesupport_c/moveit_msgs/msg/contact_information__type_support.cpp.o[0m
[125.666s] [ 37%] [32mBuilding CXX object CMakeFiles/moveit_msgs__rosidl_typesupport_c.dir/rosidl_typesupport_c/moveit_msgs/msg/display_trajectory__type_support.cpp.o[0m
[125.738s] [ 37%] [32mBuilding CXX object CMakeFiles/moveit_msgs__rosidl_typesupport_c.dir/rosidl_typesupport_c/moveit_msgs/msg/display_robot_state__type_support.cpp.o[0m
[125.810s] [ 37%] [32mBuilding CXX object CMakeFiles/moveit_msgs__rosidl_typesupport_c.dir/rosidl_typesupport_c/moveit_msgs/msg/generic_trajectory__type_support.cpp.o[0m
[125.878s] [ 37%] [32mBuilding CXX object CMakeFiles/moveit_msgs__rosidl_typesupport_c.dir/rosidl_typesupport_c/moveit_msgs/msg/grasp__type_support.cpp.o[0m
[125.945s] [ 37%] [32mBuilding CXX object CMakeFiles/moveit_msgs__rosidl_typesupport_c.dir/rosidl_typesupport_c/moveit_msgs/msg/gripper_translation__type_support.cpp.o[0m
[126.014s] [ 37%] [32mBuilding CXX object CMakeFiles/moveit_msgs__rosidl_typesupport_c.dir/rosidl_typesupport_c/moveit_msgs/msg/joint_constraint__type_support.cpp.o[0m
[126.075s] [ 37%] [32mBuilding CXX object CMakeFiles/moveit_msgs__rosidl_typesupport_c.dir/rosidl_typesupport_c/moveit_msgs/msg/joint_limits__type_support.cpp.o[0m
[126.140s] [ 38%] [32mBuilding CXX object CMakeFiles/moveit_msgs__rosidl_typesupport_c.dir/rosidl_typesupport_c/moveit_msgs/msg/link_padding__type_support.cpp.o[0m
[126.205s] [ 38%] [32mBuilding CXX object CMakeFiles/moveit_msgs__rosidl_typesupport_c.dir/rosidl_typesupport_c/moveit_msgs/msg/link_scale__type_support.cpp.o[0m
[126.270s] [ 38%] [32mBuilding CXX object CMakeFiles/moveit_msgs__rosidl_typesupport_c.dir/rosidl_typesupport_c/moveit_msgs/msg/motion_plan_request__type_support.cpp.o[0m
[126.343s] [ 38%] [32mBuilding CXX object CMakeFiles/moveit_msgs__rosidl_typesupport_c.dir/rosidl_typesupport_c/moveit_msgs/msg/motion_plan_response__type_support.cpp.o[0m
[126.415s] [ 38%] [32mBuilding CXX object CMakeFiles/moveit_msgs__rosidl_typesupport_c.dir/rosidl_typesupport_c/moveit_msgs/msg/motion_plan_detailed_response__type_support.cpp.o[0m
[126.486s] [ 38%] [32mBuilding CXX object CMakeFiles/moveit_msgs__rosidl_typesupport_c.dir/rosidl_typesupport_c/moveit_msgs/msg/motion_sequence_item__type_support.cpp.o[0m
[126.560s] [ 38%] [32mBuilding CXX object CMakeFiles/moveit_msgs__rosidl_typesupport_c.dir/rosidl_typesupport_c/moveit_msgs/msg/motion_sequence_request__type_support.cpp.o[0m
[126.635s] [ 38%] [32mBuilding CXX object CMakeFiles/moveit_msgs__rosidl_typesupport_c.dir/rosidl_typesupport_c/moveit_msgs/msg/motion_sequence_response__type_support.cpp.o[0m
[126.709s] [ 39%] [32mBuilding CXX object CMakeFiles/moveit_msgs__rosidl_typesupport_c.dir/rosidl_typesupport_c/moveit_msgs/msg/move_it_error_codes__type_support.cpp.o[0m
[126.773s] [ 39%] [32mBuilding CXX object CMakeFiles/moveit_msgs__rosidl_typesupport_c.dir/rosidl_typesupport_c/moveit_msgs/msg/trajectory_constraints__type_support.cpp.o[0m
[126.842s] [ 39%] [32mBuilding CXX object CMakeFiles/moveit_msgs__rosidl_typesupport_c.dir/rosidl_typesupport_c/moveit_msgs/msg/object_color__type_support.cpp.o[0m
[126.908s] [ 39%] [32mBuilding CXX object CMakeFiles/moveit_msgs__rosidl_typesupport_c.dir/rosidl_typesupport_c/moveit_msgs/msg/orientation_constraint__type_support.cpp.o[0m
[126.956s] [ 39%] [32mBuilding CXX object CMakeFiles/moveit_msgs__rosidl_typesupport_cpp.dir/rosidl_typesupport_cpp/moveit_msgs/srv/get_multi_state_validity__type_support.cpp.o[0m
[126.976s] [ 39%] [32mBuilding CXX object CMakeFiles/moveit_msgs__rosidl_typesupport_c.dir/rosidl_typesupport_c/moveit_msgs/msg/oriented_bounding_box__type_support.cpp.o[0m
[127.040s] [ 39%] [32mBuilding CXX object CMakeFiles/moveit_msgs__rosidl_typesupport_c.dir/rosidl_typesupport_c/moveit_msgs/msg/place_location__type_support.cpp.o[0m
[127.106s] [ 39%] [32mBuilding CXX object CMakeFiles/moveit_msgs__rosidl_typesupport_c.dir/rosidl_typesupport_c/moveit_msgs/msg/planner_interface_description__type_support.cpp.o[0m
[127.171s] [ 39%] [32mBuilding CXX object CMakeFiles/moveit_msgs__rosidl_typesupport_c.dir/rosidl_typesupport_c/moveit_msgs/msg/planner_params__type_support.cpp.o[0m
[127.236s] [ 39%] [32mBuilding CXX object CMakeFiles/moveit_msgs__rosidl_typesupport_c.dir/rosidl_typesupport_c/moveit_msgs/msg/planning_scene__type_support.cpp.o[0m
[127.309s] [ 40%] [32mBuilding CXX object CMakeFiles/moveit_msgs__rosidl_typesupport_c.dir/rosidl_typesupport_c/moveit_msgs/msg/planning_scene_components__type_support.cpp.o[0m
[127.374s] [ 40%] [32mBuilding CXX object CMakeFiles/moveit_msgs__rosidl_typesupport_c.dir/rosidl_typesupport_c/moveit_msgs/msg/planning_scene_world__type_support.cpp.o[0m
[127.442s] [ 40%] [32mBuilding CXX object CMakeFiles/moveit_msgs__rosidl_typesupport_c.dir/rosidl_typesupport_c/moveit_msgs/msg/planning_options__type_support.cpp.o[0m
[127.514s] [ 40%] [32mBuilding CXX object CMakeFiles/moveit_msgs__rosidl_typesupport_c.dir/rosidl_typesupport_c/moveit_msgs/msg/position_constraint__type_support.cpp.o[0m
[127.582s] [ 40%] [32mBuilding CXX object CMakeFiles/moveit_msgs__rosidl_typesupport_c.dir/rosidl_typesupport_c/moveit_msgs/msg/robot_state__type_support.cpp.o[0m
[127.653s] [ 40%] [32mBuilding CXX object CMakeFiles/moveit_msgs__rosidl_typesupport_c.dir/rosidl_typesupport_c/moveit_msgs/msg/robot_trajectory__type_support.cpp.o[0m
[127.722s] [ 40%] [32mBuilding CXX object CMakeFiles/moveit_msgs__rosidl_typesupport_c.dir/rosidl_typesupport_c/moveit_msgs/msg/visibility_constraint__type_support.cpp.o[0m
[127.788s] [ 40%] [32mBuilding CXX object CMakeFiles/moveit_msgs__rosidl_typesupport_c.dir/rosidl_typesupport_c/moveit_msgs/msg/workspace_parameters__type_support.cpp.o[0m
[127.856s] [ 41%] [32mBuilding CXX object CMakeFiles/moveit_msgs__rosidl_typesupport_c.dir/rosidl_typesupport_c/moveit_msgs/msg/kinematic_solver_info__type_support.cpp.o[0m
[127.923s] [ 41%] [32mBuilding CXX object CMakeFiles/moveit_msgs__rosidl_typesupport_c.dir/rosidl_typesupport_c/moveit_msgs/msg/position_ik_request__type_support.cpp.o[0m
[127.996s] [ 41%] [32mBuilding CXX object CMakeFiles/moveit_msgs__rosidl_typesupport_c.dir/rosidl_typesupport_c/moveit_msgs/msg/pipeline_state__type_support.cpp.o[0m
[128.073s] [ 41%] [32mBuilding CXX object CMakeFiles/moveit_msgs__rosidl_typesupport_c.dir/rosidl_typesupport_c/moveit_msgs/msg/servo_status__type_support.cpp.o[0m
[128.138s] [ 41%] [32mBuilding CXX object CMakeFiles/moveit_msgs__rosidl_typesupport_c.dir/rosidl_typesupport_c/moveit_msgs/srv/get_motion_plan__type_support.cpp.o[0m
[128.241s] [ 41%] [32mBuilding CXX object CMakeFiles/moveit_msgs__rosidl_typesupport_c.dir/rosidl_typesupport_c/moveit_msgs/srv/get_multi_state_validity__type_support.cpp.o[0m
[128.325s] [ 41%] [32mBuilding CXX object CMakeFiles/moveit_msgs__rosidl_typesupport_c.dir/rosidl_typesupport_c/moveit_msgs/srv/get_state_validity__type_support.cpp.o[0m
[128.420s] [ 41%] [32mBuilding CXX object CMakeFiles/moveit_msgs__rosidl_typesupport_c.dir/rosidl_typesupport_c/moveit_msgs/srv/get_cartesian_path__type_support.cpp.o[0m
[128.502s] [ 41%] [32mBuilding CXX object CMakeFiles/moveit_msgs__rosidl_typesupport_c.dir/rosidl_typesupport_c/moveit_msgs/srv/get_planning_scene__type_support.cpp.o[0m
[128.592s] [ 42%] [32mBuilding CXX object CMakeFiles/moveit_msgs__rosidl_typesupport_c.dir/rosidl_typesupport_c/moveit_msgs/srv/grasp_planning__type_support.cpp.o[0m
[128.673s] [ 42%] [32mBuilding CXX object CMakeFiles/moveit_msgs__rosidl_typesupport_c.dir/rosidl_typesupport_c/moveit_msgs/srv/apply_planning_scene__type_support.cpp.o[0m
[128.755s] [ 42%] [32mBuilding CXX object CMakeFiles/moveit_msgs__rosidl_typesupport_c.dir/rosidl_typesupport_c/moveit_msgs/srv/query_planner_interfaces__type_support.cpp.o[0m
[128.829s] [ 42%] [32mBuilding CXX object CMakeFiles/moveit_msgs__rosidl_typesupport_c.dir/rosidl_typesupport_c/moveit_msgs/srv/get_motion_sequence__type_support.cpp.o[0m
[128.916s] [ 42%] [32mBuilding CXX object CMakeFiles/moveit_msgs__rosidl_typesupport_c.dir/rosidl_typesupport_c/moveit_msgs/srv/get_position_fk__type_support.cpp.o[0m
[128.996s] [ 42%] [32mBuilding CXX object CMakeFiles/moveit_msgs__rosidl_typesupport_c.dir/rosidl_typesupport_c/moveit_msgs/srv/get_position_ik__type_support.cpp.o[0m
[129.078s] [ 42%] [32mBuilding CXX object CMakeFiles/moveit_msgs__rosidl_typesupport_c.dir/rosidl_typesupport_c/moveit_msgs/srv/get_planner_params__type_support.cpp.o[0m
[129.189s] [ 42%] [32mBuilding CXX object CMakeFiles/moveit_msgs__rosidl_typesupport_c.dir/rosidl_typesupport_c/moveit_msgs/srv/set_planner_params__type_support.cpp.o[0m
[129.263s] [ 43%] [32mBuilding CXX object CMakeFiles/moveit_msgs__rosidl_typesupport_c.dir/rosidl_typesupport_c/moveit_msgs/srv/update_pointcloud_octomap__type_support.cpp.o[0m
[129.337s] [ 43%] [32mBuilding CXX object CMakeFiles/moveit_msgs__rosidl_typesupport_c.dir/rosidl_typesupport_c/moveit_msgs/srv/save_geometry_to_file__type_support.cpp.o[0m
[129.410s] [ 43%] [32mBuilding CXX object CMakeFiles/moveit_msgs__rosidl_typesupport_c.dir/rosidl_typesupport_c/moveit_msgs/srv/save_map__type_support.cpp.o[0m
[129.485s] [ 43%] [32mBuilding CXX object CMakeFiles/moveit_msgs__rosidl_typesupport_c.dir/rosidl_typesupport_c/moveit_msgs/srv/load_geometry_from_file__type_support.cpp.o[0m
[129.557s] [ 43%] [32mBuilding CXX object CMakeFiles/moveit_msgs__rosidl_typesupport_c.dir/rosidl_typesupport_c/moveit_msgs/srv/load_map__type_support.cpp.o[0m
[129.585s] [ 43%] [32mBuilding CXX object CMakeFiles/moveit_msgs__rosidl_typesupport_cpp.dir/rosidl_typesupport_cpp/moveit_msgs/srv/get_state_validity__type_support.cpp.o[0m
[129.628s] [ 43%] [32mBuilding CXX object CMakeFiles/moveit_msgs__rosidl_typesupport_c.dir/rosidl_typesupport_c/moveit_msgs/srv/save_robot_state_to_warehouse__type_support.cpp.o[0m
[129.708s] [ 43%] [32mBuilding CXX object CMakeFiles/moveit_msgs__rosidl_typesupport_c.dir/rosidl_typesupport_c/moveit_msgs/srv/list_robot_states_in_warehouse__type_support.cpp.o[0m
[129.782s] [ 43%] [32mBuilding CXX object CMakeFiles/moveit_msgs__rosidl_typesupport_c.dir/rosidl_typesupport_c/moveit_msgs/srv/get_robot_state_from_warehouse__type_support.cpp.o[0m
[129.862s] [ 43%] [32mBuilding CXX object CMakeFiles/moveit_msgs__rosidl_typesupport_c.dir/rosidl_typesupport_c/moveit_msgs/srv/check_if_robot_state_exists_in_warehouse__type_support.cpp.o[0m
[129.938s] [ 44%] [32mBuilding CXX object CMakeFiles/moveit_msgs__rosidl_typesupport_c.dir/rosidl_typesupport_c/moveit_msgs/srv/rename_robot_state_in_warehouse__type_support.cpp.o[0m
[130.011s] [ 44%] [32mBuilding CXX object CMakeFiles/moveit_msgs__rosidl_typesupport_c.dir/rosidl_typesupport_c/moveit_msgs/srv/delete_robot_state_from_warehouse__type_support.cpp.o[0m
[130.084s] [ 44%] [32mBuilding CXX object CMakeFiles/moveit_msgs__rosidl_typesupport_c.dir/rosidl_typesupport_c/moveit_msgs/srv/servo_command_type__type_support.cpp.o[0m
[130.157s] [ 44%] [32mBuilding CXX object CMakeFiles/moveit_msgs__rosidl_typesupport_c.dir/rosidl_typesupport_c/moveit_msgs/srv/get_group_urdf__type_support.cpp.o[0m
[130.231s] [ 44%] [32mBuilding CXX object CMakeFiles/moveit_msgs__rosidl_typesupport_c.dir/rosidl_typesupport_c/moveit_msgs/action/execute_trajectory__type_support.cpp.o[0m
[130.329s] [ 44%] [32mBuilding CXX object CMakeFiles/moveit_msgs__rosidl_typesupport_c.dir/rosidl_typesupport_c/moveit_msgs/action/move_group__type_support.cpp.o[0m
[130.436s] [ 44%] [32mBuilding CXX object CMakeFiles/moveit_msgs__rosidl_typesupport_c.dir/rosidl_typesupport_c/moveit_msgs/action/move_group_sequence__type_support.cpp.o[0m
[130.550s] [ 44%] [32mBuilding CXX object CMakeFiles/moveit_msgs__rosidl_typesupport_c.dir/rosidl_typesupport_c/moveit_msgs/action/pickup__type_support.cpp.o[0m
[130.656s] [ 45%] [32mBuilding CXX object CMakeFiles/moveit_msgs__rosidl_typesupport_c.dir/rosidl_typesupport_c/moveit_msgs/action/place__type_support.cpp.o[0m
[130.719s] [ 45%] [32mBuilding C object CMakeFiles/moveit_msgs__rosidl_typesupport_introspection_c.dir/rosidl_typesupport_introspection_c/moveit_msgs/msg/detail/allowed_collision_entry__type_support.c.o[0m
[130.769s] [ 45%] [32mBuilding CXX object CMakeFiles/moveit_msgs__rosidl_typesupport_c.dir/rosidl_typesupport_c/moveit_msgs/action/local_planner__type_support.cpp.o[0m
[130.786s] [ 45%] [32mBuilding C object CMakeFiles/moveit_msgs__rosidl_typesupport_introspection_c.dir/rosidl_typesupport_introspection_c/moveit_msgs/msg/detail/allowed_collision_matrix__type_support.c.o[0m
[130.869s] [ 45%] [32mBuilding CXX object CMakeFiles/moveit_msgs__rosidl_typesupport_c.dir/rosidl_typesupport_c/moveit_msgs/action/global_planner__type_support.cpp.o[0m
[130.889s] [ 45%] [32mBuilding C object CMakeFiles/moveit_msgs__rosidl_typesupport_introspection_c.dir/rosidl_typesupport_introspection_c/moveit_msgs/msg/detail/attached_collision_object__type_support.c.o[0m
[130.966s] [ 45%] [32mBuilding C object CMakeFiles/moveit_msgs__rosidl_typesupport_introspection_c.dir/rosidl_typesupport_introspection_c/moveit_msgs/msg/detail/bounding_volume__type_support.c.o[0m
[130.974s] [ 45%] [32mBuilding CXX object CMakeFiles/moveit_msgs__rosidl_typesupport_c.dir/rosidl_typesupport_c/moveit_msgs/action/hybrid_planner__type_support.cpp.o[0m
[131.083s] [ 46%] [32mBuilding C object CMakeFiles/moveit_msgs__rosidl_typesupport_introspection_c.dir/rosidl_typesupport_introspection_c/moveit_msgs/msg/detail/cartesian_point__type_support.c.o[0m
[131.086s] [ 46%] [32m[1mLinking CXX shared library libmoveit_msgs__rosidl_typesupport_c.so[0m
[131.146s] [ 46%] [32mBuilding C object CMakeFiles/moveit_msgs__rosidl_typesupport_introspection_c.dir/rosidl_typesupport_introspection_c/moveit_msgs/msg/detail/cartesian_trajectory__type_support.c.o[0m
[131.182s] [ 46%] Built target moveit_msgs__rosidl_typesupport_c
[131.220s] [ 46%] [32mBuilding C object CMakeFiles/moveit_msgs__rosidl_typesupport_introspection_c.dir/rosidl_typesupport_introspection_c/moveit_msgs/msg/detail/cartesian_trajectory_point__type_support.c.o[0m
[131.275s] [ 46%] [32mBuilding C object CMakeFiles/moveit_msgs__rosidl_typesupport_introspection_c.dir/rosidl_typesupport_introspection_c/moveit_msgs/msg/detail/collision_object__type_support.c.o[0m
[131.409s] [ 46%] [32mBuilding C object CMakeFiles/moveit_msgs__rosidl_typesupport_introspection_c.dir/rosidl_typesupport_introspection_c/moveit_msgs/msg/detail/constraint_eval_result__type_support.c.o[0m
[131.458s] [ 46%] [32mBuilding C object CMakeFiles/moveit_msgs__rosidl_typesupport_introspection_c.dir/rosidl_typesupport_introspection_c/moveit_msgs/msg/detail/constraints__type_support.c.o[0m
[131.554s] [ 46%] [32mBuilding C object CMakeFiles/moveit_msgs__rosidl_typesupport_introspection_c.dir/rosidl_typesupport_introspection_c/moveit_msgs/msg/detail/cost_source__type_support.c.o[0m
[131.606s] [ 46%] [32mBuilding C object CMakeFiles/moveit_msgs__rosidl_typesupport_introspection_c.dir/rosidl_typesupport_introspection_c/moveit_msgs/msg/detail/contact_information__type_support.c.o[0m
[131.661s] [ 47%] [32mBuilding C object CMakeFiles/moveit_msgs__rosidl_typesupport_introspection_c.dir/rosidl_typesupport_introspection_c/moveit_msgs/msg/detail/display_trajectory__type_support.c.o[0m
[131.728s] [ 47%] [32mBuilding C object CMakeFiles/moveit_msgs__rosidl_typesupport_introspection_c.dir/rosidl_typesupport_introspection_c/moveit_msgs/msg/detail/display_robot_state__type_support.c.o[0m
[131.796s] [ 47%] [32mBuilding C object CMakeFiles/moveit_msgs__rosidl_typesupport_introspection_c.dir/rosidl_typesupport_introspection_c/moveit_msgs/msg/detail/generic_trajectory__type_support.c.o[0m
[131.871s] [ 47%] [32mBuilding C object CMakeFiles/moveit_msgs__rosidl_typesupport_introspection_c.dir/rosidl_typesupport_introspection_c/moveit_msgs/msg/detail/grasp__type_support.c.o[0m
[131.938s] [ 47%] [32mBuilding C object CMakeFiles/moveit_msgs__rosidl_typesupport_introspection_c.dir/rosidl_typesupport_introspection_c/moveit_msgs/msg/detail/gripper_translation__type_support.c.o[0m
[131.957s] [ 47%] [32mBuilding CXX object CMakeFiles/moveit_msgs__rosidl_typesupport_cpp.dir/rosidl_typesupport_cpp/moveit_msgs/srv/get_cartesian_path__type_support.cpp.o[0m
[131.990s] [ 47%] [32mBuilding C object CMakeFiles/moveit_msgs__rosidl_typesupport_introspection_c.dir/rosidl_typesupport_introspection_c/moveit_msgs/msg/detail/joint_constraint__type_support.c.o[0m
[132.039s] [ 47%] [32mBuilding C object CMakeFiles/moveit_msgs__rosidl_typesupport_introspection_c.dir/rosidl_typesupport_introspection_c/moveit_msgs/msg/detail/joint_limits__type_support.c.o[0m
[132.089s] [ 47%] [32mBuilding C object CMakeFiles/moveit_msgs__rosidl_typesupport_introspection_c.dir/rosidl_typesupport_introspection_c/moveit_msgs/msg/detail/link_padding__type_support.c.o[0m
[132.139s] [ 47%] [32mBuilding C object CMakeFiles/moveit_msgs__rosidl_typesupport_introspection_c.dir/rosidl_typesupport_introspection_c/moveit_msgs/msg/detail/link_scale__type_support.c.o[0m
[132.189s] [ 48%] [32mBuilding C object CMakeFiles/moveit_msgs__rosidl_typesupport_introspection_c.dir/rosidl_typesupport_introspection_c/moveit_msgs/msg/detail/motion_plan_request__type_support.c.o[0m
[132.271s] [ 48%] [32mBuilding C object CMakeFiles/moveit_msgs__rosidl_typesupport_introspection_c.dir/rosidl_typesupport_introspection_c/moveit_msgs/msg/detail/motion_plan_response__type_support.c.o[0m
[132.329s] [ 48%] [32mBuilding C object CMakeFiles/moveit_msgs__rosidl_typesupport_introspection_c.dir/rosidl_typesupport_introspection_c/moveit_msgs/msg/detail/motion_plan_detailed_response__type_support.c.o[0m
[132.414s] [ 48%] [32mBuilding C object CMakeFiles/moveit_msgs__rosidl_typesupport_introspection_c.dir/rosidl_typesupport_introspection_c/moveit_msgs/msg/detail/motion_sequence_item__type_support.c.o[0m
[132.472s] [ 48%] [32mBuilding C object CMakeFiles/moveit_msgs__rosidl_typesupport_introspection_c.dir/rosidl_typesupport_introspection_c/moveit_msgs/msg/detail/motion_sequence_request__type_support.c.o[0m
[132.538s] [ 48%] [32mBuilding C object CMakeFiles/moveit_msgs__rosidl_typesupport_introspection_c.dir/rosidl_typesupport_introspection_c/moveit_msgs/msg/detail/motion_sequence_response__type_support.c.o[0m
[132.606s] [ 48%] [32mBuilding C object CMakeFiles/moveit_msgs__rosidl_typesupport_introspection_c.dir/rosidl_typesupport_introspection_c/moveit_msgs/msg/detail/move_it_error_codes__type_support.c.o[0m
[132.656s] [ 48%] [32mBuilding C object CMakeFiles/moveit_msgs__rosidl_typesupport_introspection_c.dir/rosidl_typesupport_introspection_c/moveit_msgs/msg/detail/trajectory_constraints__type_support.c.o[0m
[132.722s] [ 49%] [32mBuilding C object CMakeFiles/moveit_msgs__rosidl_typesupport_introspection_c.dir/rosidl_typesupport_introspection_c/moveit_msgs/msg/detail/object_color__type_support.c.o[0m
[132.774s] [ 49%] [32mBuilding C object CMakeFiles/moveit_msgs__rosidl_typesupport_introspection_c.dir/rosidl_typesupport_introspection_c/moveit_msgs/msg/detail/orientation_constraint__type_support.c.o[0m
[132.829s] [ 49%] [32mBuilding C object CMakeFiles/moveit_msgs__rosidl_typesupport_introspection_c.dir/rosidl_typesupport_introspection_c/moveit_msgs/msg/detail/oriented_bounding_box__type_support.c.o[0m
[132.882s] [ 49%] [32mBuilding C object CMakeFiles/moveit_msgs__rosidl_typesupport_introspection_c.dir/rosidl_typesupport_introspection_c/moveit_msgs/msg/detail/place_location__type_support.c.o[0m
[132.947s] [ 49%] [32mBuilding C object CMakeFiles/moveit_msgs__rosidl_typesupport_introspection_c.dir/rosidl_typesupport_introspection_c/moveit_msgs/msg/detail/planner_interface_description__type_support.c.o[0m
[133.007s] [ 49%] [32mBuilding C object CMakeFiles/moveit_msgs__rosidl_typesupport_introspection_c.dir/rosidl_typesupport_introspection_c/moveit_msgs/msg/detail/planner_params__type_support.c.o[0m
[133.082s] [ 49%] [32mBuilding C object CMakeFiles/moveit_msgs__rosidl_typesupport_introspection_c.dir/rosidl_typesupport_introspection_c/moveit_msgs/msg/detail/planning_scene__type_support.c.o[0m
[133.181s] [ 49%] [32mBuilding C object CMakeFiles/moveit_msgs__rosidl_typesupport_introspection_c.dir/rosidl_typesupport_introspection_c/moveit_msgs/msg/detail/planning_scene_components__type_support.c.o[0m
[133.232s] [ 50%] [32mBuilding C object CMakeFiles/moveit_msgs__rosidl_typesupport_introspection_c.dir/rosidl_typesupport_introspection_c/moveit_msgs/msg/detail/planning_scene_world__type_support.c.o[0m
[133.299s] [ 50%] [32mBuilding C object CMakeFiles/moveit_msgs__rosidl_typesupport_introspection_c.dir/rosidl_typesupport_introspection_c/moveit_msgs/msg/detail/planning_options__type_support.c.o[0m
[133.358s] [ 50%] [32mBuilding C object CMakeFiles/moveit_msgs__rosidl_typesupport_introspection_c.dir/rosidl_typesupport_introspection_c/moveit_msgs/msg/detail/position_constraint__type_support.c.o[0m
[133.412s] [ 50%] [32mBuilding C object CMakeFiles/moveit_msgs__rosidl_typesupport_introspection_c.dir/rosidl_typesupport_introspection_c/moveit_msgs/msg/detail/robot_state__type_support.c.o[0m
[133.480s] [ 50%] [32mBuilding C object CMakeFiles/moveit_msgs__rosidl_typesupport_introspection_c.dir/rosidl_typesupport_introspection_c/moveit_msgs/msg/detail/robot_trajectory__type_support.c.o[0m
[133.541s] [ 50%] [32mBuilding C object CMakeFiles/moveit_msgs__rosidl_typesupport_introspection_c.dir/rosidl_typesupport_introspection_c/moveit_msgs/msg/detail/visibility_constraint__type_support.c.o[0m
[133.594s] [ 50%] [32mBuilding C object CMakeFiles/moveit_msgs__rosidl_typesupport_introspection_c.dir/rosidl_typesupport_introspection_c/moveit_msgs/msg/detail/workspace_parameters__type_support.c.o[0m
[133.648s] [ 50%] [32mBuilding C object CMakeFiles/moveit_msgs__rosidl_typesupport_introspection_c.dir/rosidl_typesupport_introspection_c/moveit_msgs/msg/detail/kinematic_solver_info__type_support.c.o[0m
[133.727s] [ 50%] [32mBuilding C object CMakeFiles/moveit_msgs__rosidl_typesupport_introspection_c.dir/rosidl_typesupport_introspection_c/moveit_msgs/msg/detail/position_ik_request__type_support.c.o[0m
[133.806s] [ 51%] [32mBuilding C object CMakeFiles/moveit_msgs__rosidl_typesupport_introspection_c.dir/rosidl_typesupport_introspection_c/moveit_msgs/msg/detail/pipeline_state__type_support.c.o[0m
[133.866s] [ 51%] [32mBuilding C object CMakeFiles/moveit_msgs__rosidl_typesupport_introspection_c.dir/rosidl_typesupport_introspection_c/moveit_msgs/msg/detail/servo_status__type_support.c.o[0m
[133.915s] [ 51%] [32mBuilding C object CMakeFiles/moveit_msgs__rosidl_typesupport_introspection_c.dir/rosidl_typesupport_introspection_c/moveit_msgs/srv/detail/get_motion_plan__type_support.c.o[0m
[134.008s] [ 51%] [32mBuilding C object CMakeFiles/moveit_msgs__rosidl_typesupport_introspection_c.dir/rosidl_typesupport_introspection_c/moveit_msgs/srv/detail/get_multi_state_validity__type_support.c.o[0m
[134.140s] [ 51%] [32mBuilding C object CMakeFiles/moveit_msgs__rosidl_typesupport_introspection_c.dir/rosidl_typesupport_introspection_c/moveit_msgs/srv/detail/get_state_validity__type_support.c.o[0m
[134.263s] [ 51%] [32mBuilding C object CMakeFiles/moveit_msgs__rosidl_typesupport_introspection_c.dir/rosidl_typesupport_introspection_c/moveit_msgs/srv/detail/get_cartesian_path__type_support.c.o[0m
[134.377s] [ 51%] [32mBuilding C object CMakeFiles/moveit_msgs__rosidl_typesupport_introspection_c.dir/rosidl_typesupport_introspection_c/moveit_msgs/srv/detail/get_planning_scene__type_support.c.o[0m
[134.429s] [ 51%] [32mBuilding CXX object CMakeFiles/moveit_msgs__rosidl_typesupport_cpp.dir/rosidl_typesupport_cpp/moveit_msgs/srv/get_planning_scene__type_support.cpp.o[0m
[134.467s] [ 51%] [32mBuilding C object CMakeFiles/moveit_msgs__rosidl_typesupport_introspection_c.dir/rosidl_typesupport_introspection_c/moveit_msgs/srv/detail/grasp_planning__type_support.c.o[0m
[134.599s] [ 52%] [32mBuilding C object CMakeFiles/moveit_msgs__rosidl_typesupport_introspection_c.dir/rosidl_typesupport_introspection_c/moveit_msgs/srv/detail/apply_planning_scene__type_support.c.o[0m
[134.691s] [ 52%] [32mBuilding C object CMakeFiles/moveit_msgs__rosidl_typesupport_introspection_c.dir/rosidl_typesupport_introspection_c/moveit_msgs/srv/detail/query_planner_interfaces__type_support.c.o[0m
[134.786s] [ 52%] [32mBuilding C object CMakeFiles/moveit_msgs__rosidl_typesupport_introspection_c.dir/rosidl_typesupport_introspection_c/moveit_msgs/srv/detail/get_motion_sequence__type_support.c.o[0m
[134.879s] [ 52%] [32mBuilding C object CMakeFiles/moveit_msgs__rosidl_typesupport_introspection_c.dir/rosidl_typesupport_introspection_c/moveit_msgs/srv/detail/get_position_fk__type_support.c.o[0m
[135.003s] [ 52%] [32mBuilding C object CMakeFiles/moveit_msgs__rosidl_typesupport_introspection_c.dir/rosidl_typesupport_introspection_c/moveit_msgs/srv/detail/get_position_ik__type_support.c.o[0m
[135.096s] [ 52%] [32mBuilding C object CMakeFiles/moveit_msgs__rosidl_typesupport_introspection_c.dir/rosidl_typesupport_introspection_c/moveit_msgs/srv/detail/get_planner_params__type_support.c.o[0m
[135.183s] [ 52%] [32mBuilding C object CMakeFiles/moveit_msgs__rosidl_typesupport_introspection_c.dir/rosidl_typesupport_introspection_c/moveit_msgs/srv/detail/set_planner_params__type_support.c.o[0m
[135.271s] [ 52%] [32mBuilding C object CMakeFiles/moveit_msgs__rosidl_typesupport_introspection_c.dir/rosidl_typesupport_introspection_c/moveit_msgs/srv/detail/update_pointcloud_octomap__type_support.c.o[0m
[135.359s] [ 52%] [32mBuilding C object CMakeFiles/moveit_msgs__rosidl_typesupport_introspection_c.dir/rosidl_typesupport_introspection_c/moveit_msgs/srv/detail/save_geometry_to_file__type_support.c.o[0m
[135.446s] [ 53%] [32mBuilding C object CMakeFiles/moveit_msgs__rosidl_typesupport_introspection_c.dir/rosidl_typesupport_introspection_c/moveit_msgs/srv/detail/save_map__type_support.c.o[0m
[135.529s] [ 53%] [32mBuilding C object CMakeFiles/moveit_msgs__rosidl_typesupport_introspection_c.dir/rosidl_typesupport_introspection_c/moveit_msgs/srv/detail/load_geometry_from_file__type_support.c.o[0m
[135.611s] [ 53%] [32mBuilding C object CMakeFiles/moveit_msgs__rosidl_typesupport_introspection_c.dir/rosidl_typesupport_introspection_c/moveit_msgs/srv/detail/load_map__type_support.c.o[0m
[135.694s] [ 53%] [32mBuilding C object CMakeFiles/moveit_msgs__rosidl_typesupport_introspection_c.dir/rosidl_typesupport_introspection_c/moveit_msgs/srv/detail/save_robot_state_to_warehouse__type_support.c.o[0m
[135.781s] [ 53%] [32mBuilding C object CMakeFiles/moveit_msgs__rosidl_typesupport_introspection_c.dir/rosidl_typesupport_introspection_c/moveit_msgs/srv/detail/list_robot_states_in_warehouse__type_support.c.o[0m
[135.875s] [ 53%] [32mBuilding C object CMakeFiles/moveit_msgs__rosidl_typesupport_introspection_c.dir/rosidl_typesupport_introspection_c/moveit_msgs/srv/detail/get_robot_state_from_warehouse__type_support.c.o[0m
[135.965s] [ 53%] [32mBuilding C object CMakeFiles/moveit_msgs__rosidl_typesupport_introspection_c.dir/rosidl_typesupport_introspection_c/moveit_msgs/srv/detail/check_if_robot_state_exists_in_warehouse__type_support.c.o[0m
[136.049s] [ 53%] [32mBuilding C object CMakeFiles/moveit_msgs__rosidl_typesupport_introspection_c.dir/rosidl_typesupport_introspection_c/moveit_msgs/srv/detail/rename_robot_state_in_warehouse__type_support.c.o[0m
[136.132s] [ 54%] [32mBuilding C object CMakeFiles/moveit_msgs__rosidl_typesupport_introspection_c.dir/rosidl_typesupport_introspection_c/moveit_msgs/srv/detail/delete_robot_state_from_warehouse__type_support.c.o[0m
[136.152s] [ 54%] [32mBuilding CXX object CMakeFiles/moveit_msgs__rosidl_typesupport_fastrtps_c.dir/rosidl_typesupport_fastrtps_c/moveit_msgs/msg/detail/allowed_collision_entry__type_support_c.cpp.o[0m
[136.214s] [ 54%] [32mBuilding C object CMakeFiles/moveit_msgs__rosidl_typesupport_introspection_c.dir/rosidl_typesupport_introspection_c/moveit_msgs/srv/detail/servo_command_type__type_support.c.o[0m
[136.298s] [ 54%] [32mBuilding C object CMakeFiles/moveit_msgs__rosidl_typesupport_introspection_c.dir/rosidl_typesupport_introspection_c/moveit_msgs/srv/detail/get_group_urdf__type_support.c.o[0m
[136.385s] [ 54%] [32mBuilding C object CMakeFiles/moveit_msgs__rosidl_typesupport_introspection_c.dir/rosidl_typesupport_introspection_c/moveit_msgs/action/detail/execute_trajectory__type_support.c.o[0m
[136.540s] [ 54%] [32mBuilding C object CMakeFiles/moveit_msgs__rosidl_typesupport_introspection_c.dir/rosidl_typesupport_introspection_c/moveit_msgs/action/detail/move_group__type_support.c.o[0m
[136.556s] [ 55%] [32mBuilding CXX object CMakeFiles/moveit_msgs__rosidl_typesupport_cpp.dir/rosidl_typesupport_cpp/moveit_msgs/srv/grasp_planning__type_support.cpp.o[0m
[136.690s] [ 55%] [32mBuilding C object CMakeFiles/moveit_msgs__rosidl_typesupport_introspection_c.dir/rosidl_typesupport_introspection_c/moveit_msgs/action/detail/move_group_sequence__type_support.c.o[0m
[136.781s] [ 55%] [32mBuilding CXX object CMakeFiles/moveit_msgs__rosidl_typesupport_fastrtps_c.dir/rosidl_typesupport_fastrtps_c/moveit_msgs/msg/detail/allowed_collision_matrix__type_support_c.cpp.o[0m
[136.842s] [ 55%] [32mBuilding C object CMakeFiles/moveit_msgs__rosidl_typesupport_introspection_c.dir/rosidl_typesupport_introspection_c/moveit_msgs/action/detail/pickup__type_support.c.o[0m
[137.044s] [ 55%] [32mBuilding C object CMakeFiles/moveit_msgs__rosidl_typesupport_introspection_c.dir/rosidl_typesupport_introspection_c/moveit_msgs/action/detail/place__type_support.c.o[0m
[137.240s] [ 55%] [32mBuilding C object CMakeFiles/moveit_msgs__rosidl_typesupport_introspection_c.dir/rosidl_typesupport_introspection_c/moveit_msgs/action/detail/local_planner__type_support.c.o[0m
[137.397s] [ 56%] [32mBuilding C object CMakeFiles/moveit_msgs__rosidl_typesupport_introspection_c.dir/rosidl_typesupport_introspection_c/moveit_msgs/action/detail/global_planner__type_support.c.o[0m
[137.546s] [ 56%] [32mBuilding C object CMakeFiles/moveit_msgs__rosidl_typesupport_introspection_c.dir/rosidl_typesupport_introspection_c/moveit_msgs/action/detail/hybrid_planner__type_support.c.o[0m
[137.560s] [ 56%] [32mBuilding CXX object CMakeFiles/moveit_msgs__rosidl_typesupport_fastrtps_c.dir/rosidl_typesupport_fastrtps_c/moveit_msgs/msg/detail/attached_collision_object__type_support_c.cpp.o[0m
[137.692s] [ 56%] [32m[1mLinking C shared library libmoveit_msgs__rosidl_typesupport_introspection_c.so[0m
[137.783s] [ 56%] Built target moveit_msgs__rosidl_typesupport_introspection_c
[138.182s] [ 56%] [32mBuilding CXX object CMakeFiles/moveit_msgs__rosidl_typesupport_cpp.dir/rosidl_typesupport_cpp/moveit_msgs/srv/apply_planning_scene__type_support.cpp.o[0m
[138.242s] [ 57%] [32mBuilding CXX object CMakeFiles/moveit_msgs__rosidl_typesupport_fastrtps_c.dir/rosidl_typesupport_fastrtps_c/moveit_msgs/msg/detail/bounding_volume__type_support_c.cpp.o[0m
[138.888s] [ 57%] [32mBuilding CXX object CMakeFiles/moveit_msgs__rosidl_typesupport_fastrtps_c.dir/rosidl_typesupport_fastrtps_c/moveit_msgs/msg/detail/cartesian_point__type_support_c.cpp.o[0m
[139.408s] [ 57%] [32mBuilding CXX object CMakeFiles/moveit_msgs__rosidl_typesupport_fastrtps_c.dir/rosidl_typesupport_fastrtps_c/moveit_msgs/msg/detail/cartesian_trajectory__type_support_c.cpp.o[0m
[139.987s] [ 57%] [32mBuilding CXX object CMakeFiles/moveit_msgs__rosidl_typesupport_fastrtps_c.dir/rosidl_typesupport_fastrtps_c/moveit_msgs/msg/detail/cartesian_trajectory_point__type_support_c.cpp.o[0m
[140.009s] [ 57%] [32mBuilding CXX object CMakeFiles/moveit_msgs__rosidl_typesupport_cpp.dir/rosidl_typesupport_cpp/moveit_msgs/srv/query_planner_interfaces__type_support.cpp.o[0m
[140.495s] [ 57%] [32mBuilding CXX object CMakeFiles/moveit_msgs__rosidl_typesupport_fastrtps_c.dir/rosidl_typesupport_fastrtps_c/moveit_msgs/msg/detail/collision_object__type_support_c.cpp.o[0m
[140.571s] [ 57%] [32mBuilding CXX object CMakeFiles/moveit_msgs__rosidl_typesupport_cpp.dir/rosidl_typesupport_cpp/moveit_msgs/srv/get_motion_sequence__type_support.cpp.o[0m
[141.252s] [ 57%] [32mBuilding CXX object CMakeFiles/moveit_msgs__rosidl_typesupport_fastrtps_c.dir/rosidl_typesupport_fastrtps_c/moveit_msgs/msg/detail/constraint_eval_result__type_support_c.cpp.o[0m
[141.771s] [ 57%] [32mBuilding CXX object CMakeFiles/moveit_msgs__rosidl_typesupport_fastrtps_c.dir/rosidl_typesupport_fastrtps_c/moveit_msgs/msg/detail/constraints__type_support_c.cpp.o[0m
[142.402s] [ 57%] [32mBuilding CXX object CMakeFiles/moveit_msgs__rosidl_typesupport_fastrtps_c.dir/rosidl_typesupport_fastrtps_c/moveit_msgs/msg/detail/cost_source__type_support_c.cpp.o[0m
[142.930s] [ 58%] [32mBuilding CXX object CMakeFiles/moveit_msgs__rosidl_typesupport_fastrtps_c.dir/rosidl_typesupport_fastrtps_c/moveit_msgs/msg/detail/contact_information__type_support_c.cpp.o[0m
[143.060s] [ 58%] [32mBuilding CXX object CMakeFiles/moveit_msgs__rosidl_typesupport_cpp.dir/rosidl_typesupport_cpp/moveit_msgs/srv/get_position_fk__type_support.cpp.o[0m
[143.525s] [ 58%] [32mBuilding CXX object CMakeFiles/moveit_msgs__rosidl_typesupport_fastrtps_c.dir/rosidl_typesupport_fastrtps_c/moveit_msgs/msg/detail/display_trajectory__type_support_c.cpp.o[0m
[144.108s] [ 58%] [32mBuilding CXX object CMakeFiles/moveit_msgs__rosidl_typesupport_fastrtps_c.dir/rosidl_typesupport_fastrtps_c/moveit_msgs/msg/detail/display_robot_state__type_support_c.cpp.o[0m
[144.534s] [ 58%] [32mBuilding CXX object CMakeFiles/moveit_msgs__rosidl_typesupport_cpp.dir/rosidl_typesupport_cpp/moveit_msgs/srv/get_position_ik__type_support.cpp.o[0m
[144.664s] [ 58%] [32mBuilding CXX object CMakeFiles/moveit_msgs__rosidl_typesupport_fastrtps_c.dir/rosidl_typesupport_fastrtps_c/moveit_msgs/msg/detail/generic_trajectory__type_support_c.cpp.o[0m
[145.270s] [ 58%] [32mBuilding CXX object CMakeFiles/moveit_msgs__rosidl_typesupport_fastrtps_c.dir/rosidl_typesupport_fastrtps_c/moveit_msgs/msg/detail/grasp__type_support_c.cpp.o[0m
[146.087s] [ 58%] [32mBuilding CXX object CMakeFiles/moveit_msgs__rosidl_typesupport_fastrtps_c.dir/rosidl_typesupport_fastrtps_c/moveit_msgs/msg/detail/gripper_translation__type_support_c.cpp.o[0m
[146.641s] [ 58%] [32mBuilding CXX object CMakeFiles/moveit_msgs__rosidl_typesupport_cpp.dir/rosidl_typesupport_cpp/moveit_msgs/srv/get_planner_params__type_support.cpp.o[0m
[146.718s] [ 58%] [32mBuilding CXX object CMakeFiles/moveit_msgs__rosidl_typesupport_fastrtps_c.dir/rosidl_typesupport_fastrtps_c/moveit_msgs/msg/detail/joint_constraint__type_support_c.cpp.o[0m
[147.286s] [ 58%] [32mBuilding CXX object CMakeFiles/moveit_msgs__rosidl_typesupport_fastrtps_c.dir/rosidl_typesupport_fastrtps_c/moveit_msgs/msg/detail/joint_limits__type_support_c.cpp.o[0m
[147.345s] [ 58%] [32mBuilding CXX object CMakeFiles/moveit_msgs__rosidl_typesupport_cpp.dir/rosidl_typesupport_cpp/moveit_msgs/srv/set_planner_params__type_support.cpp.o[0m
[147.887s] [ 58%] [32mBuilding CXX object CMakeFiles/moveit_msgs__rosidl_typesupport_fastrtps_c.dir/rosidl_typesupport_fastrtps_c/moveit_msgs/msg/detail/link_padding__type_support_c.cpp.o[0m
[148.016s] [ 58%] [32mBuilding CXX object CMakeFiles/moveit_msgs__rosidl_typesupport_cpp.dir/rosidl_typesupport_cpp/moveit_msgs/srv/update_pointcloud_octomap__type_support.cpp.o[0m
[148.470s] [ 59%] [32mBuilding CXX object CMakeFiles/moveit_msgs__rosidl_typesupport_fastrtps_c.dir/rosidl_typesupport_fastrtps_c/moveit_msgs/msg/detail/link_scale__type_support_c.cpp.o[0m
[148.637s] [ 60%] [32mBuilding CXX object CMakeFiles/moveit_msgs__rosidl_typesupport_cpp.dir/rosidl_typesupport_cpp/moveit_msgs/srv/save_geometry_to_file__type_support.cpp.o[0m
[149.023s] [ 60%] [32mBuilding CXX object CMakeFiles/moveit_msgs__rosidl_typesupport_fastrtps_c.dir/rosidl_typesupport_fastrtps_c/moveit_msgs/msg/detail/motion_plan_request__type_support_c.cpp.o[0m
[149.111s] [ 60%] [32mBuilding CXX object CMakeFiles/moveit_msgs__rosidl_typesupport_cpp.dir/rosidl_typesupport_cpp/moveit_msgs/srv/save_map__type_support.cpp.o[0m
[149.587s] [ 60%] [32mBuilding CXX object CMakeFiles/moveit_msgs__rosidl_typesupport_cpp.dir/rosidl_typesupport_cpp/moveit_msgs/srv/load_geometry_from_file__type_support.cpp.o[0m
[149.746s] [ 60%] [32mBuilding CXX object CMakeFiles/moveit_msgs__rosidl_typesupport_fastrtps_c.dir/rosidl_typesupport_fastrtps_c/moveit_msgs/msg/detail/motion_plan_response__type_support_c.cpp.o[0m
[150.069s] [ 60%] [32mBuilding CXX object CMakeFiles/moveit_msgs__rosidl_typesupport_cpp.dir/rosidl_typesupport_cpp/moveit_msgs/srv/load_map__type_support.cpp.o[0m
[150.315s] [ 60%] [32mBuilding CXX object CMakeFiles/moveit_msgs__rosidl_typesupport_fastrtps_c.dir/rosidl_typesupport_fastrtps_c/moveit_msgs/msg/detail/motion_plan_detailed_response__type_support_c.cpp.o[0m
[150.542s] [ 60%] [32mBuilding CXX object CMakeFiles/moveit_msgs__rosidl_typesupport_cpp.dir/rosidl_typesupport_cpp/moveit_msgs/srv/save_robot_state_to_warehouse__type_support.cpp.o[0m
[150.958s] [ 60%] [32mBuilding CXX object CMakeFiles/moveit_msgs__rosidl_typesupport_fastrtps_c.dir/rosidl_typesupport_fastrtps_c/moveit_msgs/msg/detail/motion_sequence_item__type_support_c.cpp.o[0m
[151.486s] [ 60%] [32mBuilding CXX object CMakeFiles/moveit_msgs__rosidl_typesupport_fastrtps_c.dir/rosidl_typesupport_fastrtps_c/moveit_msgs/msg/detail/motion_sequence_request__type_support_c.cpp.o[0m
[151.835s] [ 60%] [32mBuilding CXX object CMakeFiles/moveit_msgs__rosidl_typesupport_cpp.dir/rosidl_typesupport_cpp/moveit_msgs/srv/list_robot_states_in_warehouse__type_support.cpp.o[0m
[152.027s] [ 60%] [32mBuilding CXX object CMakeFiles/moveit_msgs__rosidl_typesupport_fastrtps_c.dir/rosidl_typesupport_fastrtps_c/moveit_msgs/msg/detail/motion_sequence_response__type_support_c.cpp.o[0m
[152.416s] [ 60%] [32mBuilding CXX object CMakeFiles/moveit_msgs__rosidl_typesupport_cpp.dir/rosidl_typesupport_cpp/moveit_msgs/srv/get_robot_state_from_warehouse__type_support.cpp.o[0m
[152.592s] [ 60%] [32mBuilding CXX object CMakeFiles/moveit_msgs__rosidl_typesupport_fastrtps_c.dir/rosidl_typesupport_fastrtps_c/moveit_msgs/msg/detail/move_it_error_codes__type_support_c.cpp.o[0m
[153.143s] [ 61%] [32mBuilding CXX object CMakeFiles/moveit_msgs__rosidl_typesupport_fastrtps_c.dir/rosidl_typesupport_fastrtps_c/moveit_msgs/msg/detail/trajectory_constraints__type_support_c.cpp.o[0m
[153.680s] [ 61%] [32mBuilding CXX object CMakeFiles/moveit_msgs__rosidl_typesupport_fastrtps_c.dir/rosidl_typesupport_fastrtps_c/moveit_msgs/msg/detail/object_color__type_support_c.cpp.o[0m
[153.813s] [ 61%] [32mBuilding CXX object CMakeFiles/moveit_msgs__rosidl_typesupport_cpp.dir/rosidl_typesupport_cpp/moveit_msgs/srv/check_if_robot_state_exists_in_warehouse__type_support.cpp.o[0m
[154.220s] [ 61%] [32mBuilding CXX object CMakeFiles/moveit_msgs__rosidl_typesupport_fastrtps_c.dir/rosidl_typesupport_fastrtps_c/moveit_msgs/msg/detail/orientation_constraint__type_support_c.cpp.o[0m
[154.302s] [ 62%] [32mBuilding CXX object CMakeFiles/moveit_msgs__rosidl_typesupport_cpp.dir/rosidl_typesupport_cpp/moveit_msgs/srv/rename_robot_state_in_warehouse__type_support.cpp.o[0m
[154.805s] [ 62%] [32mBuilding CXX object CMakeFiles/moveit_msgs__rosidl_typesupport_fastrtps_c.dir/rosidl_typesupport_fastrtps_c/moveit_msgs/msg/detail/oriented_bounding_box__type_support_c.cpp.o[0m
[154.814s] [ 62%] [32mBuilding CXX object CMakeFiles/moveit_msgs__rosidl_typesupport_cpp.dir/rosidl_typesupport_cpp/moveit_msgs/srv/delete_robot_state_from_warehouse__type_support.cpp.o[0m
[155.302s] [ 62%] [32mBuilding CXX object CMakeFiles/moveit_msgs__rosidl_typesupport_cpp.dir/rosidl_typesupport_cpp/moveit_msgs/srv/servo_command_type__type_support.cpp.o[0m
[155.312s] [ 62%] [32mBuilding CXX object CMakeFiles/moveit_msgs__rosidl_typesupport_fastrtps_c.dir/rosidl_typesupport_fastrtps_c/moveit_msgs/msg/detail/place_location__type_support_c.cpp.o[0m
[155.719s] [ 62%] [32mBuilding CXX object CMakeFiles/moveit_msgs__rosidl_typesupport_cpp.dir/rosidl_typesupport_cpp/moveit_msgs/srv/get_group_urdf__type_support.cpp.o[0m
[155.929s] [ 62%] [32mBuilding CXX object CMakeFiles/moveit_msgs__rosidl_typesupport_fastrtps_c.dir/rosidl_typesupport_fastrtps_c/moveit_msgs/msg/detail/planner_interface_description__type_support_c.cpp.o[0m
[156.279s] [ 62%] [32mBuilding CXX object CMakeFiles/moveit_msgs__rosidl_typesupport_cpp.dir/rosidl_typesupport_cpp/moveit_msgs/action/execute_trajectory__type_support.cpp.o[0m
[156.510s] [ 62%] [32mBuilding CXX object CMakeFiles/moveit_msgs__rosidl_typesupport_fastrtps_c.dir/rosidl_typesupport_fastrtps_c/moveit_msgs/msg/detail/planner_params__type_support_c.cpp.o[0m
[157.113s] [ 62%] [32mBuilding CXX object CMakeFiles/moveit_msgs__rosidl_typesupport_fastrtps_c.dir/rosidl_typesupport_fastrtps_c/moveit_msgs/msg/detail/planning_scene__type_support_c.cpp.o[0m
[157.513s] [ 62%] [32mBuilding CXX object CMakeFiles/moveit_msgs__rosidl_typesupport_cpp.dir/rosidl_typesupport_cpp/moveit_msgs/action/move_group__type_support.cpp.o[0m
[157.802s] [ 62%] [32mBuilding CXX object CMakeFiles/moveit_msgs__rosidl_typesupport_fastrtps_c.dir/rosidl_typesupport_fastrtps_c/moveit_msgs/msg/detail/planning_scene_components__type_support_c.cpp.o[0m
[158.362s] [ 63%] [32mBuilding CXX object CMakeFiles/moveit_msgs__rosidl_typesupport_fastrtps_c.dir/rosidl_typesupport_fastrtps_c/moveit_msgs/msg/detail/planning_scene_world__type_support_c.cpp.o[0m
[158.927s] [ 63%] [32mBuilding CXX object CMakeFiles/moveit_msgs__rosidl_typesupport_fastrtps_c.dir/rosidl_typesupport_fastrtps_c/moveit_msgs/msg/detail/planning_options__type_support_c.cpp.o[0m
[159.514s] [ 63%] [32mBuilding CXX object CMakeFiles/moveit_msgs__rosidl_typesupport_fastrtps_c.dir/rosidl_typesupport_fastrtps_c/moveit_msgs/msg/detail/position_constraint__type_support_c.cpp.o[0m
[160.083s] [ 63%] [32mBuilding CXX object CMakeFiles/moveit_msgs__rosidl_typesupport_fastrtps_c.dir/rosidl_typesupport_fastrtps_c/moveit_msgs/msg/detail/robot_state__type_support_c.cpp.o[0m
[160.648s] [ 63%] [32mBuilding CXX object CMakeFiles/moveit_msgs__rosidl_typesupport_fastrtps_c.dir/rosidl_typesupport_fastrtps_c/moveit_msgs/msg/detail/robot_trajectory__type_support_c.cpp.o[0m
[161.140s] [ 63%] [32mBuilding CXX object CMakeFiles/moveit_msgs__rosidl_typesupport_cpp.dir/rosidl_typesupport_cpp/moveit_msgs/action/move_group_sequence__type_support.cpp.o[0m
[161.163s] [ 63%] [32mBuilding CXX object CMakeFiles/moveit_msgs__rosidl_typesupport_fastrtps_c.dir/rosidl_typesupport_fastrtps_c/moveit_msgs/msg/detail/visibility_constraint__type_support_c.cpp.o[0m
[161.728s] [ 63%] [32mBuilding CXX object CMakeFiles/moveit_msgs__rosidl_typesupport_fastrtps_c.dir/rosidl_typesupport_fastrtps_c/moveit_msgs/msg/detail/workspace_parameters__type_support_c.cpp.o[0m
[162.240s] [ 63%] [32mBuilding CXX object CMakeFiles/moveit_msgs__rosidl_typesupport_fastrtps_c.dir/rosidl_typesupport_fastrtps_c/moveit_msgs/msg/detail/kinematic_solver_info__type_support_c.cpp.o[0m
[162.876s] [ 64%] [32mBuilding CXX object CMakeFiles/moveit_msgs__rosidl_typesupport_fastrtps_c.dir/rosidl_typesupport_fastrtps_c/moveit_msgs/msg/detail/position_ik_request__type_support_c.cpp.o[0m
[163.548s] [ 64%] [32mBuilding CXX object CMakeFiles/moveit_msgs__rosidl_typesupport_fastrtps_c.dir/rosidl_typesupport_fastrtps_c/moveit_msgs/msg/detail/pipeline_state__type_support_c.cpp.o[0m
[164.110s] [ 64%] [32mBuilding CXX object CMakeFiles/moveit_msgs__rosidl_typesupport_fastrtps_c.dir/rosidl_typesupport_fastrtps_c/moveit_msgs/msg/detail/servo_status__type_support_c.cpp.o[0m
[164.391s] [ 64%] [32mBuilding CXX object CMakeFiles/moveit_msgs__rosidl_typesupport_cpp.dir/rosidl_typesupport_cpp/moveit_msgs/action/pickup__type_support.cpp.o[0m
[164.644s] [ 64%] [32mBuilding CXX object CMakeFiles/moveit_msgs__rosidl_typesupport_fastrtps_c.dir/rosidl_typesupport_fastrtps_c/moveit_msgs/srv/detail/get_motion_plan__type_support_c.cpp.o[0m
[165.282s] [ 64%] [32mBuilding CXX object CMakeFiles/moveit_msgs__rosidl_typesupport_fastrtps_c.dir/rosidl_typesupport_fastrtps_c/moveit_msgs/srv/detail/get_multi_state_validity__type_support_c.cpp.o[0m
[166.080s] [ 64%] [32mBuilding CXX object CMakeFiles/moveit_msgs__rosidl_typesupport_fastrtps_c.dir/rosidl_typesupport_fastrtps_c/moveit_msgs/srv/detail/get_state_validity__type_support_c.cpp.o[0m
[166.841s] [ 64%] [32mBuilding CXX object CMakeFiles/moveit_msgs__rosidl_typesupport_fastrtps_c.dir/rosidl_typesupport_fastrtps_c/moveit_msgs/srv/detail/get_cartesian_path__type_support_c.cpp.o[0m
[167.694s] [ 64%] [32mBuilding CXX object CMakeFiles/moveit_msgs__rosidl_typesupport_fastrtps_c.dir/rosidl_typesupport_fastrtps_c/moveit_msgs/srv/detail/get_planning_scene__type_support_c.cpp.o[0m
[167.918s] [ 65%] [32mBuilding CXX object CMakeFiles/moveit_msgs__rosidl_typesupport_cpp.dir/rosidl_typesupport_cpp/moveit_msgs/action/place__type_support.cpp.o[0m
[168.386s] [ 65%] [32mBuilding CXX object CMakeFiles/moveit_msgs__rosidl_typesupport_fastrtps_c.dir/rosidl_typesupport_fastrtps_c/moveit_msgs/srv/detail/grasp_planning__type_support_c.cpp.o[0m
[169.195s] [ 66%] [32mBuilding CXX object CMakeFiles/moveit_msgs__rosidl_typesupport_fastrtps_c.dir/rosidl_typesupport_fastrtps_c/moveit_msgs/srv/detail/apply_planning_scene__type_support_c.cpp.o[0m
[169.846s] [ 66%] [32mBuilding CXX object CMakeFiles/moveit_msgs__rosidl_typesupport_fastrtps_c.dir/rosidl_typesupport_fastrtps_c/moveit_msgs/srv/detail/query_planner_interfaces__type_support_c.cpp.o[0m
[170.509s] [ 66%] [32mBuilding CXX object CMakeFiles/moveit_msgs__rosidl_typesupport_fastrtps_c.dir/rosidl_typesupport_fastrtps_c/moveit_msgs/srv/detail/get_motion_sequence__type_support_c.cpp.o[0m
[171.153s] [ 66%] [32mBuilding CXX object CMakeFiles/moveit_msgs__rosidl_typesupport_fastrtps_c.dir/rosidl_typesupport_fastrtps_c/moveit_msgs/srv/detail/get_position_fk__type_support_c.cpp.o[0m
[171.392s] [ 66%] [32mBuilding CXX object CMakeFiles/moveit_msgs__rosidl_typesupport_cpp.dir/rosidl_typesupport_cpp/moveit_msgs/action/local_planner__type_support.cpp.o[0m
[171.963s] [ 66%] [32mBuilding CXX object CMakeFiles/moveit_msgs__rosidl_typesupport_fastrtps_c.dir/rosidl_typesupport_fastrtps_c/moveit_msgs/srv/detail/get_position_ik__type_support_c.cpp.o[0m
[172.609s] [ 66%] [32mBuilding CXX object CMakeFiles/moveit_msgs__rosidl_typesupport_fastrtps_c.dir/rosidl_typesupport_fastrtps_c/moveit_msgs/srv/detail/get_planner_params__type_support_c.cpp.o[0m
[172.765s] [ 66%] [32mBuilding CXX object CMakeFiles/moveit_msgs__rosidl_typesupport_cpp.dir/rosidl_typesupport_cpp/moveit_msgs/action/global_planner__type_support.cpp.o[0m
[173.295s] [ 66%] [32mBuilding CXX object CMakeFiles/moveit_msgs__rosidl_typesupport_fastrtps_c.dir/rosidl_typesupport_fastrtps_c/moveit_msgs/srv/detail/set_planner_params__type_support_c.cpp.o[0m
[174.018s] [ 66%] [32mBuilding CXX object CMakeFiles/moveit_msgs__rosidl_typesupport_fastrtps_c.dir/rosidl_typesupport_fastrtps_c/moveit_msgs/srv/detail/update_pointcloud_octomap__type_support_c.cpp.o[0m
[174.664s] [ 67%] [32mBuilding CXX object CMakeFiles/moveit_msgs__rosidl_typesupport_fastrtps_c.dir/rosidl_typesupport_fastrtps_c/moveit_msgs/srv/detail/save_geometry_to_file__type_support_c.cpp.o[0m
[175.330s] [ 67%] [32mBuilding CXX object CMakeFiles/moveit_msgs__rosidl_typesupport_fastrtps_c.dir/rosidl_typesupport_fastrtps_c/moveit_msgs/srv/detail/save_map__type_support_c.cpp.o[0m
[175.959s] [ 67%] [32mBuilding CXX object CMakeFiles/moveit_msgs__rosidl_typesupport_cpp.dir/rosidl_typesupport_cpp/moveit_msgs/action/hybrid_planner__type_support.cpp.o[0m
[176.002s] [ 67%] [32mBuilding CXX object CMakeFiles/moveit_msgs__rosidl_typesupport_fastrtps_c.dir/rosidl_typesupport_fastrtps_c/moveit_msgs/srv/detail/load_geometry_from_file__type_support_c.cpp.o[0m
[176.665s] [ 67%] [32mBuilding CXX object CMakeFiles/moveit_msgs__rosidl_typesupport_fastrtps_c.dir/rosidl_typesupport_fastrtps_c/moveit_msgs/srv/detail/load_map__type_support_c.cpp.o[0m
[177.336s] [ 67%] [32mBuilding CXX object CMakeFiles/moveit_msgs__rosidl_typesupport_fastrtps_c.dir/rosidl_typesupport_fastrtps_c/moveit_msgs/srv/detail/save_robot_state_to_warehouse__type_support_c.cpp.o[0m
[178.067s] [ 67%] [32mBuilding CXX object CMakeFiles/moveit_msgs__rosidl_typesupport_fastrtps_c.dir/rosidl_typesupport_fastrtps_c/moveit_msgs/srv/detail/list_robot_states_in_warehouse__type_support_c.cpp.o[0m
[178.507s] [ 67%] [32m[1mLinking CXX shared library libmoveit_msgs__rosidl_typesupport_cpp.so[0m
[178.643s] [ 67%] Built target moveit_msgs__rosidl_typesupport_cpp
[178.654s] [ 67%] [32mBuilding CXX object CMakeFiles/moveit_msgs__rosidl_typesupport_fastrtps_c.dir/rosidl_typesupport_fastrtps_c/moveit_msgs/srv/detail/get_robot_state_from_warehouse__type_support_c.cpp.o[0m
[178.661s] [ 67%] [34m[1mGenerating C++ type support for eProsima Fast-RTPS[0m
[178.662s] [ 67%] [34m[1mGenerating C++ introspection for ROS interfaces[0m
[178.872s] [ 67%] [32mBuilding CXX object CMakeFiles/moveit_msgs__rosidl_typesupport_fastrtps_c.dir/rosidl_typesupport_fastrtps_c/moveit_msgs/srv/detail/check_if_robot_state_exists_in_warehouse__type_support_c.cpp.o[0m
[179.570s] [ 68%] [32mBuilding CXX object CMakeFiles/moveit_msgs__rosidl_typesupport_fastrtps_c.dir/rosidl_typesupport_fastrtps_c/moveit_msgs/srv/detail/rename_robot_state_in_warehouse__type_support_c.cpp.o[0m
[179.777s] [ 68%] [32mBuilding CXX object CMakeFiles/moveit_msgs__rosidl_typesupport_fastrtps_c.dir/rosidl_typesupport_fastrtps_c/moveit_msgs/srv/detail/delete_robot_state_from_warehouse__type_support_c.cpp.o[0m
[180.508s] [ 68%] [32mBuilding CXX object CMakeFiles/moveit_msgs__rosidl_typesupport_fastrtps_c.dir/rosidl_typesupport_fastrtps_c/moveit_msgs/srv/detail/servo_command_type__type_support_c.cpp.o[0m
[180.687s] [ 68%] [32mBuilding CXX object CMakeFiles/moveit_msgs__rosidl_typesupport_fastrtps_c.dir/rosidl_typesupport_fastrtps_c/moveit_msgs/srv/detail/get_group_urdf__type_support_c.cpp.o[0m
[181.376s] [ 68%] [32mBuilding CXX object CMakeFiles/moveit_msgs__rosidl_typesupport_fastrtps_c.dir/rosidl_typesupport_fastrtps_c/moveit_msgs/action/detail/execute_trajectory__type_support_c.cpp.o[0m
[181.595s] [ 68%] [32mBuilding CXX object CMakeFiles/moveit_msgs__rosidl_typesupport_fastrtps_c.dir/rosidl_typesupport_fastrtps_c/moveit_msgs/action/detail/move_group__type_support_c.cpp.o[0m
[182.734s] [ 68%] [32mBuilding CXX object CMakeFiles/moveit_msgs__rosidl_typesupport_fastrtps_c.dir/rosidl_typesupport_fastrtps_c/moveit_msgs/action/detail/move_group_sequence__type_support_c.cpp.o[0m
[182.909s] [ 68%] [32mBuilding CXX object CMakeFiles/moveit_msgs__rosidl_typesupport_fastrtps_c.dir/rosidl_typesupport_fastrtps_c/moveit_msgs/action/detail/pickup__type_support_c.cpp.o[0m
[184.045s] [ 68%] [32mBuilding CXX object CMakeFiles/moveit_msgs__rosidl_typesupport_fastrtps_c.dir/rosidl_typesupport_fastrtps_c/moveit_msgs/action/detail/place__type_support_c.cpp.o[0m
[184.782s] [ 69%] [32mBuilding CXX object CMakeFiles/moveit_msgs__rosidl_typesupport_fastrtps_c.dir/rosidl_typesupport_fastrtps_c/moveit_msgs/action/detail/local_planner__type_support_c.cpp.o[0m
[185.869s] [ 69%] [32mBuilding CXX object CMakeFiles/moveit_msgs__rosidl_typesupport_fastrtps_c.dir/rosidl_typesupport_fastrtps_c/moveit_msgs/action/detail/global_planner__type_support_c.cpp.o[0m
[186.118s] [ 69%] [32mBuilding CXX object CMakeFiles/moveit_msgs__rosidl_typesupport_fastrtps_c.dir/rosidl_typesupport_fastrtps_c/moveit_msgs/action/detail/hybrid_planner__type_support_c.cpp.o[0m
[187.430s] [ 69%] [32m[1mLinking CXX shared library libmoveit_msgs__rosidl_typesupport_fastrtps_c.so[0m
[187.602s] [ 69%] Built target moveit_msgs__rosidl_typesupport_fastrtps_c
[188.490s] [ 69%] [32mBuilding CXX object CMakeFiles/moveit_msgs__rosidl_typesupport_introspection_cpp.dir/rosidl_typesupport_introspection_cpp/moveit_msgs/msg/detail/allowed_collision_matrix__type_support.cpp.o[0m
[188.490s] [ 69%] [32mBuilding CXX object CMakeFiles/moveit_msgs__rosidl_typesupport_introspection_cpp.dir/rosidl_typesupport_introspection_cpp/moveit_msgs/msg/detail/attached_collision_object__type_support.cpp.o[0m
[188.490s] [ 69%] [32mBuilding CXX object CMakeFiles/moveit_msgs__rosidl_typesupport_introspection_cpp.dir/rosidl_typesupport_introspection_cpp/moveit_msgs/msg/detail/allowed_collision_entry__type_support.cpp.o[0m
[189.116s] [ 69%] [32mBuilding CXX object CMakeFiles/moveit_msgs__rosidl_typesupport_introspection_cpp.dir/rosidl_typesupport_introspection_cpp/moveit_msgs/msg/detail/bounding_volume__type_support.cpp.o[0m
[189.284s] [ 70%] [32mBuilding CXX object CMakeFiles/moveit_msgs__rosidl_typesupport_introspection_cpp.dir/rosidl_typesupport_introspection_cpp/moveit_msgs/msg/detail/cartesian_point__type_support.cpp.o[0m
[189.350s] [ 70%] [32mBuilding CXX object CMakeFiles/moveit_msgs__rosidl_typesupport_introspection_cpp.dir/rosidl_typesupport_introspection_cpp/moveit_msgs/msg/detail/cartesian_trajectory__type_support.cpp.o[0m
[189.760s] [ 70%] [32mBuilding CXX object CMakeFiles/moveit_msgs__rosidl_typesupport_introspection_cpp.dir/rosidl_typesupport_introspection_cpp/moveit_msgs/msg/detail/cartesian_trajectory_point__type_support.cpp.o[0m
[189.930s] [ 70%] [32mBuilding CXX object CMakeFiles/moveit_msgs__rosidl_typesupport_introspection_cpp.dir/rosidl_typesupport_introspection_cpp/moveit_msgs/msg/detail/collision_object__type_support.cpp.o[0m
[190.113s] [ 70%] [32mBuilding CXX object CMakeFiles/moveit_msgs__rosidl_typesupport_introspection_cpp.dir/rosidl_typesupport_introspection_cpp/moveit_msgs/msg/detail/constraint_eval_result__type_support.cpp.o[0m
[190.241s] [ 70%] [32mBuilding CXX object CMakeFiles/moveit_msgs__rosidl_typesupport_introspection_cpp.dir/rosidl_typesupport_introspection_cpp/moveit_msgs/msg/detail/constraints__type_support.cpp.o[0m
[190.566s] [ 70%] [32mBuilding CXX object CMakeFiles/moveit_msgs__rosidl_typesupport_introspection_cpp.dir/rosidl_typesupport_introspection_cpp/moveit_msgs/msg/detail/cost_source__type_support.cpp.o[0m
[191.034s] [ 70%] [32mBuilding CXX object CMakeFiles/moveit_msgs__rosidl_typesupport_introspection_cpp.dir/rosidl_typesupport_introspection_cpp/moveit_msgs/msg/detail/contact_information__type_support.cpp.o[0m
[191.197s] [ 70%] [32mBuilding CXX object CMakeFiles/moveit_msgs__rosidl_typesupport_introspection_cpp.dir/rosidl_typesupport_introspection_cpp/moveit_msgs/msg/detail/display_trajectory__type_support.cpp.o[0m
[191.525s] [ 71%] [32mBuilding CXX object CMakeFiles/moveit_msgs__rosidl_typesupport_introspection_cpp.dir/rosidl_typesupport_introspection_cpp/moveit_msgs/msg/detail/display_robot_state__type_support.cpp.o[0m
[191.957s] [ 71%] [32mBuilding CXX object CMakeFiles/moveit_msgs__rosidl_typesupport_introspection_cpp.dir/rosidl_typesupport_introspection_cpp/moveit_msgs/msg/detail/generic_trajectory__type_support.cpp.o[0m
[192.372s] [ 71%] [32mBuilding CXX object CMakeFiles/moveit_msgs__rosidl_typesupport_introspection_cpp.dir/rosidl_typesupport_introspection_cpp/moveit_msgs/msg/detail/grasp__type_support.cpp.o[0m
[192.885s] [ 71%] [32mBuilding CXX object CMakeFiles/moveit_msgs__rosidl_typesupport_introspection_cpp.dir/rosidl_typesupport_introspection_cpp/moveit_msgs/msg/detail/gripper_translation__type_support.cpp.o[0m
[193.079s] [ 71%] [32mBuilding CXX object CMakeFiles/moveit_msgs__rosidl_typesupport_introspection_cpp.dir/rosidl_typesupport_introspection_cpp/moveit_msgs/msg/detail/joint_constraint__type_support.cpp.o[0m
[193.181s] [ 71%] [32mBuilding CXX object CMakeFiles/moveit_msgs__rosidl_typesupport_introspection_cpp.dir/rosidl_typesupport_introspection_cpp/moveit_msgs/msg/detail/joint_limits__type_support.cpp.o[0m
[193.379s] [ 71%] [32mBuilding CXX object CMakeFiles/moveit_msgs__rosidl_typesupport_introspection_cpp.dir/rosidl_typesupport_introspection_cpp/moveit_msgs/msg/detail/link_padding__type_support.cpp.o[0m
[193.583s] [ 71%] [32mBuilding CXX object CMakeFiles/moveit_msgs__rosidl_typesupport_introspection_cpp.dir/rosidl_typesupport_introspection_cpp/moveit_msgs/msg/detail/link_scale__type_support.cpp.o[0m
[193.592s] [ 71%] [32mBuilding CXX object CMakeFiles/moveit_msgs__rosidl_typesupport_fastrtps_cpp.dir/rosidl_typesupport_fastrtps_cpp/moveit_msgs/msg/detail/dds_fastrtps/allowed_collision_entry__type_support.cpp.o[0m
[193.702s] [ 71%] [32mBuilding CXX object CMakeFiles/moveit_msgs__rosidl_typesupport_fastrtps_cpp.dir/rosidl_typesupport_fastrtps_cpp/moveit_msgs/msg/detail/dds_fastrtps/allowed_collision_matrix__type_support.cpp.o[0m
[193.937s] [ 71%] [32mBuilding CXX object CMakeFiles/moveit_msgs__rosidl_typesupport_fastrtps_cpp.dir/rosidl_typesupport_fastrtps_cpp/moveit_msgs/msg/detail/dds_fastrtps/attached_collision_object__type_support.cpp.o[0m
[194.081s] [ 72%] [32mBuilding CXX object CMakeFiles/moveit_msgs__rosidl_typesupport_introspection_cpp.dir/rosidl_typesupport_introspection_cpp/moveit_msgs/msg/detail/motion_plan_request__type_support.cpp.o[0m
[194.314s] [ 72%] [32mBuilding CXX object CMakeFiles/moveit_msgs__rosidl_typesupport_introspection_cpp.dir/rosidl_typesupport_introspection_cpp/moveit_msgs/msg/detail/motion_plan_response__type_support.cpp.o[0m
[194.774s] [ 72%] [32mBuilding CXX object CMakeFiles/moveit_msgs__rosidl_typesupport_introspection_cpp.dir/rosidl_typesupport_introspection_cpp/moveit_msgs/msg/detail/motion_plan_detailed_response__type_support.cpp.o[0m
[194.912s] [ 73%] [32mBuilding CXX object CMakeFiles/moveit_msgs__rosidl_typesupport_fastrtps_cpp.dir/rosidl_typesupport_fastrtps_cpp/moveit_msgs/msg/detail/dds_fastrtps/bounding_volume__type_support.cpp.o[0m
[195.199s] [ 73%] [32mBuilding CXX object CMakeFiles/moveit_msgs__rosidl_typesupport_fastrtps_cpp.dir/rosidl_typesupport_fastrtps_cpp/moveit_msgs/msg/detail/dds_fastrtps/cartesian_point__type_support.cpp.o[0m
[195.923s] [ 73%] [32mBuilding CXX object CMakeFiles/moveit_msgs__rosidl_typesupport_introspection_cpp.dir/rosidl_typesupport_introspection_cpp/moveit_msgs/msg/detail/motion_sequence_item__type_support.cpp.o[0m
[196.017s] [ 73%] [32mBuilding CXX object CMakeFiles/moveit_msgs__rosidl_typesupport_fastrtps_cpp.dir/rosidl_typesupport_fastrtps_cpp/moveit_msgs/msg/detail/dds_fastrtps/cartesian_trajectory__type_support.cpp.o[0m
[196.573s] [ 73%] [32mBuilding CXX object CMakeFiles/moveit_msgs__rosidl_typesupport_fastrtps_cpp.dir/rosidl_typesupport_fastrtps_cpp/moveit_msgs/msg/detail/dds_fastrtps/cartesian_trajectory_point__type_support.cpp.o[0m
[196.890s] [ 73%] [32mBuilding CXX object CMakeFiles/moveit_msgs__rosidl_typesupport_introspection_cpp.dir/rosidl_typesupport_introspection_cpp/moveit_msgs/msg/detail/motion_sequence_request__type_support.cpp.o[0m
[197.042s] [ 73%] [32mBuilding CXX object CMakeFiles/moveit_msgs__rosidl_typesupport_fastrtps_cpp.dir/rosidl_typesupport_fastrtps_cpp/moveit_msgs/msg/detail/dds_fastrtps/collision_object__type_support.cpp.o[0m
[197.208s] [ 73%] [32mBuilding CXX object CMakeFiles/moveit_msgs__rosidl_typesupport_fastrtps_cpp.dir/rosidl_typesupport_fastrtps_cpp/moveit_msgs/msg/detail/dds_fastrtps/constraint_eval_result__type_support.cpp.o[0m
[197.292s] [ 73%] [32mBuilding CXX object CMakeFiles/moveit_msgs__rosidl_typesupport_introspection_cpp.dir/rosidl_typesupport_introspection_cpp/moveit_msgs/msg/detail/motion_sequence_response__type_support.cpp.o[0m
[197.978s] [ 73%] [32mBuilding CXX object CMakeFiles/moveit_msgs__rosidl_typesupport_introspection_cpp.dir/rosidl_typesupport_introspection_cpp/moveit_msgs/msg/detail/move_it_error_codes__type_support.cpp.o[0m
[198.506s] [ 73%] [32mBuilding CXX object CMakeFiles/moveit_msgs__rosidl_typesupport_fastrtps_cpp.dir/rosidl_typesupport_fastrtps_cpp/moveit_msgs/msg/detail/dds_fastrtps/constraints__type_support.cpp.o[0m
[198.649s] [ 73%] [32mBuilding CXX object CMakeFiles/moveit_msgs__rosidl_typesupport_fastrtps_cpp.dir/rosidl_typesupport_fastrtps_cpp/moveit_msgs/msg/detail/dds_fastrtps/cost_source__type_support.cpp.o[0m
[199.051s] [ 73%] [32mBuilding CXX object CMakeFiles/moveit_msgs__rosidl_typesupport_fastrtps_cpp.dir/rosidl_typesupport_fastrtps_cpp/moveit_msgs/msg/detail/dds_fastrtps/contact_information__type_support.cpp.o[0m
[199.392s] [ 73%] [32mBuilding CXX object CMakeFiles/moveit_msgs__rosidl_typesupport_introspection_cpp.dir/rosidl_typesupport_introspection_cpp/moveit_msgs/msg/detail/trajectory_constraints__type_support.cpp.o[0m
[199.844s] [ 74%] [32mBuilding CXX object CMakeFiles/moveit_msgs__rosidl_typesupport_introspection_cpp.dir/rosidl_typesupport_introspection_cpp/moveit_msgs/msg/detail/object_color__type_support.cpp.o[0m
[199.935s] [ 75%] [32mBuilding CXX object CMakeFiles/moveit_msgs__rosidl_typesupport_fastrtps_cpp.dir/rosidl_typesupport_fastrtps_cpp/moveit_msgs/msg/detail/dds_fastrtps/display_trajectory__type_support.cpp.o[0m
[200.333s] [ 75%] [32mBuilding CXX object CMakeFiles/moveit_msgs__rosidl_typesupport_fastrtps_cpp.dir/rosidl_typesupport_fastrtps_cpp/moveit_msgs/msg/detail/dds_fastrtps/display_robot_state__type_support.cpp.o[0m
[201.032s] [ 75%] [32mBuilding CXX object CMakeFiles/moveit_msgs__rosidl_typesupport_introspection_cpp.dir/rosidl_typesupport_introspection_cpp/moveit_msgs/msg/detail/orientation_constraint__type_support.cpp.o[0m
[201.067s] [ 75%] [32mBuilding CXX object CMakeFiles/moveit_msgs__rosidl_typesupport_fastrtps_cpp.dir/rosidl_typesupport_fastrtps_cpp/moveit_msgs/msg/detail/dds_fastrtps/generic_trajectory__type_support.cpp.o[0m
[201.236s] [ 75%] [32mBuilding CXX object CMakeFiles/moveit_msgs__rosidl_typesupport_introspection_cpp.dir/rosidl_typesupport_introspection_cpp/moveit_msgs/msg/detail/oriented_bounding_box__type_support.cpp.o[0m
[201.443s] [ 75%] [32mBuilding CXX object CMakeFiles/moveit_msgs__rosidl_typesupport_fastrtps_cpp.dir/rosidl_typesupport_fastrtps_cpp/moveit_msgs/msg/detail/dds_fastrtps/grasp__type_support.cpp.o[0m
[201.525s] [ 75%] [32mBuilding CXX object CMakeFiles/moveit_msgs__rosidl_typesupport_fastrtps_cpp.dir/rosidl_typesupport_fastrtps_cpp/moveit_msgs/msg/detail/dds_fastrtps/gripper_translation__type_support.cpp.o[0m
[201.704s] [ 75%] [32mBuilding CXX object CMakeFiles/moveit_msgs__rosidl_typesupport_introspection_cpp.dir/rosidl_typesupport_introspection_cpp/moveit_msgs/msg/detail/place_location__type_support.cpp.o[0m
[202.140s] [ 75%] [32mBuilding CXX object CMakeFiles/moveit_msgs__rosidl_typesupport_introspection_cpp.dir/rosidl_typesupport_introspection_cpp/moveit_msgs/msg/detail/planner_interface_description__type_support.cpp.o[0m
[202.255s] [ 75%] [32mBuilding CXX object CMakeFiles/moveit_msgs__rosidl_typesupport_introspection_cpp.dir/rosidl_typesupport_introspection_cpp/moveit_msgs/msg/detail/planner_params__type_support.cpp.o[0m
[202.366s] [ 75%] [32mBuilding CXX object CMakeFiles/moveit_msgs__rosidl_typesupport_fastrtps_cpp.dir/rosidl_typesupport_fastrtps_cpp/moveit_msgs/msg/detail/dds_fastrtps/joint_constraint__type_support.cpp.o[0m
[202.430s] [ 75%] [32mBuilding CXX object CMakeFiles/moveit_msgs__rosidl_typesupport_introspection_cpp.dir/rosidl_typesupport_introspection_cpp/moveit_msgs/msg/detail/planning_scene__type_support.cpp.o[0m
[202.714s] [ 75%] [32mBuilding CXX object CMakeFiles/moveit_msgs__rosidl_typesupport_fastrtps_cpp.dir/rosidl_typesupport_fastrtps_cpp/moveit_msgs/msg/detail/dds_fastrtps/joint_limits__type_support.cpp.o[0m
[202.860s] [ 75%] [32mBuilding CXX object CMakeFiles/moveit_msgs__rosidl_typesupport_fastrtps_cpp.dir/rosidl_typesupport_fastrtps_cpp/moveit_msgs/msg/detail/dds_fastrtps/link_padding__type_support.cpp.o[0m
[203.091s] [ 75%] [32mBuilding CXX object CMakeFiles/moveit_msgs__rosidl_typesupport_introspection_cpp.dir/rosidl_typesupport_introspection_cpp/moveit_msgs/msg/detail/planning_scene_components__type_support.cpp.o[0m
[203.492s] [ 75%] [32mBuilding CXX object CMakeFiles/moveit_msgs__rosidl_typesupport_introspection_cpp.dir/rosidl_typesupport_introspection_cpp/moveit_msgs/msg/detail/planning_scene_world__type_support.cpp.o[0m
[203.553s] [ 76%] [32mBuilding CXX object CMakeFiles/moveit_msgs__rosidl_typesupport_fastrtps_cpp.dir/rosidl_typesupport_fastrtps_cpp/moveit_msgs/msg/detail/dds_fastrtps/link_scale__type_support.cpp.o[0m
[203.587s] [ 77%] [32mBuilding CXX object CMakeFiles/moveit_msgs__rosidl_typesupport_introspection_cpp.dir/rosidl_typesupport_introspection_cpp/moveit_msgs/msg/detail/planning_options__type_support.cpp.o[0m
[203.912s] [ 77%] [32mBuilding CXX object CMakeFiles/moveit_msgs__rosidl_typesupport_fastrtps_cpp.dir/rosidl_typesupport_fastrtps_cpp/moveit_msgs/msg/detail/dds_fastrtps/motion_plan_request__type_support.cpp.o[0m
[204.259s] [ 77%] [32mBuilding CXX object CMakeFiles/moveit_msgs__rosidl_typesupport_introspection_cpp.dir/rosidl_typesupport_introspection_cpp/moveit_msgs/msg/detail/position_constraint__type_support.cpp.o[0m
[204.706s] [ 77%] [32mBuilding CXX object CMakeFiles/moveit_msgs__rosidl_typesupport_fastrtps_cpp.dir/rosidl_typesupport_fastrtps_cpp/moveit_msgs/msg/detail/dds_fastrtps/motion_plan_response__type_support.cpp.o[0m
[204.847s] [ 77%] [32mBuilding CXX object CMakeFiles/moveit_msgs__rosidl_typesupport_fastrtps_cpp.dir/rosidl_typesupport_fastrtps_cpp/moveit_msgs/msg/detail/dds_fastrtps/motion_plan_detailed_response__type_support.cpp.o[0m
[205.092s] [ 77%] [32mBuilding CXX object CMakeFiles/moveit_msgs__rosidl_typesupport_introspection_cpp.dir/rosidl_typesupport_introspection_cpp/moveit_msgs/msg/detail/robot_state__type_support.cpp.o[0m
[205.426s] [ 77%] [32mBuilding CXX object CMakeFiles/moveit_msgs__rosidl_typesupport_introspection_cpp.dir/rosidl_typesupport_introspection_cpp/moveit_msgs/msg/detail/robot_trajectory__type_support.cpp.o[0m
[205.522s] [ 77%] [32mBuilding CXX object CMakeFiles/moveit_msgs__rosidl_typesupport_introspection_cpp.dir/rosidl_typesupport_introspection_cpp/moveit_msgs/msg/detail/visibility_constraint__type_support.cpp.o[0m
[206.027s] [ 77%] [32mBuilding CXX object CMakeFiles/moveit_msgs__rosidl_typesupport_fastrtps_cpp.dir/rosidl_typesupport_fastrtps_cpp/moveit_msgs/msg/detail/dds_fastrtps/motion_sequence_item__type_support.cpp.o[0m
[206.030s] [ 77%] [32mBuilding CXX object CMakeFiles/moveit_msgs__rosidl_typesupport_fastrtps_cpp.dir/rosidl_typesupport_fastrtps_cpp/moveit_msgs/msg/detail/dds_fastrtps/motion_sequence_request__type_support.cpp.o[0m
[206.201s] [ 77%] [32mBuilding CXX object CMakeFiles/moveit_msgs__rosidl_typesupport_introspection_cpp.dir/rosidl_typesupport_introspection_cpp/moveit_msgs/msg/detail/workspace_parameters__type_support.cpp.o[0m
[206.686s] [ 77%] [32mBuilding CXX object CMakeFiles/moveit_msgs__rosidl_typesupport_fastrtps_cpp.dir/rosidl_typesupport_fastrtps_cpp/moveit_msgs/msg/detail/dds_fastrtps/motion_sequence_response__type_support.cpp.o[0m
[206.828s] [ 77%] [32mBuilding CXX object CMakeFiles/moveit_msgs__rosidl_typesupport_introspection_cpp.dir/rosidl_typesupport_introspection_cpp/moveit_msgs/msg/detail/kinematic_solver_info__type_support.cpp.o[0m
[207.037s] [ 77%] [32mBuilding CXX object CMakeFiles/moveit_msgs__rosidl_typesupport_fastrtps_cpp.dir/rosidl_typesupport_fastrtps_cpp/moveit_msgs/msg/detail/dds_fastrtps/move_it_error_codes__type_support.cpp.o[0m
[207.543s] [ 77%] [32mBuilding CXX object CMakeFiles/moveit_msgs__rosidl_typesupport_introspection_cpp.dir/rosidl_typesupport_introspection_cpp/moveit_msgs/msg/detail/position_ik_request__type_support.cpp.o[0m
[207.672s] [ 77%] [32mBuilding CXX object CMakeFiles/moveit_msgs__rosidl_typesupport_fastrtps_cpp.dir/rosidl_typesupport_fastrtps_cpp/moveit_msgs/msg/detail/dds_fastrtps/trajectory_constraints__type_support.cpp.o[0m
[207.821s] [ 78%] [32mBuilding CXX object CMakeFiles/moveit_msgs__rosidl_typesupport_introspection_cpp.dir/rosidl_typesupport_introspection_cpp/moveit_msgs/msg/detail/pipeline_state__type_support.cpp.o[0m
[207.930s] [ 78%] [32mBuilding CXX object CMakeFiles/moveit_msgs__rosidl_typesupport_introspection_cpp.dir/rosidl_typesupport_introspection_cpp/moveit_msgs/msg/detail/servo_status__type_support.cpp.o[0m
[208.410s] [ 79%] [32mBuilding CXX object CMakeFiles/moveit_msgs__rosidl_typesupport_fastrtps_cpp.dir/rosidl_typesupport_fastrtps_cpp/moveit_msgs/msg/detail/dds_fastrtps/object_color__type_support.cpp.o[0m
[208.741s] [ 79%] [32mBuilding CXX object CMakeFiles/moveit_msgs__rosidl_typesupport_introspection_cpp.dir/rosidl_typesupport_introspection_cpp/moveit_msgs/srv/detail/get_motion_plan__type_support.cpp.o[0m
[208.919s] [ 79%] [32mBuilding CXX object CMakeFiles/moveit_msgs__rosidl_typesupport_fastrtps_cpp.dir/rosidl_typesupport_fastrtps_cpp/moveit_msgs/msg/detail/dds_fastrtps/orientation_constraint__type_support.cpp.o[0m
[209.138s] [ 79%] [32mBuilding CXX object CMakeFiles/moveit_msgs__rosidl_typesupport_introspection_cpp.dir/rosidl_typesupport_introspection_cpp/moveit_msgs/srv/detail/get_multi_state_validity__type_support.cpp.o[0m
[209.167s] [ 79%] [32mBuilding CXX object CMakeFiles/moveit_msgs__rosidl_typesupport_fastrtps_cpp.dir/rosidl_typesupport_fastrtps_cpp/moveit_msgs/msg/detail/dds_fastrtps/oriented_bounding_box__type_support.cpp.o[0m
[209.726s] [ 79%] [32mBuilding CXX object CMakeFiles/moveit_msgs__rosidl_typesupport_introspection_cpp.dir/rosidl_typesupport_introspection_cpp/moveit_msgs/srv/detail/get_state_validity__type_support.cpp.o[0m
[209.869s] [ 79%] [32mBuilding CXX object CMakeFiles/moveit_msgs__rosidl_typesupport_fastrtps_cpp.dir/rosidl_typesupport_fastrtps_cpp/moveit_msgs/msg/detail/dds_fastrtps/place_location__type_support.cpp.o[0m
[210.891s] [ 79%] [32mBuilding CXX object CMakeFiles/moveit_msgs__rosidl_typesupport_fastrtps_cpp.dir/rosidl_typesupport_fastrtps_cpp/moveit_msgs/msg/detail/dds_fastrtps/planner_interface_description__type_support.cpp.o[0m
[211.786s] [ 79%] [32mBuilding CXX object CMakeFiles/moveit_msgs__rosidl_typesupport_fastrtps_cpp.dir/rosidl_typesupport_fastrtps_cpp/moveit_msgs/msg/detail/dds_fastrtps/planner_params__type_support.cpp.o[0m
[212.934s] [ 79%] [32mBuilding CXX object CMakeFiles/moveit_msgs__rosidl_typesupport_fastrtps_cpp.dir/rosidl_typesupport_fastrtps_cpp/moveit_msgs/msg/detail/dds_fastrtps/planning_scene__type_support.cpp.o[0m
[213.364s] [ 79%] [32mBuilding CXX object CMakeFiles/moveit_msgs__rosidl_typesupport_fastrtps_cpp.dir/rosidl_typesupport_fastrtps_cpp/moveit_msgs/msg/detail/dds_fastrtps/planning_scene_components__type_support.cpp.o[0m
[213.831s] [ 80%] [32mBuilding CXX object CMakeFiles/moveit_msgs__rosidl_typesupport_fastrtps_cpp.dir/rosidl_typesupport_fastrtps_cpp/moveit_msgs/msg/detail/dds_fastrtps/planning_scene_world__type_support.cpp.o[0m
[214.083s] [ 80%] [32mBuilding CXX object CMakeFiles/moveit_msgs__rosidl_typesupport_introspection_cpp.dir/rosidl_typesupport_introspection_cpp/moveit_msgs/srv/detail/get_cartesian_path__type_support.cpp.o[0m
[214.266s] [ 80%] [32mBuilding CXX object CMakeFiles/moveit_msgs__rosidl_typesupport_introspection_cpp.dir/rosidl_typesupport_introspection_cpp/moveit_msgs/srv/detail/get_planning_scene__type_support.cpp.o[0m
[214.461s] [ 80%] [32mBuilding CXX object CMakeFiles/moveit_msgs__rosidl_typesupport_fastrtps_cpp.dir/rosidl_typesupport_fastrtps_cpp/moveit_msgs/msg/detail/dds_fastrtps/planning_options__type_support.cpp.o[0m
[215.015s] [ 80%] [32mBuilding CXX object CMakeFiles/moveit_msgs__rosidl_typesupport_introspection_cpp.dir/rosidl_typesupport_introspection_cpp/moveit_msgs/srv/detail/grasp_planning__type_support.cpp.o[0m
[215.349s] [ 80%] [32mBuilding CXX object CMakeFiles/moveit_msgs__rosidl_typesupport_fastrtps_cpp.dir/rosidl_typesupport_fastrtps_cpp/moveit_msgs/msg/detail/dds_fastrtps/position_constraint__type_support.cpp.o[0m
[216.166s] [ 80%] [32mBuilding CXX object CMakeFiles/moveit_msgs__rosidl_typesupport_fastrtps_cpp.dir/rosidl_typesupport_fastrtps_cpp/moveit_msgs/msg/detail/dds_fastrtps/robot_state__type_support.cpp.o[0m
[217.587s] [ 80%] [32mBuilding CXX object CMakeFiles/moveit_msgs__rosidl_typesupport_fastrtps_cpp.dir/rosidl_typesupport_fastrtps_cpp/moveit_msgs/msg/detail/dds_fastrtps/robot_trajectory__type_support.cpp.o[0m
[218.489s] [ 80%] [32mBuilding CXX object CMakeFiles/moveit_msgs__rosidl_typesupport_fastrtps_cpp.dir/rosidl_typesupport_fastrtps_cpp/moveit_msgs/msg/detail/dds_fastrtps/visibility_constraint__type_support.cpp.o[0m
[218.649s] [ 80%] [32mBuilding CXX object CMakeFiles/moveit_msgs__rosidl_typesupport_fastrtps_cpp.dir/rosidl_typesupport_fastrtps_cpp/moveit_msgs/msg/detail/dds_fastrtps/workspace_parameters__type_support.cpp.o[0m
[218.747s] [ 80%] [32mBuilding CXX object CMakeFiles/moveit_msgs__rosidl_typesupport_fastrtps_cpp.dir/rosidl_typesupport_fastrtps_cpp/moveit_msgs/msg/detail/dds_fastrtps/kinematic_solver_info__type_support.cpp.o[0m
[219.077s] [ 80%] [32mBuilding CXX object CMakeFiles/moveit_msgs__rosidl_typesupport_introspection_cpp.dir/rosidl_typesupport_introspection_cpp/moveit_msgs/srv/detail/apply_planning_scene__type_support.cpp.o[0m
[219.313s] [ 81%] [32mBuilding CXX object CMakeFiles/moveit_msgs__rosidl_typesupport_introspection_cpp.dir/rosidl_typesupport_introspection_cpp/moveit_msgs/srv/detail/query_planner_interfaces__type_support.cpp.o[0m
[219.357s] [ 81%] [32mBuilding CXX object CMakeFiles/moveit_msgs__rosidl_typesupport_introspection_cpp.dir/rosidl_typesupport_introspection_cpp/moveit_msgs/srv/detail/get_motion_sequence__type_support.cpp.o[0m
[219.798s] [ 82%] [32mBuilding CXX object CMakeFiles/moveit_msgs__rosidl_typesupport_fastrtps_cpp.dir/rosidl_typesupport_fastrtps_cpp/moveit_msgs/msg/detail/dds_fastrtps/position_ik_request__type_support.cpp.o[0m
[220.561s] [ 82%] [32mBuilding CXX object CMakeFiles/moveit_msgs__rosidl_typesupport_fastrtps_cpp.dir/rosidl_typesupport_fastrtps_cpp/moveit_msgs/msg/detail/dds_fastrtps/pipeline_state__type_support.cpp.o[0m
[220.952s] [ 82%] [32mBuilding CXX object CMakeFiles/moveit_msgs__rosidl_typesupport_introspection_cpp.dir/rosidl_typesupport_introspection_cpp/moveit_msgs/srv/detail/get_position_fk__type_support.cpp.o[0m
[221.409s] [ 82%] [32mBuilding CXX object CMakeFiles/moveit_msgs__rosidl_typesupport_fastrtps_cpp.dir/rosidl_typesupport_fastrtps_cpp/moveit_msgs/msg/detail/dds_fastrtps/servo_status__type_support.cpp.o[0m
[222.158s] [ 82%] [32mBuilding CXX object CMakeFiles/moveit_msgs__rosidl_typesupport_fastrtps_cpp.dir/rosidl_typesupport_fastrtps_cpp/moveit_msgs/srv/detail/dds_fastrtps/get_motion_plan__type_support.cpp.o[0m
[223.330s] [ 82%] [32mBuilding CXX object CMakeFiles/moveit_msgs__rosidl_typesupport_fastrtps_cpp.dir/rosidl_typesupport_fastrtps_cpp/moveit_msgs/srv/detail/dds_fastrtps/get_multi_state_validity__type_support.cpp.o[0m
[224.158s] [ 82%] [32mBuilding CXX object CMakeFiles/moveit_msgs__rosidl_typesupport_fastrtps_cpp.dir/rosidl_typesupport_fastrtps_cpp/moveit_msgs/srv/detail/dds_fastrtps/get_state_validity__type_support.cpp.o[0m
[224.549s] [ 82%] [32mBuilding CXX object CMakeFiles/moveit_msgs__rosidl_typesupport_introspection_cpp.dir/rosidl_typesupport_introspection_cpp/moveit_msgs/srv/detail/get_position_ik__type_support.cpp.o[0m
[226.778s] [ 82%] [32mBuilding CXX object CMakeFiles/moveit_msgs__rosidl_typesupport_introspection_cpp.dir/rosidl_typesupport_introspection_cpp/moveit_msgs/srv/detail/get_planner_params__type_support.cpp.o[0m
[226.983s] [ 82%] [32mBuilding CXX object CMakeFiles/moveit_msgs__rosidl_typesupport_introspection_cpp.dir/rosidl_typesupport_introspection_cpp/moveit_msgs/srv/detail/set_planner_params__type_support.cpp.o[0m
[227.816s] [ 82%] [32mBuilding CXX object CMakeFiles/moveit_msgs__rosidl_typesupport_fastrtps_cpp.dir/rosidl_typesupport_fastrtps_cpp/moveit_msgs/srv/detail/dds_fastrtps/get_cartesian_path__type_support.cpp.o[0m
[228.107s] [ 82%] [32mBuilding CXX object CMakeFiles/moveit_msgs__rosidl_typesupport_fastrtps_cpp.dir/rosidl_typesupport_fastrtps_cpp/moveit_msgs/srv/detail/dds_fastrtps/get_planning_scene__type_support.cpp.o[0m
[228.392s] [ 82%] [32mBuilding CXX object CMakeFiles/moveit_msgs__rosidl_typesupport_fastrtps_cpp.dir/rosidl_typesupport_fastrtps_cpp/moveit_msgs/srv/detail/dds_fastrtps/grasp_planning__type_support.cpp.o[0m
[229.035s] [ 82%] [32mBuilding CXX object CMakeFiles/moveit_msgs__rosidl_typesupport_introspection_cpp.dir/rosidl_typesupport_introspection_cpp/moveit_msgs/srv/detail/update_pointcloud_octomap__type_support.cpp.o[0m
[230.106s] [ 82%] [32mBuilding CXX object CMakeFiles/moveit_msgs__rosidl_typesupport_introspection_cpp.dir/rosidl_typesupport_introspection_cpp/moveit_msgs/srv/detail/save_geometry_to_file__type_support.cpp.o[0m
[230.894s] [ 83%] [32mBuilding CXX object CMakeFiles/moveit_msgs__rosidl_typesupport_introspection_cpp.dir/rosidl_typesupport_introspection_cpp/moveit_msgs/srv/detail/save_map__type_support.cpp.o[0m
[231.366s] [ 83%] [32mBuilding CXX object CMakeFiles/moveit_msgs__rosidl_typesupport_introspection_cpp.dir/rosidl_typesupport_introspection_cpp/moveit_msgs/srv/detail/load_geometry_from_file__type_support.cpp.o[0m
[231.690s] [ 84%] [32mBuilding CXX object CMakeFiles/moveit_msgs__rosidl_typesupport_fastrtps_cpp.dir/rosidl_typesupport_fastrtps_cpp/moveit_msgs/srv/detail/dds_fastrtps/apply_planning_scene__type_support.cpp.o[0m
[231.819s] [ 84%] [32mBuilding CXX object CMakeFiles/moveit_msgs__rosidl_typesupport_introspection_cpp.dir/rosidl_typesupport_introspection_cpp/moveit_msgs/srv/detail/load_map__type_support.cpp.o[0m
[231.825s] [ 84%] [32mBuilding CXX object CMakeFiles/moveit_msgs__rosidl_typesupport_introspection_cpp.dir/rosidl_typesupport_introspection_cpp/moveit_msgs/srv/detail/save_robot_state_to_warehouse__type_support.cpp.o[0m
[232.144s] [ 84%] [32mBuilding CXX object CMakeFiles/moveit_msgs__rosidl_typesupport_fastrtps_cpp.dir/rosidl_typesupport_fastrtps_cpp/moveit_msgs/srv/detail/dds_fastrtps/query_planner_interfaces__type_support.cpp.o[0m
[232.602s] [ 84%] [32mBuilding CXX object CMakeFiles/moveit_msgs__rosidl_typesupport_fastrtps_cpp.dir/rosidl_typesupport_fastrtps_cpp/moveit_msgs/srv/detail/dds_fastrtps/get_motion_sequence__type_support.cpp.o[0m
[233.595s] [ 84%] [32mBuilding CXX object CMakeFiles/moveit_msgs__rosidl_typesupport_introspection_cpp.dir/rosidl_typesupport_introspection_cpp/moveit_msgs/srv/detail/list_robot_states_in_warehouse__type_support.cpp.o[0m
[234.719s] [ 84%] [32mBuilding CXX object CMakeFiles/moveit_msgs__rosidl_typesupport_fastrtps_cpp.dir/rosidl_typesupport_fastrtps_cpp/moveit_msgs/srv/detail/dds_fastrtps/get_position_fk__type_support.cpp.o[0m
[234.901s] [ 84%] [32mBuilding CXX object CMakeFiles/moveit_msgs__rosidl_typesupport_introspection_cpp.dir/rosidl_typesupport_introspection_cpp/moveit_msgs/srv/detail/get_robot_state_from_warehouse__type_support.cpp.o[0m
[234.936s] [ 84%] [32mBuilding CXX object CMakeFiles/moveit_msgs__rosidl_typesupport_introspection_cpp.dir/rosidl_typesupport_introspection_cpp/moveit_msgs/srv/detail/check_if_robot_state_exists_in_warehouse__type_support.cpp.o[0m
[235.759s] [ 84%] [32mBuilding CXX object CMakeFiles/moveit_msgs__rosidl_typesupport_fastrtps_cpp.dir/rosidl_typesupport_fastrtps_cpp/moveit_msgs/srv/detail/dds_fastrtps/get_position_ik__type_support.cpp.o[0m
[236.471s] [ 84%] [32mBuilding CXX object CMakeFiles/moveit_msgs__rosidl_typesupport_introspection_cpp.dir/rosidl_typesupport_introspection_cpp/moveit_msgs/srv/detail/rename_robot_state_in_warehouse__type_support.cpp.o[0m
[237.585s] [ 84%] [32mBuilding CXX object CMakeFiles/moveit_msgs__rosidl_typesupport_introspection_cpp.dir/rosidl_typesupport_introspection_cpp/moveit_msgs/srv/detail/delete_robot_state_from_warehouse__type_support.cpp.o[0m
[237.739s] [ 85%] [32mBuilding CXX object CMakeFiles/moveit_msgs__rosidl_typesupport_introspection_cpp.dir/rosidl_typesupport_introspection_cpp/moveit_msgs/srv/detail/servo_command_type__type_support.cpp.o[0m
[238.042s] [ 85%] [32mBuilding CXX object CMakeFiles/moveit_msgs__rosidl_typesupport_fastrtps_cpp.dir/rosidl_typesupport_fastrtps_cpp/moveit_msgs/srv/detail/dds_fastrtps/get_planner_params__type_support.cpp.o[0m
[238.416s] [ 85%] [32mBuilding CXX object CMakeFiles/moveit_msgs__rosidl_typesupport_fastrtps_cpp.dir/rosidl_typesupport_fastrtps_cpp/moveit_msgs/srv/detail/dds_fastrtps/set_planner_params__type_support.cpp.o[0m
[238.525s] [ 85%] [32mBuilding CXX object CMakeFiles/moveit_msgs__rosidl_typesupport_introspection_cpp.dir/rosidl_typesupport_introspection_cpp/moveit_msgs/srv/detail/get_group_urdf__type_support.cpp.o[0m
[239.198s] [ 85%] [32mBuilding CXX object CMakeFiles/moveit_msgs__rosidl_typesupport_introspection_cpp.dir/rosidl_typesupport_introspection_cpp/moveit_msgs/action/detail/execute_trajectory__type_support.cpp.o[0m
[239.525s] [ 85%] [32mBuilding CXX object CMakeFiles/moveit_msgs__rosidl_typesupport_fastrtps_cpp.dir/rosidl_typesupport_fastrtps_cpp/moveit_msgs/srv/detail/dds_fastrtps/update_pointcloud_octomap__type_support.cpp.o[0m
[239.605s] [ 85%] [32mBuilding CXX object CMakeFiles/moveit_msgs__rosidl_typesupport_introspection_cpp.dir/rosidl_typesupport_introspection_cpp/moveit_msgs/action/detail/move_group__type_support.cpp.o[0m
[239.944s] [ 85%] [32mBuilding CXX object CMakeFiles/moveit_msgs__rosidl_typesupport_introspection_cpp.dir/rosidl_typesupport_introspection_cpp/moveit_msgs/action/detail/move_group_sequence__type_support.cpp.o[0m
[240.850s] [ 86%] [32mBuilding CXX object CMakeFiles/moveit_msgs__rosidl_typesupport_fastrtps_cpp.dir/rosidl_typesupport_fastrtps_cpp/moveit_msgs/srv/detail/dds_fastrtps/save_geometry_to_file__type_support.cpp.o[0m
[241.881s] [ 86%] [32mBuilding CXX object CMakeFiles/moveit_msgs__rosidl_typesupport_fastrtps_cpp.dir/rosidl_typesupport_fastrtps_cpp/moveit_msgs/srv/detail/dds_fastrtps/save_map__type_support.cpp.o[0m
[242.025s] [ 86%] [32mBuilding CXX object CMakeFiles/moveit_msgs__rosidl_typesupport_introspection_cpp.dir/rosidl_typesupport_introspection_cpp/moveit_msgs/action/detail/pickup__type_support.cpp.o[0m
[243.092s] [ 86%] [32mBuilding CXX object CMakeFiles/moveit_msgs__rosidl_typesupport_fastrtps_cpp.dir/rosidl_typesupport_fastrtps_cpp/moveit_msgs/srv/detail/dds_fastrtps/load_geometry_from_file__type_support.cpp.o[0m
[244.297s] [ 86%] [32mBuilding CXX object CMakeFiles/moveit_msgs__rosidl_typesupport_fastrtps_cpp.dir/rosidl_typesupport_fastrtps_cpp/moveit_msgs/srv/detail/dds_fastrtps/load_map__type_support.cpp.o[0m
[245.463s] [ 86%] [32mBuilding CXX object CMakeFiles/moveit_msgs__rosidl_typesupport_fastrtps_cpp.dir/rosidl_typesupport_fastrtps_cpp/moveit_msgs/srv/detail/dds_fastrtps/save_robot_state_to_warehouse__type_support.cpp.o[0m
[245.506s] [ 86%] [32mBuilding CXX object CMakeFiles/moveit_msgs__rosidl_typesupport_fastrtps_cpp.dir/rosidl_typesupport_fastrtps_cpp/moveit_msgs/srv/detail/dds_fastrtps/list_robot_states_in_warehouse__type_support.cpp.o[0m
[246.179s] [ 86%] [32mBuilding CXX object CMakeFiles/moveit_msgs__rosidl_typesupport_fastrtps_cpp.dir/rosidl_typesupport_fastrtps_cpp/moveit_msgs/srv/detail/dds_fastrtps/get_robot_state_from_warehouse__type_support.cpp.o[0m
[247.003s] [ 86%] [32mBuilding CXX object CMakeFiles/moveit_msgs__rosidl_typesupport_introspection_cpp.dir/rosidl_typesupport_introspection_cpp/moveit_msgs/action/detail/place__type_support.cpp.o[0m
[248.020s] [ 86%] [32mBuilding CXX object CMakeFiles/moveit_msgs__rosidl_typesupport_introspection_cpp.dir/rosidl_typesupport_introspection_cpp/moveit_msgs/action/detail/local_planner__type_support.cpp.o[0m
[248.297s] [ 86%] [32mBuilding CXX object CMakeFiles/moveit_msgs__rosidl_typesupport_fastrtps_cpp.dir/rosidl_typesupport_fastrtps_cpp/moveit_msgs/srv/detail/dds_fastrtps/check_if_robot_state_exists_in_warehouse__type_support.cpp.o[0m
[249.040s] [ 87%] [32mBuilding CXX object CMakeFiles/moveit_msgs__rosidl_typesupport_introspection_cpp.dir/rosidl_typesupport_introspection_cpp/moveit_msgs/action/detail/global_planner__type_support.cpp.o[0m
[249.532s] [ 87%] [32mBuilding CXX object CMakeFiles/moveit_msgs__rosidl_typesupport_fastrtps_cpp.dir/rosidl_typesupport_fastrtps_cpp/moveit_msgs/srv/detail/dds_fastrtps/rename_robot_state_in_warehouse__type_support.cpp.o[0m
[250.829s] [ 88%] [32mBuilding CXX object CMakeFiles/moveit_msgs__rosidl_typesupport_fastrtps_cpp.dir/rosidl_typesupport_fastrtps_cpp/moveit_msgs/srv/detail/dds_fastrtps/delete_robot_state_from_warehouse__type_support.cpp.o[0m
[251.346s] [ 88%] [32mBuilding CXX object CMakeFiles/moveit_msgs__rosidl_typesupport_fastrtps_cpp.dir/rosidl_typesupport_fastrtps_cpp/moveit_msgs/srv/detail/dds_fastrtps/servo_command_type__type_support.cpp.o[0m
[252.092s] [ 88%] [32mBuilding CXX object CMakeFiles/moveit_msgs__rosidl_typesupport_introspection_cpp.dir/rosidl_typesupport_introspection_cpp/moveit_msgs/action/detail/hybrid_planner__type_support.cpp.o[0m
[252.405s] [ 88%] [32mBuilding CXX object CMakeFiles/moveit_msgs__rosidl_typesupport_fastrtps_cpp.dir/rosidl_typesupport_fastrtps_cpp/moveit_msgs/srv/detail/dds_fastrtps/get_group_urdf__type_support.cpp.o[0m
[253.012s] [ 88%] [32mBuilding CXX object CMakeFiles/moveit_msgs__rosidl_typesupport_fastrtps_cpp.dir/rosidl_typesupport_fastrtps_cpp/moveit_msgs/action/detail/dds_fastrtps/execute_trajectory__type_support.cpp.o[0m
[253.778s] [ 88%] [32mBuilding CXX object CMakeFiles/moveit_msgs__rosidl_typesupport_fastrtps_cpp.dir/rosidl_typesupport_fastrtps_cpp/moveit_msgs/action/detail/dds_fastrtps/move_group__type_support.cpp.o[0m
[254.179s] [ 88%] [32mBuilding CXX object CMakeFiles/moveit_msgs__rosidl_typesupport_fastrtps_cpp.dir/rosidl_typesupport_fastrtps_cpp/moveit_msgs/action/detail/dds_fastrtps/move_group_sequence__type_support.cpp.o[0m
[256.039s] [ 88%] [32mBuilding CXX object CMakeFiles/moveit_msgs__rosidl_typesupport_fastrtps_cpp.dir/rosidl_typesupport_fastrtps_cpp/moveit_msgs/action/detail/dds_fastrtps/pickup__type_support.cpp.o[0m
[257.263s] [ 88%] [32m[1mLinking CXX shared library libmoveit_msgs__rosidl_typesupport_introspection_cpp.so[0m
[257.616s] [ 88%] Built target moveit_msgs__rosidl_typesupport_introspection_cpp
[257.627s] [ 88%] [32mBuilding CXX object CMakeFiles/moveit_msgs__rosidl_typesupport_fastrtps_cpp.dir/rosidl_typesupport_fastrtps_cpp/moveit_msgs/action/detail/dds_fastrtps/place__type_support.cpp.o[0m
[258.878s] [ 89%] [32mBuilding CXX object CMakeFiles/moveit_msgs__rosidl_typesupport_fastrtps_cpp.dir/rosidl_typesupport_fastrtps_cpp/moveit_msgs/action/detail/dds_fastrtps/local_planner__type_support.cpp.o[0m
[259.125s] [ 89%] [32mBuilding CXX object CMakeFiles/moveit_msgs__rosidl_typesupport_fastrtps_cpp.dir/rosidl_typesupport_fastrtps_cpp/moveit_msgs/action/detail/dds_fastrtps/global_planner__type_support.cpp.o[0m
[261.226s] [ 89%] [32mBuilding CXX object CMakeFiles/moveit_msgs__rosidl_typesupport_fastrtps_cpp.dir/rosidl_typesupport_fastrtps_cpp/moveit_msgs/action/detail/dds_fastrtps/hybrid_planner__type_support.cpp.o[0m
[264.616s] [ 89%] [32m[1mLinking CXX shared library libmoveit_msgs__rosidl_typesupport_fastrtps_cpp.so[0m
[264.760s] [ 89%] Built target moveit_msgs__rosidl_typesupport_fastrtps_cpp
[264.783s] [ 89%] Built target moveit_msgs
[264.809s] [ 89%] [34m[1mGenerating Python code for ROS interfaces[0m
[280.872s] [ 89%] Built target moveit_msgs__py
[280.902s] [ 89%] [32mBuilding C object CMakeFiles/moveit_msgs__rosidl_generator_py.dir/rosidl_generator_py/moveit_msgs/msg/_allowed_collision_entry_s.c.o[0m
[280.904s] [ 89%] [32mBuilding C object CMakeFiles/moveit_msgs__rosidl_generator_py.dir/rosidl_generator_py/moveit_msgs/msg/_attached_collision_object_s.c.o[0m
[280.904s] [ 90%] [32mBuilding C object CMakeFiles/moveit_msgs__rosidl_generator_py.dir/rosidl_generator_py/moveit_msgs/msg/_bounding_volume_s.c.o[0m
[280.904s] [ 89%] [32mBuilding C object CMakeFiles/moveit_msgs__rosidl_generator_py.dir/rosidl_generator_py/moveit_msgs/msg/_allowed_collision_matrix_s.c.o[0m
[281.112s] [ 90%] [32mBuilding C object CMakeFiles/moveit_msgs__rosidl_generator_py.dir/rosidl_generator_py/moveit_msgs/msg/_cartesian_point_s.c.o[0m
[281.130s] [ 90%] [32mBuilding C object CMakeFiles/moveit_msgs__rosidl_generator_py.dir/rosidl_generator_py/moveit_msgs/msg/_cartesian_trajectory_s.c.o[0m
[281.169s] [ 90%] [32mBuilding C object CMakeFiles/moveit_msgs__rosidl_generator_py.dir/rosidl_generator_py/moveit_msgs/msg/_cartesian_trajectory_point_s.c.o[0m
[281.183s] [ 90%] [32mBuilding C object CMakeFiles/moveit_msgs__rosidl_generator_py.dir/rosidl_generator_py/moveit_msgs/msg/_collision_object_s.c.o[0m
[281.295s] [ 90%] [32mBuilding C object CMakeFiles/moveit_msgs__rosidl_generator_py.dir/rosidl_generator_py/moveit_msgs/msg/_constraint_eval_result_s.c.o[0m
[281.339s] [ 90%] [32mBuilding C object CMakeFiles/moveit_msgs__rosidl_generator_py.dir/rosidl_generator_py/moveit_msgs/msg/_constraints_s.c.o[0m
[281.346s] [ 90%] [32mBuilding C object CMakeFiles/moveit_msgs__rosidl_generator_py.dir/rosidl_generator_py/moveit_msgs/msg/_cost_source_s.c.o[0m
[281.473s] [ 91%] [32mBuilding C object CMakeFiles/moveit_msgs__rosidl_generator_py.dir/rosidl_generator_py/moveit_msgs/msg/_contact_information_s.c.o[0m
[281.534s] [ 91%] [32mBuilding C object CMakeFiles/moveit_msgs__rosidl_generator_py.dir/rosidl_generator_py/moveit_msgs/msg/_display_trajectory_s.c.o[0m
[281.569s] [ 91%] [32mBuilding C object CMakeFiles/moveit_msgs__rosidl_generator_py.dir/rosidl_generator_py/moveit_msgs/msg/_display_robot_state_s.c.o[0m
[281.610s] [ 91%] [32mBuilding C object CMakeFiles/moveit_msgs__rosidl_generator_py.dir/rosidl_generator_py/moveit_msgs/msg/_generic_trajectory_s.c.o[0m
[281.679s] [ 91%] [32mBuilding C object CMakeFiles/moveit_msgs__rosidl_generator_py.dir/rosidl_generator_py/moveit_msgs/msg/_grasp_s.c.o[0m
[281.746s] [ 91%] [32mBuilding C object CMakeFiles/moveit_msgs__rosidl_generator_py.dir/rosidl_generator_py/moveit_msgs/msg/_gripper_translation_s.c.o[0m
[281.779s] [ 91%] [32mBuilding C object CMakeFiles/moveit_msgs__rosidl_generator_py.dir/rosidl_generator_py/moveit_msgs/msg/_joint_constraint_s.c.o[0m
[281.834s] [ 91%] [32mBuilding C object CMakeFiles/moveit_msgs__rosidl_generator_py.dir/rosidl_generator_py/moveit_msgs/msg/_joint_limits_s.c.o[0m
[281.923s] [ 91%] [32mBuilding C object CMakeFiles/moveit_msgs__rosidl_generator_py.dir/rosidl_generator_py/moveit_msgs/msg/_link_padding_s.c.o[0m
[281.927s] [ 92%] [32mBuilding C object CMakeFiles/moveit_msgs__rosidl_generator_py.dir/rosidl_generator_py/moveit_msgs/msg/_link_scale_s.c.o[0m
[281.968s] [ 92%] [32mBuilding C object CMakeFiles/moveit_msgs__rosidl_generator_py.dir/rosidl_generator_py/moveit_msgs/msg/_motion_plan_request_s.c.o[0m
[282.041s] [ 92%] [32mBuilding C object CMakeFiles/moveit_msgs__rosidl_generator_py.dir/rosidl_generator_py/moveit_msgs/msg/_motion_plan_response_s.c.o[0m
[282.106s] [ 92%] [32mBuilding C object CMakeFiles/moveit_msgs__rosidl_generator_py.dir/rosidl_generator_py/moveit_msgs/msg/_motion_plan_detailed_response_s.c.o[0m
[282.123s] [ 92%] [32mBuilding C object CMakeFiles/moveit_msgs__rosidl_generator_py.dir/rosidl_generator_py/moveit_msgs/msg/_motion_sequence_item_s.c.o[0m
[282.242s] [ 92%] [32mBuilding C object CMakeFiles/moveit_msgs__rosidl_generator_py.dir/rosidl_generator_py/moveit_msgs/msg/_motion_sequence_request_s.c.o[0m
[282.266s] [ 92%] [32mBuilding C object CMakeFiles/moveit_msgs__rosidl_generator_py.dir/rosidl_generator_py/moveit_msgs/msg/_motion_sequence_response_s.c.o[0m
[282.308s] [ 92%] [32mBuilding C object CMakeFiles/moveit_msgs__rosidl_generator_py.dir/rosidl_generator_py/moveit_msgs/msg/_move_it_error_codes_s.c.o[0m
[282.406s] [ 93%] [32mBuilding C object CMakeFiles/moveit_msgs__rosidl_generator_py.dir/rosidl_generator_py/moveit_msgs/msg/_trajectory_constraints_s.c.o[0m
[282.444s] [ 93%] [32mBuilding C object CMakeFiles/moveit_msgs__rosidl_generator_py.dir/rosidl_generator_py/moveit_msgs/msg/_object_color_s.c.o[0m
[282.481s] [ 93%] [32mBuilding C object CMakeFiles/moveit_msgs__rosidl_generator_py.dir/rosidl_generator_py/moveit_msgs/msg/_orientation_constraint_s.c.o[0m
[282.493s] [ 93%] [32mBuilding C object CMakeFiles/moveit_msgs__rosidl_generator_py.dir/rosidl_generator_py/moveit_msgs/msg/_oriented_bounding_box_s.c.o[0m
[282.608s] [ 93%] [32mBuilding C object CMakeFiles/moveit_msgs__rosidl_generator_py.dir/rosidl_generator_py/moveit_msgs/msg/_place_location_s.c.o[0m
[282.625s] [ 93%] [32mBuilding C object CMakeFiles/moveit_msgs__rosidl_generator_py.dir/rosidl_generator_py/moveit_msgs/msg/_planner_interface_description_s.c.o[0m
[282.677s] [ 93%] [32mBuilding C object CMakeFiles/moveit_msgs__rosidl_generator_py.dir/rosidl_generator_py/moveit_msgs/msg/_planner_params_s.c.o[0m
[282.693s] [ 93%] [32mBuilding C object CMakeFiles/moveit_msgs__rosidl_generator_py.dir/rosidl_generator_py/moveit_msgs/msg/_planning_scene_s.c.o[0m
[282.854s] [ 94%] [32mBuilding C object CMakeFiles/moveit_msgs__rosidl_generator_py.dir/rosidl_generator_py/moveit_msgs/msg/_planning_scene_components_s.c.o[0m
[282.859s] [ 94%] [32mBuilding C object CMakeFiles/moveit_msgs__rosidl_generator_py.dir/rosidl_generator_py/moveit_msgs/msg/_planning_scene_world_s.c.o[0m
[282.953s] [ 94%] [32mBuilding C object CMakeFiles/moveit_msgs__rosidl_generator_py.dir/rosidl_generator_py/moveit_msgs/msg/_planning_options_s.c.o[0m
[283.025s] [ 94%] [32mBuilding C object CMakeFiles/moveit_msgs__rosidl_generator_py.dir/rosidl_generator_py/moveit_msgs/msg/_position_constraint_s.c.o[0m
[283.045s] [ 94%] [32mBuilding C object CMakeFiles/moveit_msgs__rosidl_generator_py.dir/rosidl_generator_py/moveit_msgs/msg/_robot_state_s.c.o[0m
[283.079s] [ 94%] [32mBuilding C object CMakeFiles/moveit_msgs__rosidl_generator_py.dir/rosidl_generator_py/moveit_msgs/msg/_robot_trajectory_s.c.o[0m
[283.176s] [ 94%] [32mBuilding C object CMakeFiles/moveit_msgs__rosidl_generator_py.dir/rosidl_generator_py/moveit_msgs/msg/_visibility_constraint_s.c.o[0m
[283.246s] [ 94%] [32mBuilding C object CMakeFiles/moveit_msgs__rosidl_generator_py.dir/rosidl_generator_py/moveit_msgs/msg/_workspace_parameters_s.c.o[0m
[283.274s] [ 94%] [32mBuilding C object CMakeFiles/moveit_msgs__rosidl_generator_py.dir/rosidl_generator_py/moveit_msgs/msg/_kinematic_solver_info_s.c.o[0m
[283.281s] [ 95%] [32mBuilding C object CMakeFiles/moveit_msgs__rosidl_generator_py.dir/rosidl_generator_py/moveit_msgs/msg/_position_ik_request_s.c.o[0m
[283.391s] [ 95%] [32mBuilding C object CMakeFiles/moveit_msgs__rosidl_generator_py.dir/rosidl_generator_py/moveit_msgs/msg/_pipeline_state_s.c.o[0m
[283.444s] [ 95%] [32mBuilding C object CMakeFiles/moveit_msgs__rosidl_generator_py.dir/rosidl_generator_py/moveit_msgs/msg/_servo_status_s.c.o[0m
[283.545s] [ 95%] [32mBuilding C object CMakeFiles/moveit_msgs__rosidl_generator_py.dir/rosidl_generator_py/moveit_msgs/srv/_get_motion_plan_s.c.o[0m
[283.574s] [ 95%] [32mBuilding C object CMakeFiles/moveit_msgs__rosidl_generator_py.dir/rosidl_generator_py/moveit_msgs/srv/_get_multi_state_validity_s.c.o[0m
[283.604s] [ 95%] [32mBuilding C object CMakeFiles/moveit_msgs__rosidl_generator_py.dir/rosidl_generator_py/moveit_msgs/srv/_get_state_validity_s.c.o[0m
[283.642s] [ 95%] [32mBuilding C object CMakeFiles/moveit_msgs__rosidl_generator_py.dir/rosidl_generator_py/moveit_msgs/srv/_get_cartesian_path_s.c.o[0m
[283.849s] [ 95%] [32mBuilding C object CMakeFiles/moveit_msgs__rosidl_generator_py.dir/rosidl_generator_py/moveit_msgs/srv/_get_planning_scene_s.c.o[0m
[284.003s] [ 96%] [32mBuilding C object CMakeFiles/moveit_msgs__rosidl_generator_py.dir/rosidl_generator_py/moveit_msgs/srv/_grasp_planning_s.c.o[0m
[284.006s] [ 96%] [32mBuilding C object CMakeFiles/moveit_msgs__rosidl_generator_py.dir/rosidl_generator_py/moveit_msgs/srv/_apply_planning_scene_s.c.o[0m
[284.068s] [ 96%] [32mBuilding C object CMakeFiles/moveit_msgs__rosidl_generator_py.dir/rosidl_generator_py/moveit_msgs/srv/_query_planner_interfaces_s.c.o[0m
[284.162s] [ 96%] [32mBuilding C object CMakeFiles/moveit_msgs__rosidl_generator_py.dir/rosidl_generator_py/moveit_msgs/srv/_get_motion_sequence_s.c.o[0m
[284.313s] [ 96%] [32mBuilding C object CMakeFiles/moveit_msgs__rosidl_generator_py.dir/rosidl_generator_py/moveit_msgs/srv/_get_position_fk_s.c.o[0m
[284.391s] [ 96%] [32mBuilding C object CMakeFiles/moveit_msgs__rosidl_generator_py.dir/rosidl_generator_py/moveit_msgs/srv/_get_position_ik_s.c.o[0m
[284.423s] [ 96%] [32mBuilding C object CMakeFiles/moveit_msgs__rosidl_generator_py.dir/rosidl_generator_py/moveit_msgs/srv/_get_planner_params_s.c.o[0m
[284.475s] [ 96%] [32mBuilding C object CMakeFiles/moveit_msgs__rosidl_generator_py.dir/rosidl_generator_py/moveit_msgs/srv/_set_planner_params_s.c.o[0m
[284.707s] [ 96%] [32mBuilding C object CMakeFiles/moveit_msgs__rosidl_generator_py.dir/rosidl_generator_py/moveit_msgs/srv/_update_pointcloud_octomap_s.c.o[0m
[284.720s] [ 97%] [32mBuilding C object CMakeFiles/moveit_msgs__rosidl_generator_py.dir/rosidl_generator_py/moveit_msgs/srv/_save_geometry_to_file_s.c.o[0m
[284.742s] [ 97%] [32mBuilding C object CMakeFiles/moveit_msgs__rosidl_generator_py.dir/rosidl_generator_py/moveit_msgs/srv/_save_map_s.c.o[0m
[284.795s] [ 97%] [32mBuilding C object CMakeFiles/moveit_msgs__rosidl_generator_py.dir/rosidl_generator_py/moveit_msgs/srv/_load_geometry_from_file_s.c.o[0m
[285.005s] [ 97%] [32mBuilding C object CMakeFiles/moveit_msgs__rosidl_generator_py.dir/rosidl_generator_py/moveit_msgs/srv/_load_map_s.c.o[0m
[285.023s] [ 97%] [32mBuilding C object CMakeFiles/moveit_msgs__rosidl_generator_py.dir/rosidl_generator_py/moveit_msgs/srv/_save_robot_state_to_warehouse_s.c.o[0m
[285.041s] [ 97%] [32mBuilding C object CMakeFiles/moveit_msgs__rosidl_generator_py.dir/rosidl_generator_py/moveit_msgs/srv/_list_robot_states_in_warehouse_s.c.o[0m
[285.096s] [ 97%] [32mBuilding C object CMakeFiles/moveit_msgs__rosidl_generator_py.dir/rosidl_generator_py/moveit_msgs/srv/_get_robot_state_from_warehouse_s.c.o[0m
[285.308s] [ 97%] [32mBuilding C object CMakeFiles/moveit_msgs__rosidl_generator_py.dir/rosidl_generator_py/moveit_msgs/srv/_check_if_robot_state_exists_in_warehouse_s.c.o[0m
[285.342s] [ 98%] [32mBuilding C object CMakeFiles/moveit_msgs__rosidl_generator_py.dir/rosidl_generator_py/moveit_msgs/srv/_rename_robot_state_in_warehouse_s.c.o[0m
[285.377s] [ 98%] [32mBuilding C object CMakeFiles/moveit_msgs__rosidl_generator_py.dir/rosidl_generator_py/moveit_msgs/srv/_delete_robot_state_from_warehouse_s.c.o[0m
[285.414s] [ 98%] [32mBuilding C object CMakeFiles/moveit_msgs__rosidl_generator_py.dir/rosidl_generator_py/moveit_msgs/srv/_servo_command_type_s.c.o[0m
[285.625s] [ 98%] [32mBuilding C object CMakeFiles/moveit_msgs__rosidl_generator_py.dir/rosidl_generator_py/moveit_msgs/srv/_get_group_urdf_s.c.o[0m
[285.659s] [ 98%] [32mBuilding C object CMakeFiles/moveit_msgs__rosidl_generator_py.dir/rosidl_generator_py/moveit_msgs/action/_execute_trajectory_s.c.o[0m
[285.684s] [ 98%] [32mBuilding C object CMakeFiles/moveit_msgs__rosidl_generator_py.dir/rosidl_generator_py/moveit_msgs/action/_move_group_s.c.o[0m
[285.714s] [ 98%] [32mBuilding C object CMakeFiles/moveit_msgs__rosidl_generator_py.dir/rosidl_generator_py/moveit_msgs/action/_move_group_sequence_s.c.o[0m
[285.934s] [ 98%] [32mBuilding C object CMakeFiles/moveit_msgs__rosidl_generator_py.dir/rosidl_generator_py/moveit_msgs/action/_pickup_s.c.o[0m
[286.268s] [ 98%] [32mBuilding C object CMakeFiles/moveit_msgs__rosidl_generator_py.dir/rosidl_generator_py/moveit_msgs/action/_place_s.c.o[0m
[286.309s] [ 99%] [32mBuilding C object CMakeFiles/moveit_msgs__rosidl_generator_py.dir/rosidl_generator_py/moveit_msgs/action/_local_planner_s.c.o[0m
[286.314s] [ 99%] [32mBuilding C object CMakeFiles/moveit_msgs__rosidl_generator_py.dir/rosidl_generator_py/moveit_msgs/action/_global_planner_s.c.o[0m
[286.756s] [ 99%] [32mBuilding C object CMakeFiles/moveit_msgs__rosidl_generator_py.dir/rosidl_generator_py/moveit_msgs/action/_hybrid_planner_s.c.o[0m
[287.290s] [ 99%] [32m[1mLinking C shared library libmoveit_msgs__rosidl_generator_py.so[0m
[287.388s] [ 99%] Built target moveit_msgs__rosidl_generator_py
[287.415s] [ 99%] [32mBuilding C object CMakeFiles/moveit_msgs_s__rosidl_typesupport_c.dir/rosidl_generator_py/moveit_msgs/_moveit_msgs_s.ep.rosidl_typesupport_c.c.o[0m
[287.415s] [ 99%] [32mBuilding C object CMakeFiles/moveit_msgs_s__rosidl_typesupport_introspection_c.dir/rosidl_generator_py/moveit_msgs/_moveit_msgs_s.ep.rosidl_typesupport_introspection_c.c.o[0m
[287.415s] [ 99%] [32mBuilding C object CMakeFiles/moveit_msgs_s__rosidl_typesupport_fastrtps_c.dir/rosidl_generator_py/moveit_msgs/_moveit_msgs_s.ep.rosidl_typesupport_fastrtps_c.c.o[0m
[290.572s] [ 99%] [32m[1mLinking C shared module rosidl_generator_py/moveit_msgs/moveit_msgs_s__rosidl_typesupport_c.so[0m
[290.578s] [100%] [32m[1mLinking C shared module rosidl_generator_py/moveit_msgs/moveit_msgs_s__rosidl_typesupport_introspection_c.so[0m
[290.616s] [100%] [32m[1mLinking C shared module rosidl_generator_py/moveit_msgs/moveit_msgs_s__rosidl_typesupport_fastrtps_c.so[0m
[290.637s] [100%] Built target moveit_msgs_s__rosidl_typesupport_c
[290.650s] [100%] Built target moveit_msgs_s__rosidl_typesupport_introspection_c
[290.679s] [100%] Built target moveit_msgs_s__rosidl_typesupport_fastrtps_c
[290.693s] Invoked command in '/home/andre/ros2_ws/src/build/moveit_msgs' returned '0': CMAKE_PREFIX_PATH=${CMAKE_PREFIX_PATH}:/opt/ros/jazzy DEBUGINFOD_URLS=https://debuginfod.ubuntu.com /usr/bin/cmake --build /home/andre/ros2_ws/src/build/moveit_msgs -- -j4 -l4
[290.695s] Invoking command in '/home/andre/ros2_ws/src/build/moveit_msgs': CMAKE_PREFIX_PATH=${CMAKE_PREFIX_PATH}:/opt/ros/jazzy DEBUGINFOD_URLS=https://debuginfod.ubuntu.com /usr/bin/cmake --install /home/andre/ros2_ws/src/build/moveit_msgs
[290.705s] -- Install configuration: "Release"
[290.705s] -- Installing: /home/andre/ros2_ws/src/install/moveit_msgs/share/ament_index/resource_index/rosidl_interfaces/moveit_msgs
[290.705s] -- Installing: /home/andre/ros2_ws/src/install/moveit_msgs/share/moveit_msgs/msg/AllowedCollisionEntry.json
[290.705s] -- Installing: /home/andre/ros2_ws/src/install/moveit_msgs/share/moveit_msgs/msg/AllowedCollisionMatrix.json
[290.706s] -- Installing: /home/andre/ros2_ws/src/install/moveit_msgs/share/moveit_msgs/msg/AttachedCollisionObject.json
[290.706s] -- Installing: /home/andre/ros2_ws/src/install/moveit_msgs/share/moveit_msgs/msg/BoundingVolume.json
[290.706s] -- Installing: /home/andre/ros2_ws/src/install/moveit_msgs/share/moveit_msgs/msg/CartesianPoint.json
[290.706s] -- Installing: /home/andre/ros2_ws/src/install/moveit_msgs/share/moveit_msgs/msg/CartesianTrajectory.json
[290.706s] -- Installing: /home/andre/ros2_ws/src/install/moveit_msgs/share/moveit_msgs/msg/CartesianTrajectoryPoint.json
[290.706s] -- Installing: /home/andre/ros2_ws/src/install/moveit_msgs/share/moveit_msgs/msg/CollisionObject.json
[290.706s] -- Installing: /home/andre/ros2_ws/src/install/moveit_msgs/share/moveit_msgs/msg/ConstraintEvalResult.json
[290.707s] -- Installing: /home/andre/ros2_ws/src/install/moveit_msgs/share/moveit_msgs/msg/Constraints.json
[290.707s] -- Installing: /home/andre/ros2_ws/src/install/moveit_msgs/share/moveit_msgs/msg/CostSource.json
[290.707s] -- Installing: /home/andre/ros2_ws/src/install/moveit_msgs/share/moveit_msgs/msg/ContactInformation.json
[290.707s] -- Installing: /home/andre/ros2_ws/src/install/moveit_msgs/share/moveit_msgs/msg/DisplayTrajectory.json
[290.707s] -- Installing: /home/andre/ros2_ws/src/install/moveit_msgs/share/moveit_msgs/msg/DisplayRobotState.json
[290.707s] -- Installing: /home/andre/ros2_ws/src/install/moveit_msgs/share/moveit_msgs/msg/GenericTrajectory.json
[290.707s] -- Installing: /home/andre/ros2_ws/src/install/moveit_msgs/share/moveit_msgs/msg/Grasp.json
[290.707s] -- Installing: /home/andre/ros2_ws/src/install/moveit_msgs/share/moveit_msgs/msg/GripperTranslation.json
[290.708s] -- Installing: /home/andre/ros2_ws/src/install/moveit_msgs/share/moveit_msgs/msg/JointConstraint.json
[290.708s] -- Installing: /home/andre/ros2_ws/src/install/moveit_msgs/share/moveit_msgs/msg/JointLimits.json
[290.708s] -- Installing: /home/andre/ros2_ws/src/install/moveit_msgs/share/moveit_msgs/msg/LinkPadding.json
[290.708s] -- Installing: /home/andre/ros2_ws/src/install/moveit_msgs/share/moveit_msgs/msg/LinkScale.json
[290.708s] -- Installing: /home/andre/ros2_ws/src/install/moveit_msgs/share/moveit_msgs/msg/MotionPlanRequest.json
[290.708s] -- Installing: /home/andre/ros2_ws/src/install/moveit_msgs/share/moveit_msgs/msg/MotionPlanResponse.json
[290.708s] -- Installing: /home/andre/ros2_ws/src/install/moveit_msgs/share/moveit_msgs/msg/MotionPlanDetailedResponse.json
[290.708s] -- Installing: /home/andre/ros2_ws/src/install/moveit_msgs/share/moveit_msgs/msg/MotionSequenceItem.json
[290.709s] -- Installing: /home/andre/ros2_ws/src/install/moveit_msgs/share/moveit_msgs/msg/MotionSequenceRequest.json
[290.709s] -- Installing: /home/andre/ros2_ws/src/install/moveit_msgs/share/moveit_msgs/msg/MotionSequenceResponse.json
[290.709s] -- Installing: /home/andre/ros2_ws/src/install/moveit_msgs/share/moveit_msgs/msg/MoveItErrorCodes.json
[290.709s] -- Installing: /home/andre/ros2_ws/src/install/moveit_msgs/share/moveit_msgs/msg/TrajectoryConstraints.json
[290.709s] -- Installing: /home/andre/ros2_ws/src/install/moveit_msgs/share/moveit_msgs/msg/ObjectColor.json
[290.709s] -- Installing: /home/andre/ros2_ws/src/install/moveit_msgs/share/moveit_msgs/msg/OrientationConstraint.json
[290.709s] -- Installing: /home/andre/ros2_ws/src/install/moveit_msgs/share/moveit_msgs/msg/OrientedBoundingBox.json
[290.710s] -- Installing: /home/andre/ros2_ws/src/install/moveit_msgs/share/moveit_msgs/msg/PlaceLocation.json
[290.710s] -- Installing: /home/andre/ros2_ws/src/install/moveit_msgs/share/moveit_msgs/msg/PlannerInterfaceDescription.json
[290.710s] -- Installing: /home/andre/ros2_ws/src/install/moveit_msgs/share/moveit_msgs/msg/PlannerParams.json
[290.710s] -- Installing: /home/andre/ros2_ws/src/install/moveit_msgs/share/moveit_msgs/msg/PlanningScene.json
[290.710s] -- Installing: /home/andre/ros2_ws/src/install/moveit_msgs/share/moveit_msgs/msg/PlanningSceneComponents.json
[290.710s] -- Installing: /home/andre/ros2_ws/src/install/moveit_msgs/share/moveit_msgs/msg/PlanningSceneWorld.json
[290.710s] -- Installing: /home/andre/ros2_ws/src/install/moveit_msgs/share/moveit_msgs/msg/PlanningOptions.json
[290.710s] -- Installing: /home/andre/ros2_ws/src/install/moveit_msgs/share/moveit_msgs/msg/PositionConstraint.json
[290.711s] -- Installing: /home/andre/ros2_ws/src/install/moveit_msgs/share/moveit_msgs/msg/RobotState.json
[290.711s] -- Installing: /home/andre/ros2_ws/src/install/moveit_msgs/share/moveit_msgs/msg/RobotTrajectory.json
[290.711s] -- Installing: /home/andre/ros2_ws/src/install/moveit_msgs/share/moveit_msgs/msg/VisibilityConstraint.json
[290.711s] -- Installing: /home/andre/ros2_ws/src/install/moveit_msgs/share/moveit_msgs/msg/WorkspaceParameters.json
[290.711s] -- Installing: /home/andre/ros2_ws/src/install/moveit_msgs/share/moveit_msgs/msg/KinematicSolverInfo.json
[290.711s] -- Installing: /home/andre/ros2_ws/src/install/moveit_msgs/share/moveit_msgs/msg/PositionIKRequest.json
[290.711s] -- Installing: /home/andre/ros2_ws/src/install/moveit_msgs/share/moveit_msgs/msg/PipelineState.json
[290.712s] -- Installing: /home/andre/ros2_ws/src/install/moveit_msgs/share/moveit_msgs/msg/ServoStatus.json
[290.712s] -- Installing: /home/andre/ros2_ws/src/install/moveit_msgs/share/moveit_msgs/srv/GetMotionPlan.json
[290.712s] -- Installing: /home/andre/ros2_ws/src/install/moveit_msgs/share/moveit_msgs/srv/GetMultiStateValidity.json
[290.712s] -- Installing: /home/andre/ros2_ws/src/install/moveit_msgs/share/moveit_msgs/srv/GetStateValidity.json
[290.712s] -- Installing: /home/andre/ros2_ws/src/install/moveit_msgs/share/moveit_msgs/srv/GetCartesianPath.json
[290.712s] -- Installing: /home/andre/ros2_ws/src/install/moveit_msgs/share/moveit_msgs/srv/GetPlanningScene.json
[290.712s] -- Installing: /home/andre/ros2_ws/src/install/moveit_msgs/share/moveit_msgs/srv/GraspPlanning.json
[290.713s] -- Installing: /home/andre/ros2_ws/src/install/moveit_msgs/share/moveit_msgs/srv/ApplyPlanningScene.json
[290.713s] -- Installing: /home/andre/ros2_ws/src/install/moveit_msgs/share/moveit_msgs/srv/QueryPlannerInterfaces.json
[290.713s] -- Installing: /home/andre/ros2_ws/src/install/moveit_msgs/share/moveit_msgs/srv/GetMotionSequence.json
[290.713s] -- Installing: /home/andre/ros2_ws/src/install/moveit_msgs/share/moveit_msgs/srv/GetPositionFK.json
[290.713s] -- Installing: /home/andre/ros2_ws/src/install/moveit_msgs/share/moveit_msgs/srv/GetPositionIK.json
[290.713s] -- Installing: /home/andre/ros2_ws/src/install/moveit_msgs/share/moveit_msgs/srv/GetPlannerParams.json
[290.713s] -- Installing: /home/andre/ros2_ws/src/install/moveit_msgs/share/moveit_msgs/srv/SetPlannerParams.json
[290.714s] -- Installing: /home/andre/ros2_ws/src/install/moveit_msgs/share/moveit_msgs/srv/UpdatePointcloudOctomap.json
[290.714s] -- Installing: /home/andre/ros2_ws/src/install/moveit_msgs/share/moveit_msgs/srv/SaveGeometryToFile.json
[290.714s] -- Installing: /home/andre/ros2_ws/src/install/moveit_msgs/share/moveit_msgs/srv/SaveMap.json
[290.714s] -- Installing: /home/andre/ros2_ws/src/install/moveit_msgs/share/moveit_msgs/srv/LoadGeometryFromFile.json
[290.714s] -- Installing: /home/andre/ros2_ws/src/install/moveit_msgs/share/moveit_msgs/srv/LoadMap.json
[290.714s] -- Installing: /home/andre/ros2_ws/src/install/moveit_msgs/share/moveit_msgs/srv/SaveRobotStateToWarehouse.json
[290.714s] -- Installing: /home/andre/ros2_ws/src/install/moveit_msgs/share/moveit_msgs/srv/ListRobotStatesInWarehouse.json
[290.714s] -- Installing: /home/andre/ros2_ws/src/install/moveit_msgs/share/moveit_msgs/srv/GetRobotStateFromWarehouse.json
[290.715s] -- Installing: /home/andre/ros2_ws/src/install/moveit_msgs/share/moveit_msgs/srv/CheckIfRobotStateExistsInWarehouse.json
[290.715s] -- Installing: /home/andre/ros2_ws/src/install/moveit_msgs/share/moveit_msgs/srv/RenameRobotStateInWarehouse.json
[290.715s] -- Installing: /home/andre/ros2_ws/src/install/moveit_msgs/share/moveit_msgs/srv/DeleteRobotStateFromWarehouse.json
[290.715s] -- Installing: /home/andre/ros2_ws/src/install/moveit_msgs/share/moveit_msgs/srv/ServoCommandType.json
[290.715s] -- Installing: /home/andre/ros2_ws/src/install/moveit_msgs/share/moveit_msgs/srv/GetGroupUrdf.json
[290.715s] -- Installing: /home/andre/ros2_ws/src/install/moveit_msgs/share/moveit_msgs/action/ExecuteTrajectory.json
[290.715s] -- Installing: /home/andre/ros2_ws/src/install/moveit_msgs/share/moveit_msgs/action/MoveGroup.json
[290.715s] -- Installing: /home/andre/ros2_ws/src/install/moveit_msgs/share/moveit_msgs/action/MoveGroupSequence.json
[290.716s] -- Installing: /home/andre/ros2_ws/src/install/moveit_msgs/share/moveit_msgs/action/Pickup.json
[290.716s] -- Installing: /home/andre/ros2_ws/src/install/moveit_msgs/share/moveit_msgs/action/Place.json
[290.716s] -- Installing: /home/andre/ros2_ws/src/install/moveit_msgs/share/moveit_msgs/action/LocalPlanner.json
[290.716s] -- Installing: /home/andre/ros2_ws/src/install/moveit_msgs/share/moveit_msgs/action/GlobalPlanner.json
[290.716s] -- Installing: /home/andre/ros2_ws/src/install/moveit_msgs/share/moveit_msgs/action/HybridPlanner.json
[290.717s] -- Installing: /home/andre/ros2_ws/src/install/moveit_msgs/include/moveit_msgs/moveit_msgs
[290.717s] -- Installing: /home/andre/ros2_ws/src/install/moveit_msgs/include/moveit_msgs/moveit_msgs/action
[290.717s] -- Installing: /home/andre/ros2_ws/src/install/moveit_msgs/include/moveit_msgs/moveit_msgs/action/pickup.h
[290.717s] -- Installing: /home/andre/ros2_ws/src/install/moveit_msgs/include/moveit_msgs/moveit_msgs/action/global_planner.h
[290.717s] -- Installing: /home/andre/ros2_ws/src/install/moveit_msgs/include/moveit_msgs/moveit_msgs/action/execute_trajectory.h
[290.717s] -- Installing: /home/andre/ros2_ws/src/install/moveit_msgs/include/moveit_msgs/moveit_msgs/action/place.h
[290.717s] -- Installing: /home/andre/ros2_ws/src/install/moveit_msgs/include/moveit_msgs/moveit_msgs/action/hybrid_planner.h
[290.717s] -- Installing: /home/andre/ros2_ws/src/install/moveit_msgs/include/moveit_msgs/moveit_msgs/action/move_group.h
[290.717s] -- Installing: /home/andre/ros2_ws/src/install/moveit_msgs/include/moveit_msgs/moveit_msgs/action/detail
[290.717s] -- Installing: /home/andre/ros2_ws/src/install/moveit_msgs/include/moveit_msgs/moveit_msgs/action/detail/move_group__functions.h
[290.718s] -- Installing: /home/andre/ros2_ws/src/install/moveit_msgs/include/moveit_msgs/moveit_msgs/action/detail/move_group_sequence__functions.h
[290.718s] -- Installing: /home/andre/ros2_ws/src/install/moveit_msgs/include/moveit_msgs/moveit_msgs/action/detail/pickup__description.c
[290.718s] -- Installing: /home/andre/ros2_ws/src/install/moveit_msgs/include/moveit_msgs/moveit_msgs/action/detail/hybrid_planner__struct.h
[290.718s] -- Installing: /home/andre/ros2_ws/src/install/moveit_msgs/include/moveit_msgs/moveit_msgs/action/detail/hybrid_planner__description.c
[290.718s] -- Installing: /home/andre/ros2_ws/src/install/moveit_msgs/include/moveit_msgs/moveit_msgs/action/detail/execute_trajectory__type_support.c
[290.718s] -- Installing: /home/andre/ros2_ws/src/install/moveit_msgs/include/moveit_msgs/moveit_msgs/action/detail/execute_trajectory__struct.h
[290.719s] -- Installing: /home/andre/ros2_ws/src/install/moveit_msgs/include/moveit_msgs/moveit_msgs/action/detail/local_planner__type_support.h
[290.719s] -- Installing: /home/andre/ros2_ws/src/install/moveit_msgs/include/moveit_msgs/moveit_msgs/action/detail/global_planner__functions.c
[290.719s] -- Installing: /home/andre/ros2_ws/src/install/moveit_msgs/include/moveit_msgs/moveit_msgs/action/detail/move_group__description.c
[290.719s] -- Installing: /home/andre/ros2_ws/src/install/moveit_msgs/include/moveit_msgs/moveit_msgs/action/detail/move_group__functions.c
[290.719s] -- Installing: /home/andre/ros2_ws/src/install/moveit_msgs/include/moveit_msgs/moveit_msgs/action/detail/local_planner__description.c
[290.719s] -- Installing: /home/andre/ros2_ws/src/install/moveit_msgs/include/moveit_msgs/moveit_msgs/action/detail/global_planner__description.c
[290.720s] -- Installing: /home/andre/ros2_ws/src/install/moveit_msgs/include/moveit_msgs/moveit_msgs/action/detail/hybrid_planner__type_support.c
[290.720s] -- Installing: /home/andre/ros2_ws/src/install/moveit_msgs/include/moveit_msgs/moveit_msgs/action/detail/pickup__type_support.h
[290.720s] -- Installing: /home/andre/ros2_ws/src/install/moveit_msgs/include/moveit_msgs/moveit_msgs/action/detail/place__functions.h
[290.720s] -- Installing: /home/andre/ros2_ws/src/install/moveit_msgs/include/moveit_msgs/moveit_msgs/action/detail/move_group__type_support.h
[290.720s] -- Installing: /home/andre/ros2_ws/src/install/moveit_msgs/include/moveit_msgs/moveit_msgs/action/detail/place__type_support.h
[290.720s] -- Installing: /home/andre/ros2_ws/src/install/moveit_msgs/include/moveit_msgs/moveit_msgs/action/detail/global_planner__functions.h
[290.720s] -- Installing: /home/andre/ros2_ws/src/install/moveit_msgs/include/moveit_msgs/moveit_msgs/action/detail/hybrid_planner__functions.c
[290.721s] -- Installing: /home/andre/ros2_ws/src/install/moveit_msgs/include/moveit_msgs/moveit_msgs/action/detail/move_group__type_support.c
[290.721s] -- Installing: /home/andre/ros2_ws/src/install/moveit_msgs/include/moveit_msgs/moveit_msgs/action/detail/global_planner__type_support.c
[290.721s] -- Installing: /home/andre/ros2_ws/src/install/moveit_msgs/include/moveit_msgs/moveit_msgs/action/detail/local_planner__functions.h
[290.721s] -- Installing: /home/andre/ros2_ws/src/install/moveit_msgs/include/moveit_msgs/moveit_msgs/action/detail/execute_trajectory__description.c
[290.721s] -- Installing: /home/andre/ros2_ws/src/install/moveit_msgs/include/moveit_msgs/moveit_msgs/action/detail/execute_trajectory__functions.c
[290.721s] -- Installing: /home/andre/ros2_ws/src/install/moveit_msgs/include/moveit_msgs/moveit_msgs/action/detail/place__description.c
[290.722s] -- Installing: /home/andre/ros2_ws/src/install/moveit_msgs/include/moveit_msgs/moveit_msgs/action/detail/move_group_sequence__type_support.c
[290.722s] -- Installing: /home/andre/ros2_ws/src/install/moveit_msgs/include/moveit_msgs/moveit_msgs/action/detail/move_group_sequence__struct.h
[290.722s] -- Installing: /home/andre/ros2_ws/src/install/moveit_msgs/include/moveit_msgs/moveit_msgs/action/detail/move_group__struct.h
[290.722s] -- Installing: /home/andre/ros2_ws/src/install/moveit_msgs/include/moveit_msgs/moveit_msgs/action/detail/pickup__type_support.c
[290.722s] -- Installing: /home/andre/ros2_ws/src/install/moveit_msgs/include/moveit_msgs/moveit_msgs/action/detail/global_planner__type_support.h
[290.722s] -- Installing: /home/andre/ros2_ws/src/install/moveit_msgs/include/moveit_msgs/moveit_msgs/action/detail/execute_trajectory__type_support.h
[290.722s] -- Installing: /home/andre/ros2_ws/src/install/moveit_msgs/include/moveit_msgs/moveit_msgs/action/detail/execute_trajectory__functions.h
[290.722s] -- Installing: /home/andre/ros2_ws/src/install/moveit_msgs/include/moveit_msgs/moveit_msgs/action/detail/local_planner__struct.h
[290.722s] -- Installing: /home/andre/ros2_ws/src/install/moveit_msgs/include/moveit_msgs/moveit_msgs/action/detail/pickup__functions.h
[290.723s] -- Installing: /home/andre/ros2_ws/src/install/moveit_msgs/include/moveit_msgs/moveit_msgs/action/detail/hybrid_planner__type_support.h
[290.723s] -- Installing: /home/andre/ros2_ws/src/install/moveit_msgs/include/moveit_msgs/moveit_msgs/action/detail/local_planner__functions.c
[290.723s] -- Installing: /home/andre/ros2_ws/src/install/moveit_msgs/include/moveit_msgs/moveit_msgs/action/detail/hybrid_planner__functions.h
[290.723s] -- Installing: /home/andre/ros2_ws/src/install/moveit_msgs/include/moveit_msgs/moveit_msgs/action/detail/place__type_support.c
[290.723s] -- Installing: /home/andre/ros2_ws/src/install/moveit_msgs/include/moveit_msgs/moveit_msgs/action/detail/pickup__functions.c
[290.723s] -- Installing: /home/andre/ros2_ws/src/install/moveit_msgs/include/moveit_msgs/moveit_msgs/action/detail/local_planner__type_support.c
[290.723s] -- Installing: /home/andre/ros2_ws/src/install/moveit_msgs/include/moveit_msgs/moveit_msgs/action/detail/global_planner__struct.h
[290.723s] -- Installing: /home/andre/ros2_ws/src/install/moveit_msgs/include/moveit_msgs/moveit_msgs/action/detail/place__functions.c
[290.724s] -- Installing: /home/andre/ros2_ws/src/install/moveit_msgs/include/moveit_msgs/moveit_msgs/action/detail/move_group_sequence__functions.c
[290.724s] -- Installing: /home/andre/ros2_ws/src/install/moveit_msgs/include/moveit_msgs/moveit_msgs/action/detail/move_group_sequence__description.c
[290.724s] -- Installing: /home/andre/ros2_ws/src/install/moveit_msgs/include/moveit_msgs/moveit_msgs/action/detail/pickup__struct.h
[290.724s] -- Installing: /home/andre/ros2_ws/src/install/moveit_msgs/include/moveit_msgs/moveit_msgs/action/detail/move_group_sequence__type_support.h
[290.724s] -- Installing: /home/andre/ros2_ws/src/install/moveit_msgs/include/moveit_msgs/moveit_msgs/action/detail/place__struct.h
[290.724s] -- Installing: /home/andre/ros2_ws/src/install/moveit_msgs/include/moveit_msgs/moveit_msgs/action/move_group_sequence.h
[290.724s] -- Installing: /home/andre/ros2_ws/src/install/moveit_msgs/include/moveit_msgs/moveit_msgs/action/local_planner.h
[290.725s] -- Installing: /home/andre/ros2_ws/src/install/moveit_msgs/include/moveit_msgs/moveit_msgs/srv
[290.725s] -- Installing: /home/andre/ros2_ws/src/install/moveit_msgs/include/moveit_msgs/moveit_msgs/srv/load_geometry_from_file.h
[290.725s] -- Installing: /home/andre/ros2_ws/src/install/moveit_msgs/include/moveit_msgs/moveit_msgs/srv/get_motion_plan.h
[290.725s] -- Installing: /home/andre/ros2_ws/src/install/moveit_msgs/include/moveit_msgs/moveit_msgs/srv/save_geometry_to_file.h
[290.725s] -- Installing: /home/andre/ros2_ws/src/install/moveit_msgs/include/moveit_msgs/moveit_msgs/srv/get_group_urdf.h
[290.725s] -- Installing: /home/andre/ros2_ws/src/install/moveit_msgs/include/moveit_msgs/moveit_msgs/srv/apply_planning_scene.h
[290.725s] -- Installing: /home/andre/ros2_ws/src/install/moveit_msgs/include/moveit_msgs/moveit_msgs/srv/save_robot_state_to_warehouse.h
[290.725s] -- Installing: /home/andre/ros2_ws/src/install/moveit_msgs/include/moveit_msgs/moveit_msgs/srv/get_motion_sequence.h
[290.725s] -- Installing: /home/andre/ros2_ws/src/install/moveit_msgs/include/moveit_msgs/moveit_msgs/srv/update_pointcloud_octomap.h
[290.725s] -- Installing: /home/andre/ros2_ws/src/install/moveit_msgs/include/moveit_msgs/moveit_msgs/srv/grasp_planning.h
[290.726s] -- Installing: /home/andre/ros2_ws/src/install/moveit_msgs/include/moveit_msgs/moveit_msgs/srv/check_if_robot_state_exists_in_warehouse.h
[290.726s] -- Installing: /home/andre/ros2_ws/src/install/moveit_msgs/include/moveit_msgs/moveit_msgs/srv/get_planner_params.h
[290.726s] -- Installing: /home/andre/ros2_ws/src/install/moveit_msgs/include/moveit_msgs/moveit_msgs/srv/set_planner_params.h
[290.726s] -- Installing: /home/andre/ros2_ws/src/install/moveit_msgs/include/moveit_msgs/moveit_msgs/srv/get_state_validity.h
[290.726s] -- Installing: /home/andre/ros2_ws/src/install/moveit_msgs/include/moveit_msgs/moveit_msgs/srv/load_map.h
[290.726s] -- Installing: /home/andre/ros2_ws/src/install/moveit_msgs/include/moveit_msgs/moveit_msgs/srv/get_robot_state_from_warehouse.h
[290.726s] -- Installing: /home/andre/ros2_ws/src/install/moveit_msgs/include/moveit_msgs/moveit_msgs/srv/get_multi_state_validity.h
[290.726s] -- Installing: /home/andre/ros2_ws/src/install/moveit_msgs/include/moveit_msgs/moveit_msgs/srv/delete_robot_state_from_warehouse.h
[290.726s] -- Installing: /home/andre/ros2_ws/src/install/moveit_msgs/include/moveit_msgs/moveit_msgs/srv/get_position_ik.h
[290.726s] -- Installing: /home/andre/ros2_ws/src/install/moveit_msgs/include/moveit_msgs/moveit_msgs/srv/get_cartesian_path.h
[290.727s] -- Installing: /home/andre/ros2_ws/src/install/moveit_msgs/include/moveit_msgs/moveit_msgs/srv/list_robot_states_in_warehouse.h
[290.727s] -- Installing: /home/andre/ros2_ws/src/install/moveit_msgs/include/moveit_msgs/moveit_msgs/srv/get_planning_scene.h
[290.727s] -- Installing: /home/andre/ros2_ws/src/install/moveit_msgs/include/moveit_msgs/moveit_msgs/srv/detail
[290.727s] -- Installing: /home/andre/ros2_ws/src/install/moveit_msgs/include/moveit_msgs/moveit_msgs/srv/detail/servo_command_type__functions.h
[290.727s] -- Installing: /home/andre/ros2_ws/src/install/moveit_msgs/include/moveit_msgs/moveit_msgs/srv/detail/check_if_robot_state_exists_in_warehouse__description.c
[290.727s] -- Installing: /home/andre/ros2_ws/src/install/moveit_msgs/include/moveit_msgs/moveit_msgs/srv/detail/servo_command_type__type_support.h
[290.727s] -- Installing: /home/andre/ros2_ws/src/install/moveit_msgs/include/moveit_msgs/moveit_msgs/srv/detail/get_planner_params__functions.c
[290.727s] -- Installing: /home/andre/ros2_ws/src/install/moveit_msgs/include/moveit_msgs/moveit_msgs/srv/detail/load_geometry_from_file__functions.h
[290.727s] -- Installing: /home/andre/ros2_ws/src/install/moveit_msgs/include/moveit_msgs/moveit_msgs/srv/detail/load_map__struct.h
[290.727s] -- Installing: /home/andre/ros2_ws/src/install/moveit_msgs/include/moveit_msgs/moveit_msgs/srv/detail/load_map__functions.c
[290.728s] -- Installing: /home/andre/ros2_ws/src/install/moveit_msgs/include/moveit_msgs/moveit_msgs/srv/detail/check_if_robot_state_exists_in_warehouse__struct.h
[290.728s] -- Installing: /home/andre/ros2_ws/src/install/moveit_msgs/include/moveit_msgs/moveit_msgs/srv/detail/grasp_planning__functions.c
[290.728s] -- Installing: /home/andre/ros2_ws/src/install/moveit_msgs/include/moveit_msgs/moveit_msgs/srv/detail/get_robot_state_from_warehouse__functions.h
[290.728s] -- Installing: /home/andre/ros2_ws/src/install/moveit_msgs/include/moveit_msgs/moveit_msgs/srv/detail/check_if_robot_state_exists_in_warehouse__functions.h
[290.728s] -- Installing: /home/andre/ros2_ws/src/install/moveit_msgs/include/moveit_msgs/moveit_msgs/srv/detail/rename_robot_state_in_warehouse__type_support.h
[290.728s] -- Installing: /home/andre/ros2_ws/src/install/moveit_msgs/include/moveit_msgs/moveit_msgs/srv/detail/get_motion_sequence__functions.h
[290.728s] -- Installing: /home/andre/ros2_ws/src/install/moveit_msgs/include/moveit_msgs/moveit_msgs/srv/detail/get_planning_scene__struct.h
[290.728s] -- Installing: /home/andre/ros2_ws/src/install/moveit_msgs/include/moveit_msgs/moveit_msgs/srv/detail/query_planner_interfaces__type_support.c
[290.728s] -- Installing: /home/andre/ros2_ws/src/install/moveit_msgs/include/moveit_msgs/moveit_msgs/srv/detail/save_robot_state_to_warehouse__functions.c
[290.728s] -- Installing: /home/andre/ros2_ws/src/install/moveit_msgs/include/moveit_msgs/moveit_msgs/srv/detail/get_cartesian_path__struct.h
[290.729s] -- Installing: /home/andre/ros2_ws/src/install/moveit_msgs/include/moveit_msgs/moveit_msgs/srv/detail/get_planning_scene__functions.c
[290.729s] -- Installing: /home/andre/ros2_ws/src/install/moveit_msgs/include/moveit_msgs/moveit_msgs/srv/detail/query_planner_interfaces__functions.h
[290.729s] -- Installing: /home/andre/ros2_ws/src/install/moveit_msgs/include/moveit_msgs/moveit_msgs/srv/detail/servo_command_type__description.c
[290.729s] -- Installing: /home/andre/ros2_ws/src/install/moveit_msgs/include/moveit_msgs/moveit_msgs/srv/detail/get_planning_scene__description.c
[290.729s] -- Installing: /home/andre/ros2_ws/src/install/moveit_msgs/include/moveit_msgs/moveit_msgs/srv/detail/load_map__type_support.c
[290.729s] -- Installing: /home/andre/ros2_ws/src/install/moveit_msgs/include/moveit_msgs/moveit_msgs/srv/detail/save_geometry_to_file__functions.h
[290.729s] -- Installing: /home/andre/ros2_ws/src/install/moveit_msgs/include/moveit_msgs/moveit_msgs/srv/detail/apply_planning_scene__type_support.h
[290.729s] -- Installing: /home/andre/ros2_ws/src/install/moveit_msgs/include/moveit_msgs/moveit_msgs/srv/detail/get_position_fk__description.c
[290.729s] -- Installing: /home/andre/ros2_ws/src/install/moveit_msgs/include/moveit_msgs/moveit_msgs/srv/detail/get_state_validity__functions.c
[290.729s] -- Installing: /home/andre/ros2_ws/src/install/moveit_msgs/include/moveit_msgs/moveit_msgs/srv/detail/grasp_planning__description.c
[290.730s] -- Installing: /home/andre/ros2_ws/src/install/moveit_msgs/include/moveit_msgs/moveit_msgs/srv/detail/get_cartesian_path__functions.c
[290.730s] -- Installing: /home/andre/ros2_ws/src/install/moveit_msgs/include/moveit_msgs/moveit_msgs/srv/detail/get_robot_state_from_warehouse__struct.h
[290.730s] -- Installing: /home/andre/ros2_ws/src/install/moveit_msgs/include/moveit_msgs/moveit_msgs/srv/detail/get_position_ik__struct.h
[290.730s] -- Installing: /home/andre/ros2_ws/src/install/moveit_msgs/include/moveit_msgs/moveit_msgs/srv/detail/get_planner_params__type_support.h
[290.730s] -- Installing: /home/andre/ros2_ws/src/install/moveit_msgs/include/moveit_msgs/moveit_msgs/srv/detail/check_if_robot_state_exists_in_warehouse__functions.c
[290.730s] -- Installing: /home/andre/ros2_ws/src/install/moveit_msgs/include/moveit_msgs/moveit_msgs/srv/detail/save_robot_state_to_warehouse__struct.h
[290.730s] -- Installing: /home/andre/ros2_ws/src/install/moveit_msgs/include/moveit_msgs/moveit_msgs/srv/detail/delete_robot_state_from_warehouse__type_support.c
[290.730s] -- Installing: /home/andre/ros2_ws/src/install/moveit_msgs/include/moveit_msgs/moveit_msgs/srv/detail/list_robot_states_in_warehouse__struct.h
[290.730s] -- Installing: /home/andre/ros2_ws/src/install/moveit_msgs/include/moveit_msgs/moveit_msgs/srv/detail/load_map__type_support.h
[290.730s] -- Installing: /home/andre/ros2_ws/src/install/moveit_msgs/include/moveit_msgs/moveit_msgs/srv/detail/rename_robot_state_in_warehouse__type_support.c
[290.731s] -- Installing: /home/andre/ros2_ws/src/install/moveit_msgs/include/moveit_msgs/moveit_msgs/srv/detail/get_group_urdf__functions.c
[290.731s] -- Installing: /home/andre/ros2_ws/src/install/moveit_msgs/include/moveit_msgs/moveit_msgs/srv/detail/get_motion_sequence__functions.c
[290.731s] -- Installing: /home/andre/ros2_ws/src/install/moveit_msgs/include/moveit_msgs/moveit_msgs/srv/detail/list_robot_states_in_warehouse__functions.c
[290.731s] -- Installing: /home/andre/ros2_ws/src/install/moveit_msgs/include/moveit_msgs/moveit_msgs/srv/detail/set_planner_params__struct.h
[290.731s] -- Installing: /home/andre/ros2_ws/src/install/moveit_msgs/include/moveit_msgs/moveit_msgs/srv/detail/save_robot_state_to_warehouse__type_support.h
[290.731s] -- Installing: /home/andre/ros2_ws/src/install/moveit_msgs/include/moveit_msgs/moveit_msgs/srv/detail/get_state_validity__type_support.c
[290.731s] -- Installing: /home/andre/ros2_ws/src/install/moveit_msgs/include/moveit_msgs/moveit_msgs/srv/detail/rename_robot_state_in_warehouse__functions.h
[290.731s] -- Installing: /home/andre/ros2_ws/src/install/moveit_msgs/include/moveit_msgs/moveit_msgs/srv/detail/get_group_urdf__type_support.c
[290.731s] -- Installing: /home/andre/ros2_ws/src/install/moveit_msgs/include/moveit_msgs/moveit_msgs/srv/detail/get_state_validity__functions.h
[290.732s] -- Installing: /home/andre/ros2_ws/src/install/moveit_msgs/include/moveit_msgs/moveit_msgs/srv/detail/delete_robot_state_from_warehouse__struct.h
[290.732s] -- Installing: /home/andre/ros2_ws/src/install/moveit_msgs/include/moveit_msgs/moveit_msgs/srv/detail/get_multi_state_validity__type_support.h
[290.732s] -- Installing: /home/andre/ros2_ws/src/install/moveit_msgs/include/moveit_msgs/moveit_msgs/srv/detail/get_position_ik__type_support.c
[290.732s] -- Installing: /home/andre/ros2_ws/src/install/moveit_msgs/include/moveit_msgs/moveit_msgs/srv/detail/list_robot_states_in_warehouse__type_support.c
[290.732s] -- Installing: /home/andre/ros2_ws/src/install/moveit_msgs/include/moveit_msgs/moveit_msgs/srv/detail/save_robot_state_to_warehouse__description.c
[290.732s] -- Installing: /home/andre/ros2_ws/src/install/moveit_msgs/include/moveit_msgs/moveit_msgs/srv/detail/update_pointcloud_octomap__description.c
[290.732s] -- Installing: /home/andre/ros2_ws/src/install/moveit_msgs/include/moveit_msgs/moveit_msgs/srv/detail/rename_robot_state_in_warehouse__struct.h
[290.732s] -- Installing: /home/andre/ros2_ws/src/install/moveit_msgs/include/moveit_msgs/moveit_msgs/srv/detail/save_robot_state_to_warehouse__type_support.c
[290.732s] -- Installing: /home/andre/ros2_ws/src/install/moveit_msgs/include/moveit_msgs/moveit_msgs/srv/detail/get_motion_plan__functions.h
[290.732s] -- Installing: /home/andre/ros2_ws/src/install/moveit_msgs/include/moveit_msgs/moveit_msgs/srv/detail/delete_robot_state_from_warehouse__functions.c
[290.733s] -- Installing: /home/andre/ros2_ws/src/install/moveit_msgs/include/moveit_msgs/moveit_msgs/srv/detail/load_geometry_from_file__functions.c
[290.733s] -- Installing: /home/andre/ros2_ws/src/install/moveit_msgs/include/moveit_msgs/moveit_msgs/srv/detail/get_motion_plan__description.c
[290.733s] -- Installing: /home/andre/ros2_ws/src/install/moveit_msgs/include/moveit_msgs/moveit_msgs/srv/detail/get_planning_scene__type_support.h
[290.733s] -- Installing: /home/andre/ros2_ws/src/install/moveit_msgs/include/moveit_msgs/moveit_msgs/srv/detail/update_pointcloud_octomap__struct.h
[290.733s] -- Installing: /home/andre/ros2_ws/src/install/moveit_msgs/include/moveit_msgs/moveit_msgs/srv/detail/get_group_urdf__type_support.h
[290.733s] -- Installing: /home/andre/ros2_ws/src/install/moveit_msgs/include/moveit_msgs/moveit_msgs/srv/detail/rename_robot_state_in_warehouse__description.c
[290.733s] -- Installing: /home/andre/ros2_ws/src/install/moveit_msgs/include/moveit_msgs/moveit_msgs/srv/detail/save_geometry_to_file__struct.h
[290.733s] -- Installing: /home/andre/ros2_ws/src/install/moveit_msgs/include/moveit_msgs/moveit_msgs/srv/detail/save_geometry_to_file__functions.c
[290.734s] -- Installing: /home/andre/ros2_ws/src/install/moveit_msgs/include/moveit_msgs/moveit_msgs/srv/detail/get_motion_plan__type_support.c
[290.734s] -- Installing: /home/andre/ros2_ws/src/install/moveit_msgs/include/moveit_msgs/moveit_msgs/srv/detail/get_position_ik__description.c
[290.734s] -- Installing: /home/andre/ros2_ws/src/install/moveit_msgs/include/moveit_msgs/moveit_msgs/srv/detail/servo_command_type__type_support.c
[290.734s] -- Installing: /home/andre/ros2_ws/src/install/moveit_msgs/include/moveit_msgs/moveit_msgs/srv/detail/query_planner_interfaces__description.c
[290.734s] -- Installing: /home/andre/ros2_ws/src/install/moveit_msgs/include/moveit_msgs/moveit_msgs/srv/detail/get_group_urdf__description.c
[290.734s] -- Installing: /home/andre/ros2_ws/src/install/moveit_msgs/include/moveit_msgs/moveit_msgs/srv/detail/list_robot_states_in_warehouse__type_support.h
[290.734s] -- Installing: /home/andre/ros2_ws/src/install/moveit_msgs/include/moveit_msgs/moveit_msgs/srv/detail/delete_robot_state_from_warehouse__functions.h
[290.734s] -- Installing: /home/andre/ros2_ws/src/install/moveit_msgs/include/moveit_msgs/moveit_msgs/srv/detail/load_geometry_from_file__type_support.c
[290.734s] -- Installing: /home/andre/ros2_ws/src/install/moveit_msgs/include/moveit_msgs/moveit_msgs/srv/detail/get_position_fk__struct.h
[290.735s] -- Installing: /home/andre/ros2_ws/src/install/moveit_msgs/include/moveit_msgs/moveit_msgs/srv/detail/load_map__description.c
[290.735s] -- Installing: /home/andre/ros2_ws/src/install/moveit_msgs/include/moveit_msgs/moveit_msgs/srv/detail/apply_planning_scene__description.c
[290.735s] -- Installing: /home/andre/ros2_ws/src/install/moveit_msgs/include/moveit_msgs/moveit_msgs/srv/detail/get_motion_sequence__struct.h
[290.735s] -- Installing: /home/andre/ros2_ws/src/install/moveit_msgs/include/moveit_msgs/moveit_msgs/srv/detail/save_map__struct.h
[290.735s] -- Installing: /home/andre/ros2_ws/src/install/moveit_msgs/include/moveit_msgs/moveit_msgs/srv/detail/get_motion_plan__struct.h
[290.735s] -- Installing: /home/andre/ros2_ws/src/install/moveit_msgs/include/moveit_msgs/moveit_msgs/srv/detail/set_planner_params__type_support.c
[290.735s] -- Installing: /home/andre/ros2_ws/src/install/moveit_msgs/include/moveit_msgs/moveit_msgs/srv/detail/get_position_fk__type_support.c
[290.735s] -- Installing: /home/andre/ros2_ws/src/install/moveit_msgs/include/moveit_msgs/moveit_msgs/srv/detail/get_group_urdf__struct.h
[290.735s] -- Installing: /home/andre/ros2_ws/src/install/moveit_msgs/include/moveit_msgs/moveit_msgs/srv/detail/save_map__functions.h
[290.736s] -- Installing: /home/andre/ros2_ws/src/install/moveit_msgs/include/moveit_msgs/moveit_msgs/srv/detail/apply_planning_scene__functions.h
[290.736s] -- Installing: /home/andre/ros2_ws/src/install/moveit_msgs/include/moveit_msgs/moveit_msgs/srv/detail/get_position_ik__functions.h
[290.736s] -- Installing: /home/andre/ros2_ws/src/install/moveit_msgs/include/moveit_msgs/moveit_msgs/srv/detail/save_geometry_to_file__type_support.h
[290.736s] -- Installing: /home/andre/ros2_ws/src/install/moveit_msgs/include/moveit_msgs/moveit_msgs/srv/detail/get_planner_params__description.c
[290.736s] -- Installing: /home/andre/ros2_ws/src/install/moveit_msgs/include/moveit_msgs/moveit_msgs/srv/detail/load_map__functions.h
[290.736s] -- Installing: /home/andre/ros2_ws/src/install/moveit_msgs/include/moveit_msgs/moveit_msgs/srv/detail/get_cartesian_path__description.c
[290.736s] -- Installing: /home/andre/ros2_ws/src/install/moveit_msgs/include/moveit_msgs/moveit_msgs/srv/detail/get_multi_state_validity__description.c
[290.737s] -- Installing: /home/andre/ros2_ws/src/install/moveit_msgs/include/moveit_msgs/moveit_msgs/srv/detail/save_map__type_support.h
[290.737s] -- Installing: /home/andre/ros2_ws/src/install/moveit_msgs/include/moveit_msgs/moveit_msgs/srv/detail/apply_planning_scene__type_support.c
[290.737s] -- Installing: /home/andre/ros2_ws/src/install/moveit_msgs/include/moveit_msgs/moveit_msgs/srv/detail/list_robot_states_in_warehouse__functions.h
[290.737s] -- Installing: /home/andre/ros2_ws/src/install/moveit_msgs/include/moveit_msgs/moveit_msgs/srv/detail/get_planner_params__functions.h
[290.737s] -- Installing: /home/andre/ros2_ws/src/install/moveit_msgs/include/moveit_msgs/moveit_msgs/srv/detail/get_planner_params__struct.h
[290.737s] -- Installing: /home/andre/ros2_ws/src/install/moveit_msgs/include/moveit_msgs/moveit_msgs/srv/detail/check_if_robot_state_exists_in_warehouse__type_support.h
[290.737s] -- Installing: /home/andre/ros2_ws/src/install/moveit_msgs/include/moveit_msgs/moveit_msgs/srv/detail/update_pointcloud_octomap__functions.c
[290.737s] -- Installing: /home/andre/ros2_ws/src/install/moveit_msgs/include/moveit_msgs/moveit_msgs/srv/detail/save_map__description.c
[290.737s] -- Installing: /home/andre/ros2_ws/src/install/moveit_msgs/include/moveit_msgs/moveit_msgs/srv/detail/get_cartesian_path__functions.h
[290.738s] -- Installing: /home/andre/ros2_ws/src/install/moveit_msgs/include/moveit_msgs/moveit_msgs/srv/detail/get_robot_state_from_warehouse__description.c
[290.738s] -- Installing: /home/andre/ros2_ws/src/install/moveit_msgs/include/moveit_msgs/moveit_msgs/srv/detail/get_position_ik__type_support.h
[290.738s] -- Installing: /home/andre/ros2_ws/src/install/moveit_msgs/include/moveit_msgs/moveit_msgs/srv/detail/get_state_validity__type_support.h
[290.738s] -- Installing: /home/andre/ros2_ws/src/install/moveit_msgs/include/moveit_msgs/moveit_msgs/srv/detail/servo_command_type__struct.h
[290.738s] -- Installing: /home/andre/ros2_ws/src/install/moveit_msgs/include/moveit_msgs/moveit_msgs/srv/detail/get_cartesian_path__type_support.h
[290.738s] -- Installing: /home/andre/ros2_ws/src/install/moveit_msgs/include/moveit_msgs/moveit_msgs/srv/detail/save_map__functions.c
[290.738s] -- Installing: /home/andre/ros2_ws/src/install/moveit_msgs/include/moveit_msgs/moveit_msgs/srv/detail/get_position_fk__functions.h
[290.738s] -- Installing: /home/andre/ros2_ws/src/install/moveit_msgs/include/moveit_msgs/moveit_msgs/srv/detail/update_pointcloud_octomap__type_support.c
[290.738s] -- Installing: /home/andre/ros2_ws/src/install/moveit_msgs/include/moveit_msgs/moveit_msgs/srv/detail/load_geometry_from_file__struct.h
[290.739s] -- Installing: /home/andre/ros2_ws/src/install/moveit_msgs/include/moveit_msgs/moveit_msgs/srv/detail/grasp_planning__functions.h
[290.739s] -- Installing: /home/andre/ros2_ws/src/install/moveit_msgs/include/moveit_msgs/moveit_msgs/srv/detail/grasp_planning__struct.h
[290.739s] -- Installing: /home/andre/ros2_ws/src/install/moveit_msgs/include/moveit_msgs/moveit_msgs/srv/detail/save_geometry_to_file__description.c
[290.739s] -- Installing: /home/andre/ros2_ws/src/install/moveit_msgs/include/moveit_msgs/moveit_msgs/srv/detail/query_planner_interfaces__struct.h
[290.739s] -- Installing: /home/andre/ros2_ws/src/install/moveit_msgs/include/moveit_msgs/moveit_msgs/srv/detail/get_motion_plan__functions.c
[290.739s] -- Installing: /home/andre/ros2_ws/src/install/moveit_msgs/include/moveit_msgs/moveit_msgs/srv/detail/get_motion_sequence__description.c
[290.739s] -- Installing: /home/andre/ros2_ws/src/install/moveit_msgs/include/moveit_msgs/moveit_msgs/srv/detail/update_pointcloud_octomap__type_support.h
[290.739s] -- Installing: /home/andre/ros2_ws/src/install/moveit_msgs/include/moveit_msgs/moveit_msgs/srv/detail/query_planner_interfaces__type_support.h
[290.740s] -- Installing: /home/andre/ros2_ws/src/install/moveit_msgs/include/moveit_msgs/moveit_msgs/srv/detail/get_robot_state_from_warehouse__functions.c
[290.740s] -- Installing: /home/andre/ros2_ws/src/install/moveit_msgs/include/moveit_msgs/moveit_msgs/srv/detail/save_robot_state_to_warehouse__functions.h
[290.740s] -- Installing: /home/andre/ros2_ws/src/install/moveit_msgs/include/moveit_msgs/moveit_msgs/srv/detail/rename_robot_state_in_warehouse__functions.c
[290.740s] -- Installing: /home/andre/ros2_ws/src/install/moveit_msgs/include/moveit_msgs/moveit_msgs/srv/detail/get_multi_state_validity__struct.h
[290.740s] -- Installing: /home/andre/ros2_ws/src/install/moveit_msgs/include/moveit_msgs/moveit_msgs/srv/detail/save_map__type_support.c
[290.740s] -- Installing: /home/andre/ros2_ws/src/install/moveit_msgs/include/moveit_msgs/moveit_msgs/srv/detail/set_planner_params__type_support.h
[290.740s] -- Installing: /home/andre/ros2_ws/src/install/moveit_msgs/include/moveit_msgs/moveit_msgs/srv/detail/get_motion_sequence__type_support.c
[290.740s] -- Installing: /home/andre/ros2_ws/src/install/moveit_msgs/include/moveit_msgs/moveit_msgs/srv/detail/set_planner_params__functions.h
[290.741s] -- Installing: /home/andre/ros2_ws/src/install/moveit_msgs/include/moveit_msgs/moveit_msgs/srv/detail/get_planning_scene__functions.h
[290.741s] -- Installing: /home/andre/ros2_ws/src/install/moveit_msgs/include/moveit_msgs/moveit_msgs/srv/detail/get_robot_state_from_warehouse__type_support.h
[290.741s] -- Installing: /home/andre/ros2_ws/src/install/moveit_msgs/include/moveit_msgs/moveit_msgs/srv/detail/get_motion_sequence__type_support.h
[290.741s] -- Installing: /home/andre/ros2_ws/src/install/moveit_msgs/include/moveit_msgs/moveit_msgs/srv/detail/grasp_planning__type_support.h
[290.741s] -- Installing: /home/andre/ros2_ws/src/install/moveit_msgs/include/moveit_msgs/moveit_msgs/srv/detail/get_group_urdf__functions.h
[290.741s] -- Installing: /home/andre/ros2_ws/src/install/moveit_msgs/include/moveit_msgs/moveit_msgs/srv/detail/get_cartesian_path__type_support.c
[290.741s] -- Installing: /home/andre/ros2_ws/src/install/moveit_msgs/include/moveit_msgs/moveit_msgs/srv/detail/get_position_ik__functions.c
[290.741s] -- Installing: /home/andre/ros2_ws/src/install/moveit_msgs/include/moveit_msgs/moveit_msgs/srv/detail/apply_planning_scene__functions.c
[290.741s] -- Installing: /home/andre/ros2_ws/src/install/moveit_msgs/include/moveit_msgs/moveit_msgs/srv/detail/load_geometry_from_file__type_support.h
[290.742s] -- Installing: /home/andre/ros2_ws/src/install/moveit_msgs/include/moveit_msgs/moveit_msgs/srv/detail/get_state_validity__struct.h
[290.742s] -- Installing: /home/andre/ros2_ws/src/install/moveit_msgs/include/moveit_msgs/moveit_msgs/srv/detail/grasp_planning__type_support.c
[290.742s] -- Installing: /home/andre/ros2_ws/src/install/moveit_msgs/include/moveit_msgs/moveit_msgs/srv/detail/get_multi_state_validity__functions.c
[290.742s] -- Installing: /home/andre/ros2_ws/src/install/moveit_msgs/include/moveit_msgs/moveit_msgs/srv/detail/delete_robot_state_from_warehouse__description.c
[290.742s] -- Installing: /home/andre/ros2_ws/src/install/moveit_msgs/include/moveit_msgs/moveit_msgs/srv/detail/delete_robot_state_from_warehouse__type_support.h
[290.742s] -- Installing: /home/andre/ros2_ws/src/install/moveit_msgs/include/moveit_msgs/moveit_msgs/srv/detail/get_position_fk__type_support.h
[290.742s] -- Installing: /home/andre/ros2_ws/src/install/moveit_msgs/include/moveit_msgs/moveit_msgs/srv/detail/get_state_validity__description.c
[290.742s] -- Installing: /home/andre/ros2_ws/src/install/moveit_msgs/include/moveit_msgs/moveit_msgs/srv/detail/load_geometry_from_file__description.c
[290.743s] -- Installing: /home/andre/ros2_ws/src/install/moveit_msgs/include/moveit_msgs/moveit_msgs/srv/detail/set_planner_params__functions.c
[290.743s] -- Installing: /home/andre/ros2_ws/src/install/moveit_msgs/include/moveit_msgs/moveit_msgs/srv/detail/query_planner_interfaces__functions.c
[290.743s] -- Installing: /home/andre/ros2_ws/src/install/moveit_msgs/include/moveit_msgs/moveit_msgs/srv/detail/get_planning_scene__type_support.c
[290.743s] -- Installing: /home/andre/ros2_ws/src/install/moveit_msgs/include/moveit_msgs/moveit_msgs/srv/detail/set_planner_params__description.c
[290.743s] -- Installing: /home/andre/ros2_ws/src/install/moveit_msgs/include/moveit_msgs/moveit_msgs/srv/detail/get_robot_state_from_warehouse__type_support.c
[290.743s] -- Installing: /home/andre/ros2_ws/src/install/moveit_msgs/include/moveit_msgs/moveit_msgs/srv/detail/update_pointcloud_octomap__functions.h
[290.743s] -- Installing: /home/andre/ros2_ws/src/install/moveit_msgs/include/moveit_msgs/moveit_msgs/srv/detail/save_geometry_to_file__type_support.c
[290.743s] -- Installing: /home/andre/ros2_ws/src/install/moveit_msgs/include/moveit_msgs/moveit_msgs/srv/detail/get_multi_state_validity__functions.h
[290.744s] -- Installing: /home/andre/ros2_ws/src/install/moveit_msgs/include/moveit_msgs/moveit_msgs/srv/detail/get_motion_plan__type_support.h
[290.744s] -- Installing: /home/andre/ros2_ws/src/install/moveit_msgs/include/moveit_msgs/moveit_msgs/srv/detail/check_if_robot_state_exists_in_warehouse__type_support.c
[290.744s] -- Installing: /home/andre/ros2_ws/src/install/moveit_msgs/include/moveit_msgs/moveit_msgs/srv/detail/list_robot_states_in_warehouse__description.c
[290.744s] -- Installing: /home/andre/ros2_ws/src/install/moveit_msgs/include/moveit_msgs/moveit_msgs/srv/detail/get_multi_state_validity__type_support.c
[290.744s] -- Installing: /home/andre/ros2_ws/src/install/moveit_msgs/include/moveit_msgs/moveit_msgs/srv/detail/servo_command_type__functions.c
[290.744s] -- Installing: /home/andre/ros2_ws/src/install/moveit_msgs/include/moveit_msgs/moveit_msgs/srv/detail/get_planner_params__type_support.c
[290.744s] -- Installing: /home/andre/ros2_ws/src/install/moveit_msgs/include/moveit_msgs/moveit_msgs/srv/detail/get_position_fk__functions.c
[290.744s] -- Installing: /home/andre/ros2_ws/src/install/moveit_msgs/include/moveit_msgs/moveit_msgs/srv/detail/apply_planning_scene__struct.h
[290.744s] -- Installing: /home/andre/ros2_ws/src/install/moveit_msgs/include/moveit_msgs/moveit_msgs/srv/query_planner_interfaces.h
[290.744s] -- Installing: /home/andre/ros2_ws/src/install/moveit_msgs/include/moveit_msgs/moveit_msgs/srv/servo_command_type.h
[290.745s] -- Installing: /home/andre/ros2_ws/src/install/moveit_msgs/include/moveit_msgs/moveit_msgs/srv/get_position_fk.h
[290.745s] -- Installing: /home/andre/ros2_ws/src/install/moveit_msgs/include/moveit_msgs/moveit_msgs/srv/rename_robot_state_in_warehouse.h
[290.745s] -- Installing: /home/andre/ros2_ws/src/install/moveit_msgs/include/moveit_msgs/moveit_msgs/srv/save_map.h
[290.745s] -- Installing: /home/andre/ros2_ws/src/install/moveit_msgs/include/moveit_msgs/moveit_msgs/msg
[290.745s] -- Installing: /home/andre/ros2_ws/src/install/moveit_msgs/include/moveit_msgs/moveit_msgs/msg/object_color.h
[290.745s] -- Installing: /home/andre/ros2_ws/src/install/moveit_msgs/include/moveit_msgs/moveit_msgs/msg/link_padding.h
[290.745s] -- Installing: /home/andre/ros2_ws/src/install/moveit_msgs/include/moveit_msgs/moveit_msgs/msg/motion_sequence_request.h
[290.745s] -- Installing: /home/andre/ros2_ws/src/install/moveit_msgs/include/moveit_msgs/moveit_msgs/msg/planning_options.h
[290.745s] -- Installing: /home/andre/ros2_ws/src/install/moveit_msgs/include/moveit_msgs/moveit_msgs/msg/visibility_constraint.h
[290.745s] -- Installing: /home/andre/ros2_ws/src/install/moveit_msgs/include/moveit_msgs/moveit_msgs/msg/planning_scene_components.h
[290.746s] -- Installing: /home/andre/ros2_ws/src/install/moveit_msgs/include/moveit_msgs/moveit_msgs/msg/grasp.h
[290.746s] -- Installing: /home/andre/ros2_ws/src/install/moveit_msgs/include/moveit_msgs/moveit_msgs/msg/allowed_collision_matrix.h
[290.746s] -- Installing: /home/andre/ros2_ws/src/install/moveit_msgs/include/moveit_msgs/moveit_msgs/msg/planning_scene.h
[290.746s] -- Installing: /home/andre/ros2_ws/src/install/moveit_msgs/include/moveit_msgs/moveit_msgs/msg/motion_plan_response.h
[290.746s] -- Installing: /home/andre/ros2_ws/src/install/moveit_msgs/include/moveit_msgs/moveit_msgs/msg/link_scale.h
[290.746s] -- Installing: /home/andre/ros2_ws/src/install/moveit_msgs/include/moveit_msgs/moveit_msgs/msg/cartesian_trajectory.h
[290.746s] -- Installing: /home/andre/ros2_ws/src/install/moveit_msgs/include/moveit_msgs/moveit_msgs/msg/constraints.h
[290.746s] -- Installing: /home/andre/ros2_ws/src/install/moveit_msgs/include/moveit_msgs/moveit_msgs/msg/place_location.h
[290.746s] -- Installing: /home/andre/ros2_ws/src/install/moveit_msgs/include/moveit_msgs/moveit_msgs/msg/robot_trajectory.h
[290.746s] -- Installing: /home/andre/ros2_ws/src/install/moveit_msgs/include/moveit_msgs/moveit_msgs/msg/allowed_collision_entry.h
[290.747s] -- Installing: /home/andre/ros2_ws/src/install/moveit_msgs/include/moveit_msgs/moveit_msgs/msg/planner_interface_description.h
[290.747s] -- Installing: /home/andre/ros2_ws/src/install/moveit_msgs/include/moveit_msgs/moveit_msgs/msg/display_robot_state.h
[290.747s] -- Installing: /home/andre/ros2_ws/src/install/moveit_msgs/include/moveit_msgs/moveit_msgs/msg/cartesian_trajectory_point.h
[290.747s] -- Installing: /home/andre/ros2_ws/src/install/moveit_msgs/include/moveit_msgs/moveit_msgs/msg/planning_scene_world.h
[290.747s] -- Installing: /home/andre/ros2_ws/src/install/moveit_msgs/include/moveit_msgs/moveit_msgs/msg/oriented_bounding_box.h
[290.747s] -- Installing: /home/andre/ros2_ws/src/install/moveit_msgs/include/moveit_msgs/moveit_msgs/msg/position_ik_request.h
[290.747s] -- Installing: /home/andre/ros2_ws/src/install/moveit_msgs/include/moveit_msgs/moveit_msgs/msg/position_constraint.h
[290.747s] -- Installing: /home/andre/ros2_ws/src/install/moveit_msgs/include/moveit_msgs/moveit_msgs/msg/cost_source.h
[290.747s] -- Installing: /home/andre/ros2_ws/src/install/moveit_msgs/include/moveit_msgs/moveit_msgs/msg/motion_sequence_item.h
[290.747s] -- Installing: /home/andre/ros2_ws/src/install/moveit_msgs/include/moveit_msgs/moveit_msgs/msg/motion_plan_detailed_response.h
[290.748s] -- Installing: /home/andre/ros2_ws/src/install/moveit_msgs/include/moveit_msgs/moveit_msgs/msg/workspace_parameters.h
[290.748s] -- Installing: /home/andre/ros2_ws/src/install/moveit_msgs/include/moveit_msgs/moveit_msgs/msg/collision_object.h
[290.748s] -- Installing: /home/andre/ros2_ws/src/install/moveit_msgs/include/moveit_msgs/moveit_msgs/msg/constraint_eval_result.h
[290.748s] -- Installing: /home/andre/ros2_ws/src/install/moveit_msgs/include/moveit_msgs/moveit_msgs/msg/orientation_constraint.h
[290.748s] -- Installing: /home/andre/ros2_ws/src/install/moveit_msgs/include/moveit_msgs/moveit_msgs/msg/move_it_error_codes.h
[290.748s] -- Installing: /home/andre/ros2_ws/src/install/moveit_msgs/include/moveit_msgs/moveit_msgs/msg/motion_plan_request.h
[290.748s] -- Installing: /home/andre/ros2_ws/src/install/moveit_msgs/include/moveit_msgs/moveit_msgs/msg/attached_collision_object.h
[290.748s] -- Installing: /home/andre/ros2_ws/src/install/moveit_msgs/include/moveit_msgs/moveit_msgs/msg/gripper_translation.h
[290.748s] -- Installing: /home/andre/ros2_ws/src/install/moveit_msgs/include/moveit_msgs/moveit_msgs/msg/trajectory_constraints.h
[290.748s] -- Installing: /home/andre/ros2_ws/src/install/moveit_msgs/include/moveit_msgs/moveit_msgs/msg/rosidl_generator_c__visibility_control.h
[290.749s] -- Installing: /home/andre/ros2_ws/src/install/moveit_msgs/include/moveit_msgs/moveit_msgs/msg/contact_information.h
[290.749s] -- Installing: /home/andre/ros2_ws/src/install/moveit_msgs/include/moveit_msgs/moveit_msgs/msg/kinematic_solver_info.h
[290.749s] -- Installing: /home/andre/ros2_ws/src/install/moveit_msgs/include/moveit_msgs/moveit_msgs/msg/pipeline_state.h
[290.749s] -- Installing: /home/andre/ros2_ws/src/install/moveit_msgs/include/moveit_msgs/moveit_msgs/msg/display_trajectory.h
[290.749s] -- Installing: /home/andre/ros2_ws/src/install/moveit_msgs/include/moveit_msgs/moveit_msgs/msg/motion_sequence_response.h
[290.749s] -- Installing: /home/andre/ros2_ws/src/install/moveit_msgs/include/moveit_msgs/moveit_msgs/msg/planner_params.h
[290.749s] -- Installing: /home/andre/ros2_ws/src/install/moveit_msgs/include/moveit_msgs/moveit_msgs/msg/cartesian_point.h
[290.749s] -- Installing: /home/andre/ros2_ws/src/install/moveit_msgs/include/moveit_msgs/moveit_msgs/msg/detail
[290.749s] -- Installing: /home/andre/ros2_ws/src/install/moveit_msgs/include/moveit_msgs/moveit_msgs/msg/detail/planning_options__struct.h
[290.749s] -- Installing: /home/andre/ros2_ws/src/install/moveit_msgs/include/moveit_msgs/moveit_msgs/msg/detail/cartesian_trajectory__functions.c
[290.750s] -- Installing: /home/andre/ros2_ws/src/install/moveit_msgs/include/moveit_msgs/moveit_msgs/msg/detail/attached_collision_object__struct.h
[290.750s] -- Installing: /home/andre/ros2_ws/src/install/moveit_msgs/include/moveit_msgs/moveit_msgs/msg/detail/allowed_collision_matrix__type_support.c
[290.750s] -- Installing: /home/andre/ros2_ws/src/install/moveit_msgs/include/moveit_msgs/moveit_msgs/msg/detail/planner_params__struct.h
[290.750s] -- Installing: /home/andre/ros2_ws/src/install/moveit_msgs/include/moveit_msgs/moveit_msgs/msg/detail/motion_plan_response__type_support.c
[290.750s] -- Installing: /home/andre/ros2_ws/src/install/moveit_msgs/include/moveit_msgs/moveit_msgs/msg/detail/planning_scene__type_support.c
[290.750s] -- Installing: /home/andre/ros2_ws/src/install/moveit_msgs/include/moveit_msgs/moveit_msgs/msg/detail/kinematic_solver_info__type_support.c
[290.750s] -- Installing: /home/andre/ros2_ws/src/install/moveit_msgs/include/moveit_msgs/moveit_msgs/msg/detail/place_location__struct.h
[290.750s] -- Installing: /home/andre/ros2_ws/src/install/moveit_msgs/include/moveit_msgs/moveit_msgs/msg/detail/place_location__description.c
[290.750s] -- Installing: /home/andre/ros2_ws/src/install/moveit_msgs/include/moveit_msgs/moveit_msgs/msg/detail/workspace_parameters__type_support.c
[290.750s] -- Installing: /home/andre/ros2_ws/src/install/moveit_msgs/include/moveit_msgs/moveit_msgs/msg/detail/constraint_eval_result__description.c
[290.751s] -- Installing: /home/andre/ros2_ws/src/install/moveit_msgs/include/moveit_msgs/moveit_msgs/msg/detail/trajectory_constraints__type_support.c
[290.751s] -- Installing: /home/andre/ros2_ws/src/install/moveit_msgs/include/moveit_msgs/moveit_msgs/msg/detail/contact_information__struct.h
[290.751s] -- Installing: /home/andre/ros2_ws/src/install/moveit_msgs/include/moveit_msgs/moveit_msgs/msg/detail/motion_sequence_response__type_support.c
[290.751s] -- Installing: /home/andre/ros2_ws/src/install/moveit_msgs/include/moveit_msgs/moveit_msgs/msg/detail/contact_information__description.c
[290.751s] -- Installing: /home/andre/ros2_ws/src/install/moveit_msgs/include/moveit_msgs/moveit_msgs/msg/detail/visibility_constraint__functions.h
[290.751s] -- Installing: /home/andre/ros2_ws/src/install/moveit_msgs/include/moveit_msgs/moveit_msgs/msg/detail/oriented_bounding_box__functions.c
[290.751s] -- Installing: /home/andre/ros2_ws/src/install/moveit_msgs/include/moveit_msgs/moveit_msgs/msg/detail/planning_scene_components__functions.h
[290.751s] -- Installing: /home/andre/ros2_ws/src/install/moveit_msgs/include/moveit_msgs/moveit_msgs/msg/detail/motion_plan_detailed_response__functions.h
[290.751s] -- Installing: /home/andre/ros2_ws/src/install/moveit_msgs/include/moveit_msgs/moveit_msgs/msg/detail/constraint_eval_result__functions.h
[290.751s] -- Installing: /home/andre/ros2_ws/src/install/moveit_msgs/include/moveit_msgs/moveit_msgs/msg/detail/motion_sequence_item__struct.h
[290.752s] -- Installing: /home/andre/ros2_ws/src/install/moveit_msgs/include/moveit_msgs/moveit_msgs/msg/detail/motion_sequence_request__struct.h
[290.752s] -- Installing: /home/andre/ros2_ws/src/install/moveit_msgs/include/moveit_msgs/moveit_msgs/msg/detail/display_robot_state__functions.c
[290.752s] -- Installing: /home/andre/ros2_ws/src/install/moveit_msgs/include/moveit_msgs/moveit_msgs/msg/detail/collision_object__type_support.c
[290.752s] -- Installing: /home/andre/ros2_ws/src/install/moveit_msgs/include/moveit_msgs/moveit_msgs/msg/detail/generic_trajectory__functions.h
[290.752s] -- Installing: /home/andre/ros2_ws/src/install/moveit_msgs/include/moveit_msgs/moveit_msgs/msg/detail/position_constraint__functions.c
[290.752s] -- Installing: /home/andre/ros2_ws/src/install/moveit_msgs/include/moveit_msgs/moveit_msgs/msg/detail/attached_collision_object__description.c
[290.752s] -- Installing: /home/andre/ros2_ws/src/install/moveit_msgs/include/moveit_msgs/moveit_msgs/msg/detail/display_trajectory__type_support.c
[290.752s] -- Installing: /home/andre/ros2_ws/src/install/moveit_msgs/include/moveit_msgs/moveit_msgs/msg/detail/motion_plan_response__description.c
[290.752s] -- Installing: /home/andre/ros2_ws/src/install/moveit_msgs/include/moveit_msgs/moveit_msgs/msg/detail/trajectory_constraints__functions.c
[290.752s] -- Installing: /home/andre/ros2_ws/src/install/moveit_msgs/include/moveit_msgs/moveit_msgs/msg/detail/orientation_constraint__type_support.h
[290.753s] -- Installing: /home/andre/ros2_ws/src/install/moveit_msgs/include/moveit_msgs/moveit_msgs/msg/detail/planning_scene_components__type_support.h
[290.753s] -- Installing: /home/andre/ros2_ws/src/install/moveit_msgs/include/moveit_msgs/moveit_msgs/msg/detail/position_constraint__struct.h
[290.753s] -- Installing: /home/andre/ros2_ws/src/install/moveit_msgs/include/moveit_msgs/moveit_msgs/msg/detail/motion_plan_response__functions.h
[290.753s] -- Installing: /home/andre/ros2_ws/src/install/moveit_msgs/include/moveit_msgs/moveit_msgs/msg/detail/attached_collision_object__type_support.h
[290.753s] -- Installing: /home/andre/ros2_ws/src/install/moveit_msgs/include/moveit_msgs/moveit_msgs/msg/detail/display_trajectory__functions.c
[290.753s] -- Installing: /home/andre/ros2_ws/src/install/moveit_msgs/include/moveit_msgs/moveit_msgs/msg/detail/joint_limits__type_support.c
[290.753s] -- Installing: /home/andre/ros2_ws/src/install/moveit_msgs/include/moveit_msgs/moveit_msgs/msg/detail/workspace_parameters__functions.h
[290.753s] -- Installing: /home/andre/ros2_ws/src/install/moveit_msgs/include/moveit_msgs/moveit_msgs/msg/detail/robot_trajectory__struct.h
[290.753s] -- Installing: /home/andre/ros2_ws/src/install/moveit_msgs/include/moveit_msgs/moveit_msgs/msg/detail/allowed_collision_entry__type_support.h
[290.753s] -- Installing: /home/andre/ros2_ws/src/install/moveit_msgs/include/moveit_msgs/moveit_msgs/msg/detail/motion_sequence_request__functions.h
[290.754s] -- Installing: /home/andre/ros2_ws/src/install/moveit_msgs/include/moveit_msgs/moveit_msgs/msg/detail/motion_plan_response__functions.c
[290.754s] -- Installing: /home/andre/ros2_ws/src/install/moveit_msgs/include/moveit_msgs/moveit_msgs/msg/detail/kinematic_solver_info__functions.h
[290.754s] -- Installing: /home/andre/ros2_ws/src/install/moveit_msgs/include/moveit_msgs/moveit_msgs/msg/detail/position_ik_request__type_support.c
[290.754s] -- Installing: /home/andre/ros2_ws/src/install/moveit_msgs/include/moveit_msgs/moveit_msgs/msg/detail/link_padding__description.c
[290.754s] -- Installing: /home/andre/ros2_ws/src/install/moveit_msgs/include/moveit_msgs/moveit_msgs/msg/detail/cartesian_trajectory__functions.h
[290.754s] -- Installing: /home/andre/ros2_ws/src/install/moveit_msgs/include/moveit_msgs/moveit_msgs/msg/detail/planning_scene_components__functions.c
[290.754s] -- Installing: /home/andre/ros2_ws/src/install/moveit_msgs/include/moveit_msgs/moveit_msgs/msg/detail/planning_scene_world__struct.h
[290.754s] -- Installing: /home/andre/ros2_ws/src/install/moveit_msgs/include/moveit_msgs/moveit_msgs/msg/detail/allowed_collision_matrix__type_support.h
[290.754s] -- Installing: /home/andre/ros2_ws/src/install/moveit_msgs/include/moveit_msgs/moveit_msgs/msg/detail/planner_params__functions.c
[290.754s] -- Installing: /home/andre/ros2_ws/src/install/moveit_msgs/include/moveit_msgs/moveit_msgs/msg/detail/joint_constraint__struct.h
[290.755s] -- Installing: /home/andre/ros2_ws/src/install/moveit_msgs/include/moveit_msgs/moveit_msgs/msg/detail/allowed_collision_matrix__functions.c
[290.755s] -- Installing: /home/andre/ros2_ws/src/install/moveit_msgs/include/moveit_msgs/moveit_msgs/msg/detail/motion_sequence_request__description.c
[290.755s] -- Installing: /home/andre/ros2_ws/src/install/moveit_msgs/include/moveit_msgs/moveit_msgs/msg/detail/display_trajectory__description.c
[290.755s] -- Installing: /home/andre/ros2_ws/src/install/moveit_msgs/include/moveit_msgs/moveit_msgs/msg/detail/trajectory_constraints__functions.h
[290.755s] -- Installing: /home/andre/ros2_ws/src/install/moveit_msgs/include/moveit_msgs/moveit_msgs/msg/detail/cartesian_trajectory_point__functions.h
[290.755s] -- Installing: /home/andre/ros2_ws/src/install/moveit_msgs/include/moveit_msgs/moveit_msgs/msg/detail/robot_state__functions.h
[290.755s] -- Installing: /home/andre/ros2_ws/src/install/moveit_msgs/include/moveit_msgs/moveit_msgs/msg/detail/planning_options__functions.c
[290.755s] -- Installing: /home/andre/ros2_ws/src/install/moveit_msgs/include/moveit_msgs/moveit_msgs/msg/detail/position_constraint__type_support.c
[290.755s] -- Installing: /home/andre/ros2_ws/src/install/moveit_msgs/include/moveit_msgs/moveit_msgs/msg/detail/planning_options__type_support.h
[290.755s] -- Installing: /home/andre/ros2_ws/src/install/moveit_msgs/include/moveit_msgs/moveit_msgs/msg/detail/cost_source__type_support.c
[290.755s] -- Installing: /home/andre/ros2_ws/src/install/moveit_msgs/include/moveit_msgs/moveit_msgs/msg/detail/planning_options__type_support.c
[290.756s] -- Installing: /home/andre/ros2_ws/src/install/moveit_msgs/include/moveit_msgs/moveit_msgs/msg/detail/contact_information__functions.c
[290.756s] -- Installing: /home/andre/ros2_ws/src/install/moveit_msgs/include/moveit_msgs/moveit_msgs/msg/detail/link_padding__struct.h
[290.756s] -- Installing: /home/andre/ros2_ws/src/install/moveit_msgs/include/moveit_msgs/moveit_msgs/msg/detail/motion_sequence_request__functions.c
[290.756s] -- Installing: /home/andre/ros2_ws/src/install/moveit_msgs/include/moveit_msgs/moveit_msgs/msg/detail/object_color__functions.c
[290.756s] -- Installing: /home/andre/ros2_ws/src/install/moveit_msgs/include/moveit_msgs/moveit_msgs/msg/detail/allowed_collision_entry__struct.h
[290.756s] -- Installing: /home/andre/ros2_ws/src/install/moveit_msgs/include/moveit_msgs/moveit_msgs/msg/detail/planner_interface_description__functions.c
[290.756s] -- Installing: /home/andre/ros2_ws/src/install/moveit_msgs/include/moveit_msgs/moveit_msgs/msg/detail/constraints__description.c
[290.756s] -- Installing: /home/andre/ros2_ws/src/install/moveit_msgs/include/moveit_msgs/moveit_msgs/msg/detail/planner_params__description.c
[290.757s] -- Installing: /home/andre/ros2_ws/src/install/moveit_msgs/include/moveit_msgs/moveit_msgs/msg/detail/cost_source__functions.c
[290.757s] -- Installing: /home/andre/ros2_ws/src/install/moveit_msgs/include/moveit_msgs/moveit_msgs/msg/detail/attached_collision_object__type_support.c
[290.757s] -- Installing: /home/andre/ros2_ws/src/install/moveit_msgs/include/moveit_msgs/moveit_msgs/msg/detail/trajectory_constraints__description.c
[290.757s] -- Installing: /home/andre/ros2_ws/src/install/moveit_msgs/include/moveit_msgs/moveit_msgs/msg/detail/cartesian_trajectory_point__type_support.h
[290.757s] -- Installing: /home/andre/ros2_ws/src/install/moveit_msgs/include/moveit_msgs/moveit_msgs/msg/detail/robot_state__type_support.c
[290.757s] -- Installing: /home/andre/ros2_ws/src/install/moveit_msgs/include/moveit_msgs/moveit_msgs/msg/detail/allowed_collision_matrix__functions.h
[290.757s] -- Installing: /home/andre/ros2_ws/src/install/moveit_msgs/include/moveit_msgs/moveit_msgs/msg/detail/constraints__struct.h
[290.757s] -- Installing: /home/andre/ros2_ws/src/install/moveit_msgs/include/moveit_msgs/moveit_msgs/msg/detail/cost_source__struct.h
[290.757s] -- Installing: /home/andre/ros2_ws/src/install/moveit_msgs/include/moveit_msgs/moveit_msgs/msg/detail/collision_object__description.c
[290.757s] -- Installing: /home/andre/ros2_ws/src/install/moveit_msgs/include/moveit_msgs/moveit_msgs/msg/detail/generic_trajectory__type_support.c
[290.758s] -- Installing: /home/andre/ros2_ws/src/install/moveit_msgs/include/moveit_msgs/moveit_msgs/msg/detail/cartesian_trajectory_point__type_support.c
[290.758s] -- Installing: /home/andre/ros2_ws/src/install/moveit_msgs/include/moveit_msgs/moveit_msgs/msg/detail/cartesian_point__type_support.h
[290.758s] -- Installing: /home/andre/ros2_ws/src/install/moveit_msgs/include/moveit_msgs/moveit_msgs/msg/detail/gripper_translation__functions.c
[290.758s] -- Installing: /home/andre/ros2_ws/src/install/moveit_msgs/include/moveit_msgs/moveit_msgs/msg/detail/planner_params__type_support.h
[290.758s] -- Installing: /home/andre/ros2_ws/src/install/moveit_msgs/include/moveit_msgs/moveit_msgs/msg/detail/cartesian_point__struct.h
[290.758s] -- Installing: /home/andre/ros2_ws/src/install/moveit_msgs/include/moveit_msgs/moveit_msgs/msg/detail/move_it_error_codes__functions.c
[290.758s] -- Installing: /home/andre/ros2_ws/src/install/moveit_msgs/include/moveit_msgs/moveit_msgs/msg/detail/bounding_volume__functions.c
[290.758s] -- Installing: /home/andre/ros2_ws/src/install/moveit_msgs/include/moveit_msgs/moveit_msgs/msg/detail/visibility_constraint__struct.h
[290.758s] -- Installing: /home/andre/ros2_ws/src/install/moveit_msgs/include/moveit_msgs/moveit_msgs/msg/detail/kinematic_solver_info__struct.h
[290.758s] -- Installing: /home/andre/ros2_ws/src/install/moveit_msgs/include/moveit_msgs/moveit_msgs/msg/detail/planner_params__functions.h
[290.759s] -- Installing: /home/andre/ros2_ws/src/install/moveit_msgs/include/moveit_msgs/moveit_msgs/msg/detail/move_it_error_codes__type_support.h
[290.759s] -- Installing: /home/andre/ros2_ws/src/install/moveit_msgs/include/moveit_msgs/moveit_msgs/msg/detail/display_robot_state__type_support.h
[290.759s] -- Installing: /home/andre/ros2_ws/src/install/moveit_msgs/include/moveit_msgs/moveit_msgs/msg/detail/constraints__type_support.c
[290.759s] -- Installing: /home/andre/ros2_ws/src/install/moveit_msgs/include/moveit_msgs/moveit_msgs/msg/detail/kinematic_solver_info__functions.c
[290.759s] -- Installing: /home/andre/ros2_ws/src/install/moveit_msgs/include/moveit_msgs/moveit_msgs/msg/detail/planning_scene_world__type_support.h
[290.759s] -- Installing: /home/andre/ros2_ws/src/install/moveit_msgs/include/moveit_msgs/moveit_msgs/msg/detail/visibility_constraint__functions.c
[290.759s] -- Installing: /home/andre/ros2_ws/src/install/moveit_msgs/include/moveit_msgs/moveit_msgs/msg/detail/pipeline_state__type_support.h
[290.759s] -- Installing: /home/andre/ros2_ws/src/install/moveit_msgs/include/moveit_msgs/moveit_msgs/msg/detail/motion_plan_request__struct.h
[290.759s] -- Installing: /home/andre/ros2_ws/src/install/moveit_msgs/include/moveit_msgs/moveit_msgs/msg/detail/pipeline_state__struct.h
[290.759s] -- Installing: /home/andre/ros2_ws/src/install/moveit_msgs/include/moveit_msgs/moveit_msgs/msg/detail/collision_object__functions.h
[290.760s] -- Installing: /home/andre/ros2_ws/src/install/moveit_msgs/include/moveit_msgs/moveit_msgs/msg/detail/workspace_parameters__description.c
[290.760s] -- Installing: /home/andre/ros2_ws/src/install/moveit_msgs/include/moveit_msgs/moveit_msgs/msg/detail/planner_interface_description__description.c
[290.760s] -- Installing: /home/andre/ros2_ws/src/install/moveit_msgs/include/moveit_msgs/moveit_msgs/msg/detail/allowed_collision_entry__functions.h
[290.760s] -- Installing: /home/andre/ros2_ws/src/install/moveit_msgs/include/moveit_msgs/moveit_msgs/msg/detail/planning_scene_components__description.c
[290.760s] -- Installing: /home/andre/ros2_ws/src/install/moveit_msgs/include/moveit_msgs/moveit_msgs/msg/detail/link_scale__description.c
[290.760s] -- Installing: /home/andre/ros2_ws/src/install/moveit_msgs/include/moveit_msgs/moveit_msgs/msg/detail/position_ik_request__description.c
[290.760s] -- Installing: /home/andre/ros2_ws/src/install/moveit_msgs/include/moveit_msgs/moveit_msgs/msg/detail/pipeline_state__type_support.c
[290.760s] -- Installing: /home/andre/ros2_ws/src/install/moveit_msgs/include/moveit_msgs/moveit_msgs/msg/detail/allowed_collision_entry__type_support.c
[290.760s] -- Installing: /home/andre/ros2_ws/src/install/moveit_msgs/include/moveit_msgs/moveit_msgs/msg/detail/motion_plan_detailed_response__type_support.c
[290.760s] -- Installing: /home/andre/ros2_ws/src/install/moveit_msgs/include/moveit_msgs/moveit_msgs/msg/detail/planner_interface_description__struct.h
[290.761s] -- Installing: /home/andre/ros2_ws/src/install/moveit_msgs/include/moveit_msgs/moveit_msgs/msg/detail/bounding_volume__type_support.c
[290.761s] -- Installing: /home/andre/ros2_ws/src/install/moveit_msgs/include/moveit_msgs/moveit_msgs/msg/detail/position_constraint__type_support.h
[290.761s] -- Installing: /home/andre/ros2_ws/src/install/moveit_msgs/include/moveit_msgs/moveit_msgs/msg/detail/place_location__type_support.h
[290.761s] -- Installing: /home/andre/ros2_ws/src/install/moveit_msgs/include/moveit_msgs/moveit_msgs/msg/detail/allowed_collision_entry__description.c
[290.761s] -- Installing: /home/andre/ros2_ws/src/install/moveit_msgs/include/moveit_msgs/moveit_msgs/msg/detail/display_robot_state__description.c
[290.761s] -- Installing: /home/andre/ros2_ws/src/install/moveit_msgs/include/moveit_msgs/moveit_msgs/msg/detail/object_color__struct.h
[290.761s] -- Installing: /home/andre/ros2_ws/src/install/moveit_msgs/include/moveit_msgs/moveit_msgs/msg/detail/motion_plan_request__type_support.h
[290.761s] -- Installing: /home/andre/ros2_ws/src/install/moveit_msgs/include/moveit_msgs/moveit_msgs/msg/detail/visibility_constraint__description.c
[290.761s] -- Installing: /home/andre/ros2_ws/src/install/moveit_msgs/include/moveit_msgs/moveit_msgs/msg/detail/link_scale__type_support.c
[290.761s] -- Installing: /home/andre/ros2_ws/src/install/moveit_msgs/include/moveit_msgs/moveit_msgs/msg/detail/cost_source__type_support.h
[290.762s] -- Installing: /home/andre/ros2_ws/src/install/moveit_msgs/include/moveit_msgs/moveit_msgs/msg/detail/motion_sequence_request__type_support.c
[290.762s] -- Installing: /home/andre/ros2_ws/src/install/moveit_msgs/include/moveit_msgs/moveit_msgs/msg/detail/workspace_parameters__struct.h
[290.762s] -- Installing: /home/andre/ros2_ws/src/install/moveit_msgs/include/moveit_msgs/moveit_msgs/msg/detail/joint_constraint__description.c
[290.762s] -- Installing: /home/andre/ros2_ws/src/install/moveit_msgs/include/moveit_msgs/moveit_msgs/msg/detail/constraint_eval_result__type_support.h
[290.762s] -- Installing: /home/andre/ros2_ws/src/install/moveit_msgs/include/moveit_msgs/moveit_msgs/msg/detail/bounding_volume__type_support.h
[290.762s] -- Installing: /home/andre/ros2_ws/src/install/moveit_msgs/include/moveit_msgs/moveit_msgs/msg/detail/motion_plan_detailed_response__struct.h
[290.762s] -- Installing: /home/andre/ros2_ws/src/install/moveit_msgs/include/moveit_msgs/moveit_msgs/msg/detail/robot_trajectory__description.c
[290.762s] -- Installing: /home/andre/ros2_ws/src/install/moveit_msgs/include/moveit_msgs/moveit_msgs/msg/detail/planner_interface_description__type_support.c
[290.762s] -- Installing: /home/andre/ros2_ws/src/install/moveit_msgs/include/moveit_msgs/moveit_msgs/msg/detail/robot_trajectory__type_support.c
[290.762s] -- Installing: /home/andre/ros2_ws/src/install/moveit_msgs/include/moveit_msgs/moveit_msgs/msg/detail/position_ik_request__functions.c
[290.762s] -- Installing: /home/andre/ros2_ws/src/install/moveit_msgs/include/moveit_msgs/moveit_msgs/msg/detail/planner_interface_description__type_support.h
[290.763s] -- Installing: /home/andre/ros2_ws/src/install/moveit_msgs/include/moveit_msgs/moveit_msgs/msg/detail/grasp__struct.h
[290.763s] -- Installing: /home/andre/ros2_ws/src/install/moveit_msgs/include/moveit_msgs/moveit_msgs/msg/detail/motion_sequence_item__type_support.h
[290.763s] -- Installing: /home/andre/ros2_ws/src/install/moveit_msgs/include/moveit_msgs/moveit_msgs/msg/detail/position_ik_request__struct.h
[290.763s] -- Installing: /home/andre/ros2_ws/src/install/moveit_msgs/include/moveit_msgs/moveit_msgs/msg/detail/motion_plan_detailed_response__functions.c
[290.763s] -- Installing: /home/andre/ros2_ws/src/install/moveit_msgs/include/moveit_msgs/moveit_msgs/msg/detail/cartesian_trajectory_point__functions.c
[290.763s] -- Installing: /home/andre/ros2_ws/src/install/moveit_msgs/include/moveit_msgs/moveit_msgs/msg/detail/contact_information__type_support.c
[290.763s] -- Installing: /home/andre/ros2_ws/src/install/moveit_msgs/include/moveit_msgs/moveit_msgs/msg/detail/robot_state__functions.c
[290.763s] -- Installing: /home/andre/ros2_ws/src/install/moveit_msgs/include/moveit_msgs/moveit_msgs/msg/detail/grasp__functions.c
[290.763s] -- Installing: /home/andre/ros2_ws/src/install/moveit_msgs/include/moveit_msgs/moveit_msgs/msg/detail/cartesian_trajectory__struct.h
[290.763s] -- Installing: /home/andre/ros2_ws/src/install/moveit_msgs/include/moveit_msgs/moveit_msgs/msg/detail/planning_scene_world__type_support.c
[290.764s] -- Installing: /home/andre/ros2_ws/src/install/moveit_msgs/include/moveit_msgs/moveit_msgs/msg/detail/planning_options__description.c
[290.764s] -- Installing: /home/andre/ros2_ws/src/install/moveit_msgs/include/moveit_msgs/moveit_msgs/msg/detail/oriented_bounding_box__struct.h
[290.764s] -- Installing: /home/andre/ros2_ws/src/install/moveit_msgs/include/moveit_msgs/moveit_msgs/msg/detail/motion_plan_response__type_support.h
[290.764s] -- Installing: /home/andre/ros2_ws/src/install/moveit_msgs/include/moveit_msgs/moveit_msgs/msg/detail/generic_trajectory__type_support.h
[290.764s] -- Installing: /home/andre/ros2_ws/src/install/moveit_msgs/include/moveit_msgs/moveit_msgs/msg/detail/trajectory_constraints__struct.h
[290.764s] -- Installing: /home/andre/ros2_ws/src/install/moveit_msgs/include/moveit_msgs/moveit_msgs/msg/detail/cartesian_trajectory__description.c
[290.764s] -- Installing: /home/andre/ros2_ws/src/install/moveit_msgs/include/moveit_msgs/moveit_msgs/msg/detail/gripper_translation__functions.h
[290.764s] -- Installing: /home/andre/ros2_ws/src/install/moveit_msgs/include/moveit_msgs/moveit_msgs/msg/detail/allowed_collision_matrix__struct.h
[290.764s] -- Installing: /home/andre/ros2_ws/src/install/moveit_msgs/include/moveit_msgs/moveit_msgs/msg/detail/bounding_volume__description.c
[290.764s] -- Installing: /home/andre/ros2_ws/src/install/moveit_msgs/include/moveit_msgs/moveit_msgs/msg/detail/constraint_eval_result__type_support.c
[290.765s] -- Installing: /home/andre/ros2_ws/src/install/moveit_msgs/include/moveit_msgs/moveit_msgs/msg/detail/planning_scene__description.c
[290.765s] -- Installing: /home/andre/ros2_ws/src/install/moveit_msgs/include/moveit_msgs/moveit_msgs/msg/detail/cartesian_point__type_support.c
[290.765s] -- Installing: /home/andre/ros2_ws/src/install/moveit_msgs/include/moveit_msgs/moveit_msgs/msg/detail/collision_object__functions.c
[290.765s] -- Installing: /home/andre/ros2_ws/src/install/moveit_msgs/include/moveit_msgs/moveit_msgs/msg/detail/servo_status__functions.c
[290.765s] -- Installing: /home/andre/ros2_ws/src/install/moveit_msgs/include/moveit_msgs/moveit_msgs/msg/detail/constraint_eval_result__functions.c
[290.765s] -- Installing: /home/andre/ros2_ws/src/install/moveit_msgs/include/moveit_msgs/moveit_msgs/msg/detail/cartesian_point__functions.h
[290.765s] -- Installing: /home/andre/ros2_ws/src/install/moveit_msgs/include/moveit_msgs/moveit_msgs/msg/detail/joint_limits__struct.h
[290.765s] -- Installing: /home/andre/ros2_ws/src/install/moveit_msgs/include/moveit_msgs/moveit_msgs/msg/detail/cartesian_trajectory_point__struct.h
[290.765s] -- Installing: /home/andre/ros2_ws/src/install/moveit_msgs/include/moveit_msgs/moveit_msgs/msg/detail/move_it_error_codes__struct.h
[290.765s] -- Installing: /home/andre/ros2_ws/src/install/moveit_msgs/include/moveit_msgs/moveit_msgs/msg/detail/display_robot_state__struct.h
[290.766s] -- Installing: /home/andre/ros2_ws/src/install/moveit_msgs/include/moveit_msgs/moveit_msgs/msg/detail/motion_sequence_item__functions.h
[290.766s] -- Installing: /home/andre/ros2_ws/src/install/moveit_msgs/include/moveit_msgs/moveit_msgs/msg/detail/link_padding__functions.c
[290.766s] -- Installing: /home/andre/ros2_ws/src/install/moveit_msgs/include/moveit_msgs/moveit_msgs/msg/detail/visibility_constraint__type_support.h
[290.766s] -- Installing: /home/andre/ros2_ws/src/install/moveit_msgs/include/moveit_msgs/moveit_msgs/msg/detail/constraints__functions.h
[290.766s] -- Installing: /home/andre/ros2_ws/src/install/moveit_msgs/include/moveit_msgs/moveit_msgs/msg/detail/motion_plan_response__struct.h
[290.766s] -- Installing: /home/andre/ros2_ws/src/install/moveit_msgs/include/moveit_msgs/moveit_msgs/msg/detail/cartesian_trajectory__type_support.h
[290.766s] -- Installing: /home/andre/ros2_ws/src/install/moveit_msgs/include/moveit_msgs/moveit_msgs/msg/detail/move_it_error_codes__type_support.c
[290.766s] -- Installing: /home/andre/ros2_ws/src/install/moveit_msgs/include/moveit_msgs/moveit_msgs/msg/detail/planning_scene_world__description.c
[290.766s] -- Installing: /home/andre/ros2_ws/src/install/moveit_msgs/include/moveit_msgs/moveit_msgs/msg/detail/link_scale__functions.h
[290.766s] -- Installing: /home/andre/ros2_ws/src/install/moveit_msgs/include/moveit_msgs/moveit_msgs/msg/detail/gripper_translation__description.c
[290.767s] -- Installing: /home/andre/ros2_ws/src/install/moveit_msgs/include/moveit_msgs/moveit_msgs/msg/detail/pipeline_state__functions.h
[290.767s] -- Installing: /home/andre/ros2_ws/src/install/moveit_msgs/include/moveit_msgs/moveit_msgs/msg/detail/servo_status__type_support.h
[290.767s] -- Installing: /home/andre/ros2_ws/src/install/moveit_msgs/include/moveit_msgs/moveit_msgs/msg/detail/joint_limits__functions.c
[290.767s] -- Installing: /home/andre/ros2_ws/src/install/moveit_msgs/include/moveit_msgs/moveit_msgs/msg/detail/move_it_error_codes__description.c
[290.767s] -- Installing: /home/andre/ros2_ws/src/install/moveit_msgs/include/moveit_msgs/moveit_msgs/msg/detail/gripper_translation__type_support.c
[290.767s] -- Installing: /home/andre/ros2_ws/src/install/moveit_msgs/include/moveit_msgs/moveit_msgs/msg/detail/planning_options__functions.h
[290.767s] -- Installing: /home/andre/ros2_ws/src/install/moveit_msgs/include/moveit_msgs/moveit_msgs/msg/detail/planning_scene_components__type_support.c
[290.767s] -- Installing: /home/andre/ros2_ws/src/install/moveit_msgs/include/moveit_msgs/moveit_msgs/msg/detail/planning_scene__struct.h
[290.767s] -- Installing: /home/andre/ros2_ws/src/install/moveit_msgs/include/moveit_msgs/moveit_msgs/msg/detail/oriented_bounding_box__functions.h
[290.767s] -- Installing: /home/andre/ros2_ws/src/install/moveit_msgs/include/moveit_msgs/moveit_msgs/msg/detail/display_robot_state__functions.h
[290.768s] -- Installing: /home/andre/ros2_ws/src/install/moveit_msgs/include/moveit_msgs/moveit_msgs/msg/detail/place_location__functions.h
[290.768s] -- Installing: /home/andre/ros2_ws/src/install/moveit_msgs/include/moveit_msgs/moveit_msgs/msg/detail/motion_sequence_response__type_support.h
[290.768s] -- Installing: /home/andre/ros2_ws/src/install/moveit_msgs/include/moveit_msgs/moveit_msgs/msg/detail/generic_trajectory__functions.c
[290.768s] -- Installing: /home/andre/ros2_ws/src/install/moveit_msgs/include/moveit_msgs/moveit_msgs/msg/detail/link_scale__functions.c
[290.768s] -- Installing: /home/andre/ros2_ws/src/install/moveit_msgs/include/moveit_msgs/moveit_msgs/msg/detail/position_constraint__functions.h
[290.768s] -- Installing: /home/andre/ros2_ws/src/install/moveit_msgs/include/moveit_msgs/moveit_msgs/msg/detail/planning_scene_world__functions.c
[290.768s] -- Installing: /home/andre/ros2_ws/src/install/moveit_msgs/include/moveit_msgs/moveit_msgs/msg/detail/visibility_constraint__type_support.c
[290.768s] -- Installing: /home/andre/ros2_ws/src/install/moveit_msgs/include/moveit_msgs/moveit_msgs/msg/detail/servo_status__struct.h
[290.768s] -- Installing: /home/andre/ros2_ws/src/install/moveit_msgs/include/moveit_msgs/moveit_msgs/msg/detail/robot_state__description.c
[290.768s] -- Installing: /home/andre/ros2_ws/src/install/moveit_msgs/include/moveit_msgs/moveit_msgs/msg/detail/cartesian_trajectory_point__description.c
[290.769s] -- Installing: /home/andre/ros2_ws/src/install/moveit_msgs/include/moveit_msgs/moveit_msgs/msg/detail/gripper_translation__struct.h
[290.769s] -- Installing: /home/andre/ros2_ws/src/install/moveit_msgs/include/moveit_msgs/moveit_msgs/msg/detail/display_trajectory__type_support.h
[290.769s] -- Installing: /home/andre/ros2_ws/src/install/moveit_msgs/include/moveit_msgs/moveit_msgs/msg/detail/contact_information__functions.h
[290.769s] -- Installing: /home/andre/ros2_ws/src/install/moveit_msgs/include/moveit_msgs/moveit_msgs/msg/detail/motion_sequence_item__functions.c
[290.769s] -- Installing: /home/andre/ros2_ws/src/install/moveit_msgs/include/moveit_msgs/moveit_msgs/msg/detail/place_location__type_support.c
[290.769s] -- Installing: /home/andre/ros2_ws/src/install/moveit_msgs/include/moveit_msgs/moveit_msgs/msg/detail/link_scale__type_support.h
[290.769s] -- Installing: /home/andre/ros2_ws/src/install/moveit_msgs/include/moveit_msgs/moveit_msgs/msg/detail/bounding_volume__functions.h
[290.769s] -- Installing: /home/andre/ros2_ws/src/install/moveit_msgs/include/moveit_msgs/moveit_msgs/msg/detail/constraints__type_support.h
[290.769s] -- Installing: /home/andre/ros2_ws/src/install/moveit_msgs/include/moveit_msgs/moveit_msgs/msg/detail/planning_scene_components__struct.h
[290.769s] -- Installing: /home/andre/ros2_ws/src/install/moveit_msgs/include/moveit_msgs/moveit_msgs/msg/detail/robot_state__struct.h
[290.770s] -- Installing: /home/andre/ros2_ws/src/install/moveit_msgs/include/moveit_msgs/moveit_msgs/msg/detail/link_padding__functions.h
[290.770s] -- Installing: /home/andre/ros2_ws/src/install/moveit_msgs/include/moveit_msgs/moveit_msgs/msg/detail/position_ik_request__functions.h
[290.770s] -- Installing: /home/andre/ros2_ws/src/install/moveit_msgs/include/moveit_msgs/moveit_msgs/msg/detail/servo_status__type_support.c
[290.770s] -- Installing: /home/andre/ros2_ws/src/install/moveit_msgs/include/moveit_msgs/moveit_msgs/msg/detail/joint_constraint__type_support.h
[290.770s] -- Installing: /home/andre/ros2_ws/src/install/moveit_msgs/include/moveit_msgs/moveit_msgs/msg/detail/position_constraint__description.c
[290.770s] -- Installing: /home/andre/ros2_ws/src/install/moveit_msgs/include/moveit_msgs/moveit_msgs/msg/detail/oriented_bounding_box__type_support.c
[290.770s] -- Installing: /home/andre/ros2_ws/src/install/moveit_msgs/include/moveit_msgs/moveit_msgs/msg/detail/orientation_constraint__functions.c
[290.770s] -- Installing: /home/andre/ros2_ws/src/install/moveit_msgs/include/moveit_msgs/moveit_msgs/msg/detail/motion_sequence_response__description.c
[290.770s] -- Installing: /home/andre/ros2_ws/src/install/moveit_msgs/include/moveit_msgs/moveit_msgs/msg/detail/object_color__type_support.c
[290.770s] -- Installing: /home/andre/ros2_ws/src/install/moveit_msgs/include/moveit_msgs/moveit_msgs/msg/detail/cartesian_point__description.c
[290.770s] -- Installing: /home/andre/ros2_ws/src/install/moveit_msgs/include/moveit_msgs/moveit_msgs/msg/detail/grasp__type_support.c
[290.771s] -- Installing: /home/andre/ros2_ws/src/install/moveit_msgs/include/moveit_msgs/moveit_msgs/msg/detail/place_location__functions.c
[290.771s] -- Installing: /home/andre/ros2_ws/src/install/moveit_msgs/include/moveit_msgs/moveit_msgs/msg/detail/planner_params__type_support.c
[290.771s] -- Installing: /home/andre/ros2_ws/src/install/moveit_msgs/include/moveit_msgs/moveit_msgs/msg/detail/planning_scene__functions.h
[290.771s] -- Installing: /home/andre/ros2_ws/src/install/moveit_msgs/include/moveit_msgs/moveit_msgs/msg/detail/display_robot_state__type_support.c
[290.771s] -- Installing: /home/andre/ros2_ws/src/install/moveit_msgs/include/moveit_msgs/moveit_msgs/msg/detail/motion_plan_request__description.c
[290.771s] -- Installing: /home/andre/ros2_ws/src/install/moveit_msgs/include/moveit_msgs/moveit_msgs/msg/detail/display_trajectory__struct.h
[290.771s] -- Installing: /home/andre/ros2_ws/src/install/moveit_msgs/include/moveit_msgs/moveit_msgs/msg/detail/pipeline_state__description.c
[290.771s] -- Installing: /home/andre/ros2_ws/src/install/moveit_msgs/include/moveit_msgs/moveit_msgs/msg/detail/link_padding__type_support.c
[290.771s] -- Installing: /home/andre/ros2_ws/src/install/moveit_msgs/include/moveit_msgs/moveit_msgs/msg/detail/planning_scene__type_support.h
[290.772s] -- Installing: /home/andre/ros2_ws/src/install/moveit_msgs/include/moveit_msgs/moveit_msgs/msg/detail/cost_source__functions.h
[290.772s] -- Installing: /home/andre/ros2_ws/src/install/moveit_msgs/include/moveit_msgs/moveit_msgs/msg/detail/planner_interface_description__functions.h
[290.772s] -- Installing: /home/andre/ros2_ws/src/install/moveit_msgs/include/moveit_msgs/moveit_msgs/msg/detail/motion_sequence_response__functions.h
[290.772s] -- Installing: /home/andre/ros2_ws/src/install/moveit_msgs/include/moveit_msgs/moveit_msgs/msg/detail/pipeline_state__functions.c
[290.772s] -- Installing: /home/andre/ros2_ws/src/install/moveit_msgs/include/moveit_msgs/moveit_msgs/msg/detail/workspace_parameters__type_support.h
[290.772s] -- Installing: /home/andre/ros2_ws/src/install/moveit_msgs/include/moveit_msgs/moveit_msgs/msg/detail/generic_trajectory__struct.h
[290.772s] -- Installing: /home/andre/ros2_ws/src/install/moveit_msgs/include/moveit_msgs/moveit_msgs/msg/detail/joint_limits__type_support.h
[290.772s] -- Installing: /home/andre/ros2_ws/src/install/moveit_msgs/include/moveit_msgs/moveit_msgs/msg/detail/servo_status__functions.h
[290.772s] -- Installing: /home/andre/ros2_ws/src/install/moveit_msgs/include/moveit_msgs/moveit_msgs/msg/detail/move_it_error_codes__functions.h
[290.772s] -- Installing: /home/andre/ros2_ws/src/install/moveit_msgs/include/moveit_msgs/moveit_msgs/msg/detail/motion_sequence_response__functions.c
[290.773s] -- Installing: /home/andre/ros2_ws/src/install/moveit_msgs/include/moveit_msgs/moveit_msgs/msg/detail/allowed_collision_entry__functions.c
[290.773s] -- Installing: /home/andre/ros2_ws/src/install/moveit_msgs/include/moveit_msgs/moveit_msgs/msg/detail/motion_sequence_response__struct.h
[290.773s] -- Installing: /home/andre/ros2_ws/src/install/moveit_msgs/include/moveit_msgs/moveit_msgs/msg/detail/object_color__functions.h
[290.773s] -- Installing: /home/andre/ros2_ws/src/install/moveit_msgs/include/moveit_msgs/moveit_msgs/msg/detail/grasp__description.c
[290.773s] -- Installing: /home/andre/ros2_ws/src/install/moveit_msgs/include/moveit_msgs/moveit_msgs/msg/detail/robot_trajectory__type_support.h
[290.773s] -- Installing: /home/andre/ros2_ws/src/install/moveit_msgs/include/moveit_msgs/moveit_msgs/msg/detail/object_color__description.c
[290.773s] -- Installing: /home/andre/ros2_ws/src/install/moveit_msgs/include/moveit_msgs/moveit_msgs/msg/detail/servo_status__description.c
[290.773s] -- Installing: /home/andre/ros2_ws/src/install/moveit_msgs/include/moveit_msgs/moveit_msgs/msg/detail/cartesian_trajectory__type_support.c
[290.773s] -- Installing: /home/andre/ros2_ws/src/install/moveit_msgs/include/moveit_msgs/moveit_msgs/msg/detail/robot_trajectory__functions.h
[290.773s] -- Installing: /home/andre/ros2_ws/src/install/moveit_msgs/include/moveit_msgs/moveit_msgs/msg/detail/motion_sequence_request__type_support.h
[290.774s] -- Installing: /home/andre/ros2_ws/src/install/moveit_msgs/include/moveit_msgs/moveit_msgs/msg/detail/workspace_parameters__functions.c
[290.774s] -- Installing: /home/andre/ros2_ws/src/install/moveit_msgs/include/moveit_msgs/moveit_msgs/msg/detail/oriented_bounding_box__type_support.h
[290.774s] -- Installing: /home/andre/ros2_ws/src/install/moveit_msgs/include/moveit_msgs/moveit_msgs/msg/detail/gripper_translation__type_support.h
[290.774s] -- Installing: /home/andre/ros2_ws/src/install/moveit_msgs/include/moveit_msgs/moveit_msgs/msg/detail/motion_plan_detailed_response__description.c
[290.774s] -- Installing: /home/andre/ros2_ws/src/install/moveit_msgs/include/moveit_msgs/moveit_msgs/msg/detail/attached_collision_object__functions.c
[290.774s] -- Installing: /home/andre/ros2_ws/src/install/moveit_msgs/include/moveit_msgs/moveit_msgs/msg/detail/joint_limits__description.c
[290.774s] -- Installing: /home/andre/ros2_ws/src/install/moveit_msgs/include/moveit_msgs/moveit_msgs/msg/detail/allowed_collision_matrix__description.c
[290.774s] -- Installing: /home/andre/ros2_ws/src/install/moveit_msgs/include/moveit_msgs/moveit_msgs/msg/detail/position_ik_request__type_support.h
[290.774s] -- Installing: /home/andre/ros2_ws/src/install/moveit_msgs/include/moveit_msgs/moveit_msgs/msg/detail/cartesian_point__functions.c
[290.775s] -- Installing: /home/andre/ros2_ws/src/install/moveit_msgs/include/moveit_msgs/moveit_msgs/msg/detail/robot_trajectory__functions.c
[290.775s] -- Installing: /home/andre/ros2_ws/src/install/moveit_msgs/include/moveit_msgs/moveit_msgs/msg/detail/joint_constraint__type_support.c
[290.775s] -- Installing: /home/andre/ros2_ws/src/install/moveit_msgs/include/moveit_msgs/moveit_msgs/msg/detail/joint_constraint__functions.c
[290.775s] -- Installing: /home/andre/ros2_ws/src/install/moveit_msgs/include/moveit_msgs/moveit_msgs/msg/detail/planning_scene__functions.c
[290.775s] -- Installing: /home/andre/ros2_ws/src/install/moveit_msgs/include/moveit_msgs/moveit_msgs/msg/detail/orientation_constraint__type_support.c
[290.775s] -- Installing: /home/andre/ros2_ws/src/install/moveit_msgs/include/moveit_msgs/moveit_msgs/msg/detail/cost_source__description.c
[290.775s] -- Installing: /home/andre/ros2_ws/src/install/moveit_msgs/include/moveit_msgs/moveit_msgs/msg/detail/planning_scene_world__functions.h
[290.775s] -- Installing: /home/andre/ros2_ws/src/install/moveit_msgs/include/moveit_msgs/moveit_msgs/msg/detail/collision_object__struct.h
[290.775s] -- Installing: /home/andre/ros2_ws/src/install/moveit_msgs/include/moveit_msgs/moveit_msgs/msg/detail/grasp__functions.h
[290.776s] -- Installing: /home/andre/ros2_ws/src/install/moveit_msgs/include/moveit_msgs/moveit_msgs/msg/detail/joint_constraint__functions.h
[290.776s] -- Installing: /home/andre/ros2_ws/src/install/moveit_msgs/include/moveit_msgs/moveit_msgs/msg/detail/motion_sequence_item__description.c
[290.776s] -- Installing: /home/andre/ros2_ws/src/install/moveit_msgs/include/moveit_msgs/moveit_msgs/msg/detail/contact_information__type_support.h
[290.776s] -- Installing: /home/andre/ros2_ws/src/install/moveit_msgs/include/moveit_msgs/moveit_msgs/msg/detail/collision_object__type_support.h
[290.776s] -- Installing: /home/andre/ros2_ws/src/install/moveit_msgs/include/moveit_msgs/moveit_msgs/msg/detail/robot_state__type_support.h
[290.776s] -- Installing: /home/andre/ros2_ws/src/install/moveit_msgs/include/moveit_msgs/moveit_msgs/msg/detail/motion_sequence_item__type_support.c
[290.776s] -- Installing: /home/andre/ros2_ws/src/install/moveit_msgs/include/moveit_msgs/moveit_msgs/msg/detail/kinematic_solver_info__type_support.h
[290.776s] -- Installing: /home/andre/ros2_ws/src/install/moveit_msgs/include/moveit_msgs/moveit_msgs/msg/detail/display_trajectory__functions.h
[290.776s] -- Installing: /home/andre/ros2_ws/src/install/moveit_msgs/include/moveit_msgs/moveit_msgs/msg/detail/orientation_constraint__struct.h
[290.777s] -- Installing: /home/andre/ros2_ws/src/install/moveit_msgs/include/moveit_msgs/moveit_msgs/msg/detail/motion_plan_request__functions.h
[290.777s] -- Installing: /home/andre/ros2_ws/src/install/moveit_msgs/include/moveit_msgs/moveit_msgs/msg/detail/attached_collision_object__functions.h
[290.777s] -- Installing: /home/andre/ros2_ws/src/install/moveit_msgs/include/moveit_msgs/moveit_msgs/msg/detail/joint_limits__functions.h
[290.777s] -- Installing: /home/andre/ros2_ws/src/install/moveit_msgs/include/moveit_msgs/moveit_msgs/msg/detail/motion_plan_request__type_support.c
[290.777s] -- Installing: /home/andre/ros2_ws/src/install/moveit_msgs/include/moveit_msgs/moveit_msgs/msg/detail/motion_plan_request__functions.c
[290.777s] -- Installing: /home/andre/ros2_ws/src/install/moveit_msgs/include/moveit_msgs/moveit_msgs/msg/detail/oriented_bounding_box__description.c
[290.777s] -- Installing: /home/andre/ros2_ws/src/install/moveit_msgs/include/moveit_msgs/moveit_msgs/msg/detail/generic_trajectory__description.c
[290.777s] -- Installing: /home/andre/ros2_ws/src/install/moveit_msgs/include/moveit_msgs/moveit_msgs/msg/detail/object_color__type_support.h
[290.777s] -- Installing: /home/andre/ros2_ws/src/install/moveit_msgs/include/moveit_msgs/moveit_msgs/msg/detail/constraint_eval_result__struct.h
[290.778s] -- Installing: /home/andre/ros2_ws/src/install/moveit_msgs/include/moveit_msgs/moveit_msgs/msg/detail/link_scale__struct.h
[290.778s] -- Installing: /home/andre/ros2_ws/src/install/moveit_msgs/include/moveit_msgs/moveit_msgs/msg/detail/grasp__type_support.h
[290.778s] -- Installing: /home/andre/ros2_ws/src/install/moveit_msgs/include/moveit_msgs/moveit_msgs/msg/detail/constraints__functions.c
[290.778s] -- Installing: /home/andre/ros2_ws/src/install/moveit_msgs/include/moveit_msgs/moveit_msgs/msg/detail/link_padding__type_support.h
[290.778s] -- Installing: /home/andre/ros2_ws/src/install/moveit_msgs/include/moveit_msgs/moveit_msgs/msg/detail/kinematic_solver_info__description.c
[290.778s] -- Installing: /home/andre/ros2_ws/src/install/moveit_msgs/include/moveit_msgs/moveit_msgs/msg/detail/orientation_constraint__description.c
[290.778s] -- Installing: /home/andre/ros2_ws/src/install/moveit_msgs/include/moveit_msgs/moveit_msgs/msg/detail/motion_plan_detailed_response__type_support.h
[290.778s] -- Installing: /home/andre/ros2_ws/src/install/moveit_msgs/include/moveit_msgs/moveit_msgs/msg/detail/bounding_volume__struct.h
[290.778s] -- Installing: /home/andre/ros2_ws/src/install/moveit_msgs/include/moveit_msgs/moveit_msgs/msg/detail/trajectory_constraints__type_support.h
[290.779s] -- Installing: /home/andre/ros2_ws/src/install/moveit_msgs/include/moveit_msgs/moveit_msgs/msg/detail/orientation_constraint__functions.h
[290.779s] -- Installing: /home/andre/ros2_ws/src/install/moveit_msgs/include/moveit_msgs/moveit_msgs/msg/joint_limits.h
[290.779s] -- Installing: /home/andre/ros2_ws/src/install/moveit_msgs/include/moveit_msgs/moveit_msgs/msg/bounding_volume.h
[290.779s] -- Installing: /home/andre/ros2_ws/src/install/moveit_msgs/include/moveit_msgs/moveit_msgs/msg/servo_status.h
[290.779s] -- Installing: /home/andre/ros2_ws/src/install/moveit_msgs/include/moveit_msgs/moveit_msgs/msg/joint_constraint.h
[290.779s] -- Installing: /home/andre/ros2_ws/src/install/moveit_msgs/include/moveit_msgs/moveit_msgs/msg/robot_state.h
[290.779s] -- Installing: /home/andre/ros2_ws/src/install/moveit_msgs/include/moveit_msgs/moveit_msgs/msg/generic_trajectory.h
[290.779s] -- Installing: /home/andre/ros2_ws/src/install/moveit_msgs/share/moveit_msgs/environment/library_path.sh
[290.780s] -- Installing: /home/andre/ros2_ws/src/install/moveit_msgs/share/moveit_msgs/environment/library_path.dsv
[290.780s] -- Installing: /home/andre/ros2_ws/src/install/moveit_msgs/lib/libmoveit_msgs__rosidl_generator_c.so
[290.783s] -- Set non-toolchain portion of runtime path of "/home/andre/ros2_ws/src/install/moveit_msgs/lib/libmoveit_msgs__rosidl_generator_c.so" to ""
[290.783s] -- Up-to-date: /home/andre/ros2_ws/src/install/moveit_msgs/include/moveit_msgs/moveit_msgs
[290.783s] -- Up-to-date: /home/andre/ros2_ws/src/install/moveit_msgs/include/moveit_msgs/moveit_msgs/action
[290.783s] -- Up-to-date: /home/andre/ros2_ws/src/install/moveit_msgs/include/moveit_msgs/moveit_msgs/action/detail
[290.783s] -- Installing: /home/andre/ros2_ws/src/install/moveit_msgs/include/moveit_msgs/moveit_msgs/action/detail/pickup__rosidl_typesupport_fastrtps_c.h
[290.783s] -- Installing: /home/andre/ros2_ws/src/install/moveit_msgs/include/moveit_msgs/moveit_msgs/action/detail/place__rosidl_typesupport_fastrtps_c.h
[290.783s] -- Installing: /home/andre/ros2_ws/src/install/moveit_msgs/include/moveit_msgs/moveit_msgs/action/detail/execute_trajectory__rosidl_typesupport_fastrtps_c.h
[290.784s] -- Installing: /home/andre/ros2_ws/src/install/moveit_msgs/include/moveit_msgs/moveit_msgs/action/detail/local_planner__rosidl_typesupport_fastrtps_c.h
[290.784s] -- Installing: /home/andre/ros2_ws/src/install/moveit_msgs/include/moveit_msgs/moveit_msgs/action/detail/global_planner__rosidl_typesupport_fastrtps_c.h
[290.784s] -- Installing: /home/andre/ros2_ws/src/install/moveit_msgs/include/moveit_msgs/moveit_msgs/action/detail/move_group_sequence__rosidl_typesupport_fastrtps_c.h
[290.784s] -- Installing: /home/andre/ros2_ws/src/install/moveit_msgs/include/moveit_msgs/moveit_msgs/action/detail/hybrid_planner__rosidl_typesupport_fastrtps_c.h
[290.784s] -- Installing: /home/andre/ros2_ws/src/install/moveit_msgs/include/moveit_msgs/moveit_msgs/action/detail/move_group__rosidl_typesupport_fastrtps_c.h
[290.784s] -- Up-to-date: /home/andre/ros2_ws/src/install/moveit_msgs/include/moveit_msgs/moveit_msgs/srv
[290.784s] -- Up-to-date: /home/andre/ros2_ws/src/install/moveit_msgs/include/moveit_msgs/moveit_msgs/srv/detail
[290.784s] -- Installing: /home/andre/ros2_ws/src/install/moveit_msgs/include/moveit_msgs/moveit_msgs/srv/detail/save_geometry_to_file__rosidl_typesupport_fastrtps_c.h
[290.784s] -- Installing: /home/andre/ros2_ws/src/install/moveit_msgs/include/moveit_msgs/moveit_msgs/srv/detail/delete_robot_state_from_warehouse__rosidl_typesupport_fastrtps_c.h
[290.784s] -- Installing: /home/andre/ros2_ws/src/install/moveit_msgs/include/moveit_msgs/moveit_msgs/srv/detail/get_group_urdf__rosidl_typesupport_fastrtps_c.h
[290.785s] -- Installing: /home/andre/ros2_ws/src/install/moveit_msgs/include/moveit_msgs/moveit_msgs/srv/detail/get_cartesian_path__rosidl_typesupport_fastrtps_c.h
[290.785s] -- Installing: /home/andre/ros2_ws/src/install/moveit_msgs/include/moveit_msgs/moveit_msgs/srv/detail/servo_command_type__rosidl_typesupport_fastrtps_c.h
[290.785s] -- Installing: /home/andre/ros2_ws/src/install/moveit_msgs/include/moveit_msgs/moveit_msgs/srv/detail/get_state_validity__rosidl_typesupport_fastrtps_c.h
[290.785s] -- Installing: /home/andre/ros2_ws/src/install/moveit_msgs/include/moveit_msgs/moveit_msgs/srv/detail/get_multi_state_validity__rosidl_typesupport_fastrtps_c.h
[290.785s] -- Installing: /home/andre/ros2_ws/src/install/moveit_msgs/include/moveit_msgs/moveit_msgs/srv/detail/get_position_fk__rosidl_typesupport_fastrtps_c.h
[290.785s] -- Installing: /home/andre/ros2_ws/src/install/moveit_msgs/include/moveit_msgs/moveit_msgs/srv/detail/update_pointcloud_octomap__rosidl_typesupport_fastrtps_c.h
[290.785s] -- Installing: /home/andre/ros2_ws/src/install/moveit_msgs/include/moveit_msgs/moveit_msgs/srv/detail/get_position_ik__rosidl_typesupport_fastrtps_c.h
[290.785s] -- Installing: /home/andre/ros2_ws/src/install/moveit_msgs/include/moveit_msgs/moveit_msgs/srv/detail/load_map__rosidl_typesupport_fastrtps_c.h
[290.785s] -- Installing: /home/andre/ros2_ws/src/install/moveit_msgs/include/moveit_msgs/moveit_msgs/srv/detail/rename_robot_state_in_warehouse__rosidl_typesupport_fastrtps_c.h
[290.785s] -- Installing: /home/andre/ros2_ws/src/install/moveit_msgs/include/moveit_msgs/moveit_msgs/srv/detail/load_geometry_from_file__rosidl_typesupport_fastrtps_c.h
[290.786s] -- Installing: /home/andre/ros2_ws/src/install/moveit_msgs/include/moveit_msgs/moveit_msgs/srv/detail/get_motion_plan__rosidl_typesupport_fastrtps_c.h
[290.786s] -- Installing: /home/andre/ros2_ws/src/install/moveit_msgs/include/moveit_msgs/moveit_msgs/srv/detail/get_motion_sequence__rosidl_typesupport_fastrtps_c.h
[290.786s] -- Installing: /home/andre/ros2_ws/src/install/moveit_msgs/include/moveit_msgs/moveit_msgs/srv/detail/grasp_planning__rosidl_typesupport_fastrtps_c.h
[290.786s] -- Installing: /home/andre/ros2_ws/src/install/moveit_msgs/include/moveit_msgs/moveit_msgs/srv/detail/get_robot_state_from_warehouse__rosidl_typesupport_fastrtps_c.h
[290.786s] -- Installing: /home/andre/ros2_ws/src/install/moveit_msgs/include/moveit_msgs/moveit_msgs/srv/detail/apply_planning_scene__rosidl_typesupport_fastrtps_c.h
[290.786s] -- Installing: /home/andre/ros2_ws/src/install/moveit_msgs/include/moveit_msgs/moveit_msgs/srv/detail/check_if_robot_state_exists_in_warehouse__rosidl_typesupport_fastrtps_c.h
[290.786s] -- Installing: /home/andre/ros2_ws/src/install/moveit_msgs/include/moveit_msgs/moveit_msgs/srv/detail/save_robot_state_to_warehouse__rosidl_typesupport_fastrtps_c.h
[290.786s] -- Installing: /home/andre/ros2_ws/src/install/moveit_msgs/include/moveit_msgs/moveit_msgs/srv/detail/get_planning_scene__rosidl_typesupport_fastrtps_c.h
[290.786s] -- Installing: /home/andre/ros2_ws/src/install/moveit_msgs/include/moveit_msgs/moveit_msgs/srv/detail/query_planner_interfaces__rosidl_typesupport_fastrtps_c.h
[290.786s] -- Installing: /home/andre/ros2_ws/src/install/moveit_msgs/include/moveit_msgs/moveit_msgs/srv/detail/set_planner_params__rosidl_typesupport_fastrtps_c.h
[290.787s] -- Installing: /home/andre/ros2_ws/src/install/moveit_msgs/include/moveit_msgs/moveit_msgs/srv/detail/list_robot_states_in_warehouse__rosidl_typesupport_fastrtps_c.h
[290.787s] -- Installing: /home/andre/ros2_ws/src/install/moveit_msgs/include/moveit_msgs/moveit_msgs/srv/detail/get_planner_params__rosidl_typesupport_fastrtps_c.h
[290.787s] -- Installing: /home/andre/ros2_ws/src/install/moveit_msgs/include/moveit_msgs/moveit_msgs/srv/detail/save_map__rosidl_typesupport_fastrtps_c.h
[290.787s] -- Up-to-date: /home/andre/ros2_ws/src/install/moveit_msgs/include/moveit_msgs/moveit_msgs/msg
[290.787s] -- Up-to-date: /home/andre/ros2_ws/src/install/moveit_msgs/include/moveit_msgs/moveit_msgs/msg/detail
[290.787s] -- Installing: /home/andre/ros2_ws/src/install/moveit_msgs/include/moveit_msgs/moveit_msgs/msg/detail/allowed_collision_matrix__rosidl_typesupport_fastrtps_c.h
[290.787s] -- Installing: /home/andre/ros2_ws/src/install/moveit_msgs/include/moveit_msgs/moveit_msgs/msg/detail/constraint_eval_result__rosidl_typesupport_fastrtps_c.h
[290.787s] -- Installing: /home/andre/ros2_ws/src/install/moveit_msgs/include/moveit_msgs/moveit_msgs/msg/detail/planner_interface_description__rosidl_typesupport_fastrtps_c.h
[290.787s] -- Installing: /home/andre/ros2_ws/src/install/moveit_msgs/include/moveit_msgs/moveit_msgs/msg/detail/cartesian_point__rosidl_typesupport_fastrtps_c.h
[290.787s] -- Installing: /home/andre/ros2_ws/src/install/moveit_msgs/include/moveit_msgs/moveit_msgs/msg/detail/motion_sequence_request__rosidl_typesupport_fastrtps_c.h
[290.788s] -- Installing: /home/andre/ros2_ws/src/install/moveit_msgs/include/moveit_msgs/moveit_msgs/msg/detail/display_robot_state__rosidl_typesupport_fastrtps_c.h
[290.788s] -- Installing: /home/andre/ros2_ws/src/install/moveit_msgs/include/moveit_msgs/moveit_msgs/msg/detail/motion_plan_response__rosidl_typesupport_fastrtps_c.h
[290.788s] -- Installing: /home/andre/ros2_ws/src/install/moveit_msgs/include/moveit_msgs/moveit_msgs/msg/detail/robot_state__rosidl_typesupport_fastrtps_c.h
[290.788s] -- Installing: /home/andre/ros2_ws/src/install/moveit_msgs/include/moveit_msgs/moveit_msgs/msg/detail/motion_plan_detailed_response__rosidl_typesupport_fastrtps_c.h
[290.788s] -- Installing: /home/andre/ros2_ws/src/install/moveit_msgs/include/moveit_msgs/moveit_msgs/msg/detail/motion_plan_request__rosidl_typesupport_fastrtps_c.h
[290.788s] -- Installing: /home/andre/ros2_ws/src/install/moveit_msgs/include/moveit_msgs/moveit_msgs/msg/detail/visibility_constraint__rosidl_typesupport_fastrtps_c.h
[290.788s] -- Installing: /home/andre/ros2_ws/src/install/moveit_msgs/include/moveit_msgs/moveit_msgs/msg/detail/joint_constraint__rosidl_typesupport_fastrtps_c.h
[290.788s] -- Installing: /home/andre/ros2_ws/src/install/moveit_msgs/include/moveit_msgs/moveit_msgs/msg/detail/orientation_constraint__rosidl_typesupport_fastrtps_c.h
[290.788s] -- Installing: /home/andre/ros2_ws/src/install/moveit_msgs/include/moveit_msgs/moveit_msgs/msg/detail/servo_status__rosidl_typesupport_fastrtps_c.h
[290.789s] -- Installing: /home/andre/ros2_ws/src/install/moveit_msgs/include/moveit_msgs/moveit_msgs/msg/detail/joint_limits__rosidl_typesupport_fastrtps_c.h
[290.789s] -- Installing: /home/andre/ros2_ws/src/install/moveit_msgs/include/moveit_msgs/moveit_msgs/msg/detail/planning_scene__rosidl_typesupport_fastrtps_c.h
[290.789s] -- Installing: /home/andre/ros2_ws/src/install/moveit_msgs/include/moveit_msgs/moveit_msgs/msg/detail/cost_source__rosidl_typesupport_fastrtps_c.h
[290.789s] -- Installing: /home/andre/ros2_ws/src/install/moveit_msgs/include/moveit_msgs/moveit_msgs/msg/detail/oriented_bounding_box__rosidl_typesupport_fastrtps_c.h
[290.789s] -- Installing: /home/andre/ros2_ws/src/install/moveit_msgs/include/moveit_msgs/moveit_msgs/msg/detail/kinematic_solver_info__rosidl_typesupport_fastrtps_c.h
[290.789s] -- Installing: /home/andre/ros2_ws/src/install/moveit_msgs/include/moveit_msgs/moveit_msgs/msg/detail/workspace_parameters__rosidl_typesupport_fastrtps_c.h
[290.789s] -- Installing: /home/andre/ros2_ws/src/install/moveit_msgs/include/moveit_msgs/moveit_msgs/msg/detail/position_ik_request__rosidl_typesupport_fastrtps_c.h
[290.789s] -- Installing: /home/andre/ros2_ws/src/install/moveit_msgs/include/moveit_msgs/moveit_msgs/msg/detail/constraints__rosidl_typesupport_fastrtps_c.h
[290.789s] -- Installing: /home/andre/ros2_ws/src/install/moveit_msgs/include/moveit_msgs/moveit_msgs/msg/detail/bounding_volume__rosidl_typesupport_fastrtps_c.h
[290.789s] -- Installing: /home/andre/ros2_ws/src/install/moveit_msgs/include/moveit_msgs/moveit_msgs/msg/detail/object_color__rosidl_typesupport_fastrtps_c.h
[290.790s] -- Installing: /home/andre/ros2_ws/src/install/moveit_msgs/include/moveit_msgs/moveit_msgs/msg/detail/planner_params__rosidl_typesupport_fastrtps_c.h
[290.790s] -- Installing: /home/andre/ros2_ws/src/install/moveit_msgs/include/moveit_msgs/moveit_msgs/msg/detail/collision_object__rosidl_typesupport_fastrtps_c.h
[290.790s] -- Installing: /home/andre/ros2_ws/src/install/moveit_msgs/include/moveit_msgs/moveit_msgs/msg/detail/robot_trajectory__rosidl_typesupport_fastrtps_c.h
[290.790s] -- Installing: /home/andre/ros2_ws/src/install/moveit_msgs/include/moveit_msgs/moveit_msgs/msg/detail/planning_scene_components__rosidl_typesupport_fastrtps_c.h
[290.790s] -- Installing: /home/andre/ros2_ws/src/install/moveit_msgs/include/moveit_msgs/moveit_msgs/msg/detail/attached_collision_object__rosidl_typesupport_fastrtps_c.h
[290.790s] -- Installing: /home/andre/ros2_ws/src/install/moveit_msgs/include/moveit_msgs/moveit_msgs/msg/detail/trajectory_constraints__rosidl_typesupport_fastrtps_c.h
[290.790s] -- Installing: /home/andre/ros2_ws/src/install/moveit_msgs/include/moveit_msgs/moveit_msgs/msg/detail/generic_trajectory__rosidl_typesupport_fastrtps_c.h
[290.790s] -- Installing: /home/andre/ros2_ws/src/install/moveit_msgs/include/moveit_msgs/moveit_msgs/msg/detail/motion_sequence_response__rosidl_typesupport_fastrtps_c.h
[290.790s] -- Installing: /home/andre/ros2_ws/src/install/moveit_msgs/include/moveit_msgs/moveit_msgs/msg/detail/position_constraint__rosidl_typesupport_fastrtps_c.h
[290.790s] -- Installing: /home/andre/ros2_ws/src/install/moveit_msgs/include/moveit_msgs/moveit_msgs/msg/detail/contact_information__rosidl_typesupport_fastrtps_c.h
[290.791s] -- Installing: /home/andre/ros2_ws/src/install/moveit_msgs/include/moveit_msgs/moveit_msgs/msg/detail/link_padding__rosidl_typesupport_fastrtps_c.h
[290.791s] -- Installing: /home/andre/ros2_ws/src/install/moveit_msgs/include/moveit_msgs/moveit_msgs/msg/detail/gripper_translation__rosidl_typesupport_fastrtps_c.h
[290.791s] -- Installing: /home/andre/ros2_ws/src/install/moveit_msgs/include/moveit_msgs/moveit_msgs/msg/detail/cartesian_trajectory_point__rosidl_typesupport_fastrtps_c.h
[290.791s] -- Installing: /home/andre/ros2_ws/src/install/moveit_msgs/include/moveit_msgs/moveit_msgs/msg/detail/planning_options__rosidl_typesupport_fastrtps_c.h
[290.791s] -- Installing: /home/andre/ros2_ws/src/install/moveit_msgs/include/moveit_msgs/moveit_msgs/msg/detail/pipeline_state__rosidl_typesupport_fastrtps_c.h
[290.791s] -- Installing: /home/andre/ros2_ws/src/install/moveit_msgs/include/moveit_msgs/moveit_msgs/msg/detail/move_it_error_codes__rosidl_typesupport_fastrtps_c.h
[290.791s] -- Installing: /home/andre/ros2_ws/src/install/moveit_msgs/include/moveit_msgs/moveit_msgs/msg/detail/link_scale__rosidl_typesupport_fastrtps_c.h
[290.791s] -- Installing: /home/andre/ros2_ws/src/install/moveit_msgs/include/moveit_msgs/moveit_msgs/msg/detail/motion_sequence_item__rosidl_typesupport_fastrtps_c.h
[290.791s] -- Installing: /home/andre/ros2_ws/src/install/moveit_msgs/include/moveit_msgs/moveit_msgs/msg/detail/cartesian_trajectory__rosidl_typesupport_fastrtps_c.h
[290.791s] -- Installing: /home/andre/ros2_ws/src/install/moveit_msgs/include/moveit_msgs/moveit_msgs/msg/detail/planning_scene_world__rosidl_typesupport_fastrtps_c.h
[290.792s] -- Installing: /home/andre/ros2_ws/src/install/moveit_msgs/include/moveit_msgs/moveit_msgs/msg/detail/grasp__rosidl_typesupport_fastrtps_c.h
[290.792s] -- Installing: /home/andre/ros2_ws/src/install/moveit_msgs/include/moveit_msgs/moveit_msgs/msg/detail/place_location__rosidl_typesupport_fastrtps_c.h
[290.792s] -- Installing: /home/andre/ros2_ws/src/install/moveit_msgs/include/moveit_msgs/moveit_msgs/msg/detail/display_trajectory__rosidl_typesupport_fastrtps_c.h
[290.792s] -- Installing: /home/andre/ros2_ws/src/install/moveit_msgs/include/moveit_msgs/moveit_msgs/msg/detail/allowed_collision_entry__rosidl_typesupport_fastrtps_c.h
[290.792s] -- Installing: /home/andre/ros2_ws/src/install/moveit_msgs/include/moveit_msgs/moveit_msgs/msg/rosidl_typesupport_fastrtps_c__visibility_control.h
[290.792s] -- Installing: /home/andre/ros2_ws/src/install/moveit_msgs/lib/libmoveit_msgs__rosidl_typesupport_fastrtps_c.so
[290.793s] -- Set non-toolchain portion of runtime path of "/home/andre/ros2_ws/src/install/moveit_msgs/lib/libmoveit_msgs__rosidl_typesupport_fastrtps_c.so" to ""
[290.793s] -- Up-to-date: /home/andre/ros2_ws/src/install/moveit_msgs/include/moveit_msgs/moveit_msgs
[290.793s] -- Up-to-date: /home/andre/ros2_ws/src/install/moveit_msgs/include/moveit_msgs/moveit_msgs/action
[290.794s] -- Up-to-date: /home/andre/ros2_ws/src/install/moveit_msgs/include/moveit_msgs/moveit_msgs/action/detail
[290.794s] -- Installing: /home/andre/ros2_ws/src/install/moveit_msgs/include/moveit_msgs/moveit_msgs/action/detail/execute_trajectory__type_support.c
[290.794s] -- Installing: /home/andre/ros2_ws/src/install/moveit_msgs/include/moveit_msgs/moveit_msgs/action/detail/global_planner__rosidl_typesupport_introspection_c.h
[290.794s] -- Installing: /home/andre/ros2_ws/src/install/moveit_msgs/include/moveit_msgs/moveit_msgs/action/detail/place__rosidl_typesupport_introspection_c.h
[290.794s] -- Installing: /home/andre/ros2_ws/src/install/moveit_msgs/include/moveit_msgs/moveit_msgs/action/detail/move_group_sequence__rosidl_typesupport_introspection_c.h
[290.794s] -- Installing: /home/andre/ros2_ws/src/install/moveit_msgs/include/moveit_msgs/moveit_msgs/action/detail/pickup__rosidl_typesupport_introspection_c.h
[290.794s] -- Installing: /home/andre/ros2_ws/src/install/moveit_msgs/include/moveit_msgs/moveit_msgs/action/detail/hybrid_planner__type_support.c
[290.794s] -- Installing: /home/andre/ros2_ws/src/install/moveit_msgs/include/moveit_msgs/moveit_msgs/action/detail/move_group__type_support.c
[290.794s] -- Installing: /home/andre/ros2_ws/src/install/moveit_msgs/include/moveit_msgs/moveit_msgs/action/detail/global_planner__type_support.c
[290.795s] -- Installing: /home/andre/ros2_ws/src/install/moveit_msgs/include/moveit_msgs/moveit_msgs/action/detail/move_group_sequence__type_support.c
[290.795s] -- Installing: /home/andre/ros2_ws/src/install/moveit_msgs/include/moveit_msgs/moveit_msgs/action/detail/hybrid_planner__rosidl_typesupport_introspection_c.h
[290.795s] -- Installing: /home/andre/ros2_ws/src/install/moveit_msgs/include/moveit_msgs/moveit_msgs/action/detail/pickup__type_support.c
[290.795s] -- Installing: /home/andre/ros2_ws/src/install/moveit_msgs/include/moveit_msgs/moveit_msgs/action/detail/place__type_support.c
[290.795s] -- Installing: /home/andre/ros2_ws/src/install/moveit_msgs/include/moveit_msgs/moveit_msgs/action/detail/local_planner__type_support.c
[290.795s] -- Installing: /home/andre/ros2_ws/src/install/moveit_msgs/include/moveit_msgs/moveit_msgs/action/detail/local_planner__rosidl_typesupport_introspection_c.h
[290.796s] -- Installing: /home/andre/ros2_ws/src/install/moveit_msgs/include/moveit_msgs/moveit_msgs/action/detail/execute_trajectory__rosidl_typesupport_introspection_c.h
[290.796s] -- Installing: /home/andre/ros2_ws/src/install/moveit_msgs/include/moveit_msgs/moveit_msgs/action/detail/move_group__rosidl_typesupport_introspection_c.h
[290.796s] -- Up-to-date: /home/andre/ros2_ws/src/install/moveit_msgs/include/moveit_msgs/moveit_msgs/srv
[290.796s] -- Up-to-date: /home/andre/ros2_ws/src/install/moveit_msgs/include/moveit_msgs/moveit_msgs/srv/detail
[290.796s] -- Installing: /home/andre/ros2_ws/src/install/moveit_msgs/include/moveit_msgs/moveit_msgs/srv/detail/get_state_validity__rosidl_typesupport_introspection_c.h
[290.796s] -- Installing: /home/andre/ros2_ws/src/install/moveit_msgs/include/moveit_msgs/moveit_msgs/srv/detail/grasp_planning__rosidl_typesupport_introspection_c.h
[290.796s] -- Installing: /home/andre/ros2_ws/src/install/moveit_msgs/include/moveit_msgs/moveit_msgs/srv/detail/get_cartesian_path__rosidl_typesupport_introspection_c.h
[290.796s] -- Installing: /home/andre/ros2_ws/src/install/moveit_msgs/include/moveit_msgs/moveit_msgs/srv/detail/save_map__rosidl_typesupport_introspection_c.h
[290.796s] -- Installing: /home/andre/ros2_ws/src/install/moveit_msgs/include/moveit_msgs/moveit_msgs/srv/detail/update_pointcloud_octomap__rosidl_typesupport_introspection_c.h
[290.796s] -- Installing: /home/andre/ros2_ws/src/install/moveit_msgs/include/moveit_msgs/moveit_msgs/srv/detail/get_motion_sequence__rosidl_typesupport_introspection_c.h
[290.797s] -- Installing: /home/andre/ros2_ws/src/install/moveit_msgs/include/moveit_msgs/moveit_msgs/srv/detail/query_planner_interfaces__type_support.c
[290.797s] -- Installing: /home/andre/ros2_ws/src/install/moveit_msgs/include/moveit_msgs/moveit_msgs/srv/detail/get_planning_scene__rosidl_typesupport_introspection_c.h
[290.797s] -- Installing: /home/andre/ros2_ws/src/install/moveit_msgs/include/moveit_msgs/moveit_msgs/srv/detail/load_map__type_support.c
[290.797s] -- Installing: /home/andre/ros2_ws/src/install/moveit_msgs/include/moveit_msgs/moveit_msgs/srv/detail/get_position_fk__rosidl_typesupport_introspection_c.h
[290.797s] -- Installing: /home/andre/ros2_ws/src/install/moveit_msgs/include/moveit_msgs/moveit_msgs/srv/detail/rename_robot_state_in_warehouse__rosidl_typesupport_introspection_c.h
[290.797s] -- Installing: /home/andre/ros2_ws/src/install/moveit_msgs/include/moveit_msgs/moveit_msgs/srv/detail/get_motion_plan__rosidl_typesupport_introspection_c.h
[290.797s] -- Installing: /home/andre/ros2_ws/src/install/moveit_msgs/include/moveit_msgs/moveit_msgs/srv/detail/delete_robot_state_from_warehouse__type_support.c
[290.797s] -- Installing: /home/andre/ros2_ws/src/install/moveit_msgs/include/moveit_msgs/moveit_msgs/srv/detail/rename_robot_state_in_warehouse__type_support.c
[290.797s] -- Installing: /home/andre/ros2_ws/src/install/moveit_msgs/include/moveit_msgs/moveit_msgs/srv/detail/get_robot_state_from_warehouse__rosidl_typesupport_introspection_c.h
[290.797s] -- Installing: /home/andre/ros2_ws/src/install/moveit_msgs/include/moveit_msgs/moveit_msgs/srv/detail/get_state_validity__type_support.c
[290.798s] -- Installing: /home/andre/ros2_ws/src/install/moveit_msgs/include/moveit_msgs/moveit_msgs/srv/detail/save_robot_state_to_warehouse__rosidl_typesupport_introspection_c.h
[290.798s] -- Installing: /home/andre/ros2_ws/src/install/moveit_msgs/include/moveit_msgs/moveit_msgs/srv/detail/get_group_urdf__type_support.c
[290.798s] -- Installing: /home/andre/ros2_ws/src/install/moveit_msgs/include/moveit_msgs/moveit_msgs/srv/detail/load_map__rosidl_typesupport_introspection_c.h
[290.798s] -- Installing: /home/andre/ros2_ws/src/install/moveit_msgs/include/moveit_msgs/moveit_msgs/srv/detail/check_if_robot_state_exists_in_warehouse__rosidl_typesupport_introspection_c.h
[290.798s] -- Installing: /home/andre/ros2_ws/src/install/moveit_msgs/include/moveit_msgs/moveit_msgs/srv/detail/get_position_ik__type_support.c
[290.798s] -- Installing: /home/andre/ros2_ws/src/install/moveit_msgs/include/moveit_msgs/moveit_msgs/srv/detail/list_robot_states_in_warehouse__type_support.c
[290.798s] -- Installing: /home/andre/ros2_ws/src/install/moveit_msgs/include/moveit_msgs/moveit_msgs/srv/detail/save_robot_state_to_warehouse__type_support.c
[290.798s] -- Installing: /home/andre/ros2_ws/src/install/moveit_msgs/include/moveit_msgs/moveit_msgs/srv/detail/get_position_ik__rosidl_typesupport_introspection_c.h
[290.799s] -- Installing: /home/andre/ros2_ws/src/install/moveit_msgs/include/moveit_msgs/moveit_msgs/srv/detail/query_planner_interfaces__rosidl_typesupport_introspection_c.h
[290.799s] -- Installing: /home/andre/ros2_ws/src/install/moveit_msgs/include/moveit_msgs/moveit_msgs/srv/detail/get_motion_plan__type_support.c
[290.799s] -- Installing: /home/andre/ros2_ws/src/install/moveit_msgs/include/moveit_msgs/moveit_msgs/srv/detail/servo_command_type__type_support.c
[290.799s] -- Installing: /home/andre/ros2_ws/src/install/moveit_msgs/include/moveit_msgs/moveit_msgs/srv/detail/get_multi_state_validity__rosidl_typesupport_introspection_c.h
[290.799s] -- Installing: /home/andre/ros2_ws/src/install/moveit_msgs/include/moveit_msgs/moveit_msgs/srv/detail/delete_robot_state_from_warehouse__rosidl_typesupport_introspection_c.h
[290.799s] -- Installing: /home/andre/ros2_ws/src/install/moveit_msgs/include/moveit_msgs/moveit_msgs/srv/detail/load_geometry_from_file__type_support.c
[290.799s] -- Installing: /home/andre/ros2_ws/src/install/moveit_msgs/include/moveit_msgs/moveit_msgs/srv/detail/set_planner_params__rosidl_typesupport_introspection_c.h
[290.799s] -- Installing: /home/andre/ros2_ws/src/install/moveit_msgs/include/moveit_msgs/moveit_msgs/srv/detail/set_planner_params__type_support.c
[290.799s] -- Installing: /home/andre/ros2_ws/src/install/moveit_msgs/include/moveit_msgs/moveit_msgs/srv/detail/get_position_fk__type_support.c
[290.800s] -- Installing: /home/andre/ros2_ws/src/install/moveit_msgs/include/moveit_msgs/moveit_msgs/srv/detail/servo_command_type__rosidl_typesupport_introspection_c.h
[290.800s] -- Installing: /home/andre/ros2_ws/src/install/moveit_msgs/include/moveit_msgs/moveit_msgs/srv/detail/load_geometry_from_file__rosidl_typesupport_introspection_c.h
[290.800s] -- Installing: /home/andre/ros2_ws/src/install/moveit_msgs/include/moveit_msgs/moveit_msgs/srv/detail/apply_planning_scene__type_support.c
[290.800s] -- Installing: /home/andre/ros2_ws/src/install/moveit_msgs/include/moveit_msgs/moveit_msgs/srv/detail/save_geometry_to_file__rosidl_typesupport_introspection_c.h
[290.800s] -- Installing: /home/andre/ros2_ws/src/install/moveit_msgs/include/moveit_msgs/moveit_msgs/srv/detail/update_pointcloud_octomap__type_support.c
[290.800s] -- Installing: /home/andre/ros2_ws/src/install/moveit_msgs/include/moveit_msgs/moveit_msgs/srv/detail/save_map__type_support.c
[290.800s] -- Installing: /home/andre/ros2_ws/src/install/moveit_msgs/include/moveit_msgs/moveit_msgs/srv/detail/get_motion_sequence__type_support.c
[290.800s] -- Installing: /home/andre/ros2_ws/src/install/moveit_msgs/include/moveit_msgs/moveit_msgs/srv/detail/get_group_urdf__rosidl_typesupport_introspection_c.h
[290.800s] -- Installing: /home/andre/ros2_ws/src/install/moveit_msgs/include/moveit_msgs/moveit_msgs/srv/detail/list_robot_states_in_warehouse__rosidl_typesupport_introspection_c.h
[290.801s] -- Installing: /home/andre/ros2_ws/src/install/moveit_msgs/include/moveit_msgs/moveit_msgs/srv/detail/get_cartesian_path__type_support.c
[290.801s] -- Installing: /home/andre/ros2_ws/src/install/moveit_msgs/include/moveit_msgs/moveit_msgs/srv/detail/apply_planning_scene__rosidl_typesupport_introspection_c.h
[290.801s] -- Installing: /home/andre/ros2_ws/src/install/moveit_msgs/include/moveit_msgs/moveit_msgs/srv/detail/grasp_planning__type_support.c
[290.801s] -- Installing: /home/andre/ros2_ws/src/install/moveit_msgs/include/moveit_msgs/moveit_msgs/srv/detail/get_planning_scene__type_support.c
[290.801s] -- Installing: /home/andre/ros2_ws/src/install/moveit_msgs/include/moveit_msgs/moveit_msgs/srv/detail/get_robot_state_from_warehouse__type_support.c
[290.801s] -- Installing: /home/andre/ros2_ws/src/install/moveit_msgs/include/moveit_msgs/moveit_msgs/srv/detail/save_geometry_to_file__type_support.c
[290.801s] -- Installing: /home/andre/ros2_ws/src/install/moveit_msgs/include/moveit_msgs/moveit_msgs/srv/detail/check_if_robot_state_exists_in_warehouse__type_support.c
[290.802s] -- Installing: /home/andre/ros2_ws/src/install/moveit_msgs/include/moveit_msgs/moveit_msgs/srv/detail/get_planner_params__rosidl_typesupport_introspection_c.h
[290.802s] -- Installing: /home/andre/ros2_ws/src/install/moveit_msgs/include/moveit_msgs/moveit_msgs/srv/detail/get_multi_state_validity__type_support.c
[290.802s] -- Installing: /home/andre/ros2_ws/src/install/moveit_msgs/include/moveit_msgs/moveit_msgs/srv/detail/get_planner_params__type_support.c
[290.802s] -- Up-to-date: /home/andre/ros2_ws/src/install/moveit_msgs/include/moveit_msgs/moveit_msgs/msg
[290.802s] -- Installing: /home/andre/ros2_ws/src/install/moveit_msgs/include/moveit_msgs/moveit_msgs/msg/rosidl_typesupport_introspection_c__visibility_control.h
[290.802s] -- Up-to-date: /home/andre/ros2_ws/src/install/moveit_msgs/include/moveit_msgs/moveit_msgs/msg/detail
[290.802s] -- Installing: /home/andre/ros2_ws/src/install/moveit_msgs/include/moveit_msgs/moveit_msgs/msg/detail/planning_options__rosidl_typesupport_introspection_c.h
[290.802s] -- Installing: /home/andre/ros2_ws/src/install/moveit_msgs/include/moveit_msgs/moveit_msgs/msg/detail/allowed_collision_matrix__type_support.c
[290.802s] -- Installing: /home/andre/ros2_ws/src/install/moveit_msgs/include/moveit_msgs/moveit_msgs/msg/detail/motion_plan_response__type_support.c
[290.802s] -- Installing: /home/andre/ros2_ws/src/install/moveit_msgs/include/moveit_msgs/moveit_msgs/msg/detail/planning_scene__type_support.c
[290.803s] -- Installing: /home/andre/ros2_ws/src/install/moveit_msgs/include/moveit_msgs/moveit_msgs/msg/detail/kinematic_solver_info__type_support.c
[290.803s] -- Installing: /home/andre/ros2_ws/src/install/moveit_msgs/include/moveit_msgs/moveit_msgs/msg/detail/workspace_parameters__type_support.c
[290.803s] -- Installing: /home/andre/ros2_ws/src/install/moveit_msgs/include/moveit_msgs/moveit_msgs/msg/detail/trajectory_constraints__type_support.c
[290.803s] -- Installing: /home/andre/ros2_ws/src/install/moveit_msgs/include/moveit_msgs/moveit_msgs/msg/detail/motion_sequence_response__type_support.c
[290.803s] -- Installing: /home/andre/ros2_ws/src/install/moveit_msgs/include/moveit_msgs/moveit_msgs/msg/detail/joint_limits__rosidl_typesupport_introspection_c.h
[290.803s] -- Installing: /home/andre/ros2_ws/src/install/moveit_msgs/include/moveit_msgs/moveit_msgs/msg/detail/display_trajectory__rosidl_typesupport_introspection_c.h
[290.803s] -- Installing: /home/andre/ros2_ws/src/install/moveit_msgs/include/moveit_msgs/moveit_msgs/msg/detail/collision_object__type_support.c
[290.803s] -- Installing: /home/andre/ros2_ws/src/install/moveit_msgs/include/moveit_msgs/moveit_msgs/msg/detail/joint_constraint__rosidl_typesupport_introspection_c.h
[290.803s] -- Installing: /home/andre/ros2_ws/src/install/moveit_msgs/include/moveit_msgs/moveit_msgs/msg/detail/display_trajectory__type_support.c
[290.804s] -- Installing: /home/andre/ros2_ws/src/install/moveit_msgs/include/moveit_msgs/moveit_msgs/msg/detail/orientation_constraint__rosidl_typesupport_introspection_c.h
[290.804s] -- Installing: /home/andre/ros2_ws/src/install/moveit_msgs/include/moveit_msgs/moveit_msgs/msg/detail/joint_limits__type_support.c
[290.804s] -- Installing: /home/andre/ros2_ws/src/install/moveit_msgs/include/moveit_msgs/moveit_msgs/msg/detail/object_color__rosidl_typesupport_introspection_c.h
[290.804s] -- Installing: /home/andre/ros2_ws/src/install/moveit_msgs/include/moveit_msgs/moveit_msgs/msg/detail/position_ik_request__type_support.c
[290.804s] -- Installing: /home/andre/ros2_ws/src/install/moveit_msgs/include/moveit_msgs/moveit_msgs/msg/detail/cartesian_trajectory_point__rosidl_typesupport_introspection_c.h
[290.804s] -- Installing: /home/andre/ros2_ws/src/install/moveit_msgs/include/moveit_msgs/moveit_msgs/msg/detail/position_constraint__type_support.c
[290.804s] -- Installing: /home/andre/ros2_ws/src/install/moveit_msgs/include/moveit_msgs/moveit_msgs/msg/detail/robot_trajectory__rosidl_typesupport_introspection_c.h
[290.804s] -- Installing: /home/andre/ros2_ws/src/install/moveit_msgs/include/moveit_msgs/moveit_msgs/msg/detail/cost_source__type_support.c
[290.804s] -- Installing: /home/andre/ros2_ws/src/install/moveit_msgs/include/moveit_msgs/moveit_msgs/msg/detail/planning_options__type_support.c
[290.805s] -- Installing: /home/andre/ros2_ws/src/install/moveit_msgs/include/moveit_msgs/moveit_msgs/msg/detail/kinematic_solver_info__rosidl_typesupport_introspection_c.h
[290.805s] -- Installing: /home/andre/ros2_ws/src/install/moveit_msgs/include/moveit_msgs/moveit_msgs/msg/detail/workspace_parameters__rosidl_typesupport_introspection_c.h
[290.805s] -- Installing: /home/andre/ros2_ws/src/install/moveit_msgs/include/moveit_msgs/moveit_msgs/msg/detail/attached_collision_object__type_support.c
[290.805s] -- Installing: /home/andre/ros2_ws/src/install/moveit_msgs/include/moveit_msgs/moveit_msgs/msg/detail/robot_state__type_support.c
[290.805s] -- Installing: /home/andre/ros2_ws/src/install/moveit_msgs/include/moveit_msgs/moveit_msgs/msg/detail/generic_trajectory__type_support.c
[290.805s] -- Installing: /home/andre/ros2_ws/src/install/moveit_msgs/include/moveit_msgs/moveit_msgs/msg/detail/cartesian_trajectory_point__type_support.c
[290.805s] -- Installing: /home/andre/ros2_ws/src/install/moveit_msgs/include/moveit_msgs/moveit_msgs/msg/detail/move_it_error_codes__rosidl_typesupport_introspection_c.h
[290.805s] -- Installing: /home/andre/ros2_ws/src/install/moveit_msgs/include/moveit_msgs/moveit_msgs/msg/detail/display_robot_state__rosidl_typesupport_introspection_c.h
[290.805s] -- Installing: /home/andre/ros2_ws/src/install/moveit_msgs/include/moveit_msgs/moveit_msgs/msg/detail/motion_plan_detailed_response__rosidl_typesupport_introspection_c.h
[290.805s] -- Installing: /home/andre/ros2_ws/src/install/moveit_msgs/include/moveit_msgs/moveit_msgs/msg/detail/link_padding__rosidl_typesupport_introspection_c.h
[290.806s] -- Installing: /home/andre/ros2_ws/src/install/moveit_msgs/include/moveit_msgs/moveit_msgs/msg/detail/constraints__type_support.c
[290.806s] -- Installing: /home/andre/ros2_ws/src/install/moveit_msgs/include/moveit_msgs/moveit_msgs/msg/detail/place_location__rosidl_typesupport_introspection_c.h
[290.806s] -- Installing: /home/andre/ros2_ws/src/install/moveit_msgs/include/moveit_msgs/moveit_msgs/msg/detail/pipeline_state__type_support.c
[290.806s] -- Installing: /home/andre/ros2_ws/src/install/moveit_msgs/include/moveit_msgs/moveit_msgs/msg/detail/allowed_collision_entry__type_support.c
[290.806s] -- Installing: /home/andre/ros2_ws/src/install/moveit_msgs/include/moveit_msgs/moveit_msgs/msg/detail/motion_plan_detailed_response__type_support.c
[290.806s] -- Installing: /home/andre/ros2_ws/src/install/moveit_msgs/include/moveit_msgs/moveit_msgs/msg/detail/planning_scene_world__rosidl_typesupport_introspection_c.h
[290.806s] -- Installing: /home/andre/ros2_ws/src/install/moveit_msgs/include/moveit_msgs/moveit_msgs/msg/detail/bounding_volume__type_support.c
[290.806s] -- Installing: /home/andre/ros2_ws/src/install/moveit_msgs/include/moveit_msgs/moveit_msgs/msg/detail/collision_object__rosidl_typesupport_introspection_c.h
[290.806s] -- Installing: /home/andre/ros2_ws/src/install/moveit_msgs/include/moveit_msgs/moveit_msgs/msg/detail/link_scale__type_support.c
[290.807s] -- Installing: /home/andre/ros2_ws/src/install/moveit_msgs/include/moveit_msgs/moveit_msgs/msg/detail/motion_sequence_request__rosidl_typesupport_introspection_c.h
[290.807s] -- Installing: /home/andre/ros2_ws/src/install/moveit_msgs/include/moveit_msgs/moveit_msgs/msg/detail/motion_sequence_request__type_support.c
[290.807s] -- Installing: /home/andre/ros2_ws/src/install/moveit_msgs/include/moveit_msgs/moveit_msgs/msg/detail/contact_information__rosidl_typesupport_introspection_c.h
[290.807s] -- Installing: /home/andre/ros2_ws/src/install/moveit_msgs/include/moveit_msgs/moveit_msgs/msg/detail/bounding_volume__rosidl_typesupport_introspection_c.h
[290.807s] -- Installing: /home/andre/ros2_ws/src/install/moveit_msgs/include/moveit_msgs/moveit_msgs/msg/detail/planner_interface_description__type_support.c
[290.807s] -- Installing: /home/andre/ros2_ws/src/install/moveit_msgs/include/moveit_msgs/moveit_msgs/msg/detail/robot_trajectory__type_support.c
[290.807s] -- Installing: /home/andre/ros2_ws/src/install/moveit_msgs/include/moveit_msgs/moveit_msgs/msg/detail/constraint_eval_result__rosidl_typesupport_introspection_c.h
[290.807s] -- Installing: /home/andre/ros2_ws/src/install/moveit_msgs/include/moveit_msgs/moveit_msgs/msg/detail/contact_information__type_support.c
[290.807s] -- Installing: /home/andre/ros2_ws/src/install/moveit_msgs/include/moveit_msgs/moveit_msgs/msg/detail/planning_scene_world__type_support.c
[290.807s] -- Installing: /home/andre/ros2_ws/src/install/moveit_msgs/include/moveit_msgs/moveit_msgs/msg/detail/link_scale__rosidl_typesupport_introspection_c.h
[290.808s] -- Installing: /home/andre/ros2_ws/src/install/moveit_msgs/include/moveit_msgs/moveit_msgs/msg/detail/servo_status__rosidl_typesupport_introspection_c.h
[290.808s] -- Installing: /home/andre/ros2_ws/src/install/moveit_msgs/include/moveit_msgs/moveit_msgs/msg/detail/constraint_eval_result__type_support.c
[290.808s] -- Installing: /home/andre/ros2_ws/src/install/moveit_msgs/include/moveit_msgs/moveit_msgs/msg/detail/cartesian_point__type_support.c
[290.808s] -- Installing: /home/andre/ros2_ws/src/install/moveit_msgs/include/moveit_msgs/moveit_msgs/msg/detail/motion_sequence_item__rosidl_typesupport_introspection_c.h
[290.808s] -- Installing: /home/andre/ros2_ws/src/install/moveit_msgs/include/moveit_msgs/moveit_msgs/msg/detail/constraints__rosidl_typesupport_introspection_c.h
[290.808s] -- Installing: /home/andre/ros2_ws/src/install/moveit_msgs/include/moveit_msgs/moveit_msgs/msg/detail/attached_collision_object__rosidl_typesupport_introspection_c.h
[290.808s] -- Installing: /home/andre/ros2_ws/src/install/moveit_msgs/include/moveit_msgs/moveit_msgs/msg/detail/move_it_error_codes__type_support.c
[290.808s] -- Installing: /home/andre/ros2_ws/src/install/moveit_msgs/include/moveit_msgs/moveit_msgs/msg/detail/generic_trajectory__rosidl_typesupport_introspection_c.h
[290.808s] -- Installing: /home/andre/ros2_ws/src/install/moveit_msgs/include/moveit_msgs/moveit_msgs/msg/detail/allowed_collision_entry__rosidl_typesupport_introspection_c.h
[290.808s] -- Installing: /home/andre/ros2_ws/src/install/moveit_msgs/include/moveit_msgs/moveit_msgs/msg/detail/gripper_translation__rosidl_typesupport_introspection_c.h
[290.809s] -- Installing: /home/andre/ros2_ws/src/install/moveit_msgs/include/moveit_msgs/moveit_msgs/msg/detail/pipeline_state__rosidl_typesupport_introspection_c.h
[290.809s] -- Installing: /home/andre/ros2_ws/src/install/moveit_msgs/include/moveit_msgs/moveit_msgs/msg/detail/gripper_translation__type_support.c
[290.809s] -- Installing: /home/andre/ros2_ws/src/install/moveit_msgs/include/moveit_msgs/moveit_msgs/msg/detail/planner_interface_description__rosidl_typesupport_introspection_c.h
[290.809s] -- Installing: /home/andre/ros2_ws/src/install/moveit_msgs/include/moveit_msgs/moveit_msgs/msg/detail/planning_scene_components__type_support.c
[290.809s] -- Installing: /home/andre/ros2_ws/src/install/moveit_msgs/include/moveit_msgs/moveit_msgs/msg/detail/position_constraint__rosidl_typesupport_introspection_c.h
[290.809s] -- Installing: /home/andre/ros2_ws/src/install/moveit_msgs/include/moveit_msgs/moveit_msgs/msg/detail/allowed_collision_matrix__rosidl_typesupport_introspection_c.h
[290.809s] -- Installing: /home/andre/ros2_ws/src/install/moveit_msgs/include/moveit_msgs/moveit_msgs/msg/detail/planning_scene__rosidl_typesupport_introspection_c.h
[290.809s] -- Installing: /home/andre/ros2_ws/src/install/moveit_msgs/include/moveit_msgs/moveit_msgs/msg/detail/planning_scene_components__rosidl_typesupport_introspection_c.h
[290.809s] -- Installing: /home/andre/ros2_ws/src/install/moveit_msgs/include/moveit_msgs/moveit_msgs/msg/detail/visibility_constraint__type_support.c
[290.810s] -- Installing: /home/andre/ros2_ws/src/install/moveit_msgs/include/moveit_msgs/moveit_msgs/msg/detail/visibility_constraint__rosidl_typesupport_introspection_c.h
[290.810s] -- Installing: /home/andre/ros2_ws/src/install/moveit_msgs/include/moveit_msgs/moveit_msgs/msg/detail/motion_plan_response__rosidl_typesupport_introspection_c.h
[290.810s] -- Installing: /home/andre/ros2_ws/src/install/moveit_msgs/include/moveit_msgs/moveit_msgs/msg/detail/place_location__type_support.c
[290.810s] -- Installing: /home/andre/ros2_ws/src/install/moveit_msgs/include/moveit_msgs/moveit_msgs/msg/detail/servo_status__type_support.c
[290.810s] -- Installing: /home/andre/ros2_ws/src/install/moveit_msgs/include/moveit_msgs/moveit_msgs/msg/detail/oriented_bounding_box__type_support.c
[290.810s] -- Installing: /home/andre/ros2_ws/src/install/moveit_msgs/include/moveit_msgs/moveit_msgs/msg/detail/robot_state__rosidl_typesupport_introspection_c.h
[290.810s] -- Installing: /home/andre/ros2_ws/src/install/moveit_msgs/include/moveit_msgs/moveit_msgs/msg/detail/object_color__type_support.c
[290.810s] -- Installing: /home/andre/ros2_ws/src/install/moveit_msgs/include/moveit_msgs/moveit_msgs/msg/detail/grasp__type_support.c
[290.810s] -- Installing: /home/andre/ros2_ws/src/install/moveit_msgs/include/moveit_msgs/moveit_msgs/msg/detail/oriented_bounding_box__rosidl_typesupport_introspection_c.h
[290.810s] -- Installing: /home/andre/ros2_ws/src/install/moveit_msgs/include/moveit_msgs/moveit_msgs/msg/detail/planner_params__type_support.c
[290.811s] -- Installing: /home/andre/ros2_ws/src/install/moveit_msgs/include/moveit_msgs/moveit_msgs/msg/detail/display_robot_state__type_support.c
[290.811s] -- Installing: /home/andre/ros2_ws/src/install/moveit_msgs/include/moveit_msgs/moveit_msgs/msg/detail/link_padding__type_support.c
[290.811s] -- Installing: /home/andre/ros2_ws/src/install/moveit_msgs/include/moveit_msgs/moveit_msgs/msg/detail/trajectory_constraints__rosidl_typesupport_introspection_c.h
[290.811s] -- Installing: /home/andre/ros2_ws/src/install/moveit_msgs/include/moveit_msgs/moveit_msgs/msg/detail/cost_source__rosidl_typesupport_introspection_c.h
[290.811s] -- Installing: /home/andre/ros2_ws/src/install/moveit_msgs/include/moveit_msgs/moveit_msgs/msg/detail/planner_params__rosidl_typesupport_introspection_c.h
[290.811s] -- Installing: /home/andre/ros2_ws/src/install/moveit_msgs/include/moveit_msgs/moveit_msgs/msg/detail/cartesian_trajectory__type_support.c
[290.811s] -- Installing: /home/andre/ros2_ws/src/install/moveit_msgs/include/moveit_msgs/moveit_msgs/msg/detail/motion_sequence_response__rosidl_typesupport_introspection_c.h
[290.811s] -- Installing: /home/andre/ros2_ws/src/install/moveit_msgs/include/moveit_msgs/moveit_msgs/msg/detail/cartesian_trajectory__rosidl_typesupport_introspection_c.h
[290.811s] -- Installing: /home/andre/ros2_ws/src/install/moveit_msgs/include/moveit_msgs/moveit_msgs/msg/detail/motion_plan_request__rosidl_typesupport_introspection_c.h
[290.812s] -- Installing: /home/andre/ros2_ws/src/install/moveit_msgs/include/moveit_msgs/moveit_msgs/msg/detail/joint_constraint__type_support.c
[290.812s] -- Installing: /home/andre/ros2_ws/src/install/moveit_msgs/include/moveit_msgs/moveit_msgs/msg/detail/grasp__rosidl_typesupport_introspection_c.h
[290.812s] -- Installing: /home/andre/ros2_ws/src/install/moveit_msgs/include/moveit_msgs/moveit_msgs/msg/detail/orientation_constraint__type_support.c
[290.812s] -- Installing: /home/andre/ros2_ws/src/install/moveit_msgs/include/moveit_msgs/moveit_msgs/msg/detail/position_ik_request__rosidl_typesupport_introspection_c.h
[290.812s] -- Installing: /home/andre/ros2_ws/src/install/moveit_msgs/include/moveit_msgs/moveit_msgs/msg/detail/motion_sequence_item__type_support.c
[290.812s] -- Installing: /home/andre/ros2_ws/src/install/moveit_msgs/include/moveit_msgs/moveit_msgs/msg/detail/motion_plan_request__type_support.c
[290.812s] -- Installing: /home/andre/ros2_ws/src/install/moveit_msgs/include/moveit_msgs/moveit_msgs/msg/detail/cartesian_point__rosidl_typesupport_introspection_c.h
[290.812s] -- Installing: /home/andre/ros2_ws/src/install/moveit_msgs/lib/libmoveit_msgs__rosidl_typesupport_introspection_c.so
[290.814s] -- Set non-toolchain portion of runtime path of "/home/andre/ros2_ws/src/install/moveit_msgs/lib/libmoveit_msgs__rosidl_typesupport_introspection_c.so" to ""
[290.814s] -- Installing: /home/andre/ros2_ws/src/install/moveit_msgs/lib/libmoveit_msgs__rosidl_typesupport_c.so
[290.815s] -- Set non-toolchain portion of runtime path of "/home/andre/ros2_ws/src/install/moveit_msgs/lib/libmoveit_msgs__rosidl_typesupport_c.so" to ""
[290.815s] -- Up-to-date: /home/andre/ros2_ws/src/install/moveit_msgs/include/moveit_msgs/moveit_msgs
[290.815s] -- Up-to-date: /home/andre/ros2_ws/src/install/moveit_msgs/include/moveit_msgs/moveit_msgs/action
[290.815s] -- Installing: /home/andre/ros2_ws/src/install/moveit_msgs/include/moveit_msgs/moveit_msgs/action/pickup.hpp
[290.815s] -- Installing: /home/andre/ros2_ws/src/install/moveit_msgs/include/moveit_msgs/moveit_msgs/action/global_planner.hpp
[290.815s] -- Installing: /home/andre/ros2_ws/src/install/moveit_msgs/include/moveit_msgs/moveit_msgs/action/place.hpp
[290.815s] -- Installing: /home/andre/ros2_ws/src/install/moveit_msgs/include/moveit_msgs/moveit_msgs/action/local_planner.hpp
[290.816s] -- Installing: /home/andre/ros2_ws/src/install/moveit_msgs/include/moveit_msgs/moveit_msgs/action/hybrid_planner.hpp
[290.816s] -- Installing: /home/andre/ros2_ws/src/install/moveit_msgs/include/moveit_msgs/moveit_msgs/action/execute_trajectory.hpp
[290.816s] -- Installing: /home/andre/ros2_ws/src/install/moveit_msgs/include/moveit_msgs/moveit_msgs/action/move_group.hpp
[290.816s] -- Up-to-date: /home/andre/ros2_ws/src/install/moveit_msgs/include/moveit_msgs/moveit_msgs/action/detail
[290.816s] -- Installing: /home/andre/ros2_ws/src/install/moveit_msgs/include/moveit_msgs/moveit_msgs/action/detail/move_group_sequence__builder.hpp
[290.816s] -- Installing: /home/andre/ros2_ws/src/install/moveit_msgs/include/moveit_msgs/moveit_msgs/action/detail/place__struct.hpp
[290.816s] -- Installing: /home/andre/ros2_ws/src/install/moveit_msgs/include/moveit_msgs/moveit_msgs/action/detail/move_group_sequence__struct.hpp
[290.816s] -- Installing: /home/andre/ros2_ws/src/install/moveit_msgs/include/moveit_msgs/moveit_msgs/action/detail/move_group__builder.hpp
[290.816s] -- Installing: /home/andre/ros2_ws/src/install/moveit_msgs/include/moveit_msgs/moveit_msgs/action/detail/pickup__struct.hpp
[290.816s] -- Installing: /home/andre/ros2_ws/src/install/moveit_msgs/include/moveit_msgs/moveit_msgs/action/detail/global_planner__builder.hpp
[290.817s] -- Installing: /home/andre/ros2_ws/src/install/moveit_msgs/include/moveit_msgs/moveit_msgs/action/detail/hybrid_planner__builder.hpp
[290.817s] -- Installing: /home/andre/ros2_ws/src/install/moveit_msgs/include/moveit_msgs/moveit_msgs/action/detail/local_planner__type_support.hpp
[290.817s] -- Installing: /home/andre/ros2_ws/src/install/moveit_msgs/include/moveit_msgs/moveit_msgs/action/detail/execute_trajectory__type_support.hpp
[290.817s] -- Installing: /home/andre/ros2_ws/src/install/moveit_msgs/include/moveit_msgs/moveit_msgs/action/detail/move_group__type_support.hpp
[290.817s] -- Installing: /home/andre/ros2_ws/src/install/moveit_msgs/include/moveit_msgs/moveit_msgs/action/detail/hybrid_planner__struct.hpp
[290.817s] -- Installing: /home/andre/ros2_ws/src/install/moveit_msgs/include/moveit_msgs/moveit_msgs/action/detail/execute_trajectory__traits.hpp
[290.817s] -- Installing: /home/andre/ros2_ws/src/install/moveit_msgs/include/moveit_msgs/moveit_msgs/action/detail/execute_trajectory__builder.hpp
[290.817s] -- Installing: /home/andre/ros2_ws/src/install/moveit_msgs/include/moveit_msgs/moveit_msgs/action/detail/hybrid_planner__type_support.hpp
[290.817s] -- Installing: /home/andre/ros2_ws/src/install/moveit_msgs/include/moveit_msgs/moveit_msgs/action/detail/global_planner__struct.hpp
[290.817s] -- Installing: /home/andre/ros2_ws/src/install/moveit_msgs/include/moveit_msgs/moveit_msgs/action/detail/place__traits.hpp
[290.818s] -- Installing: /home/andre/ros2_ws/src/install/moveit_msgs/include/moveit_msgs/moveit_msgs/action/detail/place__type_support.hpp
[290.818s] -- Installing: /home/andre/ros2_ws/src/install/moveit_msgs/include/moveit_msgs/moveit_msgs/action/detail/hybrid_planner__traits.hpp
[290.818s] -- Installing: /home/andre/ros2_ws/src/install/moveit_msgs/include/moveit_msgs/moveit_msgs/action/detail/execute_trajectory__struct.hpp
[290.818s] -- Installing: /home/andre/ros2_ws/src/install/moveit_msgs/include/moveit_msgs/moveit_msgs/action/detail/local_planner__struct.hpp
[290.818s] -- Installing: /home/andre/ros2_ws/src/install/moveit_msgs/include/moveit_msgs/moveit_msgs/action/detail/move_group_sequence__traits.hpp
[290.818s] -- Installing: /home/andre/ros2_ws/src/install/moveit_msgs/include/moveit_msgs/moveit_msgs/action/detail/move_group__struct.hpp
[290.818s] -- Installing: /home/andre/ros2_ws/src/install/moveit_msgs/include/moveit_msgs/moveit_msgs/action/detail/move_group_sequence__type_support.hpp
[290.818s] -- Installing: /home/andre/ros2_ws/src/install/moveit_msgs/include/moveit_msgs/moveit_msgs/action/detail/pickup__type_support.hpp
[290.818s] -- Installing: /home/andre/ros2_ws/src/install/moveit_msgs/include/moveit_msgs/moveit_msgs/action/detail/place__builder.hpp
[290.819s] -- Installing: /home/andre/ros2_ws/src/install/moveit_msgs/include/moveit_msgs/moveit_msgs/action/detail/global_planner__traits.hpp
[290.819s] -- Installing: /home/andre/ros2_ws/src/install/moveit_msgs/include/moveit_msgs/moveit_msgs/action/detail/pickup__builder.hpp
[290.819s] -- Installing: /home/andre/ros2_ws/src/install/moveit_msgs/include/moveit_msgs/moveit_msgs/action/detail/pickup__traits.hpp
[290.819s] -- Installing: /home/andre/ros2_ws/src/install/moveit_msgs/include/moveit_msgs/moveit_msgs/action/detail/local_planner__builder.hpp
[290.819s] -- Installing: /home/andre/ros2_ws/src/install/moveit_msgs/include/moveit_msgs/moveit_msgs/action/detail/move_group__traits.hpp
[290.819s] -- Installing: /home/andre/ros2_ws/src/install/moveit_msgs/include/moveit_msgs/moveit_msgs/action/detail/local_planner__traits.hpp
[290.819s] -- Installing: /home/andre/ros2_ws/src/install/moveit_msgs/include/moveit_msgs/moveit_msgs/action/detail/global_planner__type_support.hpp
[290.819s] -- Installing: /home/andre/ros2_ws/src/install/moveit_msgs/include/moveit_msgs/moveit_msgs/action/move_group_sequence.hpp
[290.820s] -- Up-to-date: /home/andre/ros2_ws/src/install/moveit_msgs/include/moveit_msgs/moveit_msgs/srv
[290.820s] -- Installing: /home/andre/ros2_ws/src/install/moveit_msgs/include/moveit_msgs/moveit_msgs/srv/get_state_validity.hpp
[290.820s] -- Installing: /home/andre/ros2_ws/src/install/moveit_msgs/include/moveit_msgs/moveit_msgs/srv/get_robot_state_from_warehouse.hpp
[290.820s] -- Installing: /home/andre/ros2_ws/src/install/moveit_msgs/include/moveit_msgs/moveit_msgs/srv/grasp_planning.hpp
[290.820s] -- Installing: /home/andre/ros2_ws/src/install/moveit_msgs/include/moveit_msgs/moveit_msgs/srv/servo_command_type.hpp
[290.820s] -- Installing: /home/andre/ros2_ws/src/install/moveit_msgs/include/moveit_msgs/moveit_msgs/srv/get_planner_params.hpp
[290.820s] -- Installing: /home/andre/ros2_ws/src/install/moveit_msgs/include/moveit_msgs/moveit_msgs/srv/delete_robot_state_from_warehouse.hpp
[290.820s] -- Installing: /home/andre/ros2_ws/src/install/moveit_msgs/include/moveit_msgs/moveit_msgs/srv/list_robot_states_in_warehouse.hpp
[290.820s] -- Installing: /home/andre/ros2_ws/src/install/moveit_msgs/include/moveit_msgs/moveit_msgs/srv/set_planner_params.hpp
[290.820s] -- Installing: /home/andre/ros2_ws/src/install/moveit_msgs/include/moveit_msgs/moveit_msgs/srv/save_map.hpp
[290.821s] -- Installing: /home/andre/ros2_ws/src/install/moveit_msgs/include/moveit_msgs/moveit_msgs/srv/save_robot_state_to_warehouse.hpp
[290.821s] -- Installing: /home/andre/ros2_ws/src/install/moveit_msgs/include/moveit_msgs/moveit_msgs/srv/get_motion_sequence.hpp
[290.821s] -- Installing: /home/andre/ros2_ws/src/install/moveit_msgs/include/moveit_msgs/moveit_msgs/srv/check_if_robot_state_exists_in_warehouse.hpp
[290.821s] -- Installing: /home/andre/ros2_ws/src/install/moveit_msgs/include/moveit_msgs/moveit_msgs/srv/get_position_ik.hpp
[290.821s] -- Installing: /home/andre/ros2_ws/src/install/moveit_msgs/include/moveit_msgs/moveit_msgs/srv/load_map.hpp
[290.821s] -- Up-to-date: /home/andre/ros2_ws/src/install/moveit_msgs/include/moveit_msgs/moveit_msgs/srv/detail
[290.821s] -- Installing: /home/andre/ros2_ws/src/install/moveit_msgs/include/moveit_msgs/moveit_msgs/srv/detail/grasp_planning__type_support.hpp
[290.821s] -- Installing: /home/andre/ros2_ws/src/install/moveit_msgs/include/moveit_msgs/moveit_msgs/srv/detail/delete_robot_state_from_warehouse__type_support.hpp
[290.821s] -- Installing: /home/andre/ros2_ws/src/install/moveit_msgs/include/moveit_msgs/moveit_msgs/srv/detail/servo_command_type__traits.hpp
[290.821s] -- Installing: /home/andre/ros2_ws/src/install/moveit_msgs/include/moveit_msgs/moveit_msgs/srv/detail/apply_planning_scene__builder.hpp
[290.822s] -- Installing: /home/andre/ros2_ws/src/install/moveit_msgs/include/moveit_msgs/moveit_msgs/srv/detail/get_multi_state_validity__type_support.hpp
[290.822s] -- Installing: /home/andre/ros2_ws/src/install/moveit_msgs/include/moveit_msgs/moveit_msgs/srv/detail/save_robot_state_to_warehouse__struct.hpp
[290.822s] -- Installing: /home/andre/ros2_ws/src/install/moveit_msgs/include/moveit_msgs/moveit_msgs/srv/detail/set_planner_params__traits.hpp
[290.822s] -- Installing: /home/andre/ros2_ws/src/install/moveit_msgs/include/moveit_msgs/moveit_msgs/srv/detail/set_planner_params__struct.hpp
[290.822s] -- Installing: /home/andre/ros2_ws/src/install/moveit_msgs/include/moveit_msgs/moveit_msgs/srv/detail/get_state_validity__struct.hpp
[290.822s] -- Installing: /home/andre/ros2_ws/src/install/moveit_msgs/include/moveit_msgs/moveit_msgs/srv/detail/get_group_urdf__type_support.hpp
[290.822s] -- Installing: /home/andre/ros2_ws/src/install/moveit_msgs/include/moveit_msgs/moveit_msgs/srv/detail/query_planner_interfaces__type_support.hpp
[290.822s] -- Installing: /home/andre/ros2_ws/src/install/moveit_msgs/include/moveit_msgs/moveit_msgs/srv/detail/get_position_fk__type_support.hpp
[290.822s] -- Installing: /home/andre/ros2_ws/src/install/moveit_msgs/include/moveit_msgs/moveit_msgs/srv/detail/get_position_ik__builder.hpp
[290.822s] -- Installing: /home/andre/ros2_ws/src/install/moveit_msgs/include/moveit_msgs/moveit_msgs/srv/detail/delete_robot_state_from_warehouse__builder.hpp
[290.823s] -- Installing: /home/andre/ros2_ws/src/install/moveit_msgs/include/moveit_msgs/moveit_msgs/srv/detail/get_group_urdf__builder.hpp
[290.823s] -- Installing: /home/andre/ros2_ws/src/install/moveit_msgs/include/moveit_msgs/moveit_msgs/srv/detail/rename_robot_state_in_warehouse__builder.hpp
[290.823s] -- Installing: /home/andre/ros2_ws/src/install/moveit_msgs/include/moveit_msgs/moveit_msgs/srv/detail/save_map__builder.hpp
[290.823s] -- Installing: /home/andre/ros2_ws/src/install/moveit_msgs/include/moveit_msgs/moveit_msgs/srv/detail/load_map__struct.hpp
[290.823s] -- Installing: /home/andre/ros2_ws/src/install/moveit_msgs/include/moveit_msgs/moveit_msgs/srv/detail/delete_robot_state_from_warehouse__traits.hpp
[290.823s] -- Installing: /home/andre/ros2_ws/src/install/moveit_msgs/include/moveit_msgs/moveit_msgs/srv/detail/get_motion_plan__struct.hpp
[290.823s] -- Installing: /home/andre/ros2_ws/src/install/moveit_msgs/include/moveit_msgs/moveit_msgs/srv/detail/save_geometry_to_file__struct.hpp
[290.823s] -- Installing: /home/andre/ros2_ws/src/install/moveit_msgs/include/moveit_msgs/moveit_msgs/srv/detail/check_if_robot_state_exists_in_warehouse__builder.hpp
[290.823s] -- Installing: /home/andre/ros2_ws/src/install/moveit_msgs/include/moveit_msgs/moveit_msgs/srv/detail/get_cartesian_path__builder.hpp
[290.823s] -- Installing: /home/andre/ros2_ws/src/install/moveit_msgs/include/moveit_msgs/moveit_msgs/srv/detail/update_pointcloud_octomap__type_support.hpp
[290.824s] -- Installing: /home/andre/ros2_ws/src/install/moveit_msgs/include/moveit_msgs/moveit_msgs/srv/detail/rename_robot_state_in_warehouse__struct.hpp
[290.824s] -- Installing: /home/andre/ros2_ws/src/install/moveit_msgs/include/moveit_msgs/moveit_msgs/srv/detail/get_state_validity__builder.hpp
[290.824s] -- Installing: /home/andre/ros2_ws/src/install/moveit_msgs/include/moveit_msgs/moveit_msgs/srv/detail/get_motion_plan__traits.hpp
[290.824s] -- Installing: /home/andre/ros2_ws/src/install/moveit_msgs/include/moveit_msgs/moveit_msgs/srv/detail/get_planner_params__traits.hpp
[290.824s] -- Installing: /home/andre/ros2_ws/src/install/moveit_msgs/include/moveit_msgs/moveit_msgs/srv/detail/save_map__struct.hpp
[290.824s] -- Installing: /home/andre/ros2_ws/src/install/moveit_msgs/include/moveit_msgs/moveit_msgs/srv/detail/save_geometry_to_file__type_support.hpp
[290.824s] -- Installing: /home/andre/ros2_ws/src/install/moveit_msgs/include/moveit_msgs/moveit_msgs/srv/detail/check_if_robot_state_exists_in_warehouse__traits.hpp
[290.824s] -- Installing: /home/andre/ros2_ws/src/install/moveit_msgs/include/moveit_msgs/moveit_msgs/srv/detail/get_position_ik__struct.hpp
[290.824s] -- Installing: /home/andre/ros2_ws/src/install/moveit_msgs/include/moveit_msgs/moveit_msgs/srv/detail/query_planner_interfaces__traits.hpp
[290.824s] -- Installing: /home/andre/ros2_ws/src/install/moveit_msgs/include/moveit_msgs/moveit_msgs/srv/detail/get_cartesian_path__type_support.hpp
[290.825s] -- Installing: /home/andre/ros2_ws/src/install/moveit_msgs/include/moveit_msgs/moveit_msgs/srv/detail/servo_command_type__builder.hpp
[290.825s] -- Installing: /home/andre/ros2_ws/src/install/moveit_msgs/include/moveit_msgs/moveit_msgs/srv/detail/check_if_robot_state_exists_in_warehouse__struct.hpp
[290.825s] -- Installing: /home/andre/ros2_ws/src/install/moveit_msgs/include/moveit_msgs/moveit_msgs/srv/detail/save_geometry_to_file__traits.hpp
[290.825s] -- Installing: /home/andre/ros2_ws/src/install/moveit_msgs/include/moveit_msgs/moveit_msgs/srv/detail/get_planning_scene__struct.hpp
[290.825s] -- Installing: /home/andre/ros2_ws/src/install/moveit_msgs/include/moveit_msgs/moveit_msgs/srv/detail/rename_robot_state_in_warehouse__type_support.hpp
[290.825s] -- Installing: /home/andre/ros2_ws/src/install/moveit_msgs/include/moveit_msgs/moveit_msgs/srv/detail/load_geometry_from_file__builder.hpp
[290.825s] -- Installing: /home/andre/ros2_ws/src/install/moveit_msgs/include/moveit_msgs/moveit_msgs/srv/detail/servo_command_type__struct.hpp
[290.825s] -- Installing: /home/andre/ros2_ws/src/install/moveit_msgs/include/moveit_msgs/moveit_msgs/srv/detail/get_state_validity__type_support.hpp
[290.825s] -- Installing: /home/andre/ros2_ws/src/install/moveit_msgs/include/moveit_msgs/moveit_msgs/srv/detail/load_map__builder.hpp
[290.826s] -- Installing: /home/andre/ros2_ws/src/install/moveit_msgs/include/moveit_msgs/moveit_msgs/srv/detail/set_planner_params__builder.hpp
[290.826s] -- Installing: /home/andre/ros2_ws/src/install/moveit_msgs/include/moveit_msgs/moveit_msgs/srv/detail/get_motion_plan__type_support.hpp
[290.826s] -- Installing: /home/andre/ros2_ws/src/install/moveit_msgs/include/moveit_msgs/moveit_msgs/srv/detail/get_motion_plan__builder.hpp
[290.826s] -- Installing: /home/andre/ros2_ws/src/install/moveit_msgs/include/moveit_msgs/moveit_msgs/srv/detail/get_multi_state_validity__builder.hpp
[290.826s] -- Installing: /home/andre/ros2_ws/src/install/moveit_msgs/include/moveit_msgs/moveit_msgs/srv/detail/load_map__traits.hpp
[290.826s] -- Installing: /home/andre/ros2_ws/src/install/moveit_msgs/include/moveit_msgs/moveit_msgs/srv/detail/get_motion_sequence__type_support.hpp
[290.826s] -- Installing: /home/andre/ros2_ws/src/install/moveit_msgs/include/moveit_msgs/moveit_msgs/srv/detail/get_state_validity__traits.hpp
[290.826s] -- Installing: /home/andre/ros2_ws/src/install/moveit_msgs/include/moveit_msgs/moveit_msgs/srv/detail/get_planner_params__type_support.hpp
[290.826s] -- Installing: /home/andre/ros2_ws/src/install/moveit_msgs/include/moveit_msgs/moveit_msgs/srv/detail/get_robot_state_from_warehouse__struct.hpp
[290.827s] -- Installing: /home/andre/ros2_ws/src/install/moveit_msgs/include/moveit_msgs/moveit_msgs/srv/detail/get_cartesian_path__struct.hpp
[290.827s] -- Installing: /home/andre/ros2_ws/src/install/moveit_msgs/include/moveit_msgs/moveit_msgs/srv/detail/list_robot_states_in_warehouse__struct.hpp
[290.827s] -- Installing: /home/andre/ros2_ws/src/install/moveit_msgs/include/moveit_msgs/moveit_msgs/srv/detail/list_robot_states_in_warehouse__type_support.hpp
[290.827s] -- Installing: /home/andre/ros2_ws/src/install/moveit_msgs/include/moveit_msgs/moveit_msgs/srv/detail/delete_robot_state_from_warehouse__struct.hpp
[290.827s] -- Installing: /home/andre/ros2_ws/src/install/moveit_msgs/include/moveit_msgs/moveit_msgs/srv/detail/get_planning_scene__traits.hpp
[290.827s] -- Installing: /home/andre/ros2_ws/src/install/moveit_msgs/include/moveit_msgs/moveit_msgs/srv/detail/servo_command_type__type_support.hpp
[290.827s] -- Installing: /home/andre/ros2_ws/src/install/moveit_msgs/include/moveit_msgs/moveit_msgs/srv/detail/grasp_planning__struct.hpp
[290.827s] -- Installing: /home/andre/ros2_ws/src/install/moveit_msgs/include/moveit_msgs/moveit_msgs/srv/detail/get_group_urdf__struct.hpp
[290.827s] -- Installing: /home/andre/ros2_ws/src/install/moveit_msgs/include/moveit_msgs/moveit_msgs/srv/detail/load_geometry_from_file__traits.hpp
[290.828s] -- Installing: /home/andre/ros2_ws/src/install/moveit_msgs/include/moveit_msgs/moveit_msgs/srv/detail/get_group_urdf__traits.hpp
[290.828s] -- Installing: /home/andre/ros2_ws/src/install/moveit_msgs/include/moveit_msgs/moveit_msgs/srv/detail/query_planner_interfaces__builder.hpp
[290.828s] -- Installing: /home/andre/ros2_ws/src/install/moveit_msgs/include/moveit_msgs/moveit_msgs/srv/detail/get_position_ik__type_support.hpp
[290.828s] -- Installing: /home/andre/ros2_ws/src/install/moveit_msgs/include/moveit_msgs/moveit_msgs/srv/detail/get_motion_sequence__struct.hpp
[290.828s] -- Installing: /home/andre/ros2_ws/src/install/moveit_msgs/include/moveit_msgs/moveit_msgs/srv/detail/rename_robot_state_in_warehouse__traits.hpp
[290.828s] -- Installing: /home/andre/ros2_ws/src/install/moveit_msgs/include/moveit_msgs/moveit_msgs/srv/detail/grasp_planning__builder.hpp
[290.828s] -- Installing: /home/andre/ros2_ws/src/install/moveit_msgs/include/moveit_msgs/moveit_msgs/srv/detail/get_planning_scene__type_support.hpp
[290.828s] -- Installing: /home/andre/ros2_ws/src/install/moveit_msgs/include/moveit_msgs/moveit_msgs/srv/detail/get_robot_state_from_warehouse__builder.hpp
[290.828s] -- Installing: /home/andre/ros2_ws/src/install/moveit_msgs/include/moveit_msgs/moveit_msgs/srv/detail/get_cartesian_path__traits.hpp
[290.828s] -- Installing: /home/andre/ros2_ws/src/install/moveit_msgs/include/moveit_msgs/moveit_msgs/srv/detail/apply_planning_scene__traits.hpp
[290.829s] -- Installing: /home/andre/ros2_ws/src/install/moveit_msgs/include/moveit_msgs/moveit_msgs/srv/detail/get_planner_params__struct.hpp
[290.829s] -- Installing: /home/andre/ros2_ws/src/install/moveit_msgs/include/moveit_msgs/moveit_msgs/srv/detail/get_position_fk__traits.hpp
[290.829s] -- Installing: /home/andre/ros2_ws/src/install/moveit_msgs/include/moveit_msgs/moveit_msgs/srv/detail/get_position_ik__traits.hpp
[290.829s] -- Installing: /home/andre/ros2_ws/src/install/moveit_msgs/include/moveit_msgs/moveit_msgs/srv/detail/update_pointcloud_octomap__struct.hpp
[290.829s] -- Installing: /home/andre/ros2_ws/src/install/moveit_msgs/include/moveit_msgs/moveit_msgs/srv/detail/load_map__type_support.hpp
[290.829s] -- Installing: /home/andre/ros2_ws/src/install/moveit_msgs/include/moveit_msgs/moveit_msgs/srv/detail/get_motion_sequence__traits.hpp
[290.829s] -- Installing: /home/andre/ros2_ws/src/install/moveit_msgs/include/moveit_msgs/moveit_msgs/srv/detail/save_geometry_to_file__builder.hpp
[290.829s] -- Installing: /home/andre/ros2_ws/src/install/moveit_msgs/include/moveit_msgs/moveit_msgs/srv/detail/apply_planning_scene__type_support.hpp
[290.829s] -- Installing: /home/andre/ros2_ws/src/install/moveit_msgs/include/moveit_msgs/moveit_msgs/srv/detail/save_robot_state_to_warehouse__builder.hpp
[290.830s] -- Installing: /home/andre/ros2_ws/src/install/moveit_msgs/include/moveit_msgs/moveit_msgs/srv/detail/list_robot_states_in_warehouse__traits.hpp
[290.830s] -- Installing: /home/andre/ros2_ws/src/install/moveit_msgs/include/moveit_msgs/moveit_msgs/srv/detail/grasp_planning__traits.hpp
[290.830s] -- Installing: /home/andre/ros2_ws/src/install/moveit_msgs/include/moveit_msgs/moveit_msgs/srv/detail/apply_planning_scene__struct.hpp
[290.830s] -- Installing: /home/andre/ros2_ws/src/install/moveit_msgs/include/moveit_msgs/moveit_msgs/srv/detail/update_pointcloud_octomap__builder.hpp
[290.830s] -- Installing: /home/andre/ros2_ws/src/install/moveit_msgs/include/moveit_msgs/moveit_msgs/srv/detail/get_position_fk__builder.hpp
[290.830s] -- Installing: /home/andre/ros2_ws/src/install/moveit_msgs/include/moveit_msgs/moveit_msgs/srv/detail/check_if_robot_state_exists_in_warehouse__type_support.hpp
[290.830s] -- Installing: /home/andre/ros2_ws/src/install/moveit_msgs/include/moveit_msgs/moveit_msgs/srv/detail/load_geometry_from_file__type_support.hpp
[290.830s] -- Installing: /home/andre/ros2_ws/src/install/moveit_msgs/include/moveit_msgs/moveit_msgs/srv/detail/get_robot_state_from_warehouse__type_support.hpp
[290.830s] -- Installing: /home/andre/ros2_ws/src/install/moveit_msgs/include/moveit_msgs/moveit_msgs/srv/detail/get_multi_state_validity__struct.hpp
[290.830s] -- Installing: /home/andre/ros2_ws/src/install/moveit_msgs/include/moveit_msgs/moveit_msgs/srv/detail/list_robot_states_in_warehouse__builder.hpp
[290.831s] -- Installing: /home/andre/ros2_ws/src/install/moveit_msgs/include/moveit_msgs/moveit_msgs/srv/detail/query_planner_interfaces__struct.hpp
[290.831s] -- Installing: /home/andre/ros2_ws/src/install/moveit_msgs/include/moveit_msgs/moveit_msgs/srv/detail/save_map__type_support.hpp
[290.831s] -- Installing: /home/andre/ros2_ws/src/install/moveit_msgs/include/moveit_msgs/moveit_msgs/srv/detail/get_motion_sequence__builder.hpp
[290.831s] -- Installing: /home/andre/ros2_ws/src/install/moveit_msgs/include/moveit_msgs/moveit_msgs/srv/detail/update_pointcloud_octomap__traits.hpp
[290.831s] -- Installing: /home/andre/ros2_ws/src/install/moveit_msgs/include/moveit_msgs/moveit_msgs/srv/detail/save_robot_state_to_warehouse__traits.hpp
[290.831s] -- Installing: /home/andre/ros2_ws/src/install/moveit_msgs/include/moveit_msgs/moveit_msgs/srv/detail/get_planning_scene__builder.hpp
[290.831s] -- Installing: /home/andre/ros2_ws/src/install/moveit_msgs/include/moveit_msgs/moveit_msgs/srv/detail/save_map__traits.hpp
[290.831s] -- Installing: /home/andre/ros2_ws/src/install/moveit_msgs/include/moveit_msgs/moveit_msgs/srv/detail/get_robot_state_from_warehouse__traits.hpp
[290.831s] -- Installing: /home/andre/ros2_ws/src/install/moveit_msgs/include/moveit_msgs/moveit_msgs/srv/detail/save_robot_state_to_warehouse__type_support.hpp
[290.831s] -- Installing: /home/andre/ros2_ws/src/install/moveit_msgs/include/moveit_msgs/moveit_msgs/srv/detail/get_position_fk__struct.hpp
[290.832s] -- Installing: /home/andre/ros2_ws/src/install/moveit_msgs/include/moveit_msgs/moveit_msgs/srv/detail/get_planner_params__builder.hpp
[290.832s] -- Installing: /home/andre/ros2_ws/src/install/moveit_msgs/include/moveit_msgs/moveit_msgs/srv/detail/set_planner_params__type_support.hpp
[290.832s] -- Installing: /home/andre/ros2_ws/src/install/moveit_msgs/include/moveit_msgs/moveit_msgs/srv/detail/get_multi_state_validity__traits.hpp
[290.832s] -- Installing: /home/andre/ros2_ws/src/install/moveit_msgs/include/moveit_msgs/moveit_msgs/srv/detail/load_geometry_from_file__struct.hpp
[290.832s] -- Installing: /home/andre/ros2_ws/src/install/moveit_msgs/include/moveit_msgs/moveit_msgs/srv/get_position_fk.hpp
[290.832s] -- Installing: /home/andre/ros2_ws/src/install/moveit_msgs/include/moveit_msgs/moveit_msgs/srv/query_planner_interfaces.hpp
[290.832s] -- Installing: /home/andre/ros2_ws/src/install/moveit_msgs/include/moveit_msgs/moveit_msgs/srv/get_planning_scene.hpp
[290.832s] -- Installing: /home/andre/ros2_ws/src/install/moveit_msgs/include/moveit_msgs/moveit_msgs/srv/update_pointcloud_octomap.hpp
[290.832s] -- Installing: /home/andre/ros2_ws/src/install/moveit_msgs/include/moveit_msgs/moveit_msgs/srv/get_group_urdf.hpp
[290.833s] -- Installing: /home/andre/ros2_ws/src/install/moveit_msgs/include/moveit_msgs/moveit_msgs/srv/apply_planning_scene.hpp
[290.833s] -- Installing: /home/andre/ros2_ws/src/install/moveit_msgs/include/moveit_msgs/moveit_msgs/srv/rename_robot_state_in_warehouse.hpp
[290.833s] -- Installing: /home/andre/ros2_ws/src/install/moveit_msgs/include/moveit_msgs/moveit_msgs/srv/get_motion_plan.hpp
[290.833s] -- Installing: /home/andre/ros2_ws/src/install/moveit_msgs/include/moveit_msgs/moveit_msgs/srv/save_geometry_to_file.hpp
[290.833s] -- Installing: /home/andre/ros2_ws/src/install/moveit_msgs/include/moveit_msgs/moveit_msgs/srv/get_multi_state_validity.hpp
[290.833s] -- Installing: /home/andre/ros2_ws/src/install/moveit_msgs/include/moveit_msgs/moveit_msgs/srv/get_cartesian_path.hpp
[290.833s] -- Installing: /home/andre/ros2_ws/src/install/moveit_msgs/include/moveit_msgs/moveit_msgs/srv/load_geometry_from_file.hpp
[290.833s] -- Up-to-date: /home/andre/ros2_ws/src/install/moveit_msgs/include/moveit_msgs/moveit_msgs/msg
[290.833s] -- Installing: /home/andre/ros2_ws/src/install/moveit_msgs/include/moveit_msgs/moveit_msgs/msg/gripper_translation.hpp
[290.833s] -- Installing: /home/andre/ros2_ws/src/install/moveit_msgs/include/moveit_msgs/moveit_msgs/msg/trajectory_constraints.hpp
[290.834s] -- Installing: /home/andre/ros2_ws/src/install/moveit_msgs/include/moveit_msgs/moveit_msgs/msg/visibility_constraint.hpp
[290.834s] -- Installing: /home/andre/ros2_ws/src/install/moveit_msgs/include/moveit_msgs/moveit_msgs/msg/rosidl_generator_cpp__visibility_control.hpp
[290.834s] -- Installing: /home/andre/ros2_ws/src/install/moveit_msgs/include/moveit_msgs/moveit_msgs/msg/orientation_constraint.hpp
[290.834s] -- Installing: /home/andre/ros2_ws/src/install/moveit_msgs/include/moveit_msgs/moveit_msgs/msg/planning_scene_world.hpp
[290.834s] -- Installing: /home/andre/ros2_ws/src/install/moveit_msgs/include/moveit_msgs/moveit_msgs/msg/position_ik_request.hpp
[290.834s] -- Installing: /home/andre/ros2_ws/src/install/moveit_msgs/include/moveit_msgs/moveit_msgs/msg/contact_information.hpp
[290.834s] -- Installing: /home/andre/ros2_ws/src/install/moveit_msgs/include/moveit_msgs/moveit_msgs/msg/cartesian_point.hpp
[290.834s] -- Installing: /home/andre/ros2_ws/src/install/moveit_msgs/include/moveit_msgs/moveit_msgs/msg/motion_sequence_response.hpp
[290.834s] -- Installing: /home/andre/ros2_ws/src/install/moveit_msgs/include/moveit_msgs/moveit_msgs/msg/planning_scene_components.hpp
[290.834s] -- Installing: /home/andre/ros2_ws/src/install/moveit_msgs/include/moveit_msgs/moveit_msgs/msg/constraints.hpp
[290.835s] -- Installing: /home/andre/ros2_ws/src/install/moveit_msgs/include/moveit_msgs/moveit_msgs/msg/robot_state.hpp
[290.835s] -- Installing: /home/andre/ros2_ws/src/install/moveit_msgs/include/moveit_msgs/moveit_msgs/msg/display_robot_state.hpp
[290.835s] -- Installing: /home/andre/ros2_ws/src/install/moveit_msgs/include/moveit_msgs/moveit_msgs/msg/bounding_volume.hpp
[290.835s] -- Installing: /home/andre/ros2_ws/src/install/moveit_msgs/include/moveit_msgs/moveit_msgs/msg/motion_plan_response.hpp
[290.835s] -- Installing: /home/andre/ros2_ws/src/install/moveit_msgs/include/moveit_msgs/moveit_msgs/msg/cartesian_trajectory.hpp
[290.835s] -- Installing: /home/andre/ros2_ws/src/install/moveit_msgs/include/moveit_msgs/moveit_msgs/msg/oriented_bounding_box.hpp
[290.835s] -- Installing: /home/andre/ros2_ws/src/install/moveit_msgs/include/moveit_msgs/moveit_msgs/msg/allowed_collision_matrix.hpp
[290.835s] -- Installing: /home/andre/ros2_ws/src/install/moveit_msgs/include/moveit_msgs/moveit_msgs/msg/planner_params.hpp
[290.835s] -- Installing: /home/andre/ros2_ws/src/install/moveit_msgs/include/moveit_msgs/moveit_msgs/msg/display_trajectory.hpp
[290.835s] -- Installing: /home/andre/ros2_ws/src/install/moveit_msgs/include/moveit_msgs/moveit_msgs/msg/joint_constraint.hpp
[290.835s] -- Installing: /home/andre/ros2_ws/src/install/moveit_msgs/include/moveit_msgs/moveit_msgs/msg/kinematic_solver_info.hpp
[290.836s] -- Installing: /home/andre/ros2_ws/src/install/moveit_msgs/include/moveit_msgs/moveit_msgs/msg/link_scale.hpp
[290.836s] -- Installing: /home/andre/ros2_ws/src/install/moveit_msgs/include/moveit_msgs/moveit_msgs/msg/attached_collision_object.hpp
[290.836s] -- Installing: /home/andre/ros2_ws/src/install/moveit_msgs/include/moveit_msgs/moveit_msgs/msg/motion_plan_request.hpp
[290.836s] -- Installing: /home/andre/ros2_ws/src/install/moveit_msgs/include/moveit_msgs/moveit_msgs/msg/cost_source.hpp
[290.836s] -- Installing: /home/andre/ros2_ws/src/install/moveit_msgs/include/moveit_msgs/moveit_msgs/msg/constraint_eval_result.hpp
[290.836s] -- Installing: /home/andre/ros2_ws/src/install/moveit_msgs/include/moveit_msgs/moveit_msgs/msg/planning_scene.hpp
[290.836s] -- Installing: /home/andre/ros2_ws/src/install/moveit_msgs/include/moveit_msgs/moveit_msgs/msg/planner_interface_description.hpp
[290.836s] -- Installing: /home/andre/ros2_ws/src/install/moveit_msgs/include/moveit_msgs/moveit_msgs/msg/motion_sequence_request.hpp
[290.836s] -- Installing: /home/andre/ros2_ws/src/install/moveit_msgs/include/moveit_msgs/moveit_msgs/msg/link_padding.hpp
[290.836s] -- Installing: /home/andre/ros2_ws/src/install/moveit_msgs/include/moveit_msgs/moveit_msgs/msg/object_color.hpp
[290.837s] -- Installing: /home/andre/ros2_ws/src/install/moveit_msgs/include/moveit_msgs/moveit_msgs/msg/robot_trajectory.hpp
[290.837s] -- Installing: /home/andre/ros2_ws/src/install/moveit_msgs/include/moveit_msgs/moveit_msgs/msg/planning_options.hpp
[290.837s] -- Installing: /home/andre/ros2_ws/src/install/moveit_msgs/include/moveit_msgs/moveit_msgs/msg/allowed_collision_entry.hpp
[290.837s] -- Installing: /home/andre/ros2_ws/src/install/moveit_msgs/include/moveit_msgs/moveit_msgs/msg/collision_object.hpp
[290.837s] -- Installing: /home/andre/ros2_ws/src/install/moveit_msgs/include/moveit_msgs/moveit_msgs/msg/workspace_parameters.hpp
[290.837s] -- Installing: /home/andre/ros2_ws/src/install/moveit_msgs/include/moveit_msgs/moveit_msgs/msg/cartesian_trajectory_point.hpp
[290.837s] -- Up-to-date: /home/andre/ros2_ws/src/install/moveit_msgs/include/moveit_msgs/moveit_msgs/msg/detail
[290.837s] -- Installing: /home/andre/ros2_ws/src/install/moveit_msgs/include/moveit_msgs/moveit_msgs/msg/detail/generic_trajectory__struct.hpp
[290.838s] -- Installing: /home/andre/ros2_ws/src/install/moveit_msgs/include/moveit_msgs/moveit_msgs/msg/detail/planning_scene_world__builder.hpp
[290.838s] -- Installing: /home/andre/ros2_ws/src/install/moveit_msgs/include/moveit_msgs/moveit_msgs/msg/detail/kinematic_solver_info__struct.hpp
[290.838s] -- Installing: /home/andre/ros2_ws/src/install/moveit_msgs/include/moveit_msgs/moveit_msgs/msg/detail/position_constraint__struct.hpp
[290.838s] -- Installing: /home/andre/ros2_ws/src/install/moveit_msgs/include/moveit_msgs/moveit_msgs/msg/detail/cost_source__struct.hpp
[290.838s] -- Installing: /home/andre/ros2_ws/src/install/moveit_msgs/include/moveit_msgs/moveit_msgs/msg/detail/servo_status__struct.hpp
[290.838s] -- Installing: /home/andre/ros2_ws/src/install/moveit_msgs/include/moveit_msgs/moveit_msgs/msg/detail/trajectory_constraints__type_support.hpp
[290.838s] -- Installing: /home/andre/ros2_ws/src/install/moveit_msgs/include/moveit_msgs/moveit_msgs/msg/detail/position_ik_request__builder.hpp
[290.838s] -- Installing: /home/andre/ros2_ws/src/install/moveit_msgs/include/moveit_msgs/moveit_msgs/msg/detail/motion_sequence_item__type_support.hpp
[290.839s] -- Installing: /home/andre/ros2_ws/src/install/moveit_msgs/include/moveit_msgs/moveit_msgs/msg/detail/generic_trajectory__traits.hpp
[290.839s] -- Installing: /home/andre/ros2_ws/src/install/moveit_msgs/include/moveit_msgs/moveit_msgs/msg/detail/motion_sequence_request__traits.hpp
[290.839s] -- Installing: /home/andre/ros2_ws/src/install/moveit_msgs/include/moveit_msgs/moveit_msgs/msg/detail/collision_object__type_support.hpp
[290.839s] -- Installing: /home/andre/ros2_ws/src/install/moveit_msgs/include/moveit_msgs/moveit_msgs/msg/detail/planning_options__traits.hpp
[290.839s] -- Installing: /home/andre/ros2_ws/src/install/moveit_msgs/include/moveit_msgs/moveit_msgs/msg/detail/display_robot_state__builder.hpp
[290.839s] -- Installing: /home/andre/ros2_ws/src/install/moveit_msgs/include/moveit_msgs/moveit_msgs/msg/detail/motion_plan_response__builder.hpp
[290.839s] -- Installing: /home/andre/ros2_ws/src/install/moveit_msgs/include/moveit_msgs/moveit_msgs/msg/detail/robot_trajectory__traits.hpp
[290.839s] -- Installing: /home/andre/ros2_ws/src/install/moveit_msgs/include/moveit_msgs/moveit_msgs/msg/detail/attached_collision_object__traits.hpp
[290.839s] -- Installing: /home/andre/ros2_ws/src/install/moveit_msgs/include/moveit_msgs/moveit_msgs/msg/detail/display_robot_state__type_support.hpp
[290.839s] -- Installing: /home/andre/ros2_ws/src/install/moveit_msgs/include/moveit_msgs/moveit_msgs/msg/detail/allowed_collision_matrix__type_support.hpp
[290.840s] -- Installing: /home/andre/ros2_ws/src/install/moveit_msgs/include/moveit_msgs/moveit_msgs/msg/detail/robot_trajectory__struct.hpp
[290.840s] -- Installing: /home/andre/ros2_ws/src/install/moveit_msgs/include/moveit_msgs/moveit_msgs/msg/detail/object_color__builder.hpp
[290.840s] -- Installing: /home/andre/ros2_ws/src/install/moveit_msgs/include/moveit_msgs/moveit_msgs/msg/detail/planning_scene_world__struct.hpp
[290.840s] -- Installing: /home/andre/ros2_ws/src/install/moveit_msgs/include/moveit_msgs/moveit_msgs/msg/detail/gripper_translation__traits.hpp
[290.840s] -- Installing: /home/andre/ros2_ws/src/install/moveit_msgs/include/moveit_msgs/moveit_msgs/msg/detail/servo_status__builder.hpp
[290.840s] -- Installing: /home/andre/ros2_ws/src/install/moveit_msgs/include/moveit_msgs/moveit_msgs/msg/detail/oriented_bounding_box__type_support.hpp
[290.840s] -- Installing: /home/andre/ros2_ws/src/install/moveit_msgs/include/moveit_msgs/moveit_msgs/msg/detail/cartesian_trajectory_point__builder.hpp
[290.840s] -- Installing: /home/andre/ros2_ws/src/install/moveit_msgs/include/moveit_msgs/moveit_msgs/msg/detail/position_ik_request__struct.hpp
[290.840s] -- Installing: /home/andre/ros2_ws/src/install/moveit_msgs/include/moveit_msgs/moveit_msgs/msg/detail/position_constraint__traits.hpp
[290.840s] -- Installing: /home/andre/ros2_ws/src/install/moveit_msgs/include/moveit_msgs/moveit_msgs/msg/detail/constraints__traits.hpp
[290.840s] -- Installing: /home/andre/ros2_ws/src/install/moveit_msgs/include/moveit_msgs/moveit_msgs/msg/detail/allowed_collision_entry__type_support.hpp
[290.841s] -- Installing: /home/andre/ros2_ws/src/install/moveit_msgs/include/moveit_msgs/moveit_msgs/msg/detail/motion_sequence_response__builder.hpp
[290.841s] -- Installing: /home/andre/ros2_ws/src/install/moveit_msgs/include/moveit_msgs/moveit_msgs/msg/detail/orientation_constraint__struct.hpp
[290.841s] -- Installing: /home/andre/ros2_ws/src/install/moveit_msgs/include/moveit_msgs/moveit_msgs/msg/detail/gripper_translation__struct.hpp
[290.841s] -- Installing: /home/andre/ros2_ws/src/install/moveit_msgs/include/moveit_msgs/moveit_msgs/msg/detail/motion_plan_request__traits.hpp
[290.841s] -- Installing: /home/andre/ros2_ws/src/install/moveit_msgs/include/moveit_msgs/moveit_msgs/msg/detail/link_padding__builder.hpp
[290.841s] -- Installing: /home/andre/ros2_ws/src/install/moveit_msgs/include/moveit_msgs/moveit_msgs/msg/detail/joint_constraint__builder.hpp
[290.841s] -- Installing: /home/andre/ros2_ws/src/install/moveit_msgs/include/moveit_msgs/moveit_msgs/msg/detail/kinematic_solver_info__traits.hpp
[290.841s] -- Installing: /home/andre/ros2_ws/src/install/moveit_msgs/include/moveit_msgs/moveit_msgs/msg/detail/place_location__builder.hpp
[290.841s] -- Installing: /home/andre/ros2_ws/src/install/moveit_msgs/include/moveit_msgs/moveit_msgs/msg/detail/place_location__type_support.hpp
[290.841s] -- Installing: /home/andre/ros2_ws/src/install/moveit_msgs/include/moveit_msgs/moveit_msgs/msg/detail/planning_scene_world__type_support.hpp
[290.842s] -- Installing: /home/andre/ros2_ws/src/install/moveit_msgs/include/moveit_msgs/moveit_msgs/msg/detail/planning_scene__type_support.hpp
[290.842s] -- Installing: /home/andre/ros2_ws/src/install/moveit_msgs/include/moveit_msgs/moveit_msgs/msg/detail/bounding_volume__traits.hpp
[290.842s] -- Installing: /home/andre/ros2_ws/src/install/moveit_msgs/include/moveit_msgs/moveit_msgs/msg/detail/robot_state__traits.hpp
[290.842s] -- Installing: /home/andre/ros2_ws/src/install/moveit_msgs/include/moveit_msgs/moveit_msgs/msg/detail/planner_interface_description__builder.hpp
[290.842s] -- Installing: /home/andre/ros2_ws/src/install/moveit_msgs/include/moveit_msgs/moveit_msgs/msg/detail/workspace_parameters__builder.hpp
[290.842s] -- Installing: /home/andre/ros2_ws/src/install/moveit_msgs/include/moveit_msgs/moveit_msgs/msg/detail/contact_information__traits.hpp
[290.842s] -- Installing: /home/andre/ros2_ws/src/install/moveit_msgs/include/moveit_msgs/moveit_msgs/msg/detail/display_trajectory__type_support.hpp
[290.842s] -- Installing: /home/andre/ros2_ws/src/install/moveit_msgs/include/moveit_msgs/moveit_msgs/msg/detail/display_robot_state__traits.hpp
[290.842s] -- Installing: /home/andre/ros2_ws/src/install/moveit_msgs/include/moveit_msgs/moveit_msgs/msg/detail/contact_information__struct.hpp
[290.842s] -- Installing: /home/andre/ros2_ws/src/install/moveit_msgs/include/moveit_msgs/moveit_msgs/msg/detail/joint_constraint__type_support.hpp
[290.843s] -- Installing: /home/andre/ros2_ws/src/install/moveit_msgs/include/moveit_msgs/moveit_msgs/msg/detail/cartesian_point__type_support.hpp
[290.843s] -- Installing: /home/andre/ros2_ws/src/install/moveit_msgs/include/moveit_msgs/moveit_msgs/msg/detail/constraints__type_support.hpp
[290.843s] -- Installing: /home/andre/ros2_ws/src/install/moveit_msgs/include/moveit_msgs/moveit_msgs/msg/detail/planning_scene_world__traits.hpp
[290.843s] -- Installing: /home/andre/ros2_ws/src/install/moveit_msgs/include/moveit_msgs/moveit_msgs/msg/detail/joint_limits__traits.hpp
[290.843s] -- Installing: /home/andre/ros2_ws/src/install/moveit_msgs/include/moveit_msgs/moveit_msgs/msg/detail/collision_object__traits.hpp
[290.843s] -- Installing: /home/andre/ros2_ws/src/install/moveit_msgs/include/moveit_msgs/moveit_msgs/msg/detail/planner_params__traits.hpp
[290.843s] -- Installing: /home/andre/ros2_ws/src/install/moveit_msgs/include/moveit_msgs/moveit_msgs/msg/detail/bounding_volume__type_support.hpp
[290.843s] -- Installing: /home/andre/ros2_ws/src/install/moveit_msgs/include/moveit_msgs/moveit_msgs/msg/detail/link_scale__builder.hpp
[290.843s] -- Installing: /home/andre/ros2_ws/src/install/moveit_msgs/include/moveit_msgs/moveit_msgs/msg/detail/planning_scene_components__type_support.hpp
[290.844s] -- Installing: /home/andre/ros2_ws/src/install/moveit_msgs/include/moveit_msgs/moveit_msgs/msg/detail/planning_options__type_support.hpp
[290.844s] -- Installing: /home/andre/ros2_ws/src/install/moveit_msgs/include/moveit_msgs/moveit_msgs/msg/detail/cartesian_trajectory_point__type_support.hpp
[290.844s] -- Installing: /home/andre/ros2_ws/src/install/moveit_msgs/include/moveit_msgs/moveit_msgs/msg/detail/display_trajectory__builder.hpp
[290.844s] -- Installing: /home/andre/ros2_ws/src/install/moveit_msgs/include/moveit_msgs/moveit_msgs/msg/detail/planner_interface_description__type_support.hpp
[290.844s] -- Installing: /home/andre/ros2_ws/src/install/moveit_msgs/include/moveit_msgs/moveit_msgs/msg/detail/cartesian_trajectory__struct.hpp
[290.844s] -- Installing: /home/andre/ros2_ws/src/install/moveit_msgs/include/moveit_msgs/moveit_msgs/msg/detail/robot_state__builder.hpp
[290.844s] -- Installing: /home/andre/ros2_ws/src/install/moveit_msgs/include/moveit_msgs/moveit_msgs/msg/detail/robot_trajectory__type_support.hpp
[290.844s] -- Installing: /home/andre/ros2_ws/src/install/moveit_msgs/include/moveit_msgs/moveit_msgs/msg/detail/robot_state__type_support.hpp
[290.844s] -- Installing: /home/andre/ros2_ws/src/install/moveit_msgs/include/moveit_msgs/moveit_msgs/msg/detail/link_padding__traits.hpp
[290.844s] -- Installing: /home/andre/ros2_ws/src/install/moveit_msgs/include/moveit_msgs/moveit_msgs/msg/detail/cartesian_point__builder.hpp
[290.845s] -- Installing: /home/andre/ros2_ws/src/install/moveit_msgs/include/moveit_msgs/moveit_msgs/msg/detail/cost_source__traits.hpp
[290.845s] -- Installing: /home/andre/ros2_ws/src/install/moveit_msgs/include/moveit_msgs/moveit_msgs/msg/detail/attached_collision_object__builder.hpp
[290.845s] -- Installing: /home/andre/ros2_ws/src/install/moveit_msgs/include/moveit_msgs/moveit_msgs/msg/detail/cartesian_point__struct.hpp
[290.845s] -- Installing: /home/andre/ros2_ws/src/install/moveit_msgs/include/moveit_msgs/moveit_msgs/msg/detail/planner_interface_description__traits.hpp
[290.845s] -- Installing: /home/andre/ros2_ws/src/install/moveit_msgs/include/moveit_msgs/moveit_msgs/msg/detail/servo_status__type_support.hpp
[290.845s] -- Installing: /home/andre/ros2_ws/src/install/moveit_msgs/include/moveit_msgs/moveit_msgs/msg/detail/position_ik_request__traits.hpp
[290.845s] -- Installing: /home/andre/ros2_ws/src/install/moveit_msgs/include/moveit_msgs/moveit_msgs/msg/detail/orientation_constraint__traits.hpp
[290.845s] -- Installing: /home/andre/ros2_ws/src/install/moveit_msgs/include/moveit_msgs/moveit_msgs/msg/detail/allowed_collision_matrix__builder.hpp
[290.845s] -- Installing: /home/andre/ros2_ws/src/install/moveit_msgs/include/moveit_msgs/moveit_msgs/msg/detail/planning_scene_components__traits.hpp
[290.845s] -- Installing: /home/andre/ros2_ws/src/install/moveit_msgs/include/moveit_msgs/moveit_msgs/msg/detail/display_robot_state__struct.hpp
[290.846s] -- Installing: /home/andre/ros2_ws/src/install/moveit_msgs/include/moveit_msgs/moveit_msgs/msg/detail/display_trajectory__struct.hpp
[290.846s] -- Installing: /home/andre/ros2_ws/src/install/moveit_msgs/include/moveit_msgs/moveit_msgs/msg/detail/oriented_bounding_box__struct.hpp
[290.846s] -- Installing: /home/andre/ros2_ws/src/install/moveit_msgs/include/moveit_msgs/moveit_msgs/msg/detail/pipeline_state__struct.hpp
[290.846s] -- Installing: /home/andre/ros2_ws/src/install/moveit_msgs/include/moveit_msgs/moveit_msgs/msg/detail/trajectory_constraints__builder.hpp
[290.846s] -- Installing: /home/andre/ros2_ws/src/install/moveit_msgs/include/moveit_msgs/moveit_msgs/msg/detail/planning_scene__builder.hpp
[290.846s] -- Installing: /home/andre/ros2_ws/src/install/moveit_msgs/include/moveit_msgs/moveit_msgs/msg/detail/visibility_constraint__traits.hpp
[290.846s] -- Installing: /home/andre/ros2_ws/src/install/moveit_msgs/include/moveit_msgs/moveit_msgs/msg/detail/workspace_parameters__type_support.hpp
[290.846s] -- Installing: /home/andre/ros2_ws/src/install/moveit_msgs/include/moveit_msgs/moveit_msgs/msg/detail/pipeline_state__traits.hpp
[290.846s] -- Installing: /home/andre/ros2_ws/src/install/moveit_msgs/include/moveit_msgs/moveit_msgs/msg/detail/joint_constraint__traits.hpp
[290.846s] -- Installing: /home/andre/ros2_ws/src/install/moveit_msgs/include/moveit_msgs/moveit_msgs/msg/detail/servo_status__traits.hpp
[290.847s] -- Installing: /home/andre/ros2_ws/src/install/moveit_msgs/include/moveit_msgs/moveit_msgs/msg/detail/constraint_eval_result__builder.hpp
[290.847s] -- Installing: /home/andre/ros2_ws/src/install/moveit_msgs/include/moveit_msgs/moveit_msgs/msg/detail/grasp__type_support.hpp
[290.847s] -- Installing: /home/andre/ros2_ws/src/install/moveit_msgs/include/moveit_msgs/moveit_msgs/msg/detail/cartesian_trajectory__type_support.hpp
[290.847s] -- Installing: /home/andre/ros2_ws/src/install/moveit_msgs/include/moveit_msgs/moveit_msgs/msg/detail/planning_scene_components__builder.hpp
[290.847s] -- Installing: /home/andre/ros2_ws/src/install/moveit_msgs/include/moveit_msgs/moveit_msgs/msg/detail/motion_plan_request__type_support.hpp
[290.847s] -- Installing: /home/andre/ros2_ws/src/install/moveit_msgs/include/moveit_msgs/moveit_msgs/msg/detail/cartesian_trajectory_point__traits.hpp
[290.847s] -- Installing: /home/andre/ros2_ws/src/install/moveit_msgs/include/moveit_msgs/moveit_msgs/msg/detail/link_scale__type_support.hpp
[290.847s] -- Installing: /home/andre/ros2_ws/src/install/moveit_msgs/include/moveit_msgs/moveit_msgs/msg/detail/motion_sequence_response__type_support.hpp
[290.847s] -- Installing: /home/andre/ros2_ws/src/install/moveit_msgs/include/moveit_msgs/moveit_msgs/msg/detail/attached_collision_object__struct.hpp
[290.848s] -- Installing: /home/andre/ros2_ws/src/install/moveit_msgs/include/moveit_msgs/moveit_msgs/msg/detail/cartesian_trajectory__builder.hpp
[290.848s] -- Installing: /home/andre/ros2_ws/src/install/moveit_msgs/include/moveit_msgs/moveit_msgs/msg/detail/constraint_eval_result__type_support.hpp
[290.848s] -- Installing: /home/andre/ros2_ws/src/install/moveit_msgs/include/moveit_msgs/moveit_msgs/msg/detail/visibility_constraint__struct.hpp
[290.848s] -- Installing: /home/andre/ros2_ws/src/install/moveit_msgs/include/moveit_msgs/moveit_msgs/msg/detail/motion_sequence_response__struct.hpp
[290.848s] -- Installing: /home/andre/ros2_ws/src/install/moveit_msgs/include/moveit_msgs/moveit_msgs/msg/detail/move_it_error_codes__struct.hpp
[290.848s] -- Installing: /home/andre/ros2_ws/src/install/moveit_msgs/include/moveit_msgs/moveit_msgs/msg/detail/motion_plan_request__struct.hpp
[290.848s] -- Installing: /home/andre/ros2_ws/src/install/moveit_msgs/include/moveit_msgs/moveit_msgs/msg/detail/place_location__traits.hpp
[290.848s] -- Installing: /home/andre/ros2_ws/src/install/moveit_msgs/include/moveit_msgs/moveit_msgs/msg/detail/motion_plan_detailed_response__builder.hpp
[290.848s] -- Installing: /home/andre/ros2_ws/src/install/moveit_msgs/include/moveit_msgs/moveit_msgs/msg/detail/workspace_parameters__traits.hpp
[290.848s] -- Installing: /home/andre/ros2_ws/src/install/moveit_msgs/include/moveit_msgs/moveit_msgs/msg/detail/planner_params__type_support.hpp
[290.848s] -- Installing: /home/andre/ros2_ws/src/install/moveit_msgs/include/moveit_msgs/moveit_msgs/msg/detail/motion_plan_detailed_response__struct.hpp
[290.849s] -- Installing: /home/andre/ros2_ws/src/install/moveit_msgs/include/moveit_msgs/moveit_msgs/msg/detail/motion_plan_response__traits.hpp
[290.849s] -- Installing: /home/andre/ros2_ws/src/install/moveit_msgs/include/moveit_msgs/moveit_msgs/msg/detail/joint_constraint__struct.hpp
[290.849s] -- Installing: /home/andre/ros2_ws/src/install/moveit_msgs/include/moveit_msgs/moveit_msgs/msg/detail/orientation_constraint__type_support.hpp
[290.849s] -- Installing: /home/andre/ros2_ws/src/install/moveit_msgs/include/moveit_msgs/moveit_msgs/msg/detail/constraints__builder.hpp
[290.849s] -- Installing: /home/andre/ros2_ws/src/install/moveit_msgs/include/moveit_msgs/moveit_msgs/msg/detail/generic_trajectory__type_support.hpp
[290.849s] -- Installing: /home/andre/ros2_ws/src/install/moveit_msgs/include/moveit_msgs/moveit_msgs/msg/detail/gripper_translation__type_support.hpp
[290.849s] -- Installing: /home/andre/ros2_ws/src/install/moveit_msgs/include/moveit_msgs/moveit_msgs/msg/detail/oriented_bounding_box__traits.hpp
[290.849s] -- Installing: /home/andre/ros2_ws/src/install/moveit_msgs/include/moveit_msgs/moveit_msgs/msg/detail/cartesian_point__traits.hpp
[290.849s] -- Installing: /home/andre/ros2_ws/src/install/moveit_msgs/include/moveit_msgs/moveit_msgs/msg/detail/position_ik_request__type_support.hpp
[290.849s] -- Installing: /home/andre/ros2_ws/src/install/moveit_msgs/include/moveit_msgs/moveit_msgs/msg/detail/motion_sequence_item__traits.hpp
[290.850s] -- Installing: /home/andre/ros2_ws/src/install/moveit_msgs/include/moveit_msgs/moveit_msgs/msg/detail/generic_trajectory__builder.hpp
[290.850s] -- Installing: /home/andre/ros2_ws/src/install/moveit_msgs/include/moveit_msgs/moveit_msgs/msg/detail/object_color__type_support.hpp
[290.850s] -- Installing: /home/andre/ros2_ws/src/install/moveit_msgs/include/moveit_msgs/moveit_msgs/msg/detail/motion_plan_detailed_response__type_support.hpp
[290.850s] -- Installing: /home/andre/ros2_ws/src/install/moveit_msgs/include/moveit_msgs/moveit_msgs/msg/detail/motion_sequence_item__builder.hpp
[290.850s] -- Installing: /home/andre/ros2_ws/src/install/moveit_msgs/include/moveit_msgs/moveit_msgs/msg/detail/collision_object__builder.hpp
[290.850s] -- Installing: /home/andre/ros2_ws/src/install/moveit_msgs/include/moveit_msgs/moveit_msgs/msg/detail/allowed_collision_matrix__struct.hpp
[290.850s] -- Installing: /home/andre/ros2_ws/src/install/moveit_msgs/include/moveit_msgs/moveit_msgs/msg/detail/orientation_constraint__builder.hpp
[290.850s] -- Installing: /home/andre/ros2_ws/src/install/moveit_msgs/include/moveit_msgs/moveit_msgs/msg/detail/object_color__struct.hpp
[290.850s] -- Installing: /home/andre/ros2_ws/src/install/moveit_msgs/include/moveit_msgs/moveit_msgs/msg/detail/cost_source__builder.hpp
[290.851s] -- Installing: /home/andre/ros2_ws/src/install/moveit_msgs/include/moveit_msgs/moveit_msgs/msg/detail/pipeline_state__builder.hpp
[290.851s] -- Installing: /home/andre/ros2_ws/src/install/moveit_msgs/include/moveit_msgs/moveit_msgs/msg/detail/workspace_parameters__struct.hpp
[290.851s] -- Installing: /home/andre/ros2_ws/src/install/moveit_msgs/include/moveit_msgs/moveit_msgs/msg/detail/link_scale__struct.hpp
[290.851s] -- Installing: /home/andre/ros2_ws/src/install/moveit_msgs/include/moveit_msgs/moveit_msgs/msg/detail/link_padding__struct.hpp
[290.851s] -- Installing: /home/andre/ros2_ws/src/install/moveit_msgs/include/moveit_msgs/moveit_msgs/msg/detail/allowed_collision_matrix__traits.hpp
[290.851s] -- Installing: /home/andre/ros2_ws/src/install/moveit_msgs/include/moveit_msgs/moveit_msgs/msg/detail/robot_trajectory__builder.hpp
[290.851s] -- Installing: /home/andre/ros2_ws/src/install/moveit_msgs/include/moveit_msgs/moveit_msgs/msg/detail/planner_params__builder.hpp
[290.851s] -- Installing: /home/andre/ros2_ws/src/install/moveit_msgs/include/moveit_msgs/moveit_msgs/msg/detail/motion_sequence_response__traits.hpp
[290.851s] -- Installing: /home/andre/ros2_ws/src/install/moveit_msgs/include/moveit_msgs/moveit_msgs/msg/detail/oriented_bounding_box__builder.hpp
[290.851s] -- Installing: /home/andre/ros2_ws/src/install/moveit_msgs/include/moveit_msgs/moveit_msgs/msg/detail/motion_sequence_request__type_support.hpp
[290.852s] -- Installing: /home/andre/ros2_ws/src/install/moveit_msgs/include/moveit_msgs/moveit_msgs/msg/detail/joint_limits__type_support.hpp
[290.852s] -- Installing: /home/andre/ros2_ws/src/install/moveit_msgs/include/moveit_msgs/moveit_msgs/msg/detail/attached_collision_object__type_support.hpp
[290.852s] -- Installing: /home/andre/ros2_ws/src/install/moveit_msgs/include/moveit_msgs/moveit_msgs/msg/detail/grasp__struct.hpp
[290.852s] -- Installing: /home/andre/ros2_ws/src/install/moveit_msgs/include/moveit_msgs/moveit_msgs/msg/detail/grasp__traits.hpp
[290.852s] -- Installing: /home/andre/ros2_ws/src/install/moveit_msgs/include/moveit_msgs/moveit_msgs/msg/detail/visibility_constraint__type_support.hpp
[290.852s] -- Installing: /home/andre/ros2_ws/src/install/moveit_msgs/include/moveit_msgs/moveit_msgs/msg/detail/kinematic_solver_info__type_support.hpp
[290.852s] -- Installing: /home/andre/ros2_ws/src/install/moveit_msgs/include/moveit_msgs/moveit_msgs/msg/detail/grasp__builder.hpp
[290.852s] -- Installing: /home/andre/ros2_ws/src/install/moveit_msgs/include/moveit_msgs/moveit_msgs/msg/detail/joint_limits__builder.hpp
[290.852s] -- Installing: /home/andre/ros2_ws/src/install/moveit_msgs/include/moveit_msgs/moveit_msgs/msg/detail/motion_plan_detailed_response__traits.hpp
[290.853s] -- Installing: /home/andre/ros2_ws/src/install/moveit_msgs/include/moveit_msgs/moveit_msgs/msg/detail/planning_scene__struct.hpp
[290.853s] -- Installing: /home/andre/ros2_ws/src/install/moveit_msgs/include/moveit_msgs/moveit_msgs/msg/detail/gripper_translation__builder.hpp
[290.853s] -- Installing: /home/andre/ros2_ws/src/install/moveit_msgs/include/moveit_msgs/moveit_msgs/msg/detail/planning_scene_components__struct.hpp
[290.853s] -- Installing: /home/andre/ros2_ws/src/install/moveit_msgs/include/moveit_msgs/moveit_msgs/msg/detail/allowed_collision_entry__traits.hpp
[290.853s] -- Installing: /home/andre/ros2_ws/src/install/moveit_msgs/include/moveit_msgs/moveit_msgs/msg/detail/position_constraint__builder.hpp
[290.853s] -- Installing: /home/andre/ros2_ws/src/install/moveit_msgs/include/moveit_msgs/moveit_msgs/msg/detail/cost_source__type_support.hpp
[290.853s] -- Installing: /home/andre/ros2_ws/src/install/moveit_msgs/include/moveit_msgs/moveit_msgs/msg/detail/pipeline_state__type_support.hpp
[290.853s] -- Installing: /home/andre/ros2_ws/src/install/moveit_msgs/include/moveit_msgs/moveit_msgs/msg/detail/planning_options__builder.hpp
[290.853s] -- Installing: /home/andre/ros2_ws/src/install/moveit_msgs/include/moveit_msgs/moveit_msgs/msg/detail/place_location__struct.hpp
[290.854s] -- Installing: /home/andre/ros2_ws/src/install/moveit_msgs/include/moveit_msgs/moveit_msgs/msg/detail/constraint_eval_result__traits.hpp
[290.854s] -- Installing: /home/andre/ros2_ws/src/install/moveit_msgs/include/moveit_msgs/moveit_msgs/msg/detail/display_trajectory__traits.hpp
[290.854s] -- Installing: /home/andre/ros2_ws/src/install/moveit_msgs/include/moveit_msgs/moveit_msgs/msg/detail/move_it_error_codes__type_support.hpp
[290.854s] -- Installing: /home/andre/ros2_ws/src/install/moveit_msgs/include/moveit_msgs/moveit_msgs/msg/detail/planning_options__struct.hpp
[290.854s] -- Installing: /home/andre/ros2_ws/src/install/moveit_msgs/include/moveit_msgs/moveit_msgs/msg/detail/visibility_constraint__builder.hpp
[290.854s] -- Installing: /home/andre/ros2_ws/src/install/moveit_msgs/include/moveit_msgs/moveit_msgs/msg/detail/motion_plan_response__type_support.hpp
[290.854s] -- Installing: /home/andre/ros2_ws/src/install/moveit_msgs/include/moveit_msgs/moveit_msgs/msg/detail/planning_scene__traits.hpp
[290.854s] -- Installing: /home/andre/ros2_ws/src/install/moveit_msgs/include/moveit_msgs/moveit_msgs/msg/detail/move_it_error_codes__builder.hpp
[290.854s] -- Installing: /home/andre/ros2_ws/src/install/moveit_msgs/include/moveit_msgs/moveit_msgs/msg/detail/allowed_collision_entry__builder.hpp
[290.855s] -- Installing: /home/andre/ros2_ws/src/install/moveit_msgs/include/moveit_msgs/moveit_msgs/msg/detail/trajectory_constraints__struct.hpp
[290.855s] -- Installing: /home/andre/ros2_ws/src/install/moveit_msgs/include/moveit_msgs/moveit_msgs/msg/detail/bounding_volume__struct.hpp
[290.855s] -- Installing: /home/andre/ros2_ws/src/install/moveit_msgs/include/moveit_msgs/moveit_msgs/msg/detail/cartesian_trajectory__traits.hpp
[290.855s] -- Installing: /home/andre/ros2_ws/src/install/moveit_msgs/include/moveit_msgs/moveit_msgs/msg/detail/allowed_collision_entry__struct.hpp
[290.855s] -- Installing: /home/andre/ros2_ws/src/install/moveit_msgs/include/moveit_msgs/moveit_msgs/msg/detail/link_scale__traits.hpp
[290.855s] -- Installing: /home/andre/ros2_ws/src/install/moveit_msgs/include/moveit_msgs/moveit_msgs/msg/detail/motion_sequence_item__struct.hpp
[290.855s] -- Installing: /home/andre/ros2_ws/src/install/moveit_msgs/include/moveit_msgs/moveit_msgs/msg/detail/robot_state__struct.hpp
[290.855s] -- Installing: /home/andre/ros2_ws/src/install/moveit_msgs/include/moveit_msgs/moveit_msgs/msg/detail/planner_interface_description__struct.hpp
[290.855s] -- Installing: /home/andre/ros2_ws/src/install/moveit_msgs/include/moveit_msgs/moveit_msgs/msg/detail/collision_object__struct.hpp
[290.855s] -- Installing: /home/andre/ros2_ws/src/install/moveit_msgs/include/moveit_msgs/moveit_msgs/msg/detail/move_it_error_codes__traits.hpp
[290.856s] -- Installing: /home/andre/ros2_ws/src/install/moveit_msgs/include/moveit_msgs/moveit_msgs/msg/detail/trajectory_constraints__traits.hpp
[290.856s] -- Installing: /home/andre/ros2_ws/src/install/moveit_msgs/include/moveit_msgs/moveit_msgs/msg/detail/joint_limits__struct.hpp
[290.856s] -- Installing: /home/andre/ros2_ws/src/install/moveit_msgs/include/moveit_msgs/moveit_msgs/msg/detail/constraints__struct.hpp
[290.856s] -- Installing: /home/andre/ros2_ws/src/install/moveit_msgs/include/moveit_msgs/moveit_msgs/msg/detail/bounding_volume__builder.hpp
[290.856s] -- Installing: /home/andre/ros2_ws/src/install/moveit_msgs/include/moveit_msgs/moveit_msgs/msg/detail/motion_plan_request__builder.hpp
[290.856s] -- Installing: /home/andre/ros2_ws/src/install/moveit_msgs/include/moveit_msgs/moveit_msgs/msg/detail/kinematic_solver_info__builder.hpp
[290.856s] -- Installing: /home/andre/ros2_ws/src/install/moveit_msgs/include/moveit_msgs/moveit_msgs/msg/detail/constraint_eval_result__struct.hpp
[290.856s] -- Installing: /home/andre/ros2_ws/src/install/moveit_msgs/include/moveit_msgs/moveit_msgs/msg/detail/motion_sequence_request__struct.hpp
[290.856s] -- Installing: /home/andre/ros2_ws/src/install/moveit_msgs/include/moveit_msgs/moveit_msgs/msg/detail/contact_information__type_support.hpp
[290.857s] -- Installing: /home/andre/ros2_ws/src/install/moveit_msgs/include/moveit_msgs/moveit_msgs/msg/detail/planner_params__struct.hpp
[290.857s] -- Installing: /home/andre/ros2_ws/src/install/moveit_msgs/include/moveit_msgs/moveit_msgs/msg/detail/contact_information__builder.hpp
[290.857s] -- Installing: /home/andre/ros2_ws/src/install/moveit_msgs/include/moveit_msgs/moveit_msgs/msg/detail/link_padding__type_support.hpp
[290.857s] -- Installing: /home/andre/ros2_ws/src/install/moveit_msgs/include/moveit_msgs/moveit_msgs/msg/detail/position_constraint__type_support.hpp
[290.857s] -- Installing: /home/andre/ros2_ws/src/install/moveit_msgs/include/moveit_msgs/moveit_msgs/msg/detail/cartesian_trajectory_point__struct.hpp
[290.857s] -- Installing: /home/andre/ros2_ws/src/install/moveit_msgs/include/moveit_msgs/moveit_msgs/msg/detail/motion_sequence_request__builder.hpp
[290.857s] -- Installing: /home/andre/ros2_ws/src/install/moveit_msgs/include/moveit_msgs/moveit_msgs/msg/detail/object_color__traits.hpp
[290.857s] -- Installing: /home/andre/ros2_ws/src/install/moveit_msgs/include/moveit_msgs/moveit_msgs/msg/detail/motion_plan_response__struct.hpp
[290.857s] -- Installing: /home/andre/ros2_ws/src/install/moveit_msgs/include/moveit_msgs/moveit_msgs/msg/servo_status.hpp
[290.858s] -- Installing: /home/andre/ros2_ws/src/install/moveit_msgs/include/moveit_msgs/moveit_msgs/msg/place_location.hpp
[290.858s] -- Installing: /home/andre/ros2_ws/src/install/moveit_msgs/include/moveit_msgs/moveit_msgs/msg/pipeline_state.hpp
[290.858s] -- Installing: /home/andre/ros2_ws/src/install/moveit_msgs/include/moveit_msgs/moveit_msgs/msg/joint_limits.hpp
[290.858s] -- Installing: /home/andre/ros2_ws/src/install/moveit_msgs/include/moveit_msgs/moveit_msgs/msg/motion_plan_detailed_response.hpp
[290.858s] -- Installing: /home/andre/ros2_ws/src/install/moveit_msgs/include/moveit_msgs/moveit_msgs/msg/position_constraint.hpp
[290.858s] -- Installing: /home/andre/ros2_ws/src/install/moveit_msgs/include/moveit_msgs/moveit_msgs/msg/move_it_error_codes.hpp
[290.858s] -- Installing: /home/andre/ros2_ws/src/install/moveit_msgs/include/moveit_msgs/moveit_msgs/msg/grasp.hpp
[290.858s] -- Installing: /home/andre/ros2_ws/src/install/moveit_msgs/include/moveit_msgs/moveit_msgs/msg/generic_trajectory.hpp
[290.858s] -- Installing: /home/andre/ros2_ws/src/install/moveit_msgs/include/moveit_msgs/moveit_msgs/msg/motion_sequence_item.hpp
[290.859s] -- Up-to-date: /home/andre/ros2_ws/src/install/moveit_msgs/include/moveit_msgs/moveit_msgs
[290.859s] -- Up-to-date: /home/andre/ros2_ws/src/install/moveit_msgs/include/moveit_msgs/moveit_msgs/action
[290.859s] -- Up-to-date: /home/andre/ros2_ws/src/install/moveit_msgs/include/moveit_msgs/moveit_msgs/action/detail
[290.859s] -- Installing: /home/andre/ros2_ws/src/install/moveit_msgs/include/moveit_msgs/moveit_msgs/action/detail/local_planner__rosidl_typesupport_fastrtps_cpp.hpp
[290.859s] -- Installing: /home/andre/ros2_ws/src/install/moveit_msgs/include/moveit_msgs/moveit_msgs/action/detail/dds_fastrtps
[290.859s] -- Installing: /home/andre/ros2_ws/src/install/moveit_msgs/include/moveit_msgs/moveit_msgs/action/detail/pickup__rosidl_typesupport_fastrtps_cpp.hpp
[290.859s] -- Installing: /home/andre/ros2_ws/src/install/moveit_msgs/include/moveit_msgs/moveit_msgs/action/detail/place__rosidl_typesupport_fastrtps_cpp.hpp
[290.859s] -- Installing: /home/andre/ros2_ws/src/install/moveit_msgs/include/moveit_msgs/moveit_msgs/action/detail/execute_trajectory__rosidl_typesupport_fastrtps_cpp.hpp
[290.859s] -- Installing: /home/andre/ros2_ws/src/install/moveit_msgs/include/moveit_msgs/moveit_msgs/action/detail/global_planner__rosidl_typesupport_fastrtps_cpp.hpp
[290.860s] -- Installing: /home/andre/ros2_ws/src/install/moveit_msgs/include/moveit_msgs/moveit_msgs/action/detail/move_group__rosidl_typesupport_fastrtps_cpp.hpp
[290.860s] -- Installing: /home/andre/ros2_ws/src/install/moveit_msgs/include/moveit_msgs/moveit_msgs/action/detail/move_group_sequence__rosidl_typesupport_fastrtps_cpp.hpp
[290.860s] -- Installing: /home/andre/ros2_ws/src/install/moveit_msgs/include/moveit_msgs/moveit_msgs/action/detail/hybrid_planner__rosidl_typesupport_fastrtps_cpp.hpp
[290.860s] -- Up-to-date: /home/andre/ros2_ws/src/install/moveit_msgs/include/moveit_msgs/moveit_msgs/srv
[290.860s] -- Up-to-date: /home/andre/ros2_ws/src/install/moveit_msgs/include/moveit_msgs/moveit_msgs/srv/detail
[290.860s] -- Installing: /home/andre/ros2_ws/src/install/moveit_msgs/include/moveit_msgs/moveit_msgs/srv/detail/get_group_urdf__rosidl_typesupport_fastrtps_cpp.hpp
[290.860s] -- Installing: /home/andre/ros2_ws/src/install/moveit_msgs/include/moveit_msgs/moveit_msgs/srv/detail/servo_command_type__rosidl_typesupport_fastrtps_cpp.hpp
[290.860s] -- Installing: /home/andre/ros2_ws/src/install/moveit_msgs/include/moveit_msgs/moveit_msgs/srv/detail/update_pointcloud_octomap__rosidl_typesupport_fastrtps_cpp.hpp
[290.860s] -- Installing: /home/andre/ros2_ws/src/install/moveit_msgs/include/moveit_msgs/moveit_msgs/srv/detail/grasp_planning__rosidl_typesupport_fastrtps_cpp.hpp
[290.860s] -- Installing: /home/andre/ros2_ws/src/install/moveit_msgs/include/moveit_msgs/moveit_msgs/srv/detail/get_planning_scene__rosidl_typesupport_fastrtps_cpp.hpp
[290.861s] -- Installing: /home/andre/ros2_ws/src/install/moveit_msgs/include/moveit_msgs/moveit_msgs/srv/detail/rename_robot_state_in_warehouse__rosidl_typesupport_fastrtps_cpp.hpp
[290.861s] -- Installing: /home/andre/ros2_ws/src/install/moveit_msgs/include/moveit_msgs/moveit_msgs/srv/detail/set_planner_params__rosidl_typesupport_fastrtps_cpp.hpp
[290.861s] -- Installing: /home/andre/ros2_ws/src/install/moveit_msgs/include/moveit_msgs/moveit_msgs/srv/detail/save_geometry_to_file__rosidl_typesupport_fastrtps_cpp.hpp
[290.861s] -- Installing: /home/andre/ros2_ws/src/install/moveit_msgs/include/moveit_msgs/moveit_msgs/srv/detail/get_robot_state_from_warehouse__rosidl_typesupport_fastrtps_cpp.hpp
[290.861s] -- Installing: /home/andre/ros2_ws/src/install/moveit_msgs/include/moveit_msgs/moveit_msgs/srv/detail/dds_fastrtps
[290.861s] -- Installing: /home/andre/ros2_ws/src/install/moveit_msgs/include/moveit_msgs/moveit_msgs/srv/detail/list_robot_states_in_warehouse__rosidl_typesupport_fastrtps_cpp.hpp
[290.861s] -- Installing: /home/andre/ros2_ws/src/install/moveit_msgs/include/moveit_msgs/moveit_msgs/srv/detail/get_motion_sequence__rosidl_typesupport_fastrtps_cpp.hpp
[290.861s] -- Installing: /home/andre/ros2_ws/src/install/moveit_msgs/include/moveit_msgs/moveit_msgs/srv/detail/query_planner_interfaces__rosidl_typesupport_fastrtps_cpp.hpp
[290.861s] -- Installing: /home/andre/ros2_ws/src/install/moveit_msgs/include/moveit_msgs/moveit_msgs/srv/detail/get_planner_params__rosidl_typesupport_fastrtps_cpp.hpp
[290.862s] -- Installing: /home/andre/ros2_ws/src/install/moveit_msgs/include/moveit_msgs/moveit_msgs/srv/detail/get_position_fk__rosidl_typesupport_fastrtps_cpp.hpp
[290.862s] -- Installing: /home/andre/ros2_ws/src/install/moveit_msgs/include/moveit_msgs/moveit_msgs/srv/detail/load_map__rosidl_typesupport_fastrtps_cpp.hpp
[290.862s] -- Installing: /home/andre/ros2_ws/src/install/moveit_msgs/include/moveit_msgs/moveit_msgs/srv/detail/check_if_robot_state_exists_in_warehouse__rosidl_typesupport_fastrtps_cpp.hpp
[290.862s] -- Installing: /home/andre/ros2_ws/src/install/moveit_msgs/include/moveit_msgs/moveit_msgs/srv/detail/get_multi_state_validity__rosidl_typesupport_fastrtps_cpp.hpp
[290.862s] -- Installing: /home/andre/ros2_ws/src/install/moveit_msgs/include/moveit_msgs/moveit_msgs/srv/detail/save_map__rosidl_typesupport_fastrtps_cpp.hpp
[290.862s] -- Installing: /home/andre/ros2_ws/src/install/moveit_msgs/include/moveit_msgs/moveit_msgs/srv/detail/get_cartesian_path__rosidl_typesupport_fastrtps_cpp.hpp
[290.862s] -- Installing: /home/andre/ros2_ws/src/install/moveit_msgs/include/moveit_msgs/moveit_msgs/srv/detail/delete_robot_state_from_warehouse__rosidl_typesupport_fastrtps_cpp.hpp
[290.862s] -- Installing: /home/andre/ros2_ws/src/install/moveit_msgs/include/moveit_msgs/moveit_msgs/srv/detail/load_geometry_from_file__rosidl_typesupport_fastrtps_cpp.hpp
[290.863s] -- Installing: /home/andre/ros2_ws/src/install/moveit_msgs/include/moveit_msgs/moveit_msgs/srv/detail/get_position_ik__rosidl_typesupport_fastrtps_cpp.hpp
[290.863s] -- Installing: /home/andre/ros2_ws/src/install/moveit_msgs/include/moveit_msgs/moveit_msgs/srv/detail/save_robot_state_to_warehouse__rosidl_typesupport_fastrtps_cpp.hpp
[290.863s] -- Installing: /home/andre/ros2_ws/src/install/moveit_msgs/include/moveit_msgs/moveit_msgs/srv/detail/apply_planning_scene__rosidl_typesupport_fastrtps_cpp.hpp
[290.863s] -- Installing: /home/andre/ros2_ws/src/install/moveit_msgs/include/moveit_msgs/moveit_msgs/srv/detail/get_state_validity__rosidl_typesupport_fastrtps_cpp.hpp
[290.863s] -- Installing: /home/andre/ros2_ws/src/install/moveit_msgs/include/moveit_msgs/moveit_msgs/srv/detail/get_motion_plan__rosidl_typesupport_fastrtps_cpp.hpp
[290.863s] -- Up-to-date: /home/andre/ros2_ws/src/install/moveit_msgs/include/moveit_msgs/moveit_msgs/msg
[290.863s] -- Installing: /home/andre/ros2_ws/src/install/moveit_msgs/include/moveit_msgs/moveit_msgs/msg/rosidl_typesupport_fastrtps_cpp__visibility_control.h
[290.863s] -- Up-to-date: /home/andre/ros2_ws/src/install/moveit_msgs/include/moveit_msgs/moveit_msgs/msg/detail
[290.863s] -- Installing: /home/andre/ros2_ws/src/install/moveit_msgs/include/moveit_msgs/moveit_msgs/msg/detail/robot_trajectory__rosidl_typesupport_fastrtps_cpp.hpp
[290.863s] -- Installing: /home/andre/ros2_ws/src/install/moveit_msgs/include/moveit_msgs/moveit_msgs/msg/detail/move_it_error_codes__rosidl_typesupport_fastrtps_cpp.hpp
[290.864s] -- Installing: /home/andre/ros2_ws/src/install/moveit_msgs/include/moveit_msgs/moveit_msgs/msg/detail/trajectory_constraints__rosidl_typesupport_fastrtps_cpp.hpp
[290.864s] -- Installing: /home/andre/ros2_ws/src/install/moveit_msgs/include/moveit_msgs/moveit_msgs/msg/detail/cartesian_trajectory_point__rosidl_typesupport_fastrtps_cpp.hpp
[290.864s] -- Installing: /home/andre/ros2_ws/src/install/moveit_msgs/include/moveit_msgs/moveit_msgs/msg/detail/joint_constraint__rosidl_typesupport_fastrtps_cpp.hpp
[290.864s] -- Installing: /home/andre/ros2_ws/src/install/moveit_msgs/include/moveit_msgs/moveit_msgs/msg/detail/collision_object__rosidl_typesupport_fastrtps_cpp.hpp
[290.864s] -- Installing: /home/andre/ros2_ws/src/install/moveit_msgs/include/moveit_msgs/moveit_msgs/msg/detail/servo_status__rosidl_typesupport_fastrtps_cpp.hpp
[290.864s] -- Installing: /home/andre/ros2_ws/src/install/moveit_msgs/include/moveit_msgs/moveit_msgs/msg/detail/link_scale__rosidl_typesupport_fastrtps_cpp.hpp
[290.864s] -- Installing: /home/andre/ros2_ws/src/install/moveit_msgs/include/moveit_msgs/moveit_msgs/msg/detail/motion_plan_request__rosidl_typesupport_fastrtps_cpp.hpp
[290.864s] -- Installing: /home/andre/ros2_ws/src/install/moveit_msgs/include/moveit_msgs/moveit_msgs/msg/detail/visibility_constraint__rosidl_typesupport_fastrtps_cpp.hpp
[290.864s] -- Installing: /home/andre/ros2_ws/src/install/moveit_msgs/include/moveit_msgs/moveit_msgs/msg/detail/link_padding__rosidl_typesupport_fastrtps_cpp.hpp
[290.864s] -- Installing: /home/andre/ros2_ws/src/install/moveit_msgs/include/moveit_msgs/moveit_msgs/msg/detail/place_location__rosidl_typesupport_fastrtps_cpp.hpp
[290.865s] -- Installing: /home/andre/ros2_ws/src/install/moveit_msgs/include/moveit_msgs/moveit_msgs/msg/detail/motion_plan_detailed_response__rosidl_typesupport_fastrtps_cpp.hpp
[290.865s] -- Installing: /home/andre/ros2_ws/src/install/moveit_msgs/include/moveit_msgs/moveit_msgs/msg/detail/motion_sequence_item__rosidl_typesupport_fastrtps_cpp.hpp
[290.865s] -- Installing: /home/andre/ros2_ws/src/install/moveit_msgs/include/moveit_msgs/moveit_msgs/msg/detail/planning_scene_world__rosidl_typesupport_fastrtps_cpp.hpp
[290.865s] -- Installing: /home/andre/ros2_ws/src/install/moveit_msgs/include/moveit_msgs/moveit_msgs/msg/detail/oriented_bounding_box__rosidl_typesupport_fastrtps_cpp.hpp
[290.865s] -- Installing: /home/andre/ros2_ws/src/install/moveit_msgs/include/moveit_msgs/moveit_msgs/msg/detail/position_ik_request__rosidl_typesupport_fastrtps_cpp.hpp
[290.865s] -- Installing: /home/andre/ros2_ws/src/install/moveit_msgs/include/moveit_msgs/moveit_msgs/msg/detail/orientation_constraint__rosidl_typesupport_fastrtps_cpp.hpp
[290.865s] -- Installing: /home/andre/ros2_ws/src/install/moveit_msgs/include/moveit_msgs/moveit_msgs/msg/detail/dds_fastrtps
[290.865s] -- Installing: /home/andre/ros2_ws/src/install/moveit_msgs/include/moveit_msgs/moveit_msgs/msg/detail/cartesian_trajectory__rosidl_typesupport_fastrtps_cpp.hpp
[290.865s] -- Installing: /home/andre/ros2_ws/src/install/moveit_msgs/include/moveit_msgs/moveit_msgs/msg/detail/position_constraint__rosidl_typesupport_fastrtps_cpp.hpp
[290.865s] -- Installing: /home/andre/ros2_ws/src/install/moveit_msgs/include/moveit_msgs/moveit_msgs/msg/detail/planner_interface_description__rosidl_typesupport_fastrtps_cpp.hpp
[290.866s] -- Installing: /home/andre/ros2_ws/src/install/moveit_msgs/include/moveit_msgs/moveit_msgs/msg/detail/allowed_collision_entry__rosidl_typesupport_fastrtps_cpp.hpp
[290.866s] -- Installing: /home/andre/ros2_ws/src/install/moveit_msgs/include/moveit_msgs/moveit_msgs/msg/detail/attached_collision_object__rosidl_typesupport_fastrtps_cpp.hpp
[290.866s] -- Installing: /home/andre/ros2_ws/src/install/moveit_msgs/include/moveit_msgs/moveit_msgs/msg/detail/motion_sequence_response__rosidl_typesupport_fastrtps_cpp.hpp
[290.866s] -- Installing: /home/andre/ros2_ws/src/install/moveit_msgs/include/moveit_msgs/moveit_msgs/msg/detail/planning_options__rosidl_typesupport_fastrtps_cpp.hpp
[290.866s] -- Installing: /home/andre/ros2_ws/src/install/moveit_msgs/include/moveit_msgs/moveit_msgs/msg/detail/joint_limits__rosidl_typesupport_fastrtps_cpp.hpp
[290.866s] -- Installing: /home/andre/ros2_ws/src/install/moveit_msgs/include/moveit_msgs/moveit_msgs/msg/detail/cartesian_point__rosidl_typesupport_fastrtps_cpp.hpp
[290.866s] -- Installing: /home/andre/ros2_ws/src/install/moveit_msgs/include/moveit_msgs/moveit_msgs/msg/detail/display_robot_state__rosidl_typesupport_fastrtps_cpp.hpp
[290.866s] -- Installing: /home/andre/ros2_ws/src/install/moveit_msgs/include/moveit_msgs/moveit_msgs/msg/detail/generic_trajectory__rosidl_typesupport_fastrtps_cpp.hpp
[290.866s] -- Installing: /home/andre/ros2_ws/src/install/moveit_msgs/include/moveit_msgs/moveit_msgs/msg/detail/robot_state__rosidl_typesupport_fastrtps_cpp.hpp
[290.866s] -- Installing: /home/andre/ros2_ws/src/install/moveit_msgs/include/moveit_msgs/moveit_msgs/msg/detail/gripper_translation__rosidl_typesupport_fastrtps_cpp.hpp
[290.867s] -- Installing: /home/andre/ros2_ws/src/install/moveit_msgs/include/moveit_msgs/moveit_msgs/msg/detail/object_color__rosidl_typesupport_fastrtps_cpp.hpp
[290.867s] -- Installing: /home/andre/ros2_ws/src/install/moveit_msgs/include/moveit_msgs/moveit_msgs/msg/detail/kinematic_solver_info__rosidl_typesupport_fastrtps_cpp.hpp
[290.867s] -- Installing: /home/andre/ros2_ws/src/install/moveit_msgs/include/moveit_msgs/moveit_msgs/msg/detail/planning_scene__rosidl_typesupport_fastrtps_cpp.hpp
[290.867s] -- Installing: /home/andre/ros2_ws/src/install/moveit_msgs/include/moveit_msgs/moveit_msgs/msg/detail/constraint_eval_result__rosidl_typesupport_fastrtps_cpp.hpp
[290.867s] -- Installing: /home/andre/ros2_ws/src/install/moveit_msgs/include/moveit_msgs/moveit_msgs/msg/detail/pipeline_state__rosidl_typesupport_fastrtps_cpp.hpp
[290.867s] -- Installing: /home/andre/ros2_ws/src/install/moveit_msgs/include/moveit_msgs/moveit_msgs/msg/detail/allowed_collision_matrix__rosidl_typesupport_fastrtps_cpp.hpp
[290.867s] -- Installing: /home/andre/ros2_ws/src/install/moveit_msgs/include/moveit_msgs/moveit_msgs/msg/detail/grasp__rosidl_typesupport_fastrtps_cpp.hpp
[290.867s] -- Installing: /home/andre/ros2_ws/src/install/moveit_msgs/include/moveit_msgs/moveit_msgs/msg/detail/motion_plan_response__rosidl_typesupport_fastrtps_cpp.hpp
[290.867s] -- Installing: /home/andre/ros2_ws/src/install/moveit_msgs/include/moveit_msgs/moveit_msgs/msg/detail/motion_sequence_request__rosidl_typesupport_fastrtps_cpp.hpp
[290.867s] -- Installing: /home/andre/ros2_ws/src/install/moveit_msgs/include/moveit_msgs/moveit_msgs/msg/detail/cost_source__rosidl_typesupport_fastrtps_cpp.hpp
[290.868s] -- Installing: /home/andre/ros2_ws/src/install/moveit_msgs/include/moveit_msgs/moveit_msgs/msg/detail/bounding_volume__rosidl_typesupport_fastrtps_cpp.hpp
[290.868s] -- Installing: /home/andre/ros2_ws/src/install/moveit_msgs/include/moveit_msgs/moveit_msgs/msg/detail/planner_params__rosidl_typesupport_fastrtps_cpp.hpp
[290.868s] -- Installing: /home/andre/ros2_ws/src/install/moveit_msgs/include/moveit_msgs/moveit_msgs/msg/detail/planning_scene_components__rosidl_typesupport_fastrtps_cpp.hpp
[290.868s] -- Installing: /home/andre/ros2_ws/src/install/moveit_msgs/include/moveit_msgs/moveit_msgs/msg/detail/workspace_parameters__rosidl_typesupport_fastrtps_cpp.hpp
[290.868s] -- Installing: /home/andre/ros2_ws/src/install/moveit_msgs/include/moveit_msgs/moveit_msgs/msg/detail/contact_information__rosidl_typesupport_fastrtps_cpp.hpp
[290.868s] -- Installing: /home/andre/ros2_ws/src/install/moveit_msgs/include/moveit_msgs/moveit_msgs/msg/detail/display_trajectory__rosidl_typesupport_fastrtps_cpp.hpp
[290.868s] -- Installing: /home/andre/ros2_ws/src/install/moveit_msgs/include/moveit_msgs/moveit_msgs/msg/detail/constraints__rosidl_typesupport_fastrtps_cpp.hpp
[290.868s] -- Installing: /home/andre/ros2_ws/src/install/moveit_msgs/lib/libmoveit_msgs__rosidl_typesupport_fastrtps_cpp.so
[290.871s] -- Set non-toolchain portion of runtime path of "/home/andre/ros2_ws/src/install/moveit_msgs/lib/libmoveit_msgs__rosidl_typesupport_fastrtps_cpp.so" to ""
[290.871s] -- Up-to-date: /home/andre/ros2_ws/src/install/moveit_msgs/include/moveit_msgs/moveit_msgs
[290.871s] -- Up-to-date: /home/andre/ros2_ws/src/install/moveit_msgs/include/moveit_msgs/moveit_msgs/action
[290.871s] -- Up-to-date: /home/andre/ros2_ws/src/install/moveit_msgs/include/moveit_msgs/moveit_msgs/action/detail
[290.872s] -- Installing: /home/andre/ros2_ws/src/install/moveit_msgs/include/moveit_msgs/moveit_msgs/action/detail/move_group_sequence__rosidl_typesupport_introspection_cpp.hpp
[290.872s] -- Installing: /home/andre/ros2_ws/src/install/moveit_msgs/include/moveit_msgs/moveit_msgs/action/detail/move_group__rosidl_typesupport_introspection_cpp.hpp
[290.872s] -- Installing: /home/andre/ros2_ws/src/install/moveit_msgs/include/moveit_msgs/moveit_msgs/action/detail/hybrid_planner__type_support.cpp
[290.872s] -- Installing: /home/andre/ros2_ws/src/install/moveit_msgs/include/moveit_msgs/moveit_msgs/action/detail/pickup__rosidl_typesupport_introspection_cpp.hpp
[290.872s] -- Installing: /home/andre/ros2_ws/src/install/moveit_msgs/include/moveit_msgs/moveit_msgs/action/detail/global_planner__rosidl_typesupport_introspection_cpp.hpp
[290.872s] -- Installing: /home/andre/ros2_ws/src/install/moveit_msgs/include/moveit_msgs/moveit_msgs/action/detail/execute_trajectory__rosidl_typesupport_introspection_cpp.hpp
[290.872s] -- Installing: /home/andre/ros2_ws/src/install/moveit_msgs/include/moveit_msgs/moveit_msgs/action/detail/local_planner__rosidl_typesupport_introspection_cpp.hpp
[290.872s] -- Installing: /home/andre/ros2_ws/src/install/moveit_msgs/include/moveit_msgs/moveit_msgs/action/detail/move_group_sequence__type_support.cpp
[290.872s] -- Installing: /home/andre/ros2_ws/src/install/moveit_msgs/include/moveit_msgs/moveit_msgs/action/detail/place__type_support.cpp
[290.872s] -- Installing: /home/andre/ros2_ws/src/install/moveit_msgs/include/moveit_msgs/moveit_msgs/action/detail/pickup__type_support.cpp
[290.873s] -- Installing: /home/andre/ros2_ws/src/install/moveit_msgs/include/moveit_msgs/moveit_msgs/action/detail/hybrid_planner__rosidl_typesupport_introspection_cpp.hpp
[290.873s] -- Installing: /home/andre/ros2_ws/src/install/moveit_msgs/include/moveit_msgs/moveit_msgs/action/detail/execute_trajectory__type_support.cpp
[290.873s] -- Installing: /home/andre/ros2_ws/src/install/moveit_msgs/include/moveit_msgs/moveit_msgs/action/detail/move_group__type_support.cpp
[290.873s] -- Installing: /home/andre/ros2_ws/src/install/moveit_msgs/include/moveit_msgs/moveit_msgs/action/detail/global_planner__type_support.cpp
[290.873s] -- Installing: /home/andre/ros2_ws/src/install/moveit_msgs/include/moveit_msgs/moveit_msgs/action/detail/place__rosidl_typesupport_introspection_cpp.hpp
[290.873s] -- Installing: /home/andre/ros2_ws/src/install/moveit_msgs/include/moveit_msgs/moveit_msgs/action/detail/local_planner__type_support.cpp
[290.873s] -- Up-to-date: /home/andre/ros2_ws/src/install/moveit_msgs/include/moveit_msgs/moveit_msgs/srv
[290.874s] -- Up-to-date: /home/andre/ros2_ws/src/install/moveit_msgs/include/moveit_msgs/moveit_msgs/srv/detail
[290.874s] -- Installing: /home/andre/ros2_ws/src/install/moveit_msgs/include/moveit_msgs/moveit_msgs/srv/detail/grasp_planning__rosidl_typesupport_introspection_cpp.hpp
[290.874s] -- Installing: /home/andre/ros2_ws/src/install/moveit_msgs/include/moveit_msgs/moveit_msgs/srv/detail/get_position_fk__type_support.cpp
[290.874s] -- Installing: /home/andre/ros2_ws/src/install/moveit_msgs/include/moveit_msgs/moveit_msgs/srv/detail/save_robot_state_to_warehouse__type_support.cpp
[290.874s] -- Installing: /home/andre/ros2_ws/src/install/moveit_msgs/include/moveit_msgs/moveit_msgs/srv/detail/get_robot_state_from_warehouse__type_support.cpp
[290.874s] -- Installing: /home/andre/ros2_ws/src/install/moveit_msgs/include/moveit_msgs/moveit_msgs/srv/detail/rename_robot_state_in_warehouse__type_support.cpp
[290.874s] -- Installing: /home/andre/ros2_ws/src/install/moveit_msgs/include/moveit_msgs/moveit_msgs/srv/detail/update_pointcloud_octomap__type_support.cpp
[290.874s] -- Installing: /home/andre/ros2_ws/src/install/moveit_msgs/include/moveit_msgs/moveit_msgs/srv/detail/save_map__type_support.cpp
[290.874s] -- Installing: /home/andre/ros2_ws/src/install/moveit_msgs/include/moveit_msgs/moveit_msgs/srv/detail/get_motion_sequence__rosidl_typesupport_introspection_cpp.hpp
[290.874s] -- Installing: /home/andre/ros2_ws/src/install/moveit_msgs/include/moveit_msgs/moveit_msgs/srv/detail/get_multi_state_validity__type_support.cpp
[290.875s] -- Installing: /home/andre/ros2_ws/src/install/moveit_msgs/include/moveit_msgs/moveit_msgs/srv/detail/list_robot_states_in_warehouse__rosidl_typesupport_introspection_cpp.hpp
[290.875s] -- Installing: /home/andre/ros2_ws/src/install/moveit_msgs/include/moveit_msgs/moveit_msgs/srv/detail/get_planner_params__rosidl_typesupport_introspection_cpp.hpp
[290.875s] -- Installing: /home/andre/ros2_ws/src/install/moveit_msgs/include/moveit_msgs/moveit_msgs/srv/detail/get_planning_scene__rosidl_typesupport_introspection_cpp.hpp
[290.875s] -- Installing: /home/andre/ros2_ws/src/install/moveit_msgs/include/moveit_msgs/moveit_msgs/srv/detail/get_cartesian_path__rosidl_typesupport_introspection_cpp.hpp
[290.875s] -- Installing: /home/andre/ros2_ws/src/install/moveit_msgs/include/moveit_msgs/moveit_msgs/srv/detail/apply_planning_scene__type_support.cpp
[290.875s] -- Installing: /home/andre/ros2_ws/src/install/moveit_msgs/include/moveit_msgs/moveit_msgs/srv/detail/save_robot_state_to_warehouse__rosidl_typesupport_introspection_cpp.hpp
[290.875s] -- Installing: /home/andre/ros2_ws/src/install/moveit_msgs/include/moveit_msgs/moveit_msgs/srv/detail/grasp_planning__type_support.cpp
[290.875s] -- Installing: /home/andre/ros2_ws/src/install/moveit_msgs/include/moveit_msgs/moveit_msgs/srv/detail/check_if_robot_state_exists_in_warehouse__type_support.cpp
[290.875s] -- Installing: /home/andre/ros2_ws/src/install/moveit_msgs/include/moveit_msgs/moveit_msgs/srv/detail/load_map__type_support.cpp
[290.876s] -- Installing: /home/andre/ros2_ws/src/install/moveit_msgs/include/moveit_msgs/moveit_msgs/srv/detail/check_if_robot_state_exists_in_warehouse__rosidl_typesupport_introspection_cpp.hpp
[290.876s] -- Installing: /home/andre/ros2_ws/src/install/moveit_msgs/include/moveit_msgs/moveit_msgs/srv/detail/get_position_ik__rosidl_typesupport_introspection_cpp.hpp
[290.876s] -- Installing: /home/andre/ros2_ws/src/install/moveit_msgs/include/moveit_msgs/moveit_msgs/srv/detail/load_map__rosidl_typesupport_introspection_cpp.hpp
[290.876s] -- Installing: /home/andre/ros2_ws/src/install/moveit_msgs/include/moveit_msgs/moveit_msgs/srv/detail/get_robot_state_from_warehouse__rosidl_typesupport_introspection_cpp.hpp
[290.876s] -- Installing: /home/andre/ros2_ws/src/install/moveit_msgs/include/moveit_msgs/moveit_msgs/srv/detail/apply_planning_scene__rosidl_typesupport_introspection_cpp.hpp
[290.876s] -- Installing: /home/andre/ros2_ws/src/install/moveit_msgs/include/moveit_msgs/moveit_msgs/srv/detail/get_multi_state_validity__rosidl_typesupport_introspection_cpp.hpp
[290.876s] -- Installing: /home/andre/ros2_ws/src/install/moveit_msgs/include/moveit_msgs/moveit_msgs/srv/detail/get_motion_sequence__type_support.cpp
[290.876s] -- Installing: /home/andre/ros2_ws/src/install/moveit_msgs/include/moveit_msgs/moveit_msgs/srv/detail/servo_command_type__rosidl_typesupport_introspection_cpp.hpp
[290.876s] -- Installing: /home/andre/ros2_ws/src/install/moveit_msgs/include/moveit_msgs/moveit_msgs/srv/detail/get_state_validity__rosidl_typesupport_introspection_cpp.hpp
[290.877s] -- Installing: /home/andre/ros2_ws/src/install/moveit_msgs/include/moveit_msgs/moveit_msgs/srv/detail/query_planner_interfaces__rosidl_typesupport_introspection_cpp.hpp
[290.877s] -- Installing: /home/andre/ros2_ws/src/install/moveit_msgs/include/moveit_msgs/moveit_msgs/srv/detail/get_position_fk__rosidl_typesupport_introspection_cpp.hpp
[290.877s] -- Installing: /home/andre/ros2_ws/src/install/moveit_msgs/include/moveit_msgs/moveit_msgs/srv/detail/set_planner_params__type_support.cpp
[290.877s] -- Installing: /home/andre/ros2_ws/src/install/moveit_msgs/include/moveit_msgs/moveit_msgs/srv/detail/save_map__rosidl_typesupport_introspection_cpp.hpp
[290.877s] -- Installing: /home/andre/ros2_ws/src/install/moveit_msgs/include/moveit_msgs/moveit_msgs/srv/detail/load_geometry_from_file__rosidl_typesupport_introspection_cpp.hpp
[290.877s] -- Installing: /home/andre/ros2_ws/src/install/moveit_msgs/include/moveit_msgs/moveit_msgs/srv/detail/save_geometry_to_file__rosidl_typesupport_introspection_cpp.hpp
[290.877s] -- Installing: /home/andre/ros2_ws/src/install/moveit_msgs/include/moveit_msgs/moveit_msgs/srv/detail/load_geometry_from_file__type_support.cpp
[290.877s] -- Installing: /home/andre/ros2_ws/src/install/moveit_msgs/include/moveit_msgs/moveit_msgs/srv/detail/get_position_ik__type_support.cpp
[290.877s] -- Installing: /home/andre/ros2_ws/src/install/moveit_msgs/include/moveit_msgs/moveit_msgs/srv/detail/get_group_urdf__rosidl_typesupport_introspection_cpp.hpp
[290.877s] -- Installing: /home/andre/ros2_ws/src/install/moveit_msgs/include/moveit_msgs/moveit_msgs/srv/detail/get_motion_plan__type_support.cpp
[290.878s] -- Installing: /home/andre/ros2_ws/src/install/moveit_msgs/include/moveit_msgs/moveit_msgs/srv/detail/get_cartesian_path__type_support.cpp
[290.878s] -- Installing: /home/andre/ros2_ws/src/install/moveit_msgs/include/moveit_msgs/moveit_msgs/srv/detail/query_planner_interfaces__type_support.cpp
[290.878s] -- Installing: /home/andre/ros2_ws/src/install/moveit_msgs/include/moveit_msgs/moveit_msgs/srv/detail/set_planner_params__rosidl_typesupport_introspection_cpp.hpp
[290.878s] -- Installing: /home/andre/ros2_ws/src/install/moveit_msgs/include/moveit_msgs/moveit_msgs/srv/detail/delete_robot_state_from_warehouse__type_support.cpp
[290.878s] -- Installing: /home/andre/ros2_ws/src/install/moveit_msgs/include/moveit_msgs/moveit_msgs/srv/detail/get_group_urdf__type_support.cpp
[290.878s] -- Installing: /home/andre/ros2_ws/src/install/moveit_msgs/include/moveit_msgs/moveit_msgs/srv/detail/get_planning_scene__type_support.cpp
[290.878s] -- Installing: /home/andre/ros2_ws/src/install/moveit_msgs/include/moveit_msgs/moveit_msgs/srv/detail/save_geometry_to_file__type_support.cpp
[290.878s] -- Installing: /home/andre/ros2_ws/src/install/moveit_msgs/include/moveit_msgs/moveit_msgs/srv/detail/get_motion_plan__rosidl_typesupport_introspection_cpp.hpp
[290.879s] -- Installing: /home/andre/ros2_ws/src/install/moveit_msgs/include/moveit_msgs/moveit_msgs/srv/detail/get_state_validity__type_support.cpp
[290.879s] -- Installing: /home/andre/ros2_ws/src/install/moveit_msgs/include/moveit_msgs/moveit_msgs/srv/detail/list_robot_states_in_warehouse__type_support.cpp
[290.879s] -- Installing: /home/andre/ros2_ws/src/install/moveit_msgs/include/moveit_msgs/moveit_msgs/srv/detail/delete_robot_state_from_warehouse__rosidl_typesupport_introspection_cpp.hpp
[290.879s] -- Installing: /home/andre/ros2_ws/src/install/moveit_msgs/include/moveit_msgs/moveit_msgs/srv/detail/rename_robot_state_in_warehouse__rosidl_typesupport_introspection_cpp.hpp
[290.879s] -- Installing: /home/andre/ros2_ws/src/install/moveit_msgs/include/moveit_msgs/moveit_msgs/srv/detail/get_planner_params__type_support.cpp
[290.879s] -- Installing: /home/andre/ros2_ws/src/install/moveit_msgs/include/moveit_msgs/moveit_msgs/srv/detail/servo_command_type__type_support.cpp
[290.879s] -- Installing: /home/andre/ros2_ws/src/install/moveit_msgs/include/moveit_msgs/moveit_msgs/srv/detail/update_pointcloud_octomap__rosidl_typesupport_introspection_cpp.hpp
[290.879s] -- Up-to-date: /home/andre/ros2_ws/src/install/moveit_msgs/include/moveit_msgs/moveit_msgs/msg
[290.879s] -- Up-to-date: /home/andre/ros2_ws/src/install/moveit_msgs/include/moveit_msgs/moveit_msgs/msg/detail
[290.880s] -- Installing: /home/andre/ros2_ws/src/install/moveit_msgs/include/moveit_msgs/moveit_msgs/msg/detail/move_it_error_codes__type_support.cpp
[290.880s] -- Installing: /home/andre/ros2_ws/src/install/moveit_msgs/include/moveit_msgs/moveit_msgs/msg/detail/planning_scene__type_support.cpp
[290.880s] -- Installing: /home/andre/ros2_ws/src/install/moveit_msgs/include/moveit_msgs/moveit_msgs/msg/detail/link_padding__rosidl_typesupport_introspection_cpp.hpp
[290.880s] -- Installing: /home/andre/ros2_ws/src/install/moveit_msgs/include/moveit_msgs/moveit_msgs/msg/detail/constraint_eval_result__type_support.cpp
[290.880s] -- Installing: /home/andre/ros2_ws/src/install/moveit_msgs/include/moveit_msgs/moveit_msgs/msg/detail/orientation_constraint__rosidl_typesupport_introspection_cpp.hpp
[290.880s] -- Installing: /home/andre/ros2_ws/src/install/moveit_msgs/include/moveit_msgs/moveit_msgs/msg/detail/link_scale__type_support.cpp
[290.880s] -- Installing: /home/andre/ros2_ws/src/install/moveit_msgs/include/moveit_msgs/moveit_msgs/msg/detail/display_robot_state__type_support.cpp
[290.880s] -- Installing: /home/andre/ros2_ws/src/install/moveit_msgs/include/moveit_msgs/moveit_msgs/msg/detail/allowed_collision_matrix__rosidl_typesupport_introspection_cpp.hpp
[290.880s] -- Installing: /home/andre/ros2_ws/src/install/moveit_msgs/include/moveit_msgs/moveit_msgs/msg/detail/constraint_eval_result__rosidl_typesupport_introspection_cpp.hpp
[290.880s] -- Installing: /home/andre/ros2_ws/src/install/moveit_msgs/include/moveit_msgs/moveit_msgs/msg/detail/cost_source__rosidl_typesupport_introspection_cpp.hpp
[290.881s] -- Installing: /home/andre/ros2_ws/src/install/moveit_msgs/include/moveit_msgs/moveit_msgs/msg/detail/planning_scene_components__type_support.cpp
[290.881s] -- Installing: /home/andre/ros2_ws/src/install/moveit_msgs/include/moveit_msgs/moveit_msgs/msg/detail/robot_trajectory__type_support.cpp
[290.881s] -- Installing: /home/andre/ros2_ws/src/install/moveit_msgs/include/moveit_msgs/moveit_msgs/msg/detail/generic_trajectory__type_support.cpp
[290.881s] -- Installing: /home/andre/ros2_ws/src/install/moveit_msgs/include/moveit_msgs/moveit_msgs/msg/detail/allowed_collision_matrix__type_support.cpp
[290.881s] -- Installing: /home/andre/ros2_ws/src/install/moveit_msgs/include/moveit_msgs/moveit_msgs/msg/detail/pipeline_state__rosidl_typesupport_introspection_cpp.hpp
[290.881s] -- Installing: /home/andre/ros2_ws/src/install/moveit_msgs/include/moveit_msgs/moveit_msgs/msg/detail/visibility_constraint__type_support.cpp
[290.881s] -- Installing: /home/andre/ros2_ws/src/install/moveit_msgs/include/moveit_msgs/moveit_msgs/msg/detail/robot_state__type_support.cpp
[290.881s] -- Installing: /home/andre/ros2_ws/src/install/moveit_msgs/include/moveit_msgs/moveit_msgs/msg/detail/cartesian_trajectory_point__rosidl_typesupport_introspection_cpp.hpp
[290.881s] -- Installing: /home/andre/ros2_ws/src/install/moveit_msgs/include/moveit_msgs/moveit_msgs/msg/detail/orientation_constraint__type_support.cpp
[290.881s] -- Installing: /home/andre/ros2_ws/src/install/moveit_msgs/include/moveit_msgs/moveit_msgs/msg/detail/cartesian_trajectory__type_support.cpp
[290.882s] -- Installing: /home/andre/ros2_ws/src/install/moveit_msgs/include/moveit_msgs/moveit_msgs/msg/detail/oriented_bounding_box__type_support.cpp
[290.882s] -- Installing: /home/andre/ros2_ws/src/install/moveit_msgs/include/moveit_msgs/moveit_msgs/msg/detail/position_ik_request__type_support.cpp
[290.882s] -- Installing: /home/andre/ros2_ws/src/install/moveit_msgs/include/moveit_msgs/moveit_msgs/msg/detail/planner_params__rosidl_typesupport_introspection_cpp.hpp
[290.882s] -- Installing: /home/andre/ros2_ws/src/install/moveit_msgs/include/moveit_msgs/moveit_msgs/msg/detail/link_padding__type_support.cpp
[290.882s] -- Installing: /home/andre/ros2_ws/src/install/moveit_msgs/include/moveit_msgs/moveit_msgs/msg/detail/visibility_constraint__rosidl_typesupport_introspection_cpp.hpp
[290.882s] -- Installing: /home/andre/ros2_ws/src/install/moveit_msgs/include/moveit_msgs/moveit_msgs/msg/detail/position_ik_request__rosidl_typesupport_introspection_cpp.hpp
[290.882s] -- Installing: /home/andre/ros2_ws/src/install/moveit_msgs/include/moveit_msgs/moveit_msgs/msg/detail/planner_interface_description__type_support.cpp
[290.882s] -- Installing: /home/andre/ros2_ws/src/install/moveit_msgs/include/moveit_msgs/moveit_msgs/msg/detail/joint_limits__rosidl_typesupport_introspection_cpp.hpp
[290.882s] -- Installing: /home/andre/ros2_ws/src/install/moveit_msgs/include/moveit_msgs/moveit_msgs/msg/detail/motion_plan_detailed_response__type_support.cpp
[290.883s] -- Installing: /home/andre/ros2_ws/src/install/moveit_msgs/include/moveit_msgs/moveit_msgs/msg/detail/trajectory_constraints__rosidl_typesupport_introspection_cpp.hpp
[290.883s] -- Installing: /home/andre/ros2_ws/src/install/moveit_msgs/include/moveit_msgs/moveit_msgs/msg/detail/generic_trajectory__rosidl_typesupport_introspection_cpp.hpp
[290.883s] -- Installing: /home/andre/ros2_ws/src/install/moveit_msgs/include/moveit_msgs/moveit_msgs/msg/detail/joint_limits__type_support.cpp
[290.883s] -- Installing: /home/andre/ros2_ws/src/install/moveit_msgs/include/moveit_msgs/moveit_msgs/msg/detail/object_color__rosidl_typesupport_introspection_cpp.hpp
[290.883s] -- Installing: /home/andre/ros2_ws/src/install/moveit_msgs/include/moveit_msgs/moveit_msgs/msg/detail/oriented_bounding_box__rosidl_typesupport_introspection_cpp.hpp
[290.883s] -- Installing: /home/andre/ros2_ws/src/install/moveit_msgs/include/moveit_msgs/moveit_msgs/msg/detail/display_trajectory__type_support.cpp
[290.883s] -- Installing: /home/andre/ros2_ws/src/install/moveit_msgs/include/moveit_msgs/moveit_msgs/msg/detail/collision_object__type_support.cpp
[290.883s] -- Installing: /home/andre/ros2_ws/src/install/moveit_msgs/include/moveit_msgs/moveit_msgs/msg/detail/link_scale__rosidl_typesupport_introspection_cpp.hpp
[290.883s] -- Installing: /home/andre/ros2_ws/src/install/moveit_msgs/include/moveit_msgs/moveit_msgs/msg/detail/pipeline_state__type_support.cpp
[290.883s] -- Installing: /home/andre/ros2_ws/src/install/moveit_msgs/include/moveit_msgs/moveit_msgs/msg/detail/planning_scene_world__rosidl_typesupport_introspection_cpp.hpp
[290.884s] -- Installing: /home/andre/ros2_ws/src/install/moveit_msgs/include/moveit_msgs/moveit_msgs/msg/detail/contact_information__type_support.cpp
[290.884s] -- Installing: /home/andre/ros2_ws/src/install/moveit_msgs/include/moveit_msgs/moveit_msgs/msg/detail/allowed_collision_entry__type_support.cpp
[290.884s] -- Installing: /home/andre/ros2_ws/src/install/moveit_msgs/include/moveit_msgs/moveit_msgs/msg/detail/joint_constraint__rosidl_typesupport_introspection_cpp.hpp
[290.884s] -- Installing: /home/andre/ros2_ws/src/install/moveit_msgs/include/moveit_msgs/moveit_msgs/msg/detail/grasp__type_support.cpp
[290.884s] -- Installing: /home/andre/ros2_ws/src/install/moveit_msgs/include/moveit_msgs/moveit_msgs/msg/detail/motion_sequence_request__type_support.cpp
[290.884s] -- Installing: /home/andre/ros2_ws/src/install/moveit_msgs/include/moveit_msgs/moveit_msgs/msg/detail/planner_params__type_support.cpp
[290.884s] -- Installing: /home/andre/ros2_ws/src/install/moveit_msgs/include/moveit_msgs/moveit_msgs/msg/detail/constraints__rosidl_typesupport_introspection_cpp.hpp
[290.884s] -- Installing: /home/andre/ros2_ws/src/install/moveit_msgs/include/moveit_msgs/moveit_msgs/msg/detail/gripper_translation__type_support.cpp
[290.884s] -- Installing: /home/andre/ros2_ws/src/install/moveit_msgs/include/moveit_msgs/moveit_msgs/msg/detail/motion_sequence_item__rosidl_typesupport_introspection_cpp.hpp
[290.884s] -- Installing: /home/andre/ros2_ws/src/install/moveit_msgs/include/moveit_msgs/moveit_msgs/msg/detail/gripper_translation__rosidl_typesupport_introspection_cpp.hpp
[290.885s] -- Installing: /home/andre/ros2_ws/src/install/moveit_msgs/include/moveit_msgs/moveit_msgs/msg/detail/kinematic_solver_info__rosidl_typesupport_introspection_cpp.hpp
[290.885s] -- Installing: /home/andre/ros2_ws/src/install/moveit_msgs/include/moveit_msgs/moveit_msgs/msg/detail/cartesian_trajectory__rosidl_typesupport_introspection_cpp.hpp
[290.885s] -- Installing: /home/andre/ros2_ws/src/install/moveit_msgs/include/moveit_msgs/moveit_msgs/msg/detail/robot_trajectory__rosidl_typesupport_introspection_cpp.hpp
[290.885s] -- Installing: /home/andre/ros2_ws/src/install/moveit_msgs/include/moveit_msgs/moveit_msgs/msg/detail/attached_collision_object__type_support.cpp
[290.885s] -- Installing: /home/andre/ros2_ws/src/install/moveit_msgs/include/moveit_msgs/moveit_msgs/msg/detail/display_robot_state__rosidl_typesupport_introspection_cpp.hpp
[290.885s] -- Installing: /home/andre/ros2_ws/src/install/moveit_msgs/include/moveit_msgs/moveit_msgs/msg/detail/move_it_error_codes__rosidl_typesupport_introspection_cpp.hpp
[290.885s] -- Installing: /home/andre/ros2_ws/src/install/moveit_msgs/include/moveit_msgs/moveit_msgs/msg/detail/place_location__type_support.cpp
[290.885s] -- Installing: /home/andre/ros2_ws/src/install/moveit_msgs/include/moveit_msgs/moveit_msgs/msg/detail/trajectory_constraints__type_support.cpp
[290.885s] -- Installing: /home/andre/ros2_ws/src/install/moveit_msgs/include/moveit_msgs/moveit_msgs/msg/detail/display_trajectory__rosidl_typesupport_introspection_cpp.hpp
[290.885s] -- Installing: /home/andre/ros2_ws/src/install/moveit_msgs/include/moveit_msgs/moveit_msgs/msg/detail/grasp__rosidl_typesupport_introspection_cpp.hpp
[290.886s] -- Installing: /home/andre/ros2_ws/src/install/moveit_msgs/include/moveit_msgs/moveit_msgs/msg/detail/joint_constraint__type_support.cpp
[290.886s] -- Installing: /home/andre/ros2_ws/src/install/moveit_msgs/include/moveit_msgs/moveit_msgs/msg/detail/contact_information__rosidl_typesupport_introspection_cpp.hpp
[290.886s] -- Installing: /home/andre/ros2_ws/src/install/moveit_msgs/include/moveit_msgs/moveit_msgs/msg/detail/planner_interface_description__rosidl_typesupport_introspection_cpp.hpp
[290.886s] -- Installing: /home/andre/ros2_ws/src/install/moveit_msgs/include/moveit_msgs/moveit_msgs/msg/detail/bounding_volume__rosidl_typesupport_introspection_cpp.hpp
[290.886s] -- Installing: /home/andre/ros2_ws/src/install/moveit_msgs/include/moveit_msgs/moveit_msgs/msg/detail/planning_scene_components__rosidl_typesupport_introspection_cpp.hpp
[290.886s] -- Installing: /home/andre/ros2_ws/src/install/moveit_msgs/include/moveit_msgs/moveit_msgs/msg/detail/allowed_collision_entry__rosidl_typesupport_introspection_cpp.hpp
[290.886s] -- Installing: /home/andre/ros2_ws/src/install/moveit_msgs/include/moveit_msgs/moveit_msgs/msg/detail/planning_options__type_support.cpp
[290.886s] -- Installing: /home/andre/ros2_ws/src/install/moveit_msgs/include/moveit_msgs/moveit_msgs/msg/detail/collision_object__rosidl_typesupport_introspection_cpp.hpp
[290.886s] -- Installing: /home/andre/ros2_ws/src/install/moveit_msgs/include/moveit_msgs/moveit_msgs/msg/detail/workspace_parameters__rosidl_typesupport_introspection_cpp.hpp
[290.887s] -- Installing: /home/andre/ros2_ws/src/install/moveit_msgs/include/moveit_msgs/moveit_msgs/msg/detail/attached_collision_object__rosidl_typesupport_introspection_cpp.hpp
[290.887s] -- Installing: /home/andre/ros2_ws/src/install/moveit_msgs/include/moveit_msgs/moveit_msgs/msg/detail/workspace_parameters__type_support.cpp
[290.887s] -- Installing: /home/andre/ros2_ws/src/install/moveit_msgs/include/moveit_msgs/moveit_msgs/msg/detail/motion_plan_response__type_support.cpp
[290.887s] -- Installing: /home/andre/ros2_ws/src/install/moveit_msgs/include/moveit_msgs/moveit_msgs/msg/detail/cartesian_trajectory_point__type_support.cpp
[290.887s] -- Installing: /home/andre/ros2_ws/src/install/moveit_msgs/include/moveit_msgs/moveit_msgs/msg/detail/planning_scene__rosidl_typesupport_introspection_cpp.hpp
[290.887s] -- Installing: /home/andre/ros2_ws/src/install/moveit_msgs/include/moveit_msgs/moveit_msgs/msg/detail/place_location__rosidl_typesupport_introspection_cpp.hpp
[290.887s] -- Installing: /home/andre/ros2_ws/src/install/moveit_msgs/include/moveit_msgs/moveit_msgs/msg/detail/constraints__type_support.cpp
[290.887s] -- Installing: /home/andre/ros2_ws/src/install/moveit_msgs/include/moveit_msgs/moveit_msgs/msg/detail/robot_state__rosidl_typesupport_introspection_cpp.hpp
[290.887s] -- Installing: /home/andre/ros2_ws/src/install/moveit_msgs/include/moveit_msgs/moveit_msgs/msg/detail/cartesian_point__rosidl_typesupport_introspection_cpp.hpp
[290.887s] -- Installing: /home/andre/ros2_ws/src/install/moveit_msgs/include/moveit_msgs/moveit_msgs/msg/detail/servo_status__type_support.cpp
[290.888s] -- Installing: /home/andre/ros2_ws/src/install/moveit_msgs/include/moveit_msgs/moveit_msgs/msg/detail/planning_options__rosidl_typesupport_introspection_cpp.hpp
[290.888s] -- Installing: /home/andre/ros2_ws/src/install/moveit_msgs/include/moveit_msgs/moveit_msgs/msg/detail/object_color__type_support.cpp
[290.888s] -- Installing: /home/andre/ros2_ws/src/install/moveit_msgs/include/moveit_msgs/moveit_msgs/msg/detail/servo_status__rosidl_typesupport_introspection_cpp.hpp
[290.888s] -- Installing: /home/andre/ros2_ws/src/install/moveit_msgs/include/moveit_msgs/moveit_msgs/msg/detail/kinematic_solver_info__type_support.cpp
[290.888s] -- Installing: /home/andre/ros2_ws/src/install/moveit_msgs/include/moveit_msgs/moveit_msgs/msg/detail/motion_plan_request__rosidl_typesupport_introspection_cpp.hpp
[290.888s] -- Installing: /home/andre/ros2_ws/src/install/moveit_msgs/include/moveit_msgs/moveit_msgs/msg/detail/motion_sequence_response__rosidl_typesupport_introspection_cpp.hpp
[290.888s] -- Installing: /home/andre/ros2_ws/src/install/moveit_msgs/include/moveit_msgs/moveit_msgs/msg/detail/motion_sequence_request__rosidl_typesupport_introspection_cpp.hpp
[290.888s] -- Installing: /home/andre/ros2_ws/src/install/moveit_msgs/include/moveit_msgs/moveit_msgs/msg/detail/motion_sequence_response__type_support.cpp
[290.888s] -- Installing: /home/andre/ros2_ws/src/install/moveit_msgs/include/moveit_msgs/moveit_msgs/msg/detail/motion_plan_request__type_support.cpp
[290.888s] -- Installing: /home/andre/ros2_ws/src/install/moveit_msgs/include/moveit_msgs/moveit_msgs/msg/detail/motion_plan_response__rosidl_typesupport_introspection_cpp.hpp
[290.889s] -- Installing: /home/andre/ros2_ws/src/install/moveit_msgs/include/moveit_msgs/moveit_msgs/msg/detail/bounding_volume__type_support.cpp
[290.889s] -- Installing: /home/andre/ros2_ws/src/install/moveit_msgs/include/moveit_msgs/moveit_msgs/msg/detail/planning_scene_world__type_support.cpp
[290.889s] -- Installing: /home/andre/ros2_ws/src/install/moveit_msgs/include/moveit_msgs/moveit_msgs/msg/detail/position_constraint__rosidl_typesupport_introspection_cpp.hpp
[290.889s] -- Installing: /home/andre/ros2_ws/src/install/moveit_msgs/include/moveit_msgs/moveit_msgs/msg/detail/motion_sequence_item__type_support.cpp
[290.889s] -- Installing: /home/andre/ros2_ws/src/install/moveit_msgs/include/moveit_msgs/moveit_msgs/msg/detail/cost_source__type_support.cpp
[290.889s] -- Installing: /home/andre/ros2_ws/src/install/moveit_msgs/include/moveit_msgs/moveit_msgs/msg/detail/position_constraint__type_support.cpp
[290.889s] -- Installing: /home/andre/ros2_ws/src/install/moveit_msgs/include/moveit_msgs/moveit_msgs/msg/detail/cartesian_point__type_support.cpp
[290.889s] -- Installing: /home/andre/ros2_ws/src/install/moveit_msgs/include/moveit_msgs/moveit_msgs/msg/detail/motion_plan_detailed_response__rosidl_typesupport_introspection_cpp.hpp
[290.890s] -- Installing: /home/andre/ros2_ws/src/install/moveit_msgs/lib/libmoveit_msgs__rosidl_typesupport_introspection_cpp.so
[290.893s] -- Set non-toolchain portion of runtime path of "/home/andre/ros2_ws/src/install/moveit_msgs/lib/libmoveit_msgs__rosidl_typesupport_introspection_cpp.so" to ""
[290.893s] -- Installing: /home/andre/ros2_ws/src/install/moveit_msgs/lib/libmoveit_msgs__rosidl_typesupport_cpp.so
[290.894s] -- Set non-toolchain portion of runtime path of "/home/andre/ros2_ws/src/install/moveit_msgs/lib/libmoveit_msgs__rosidl_typesupport_cpp.so" to ""
[290.894s] -- Installing: /home/andre/ros2_ws/src/install/moveit_msgs/share/moveit_msgs/environment/pythonpath.sh
[290.894s] -- Installing: /home/andre/ros2_ws/src/install/moveit_msgs/share/moveit_msgs/environment/pythonpath.dsv
[290.895s] -- Installing: /home/andre/ros2_ws/src/install/moveit_msgs/lib/python3.12/site-packages/moveit_msgs-2.7.1-py3.12.egg-info
[290.895s] -- Installing: /home/andre/ros2_ws/src/install/moveit_msgs/lib/python3.12/site-packages/moveit_msgs-2.7.1-py3.12.egg-info/dependency_links.txt
[290.895s] -- Installing: /home/andre/ros2_ws/src/install/moveit_msgs/lib/python3.12/site-packages/moveit_msgs-2.7.1-py3.12.egg-info/top_level.txt
[290.895s] -- Installing: /home/andre/ros2_ws/src/install/moveit_msgs/lib/python3.12/site-packages/moveit_msgs-2.7.1-py3.12.egg-info/SOURCES.txt
[290.895s] -- Installing: /home/andre/ros2_ws/src/install/moveit_msgs/lib/python3.12/site-packages/moveit_msgs-2.7.1-py3.12.egg-info/PKG-INFO
[290.895s] -- Installing: /home/andre/ros2_ws/src/install/moveit_msgs/lib/python3.12/site-packages/moveit_msgs
[290.895s] -- Installing: /home/andre/ros2_ws/src/install/moveit_msgs/lib/python3.12/site-packages/moveit_msgs/_moveit_msgs_s.ep.rosidl_typesupport_fastrtps_c.c
[290.896s] -- Installing: /home/andre/ros2_ws/src/install/moveit_msgs/lib/python3.12/site-packages/moveit_msgs/moveit_msgs_s__rosidl_typesupport_c.so
[290.897s] -- Installing: /home/andre/ros2_ws/src/install/moveit_msgs/lib/python3.12/site-packages/moveit_msgs/action
[290.897s] -- Installing: /home/andre/ros2_ws/src/install/moveit_msgs/lib/python3.12/site-packages/moveit_msgs/action/_local_planner_s.c
[290.897s] -- Installing: /home/andre/ros2_ws/src/install/moveit_msgs/lib/python3.12/site-packages/moveit_msgs/action/_move_group_sequence.py
[290.897s] -- Installing: /home/andre/ros2_ws/src/install/moveit_msgs/lib/python3.12/site-packages/moveit_msgs/action/_hybrid_planner_s.c
[290.897s] -- Installing: /home/andre/ros2_ws/src/install/moveit_msgs/lib/python3.12/site-packages/moveit_msgs/action/_local_planner.py
[290.897s] -- Installing: /home/andre/ros2_ws/src/install/moveit_msgs/lib/python3.12/site-packages/moveit_msgs/action/_move_group_s.c
[290.898s] -- Installing: /home/andre/ros2_ws/src/install/moveit_msgs/lib/python3.12/site-packages/moveit_msgs/action/_move_group_sequence_s.c
[290.898s] -- Installing: /home/andre/ros2_ws/src/install/moveit_msgs/lib/python3.12/site-packages/moveit_msgs/action/_pickup.py
[290.898s] -- Installing: /home/andre/ros2_ws/src/install/moveit_msgs/lib/python3.12/site-packages/moveit_msgs/action/_place_s.c
[290.898s] -- Installing: /home/andre/ros2_ws/src/install/moveit_msgs/lib/python3.12/site-packages/moveit_msgs/action/_global_planner_s.c
[290.898s] -- Installing: /home/andre/ros2_ws/src/install/moveit_msgs/lib/python3.12/site-packages/moveit_msgs/action/_move_group.py
[290.898s] -- Installing: /home/andre/ros2_ws/src/install/moveit_msgs/lib/python3.12/site-packages/moveit_msgs/action/_pickup_s.c
[290.898s] -- Installing: /home/andre/ros2_ws/src/install/moveit_msgs/lib/python3.12/site-packages/moveit_msgs/action/_execute_trajectory.py
[290.899s] -- Installing: /home/andre/ros2_ws/src/install/moveit_msgs/lib/python3.12/site-packages/moveit_msgs/action/_hybrid_planner.py
[290.899s] -- Installing: /home/andre/ros2_ws/src/install/moveit_msgs/lib/python3.12/site-packages/moveit_msgs/action/__init__.py
[290.899s] -- Installing: /home/andre/ros2_ws/src/install/moveit_msgs/lib/python3.12/site-packages/moveit_msgs/action/_global_planner.py
[290.899s] -- Installing: /home/andre/ros2_ws/src/install/moveit_msgs/lib/python3.12/site-packages/moveit_msgs/action/_place.py
[290.899s] -- Installing: /home/andre/ros2_ws/src/install/moveit_msgs/lib/python3.12/site-packages/moveit_msgs/action/_execute_trajectory_s.c
[290.899s] -- Installing: /home/andre/ros2_ws/src/install/moveit_msgs/lib/python3.12/site-packages/moveit_msgs/_moveit_msgs_s.ep.rosidl_typesupport_introspection_c.c
[290.900s] -- Installing: /home/andre/ros2_ws/src/install/moveit_msgs/lib/python3.12/site-packages/moveit_msgs/moveit_msgs_s__rosidl_typesupport_fastrtps_c.so
[290.901s] -- Installing: /home/andre/ros2_ws/src/install/moveit_msgs/lib/python3.12/site-packages/moveit_msgs/srv
[290.901s] -- Installing: /home/andre/ros2_ws/src/install/moveit_msgs/lib/python3.12/site-packages/moveit_msgs/srv/_get_planner_params.py
[290.901s] -- Installing: /home/andre/ros2_ws/src/install/moveit_msgs/lib/python3.12/site-packages/moveit_msgs/srv/_query_planner_interfaces_s.c
[290.901s] -- Installing: /home/andre/ros2_ws/src/install/moveit_msgs/lib/python3.12/site-packages/moveit_msgs/srv/_get_motion_plan.py
[290.901s] -- Installing: /home/andre/ros2_ws/src/install/moveit_msgs/lib/python3.12/site-packages/moveit_msgs/srv/_save_map.py
[290.901s] -- Installing: /home/andre/ros2_ws/src/install/moveit_msgs/lib/python3.12/site-packages/moveit_msgs/srv/_get_position_fk.py
[290.901s] -- Installing: /home/andre/ros2_ws/src/install/moveit_msgs/lib/python3.12/site-packages/moveit_msgs/srv/_get_multi_state_validity_s.c
[290.902s] -- Installing: /home/andre/ros2_ws/src/install/moveit_msgs/lib/python3.12/site-packages/moveit_msgs/srv/_load_map.py
[290.902s] -- Installing: /home/andre/ros2_ws/src/install/moveit_msgs/lib/python3.12/site-packages/moveit_msgs/srv/_get_motion_sequence_s.c
[290.902s] -- Installing: /home/andre/ros2_ws/src/install/moveit_msgs/lib/python3.12/site-packages/moveit_msgs/srv/_set_planner_params.py
[290.902s] -- Installing: /home/andre/ros2_ws/src/install/moveit_msgs/lib/python3.12/site-packages/moveit_msgs/srv/_apply_planning_scene.py
[290.902s] -- Installing: /home/andre/ros2_ws/src/install/moveit_msgs/lib/python3.12/site-packages/moveit_msgs/srv/_save_robot_state_to_warehouse_s.c
[290.902s] -- Installing: /home/andre/ros2_ws/src/install/moveit_msgs/lib/python3.12/site-packages/moveit_msgs/srv/_query_planner_interfaces.py
[290.902s] -- Installing: /home/andre/ros2_ws/src/install/moveit_msgs/lib/python3.12/site-packages/moveit_msgs/srv/_grasp_planning_s.c
[290.902s] -- Installing: /home/andre/ros2_ws/src/install/moveit_msgs/lib/python3.12/site-packages/moveit_msgs/srv/_get_state_validity_s.c
[290.902s] -- Installing: /home/andre/ros2_ws/src/install/moveit_msgs/lib/python3.12/site-packages/moveit_msgs/srv/_set_planner_params_s.c
[290.902s] -- Installing: /home/andre/ros2_ws/src/install/moveit_msgs/lib/python3.12/site-packages/moveit_msgs/srv/_grasp_planning.py
[290.903s] -- Installing: /home/andre/ros2_ws/src/install/moveit_msgs/lib/python3.12/site-packages/moveit_msgs/srv/_servo_command_type_s.c
[290.903s] -- Installing: /home/andre/ros2_ws/src/install/moveit_msgs/lib/python3.12/site-packages/moveit_msgs/srv/_get_planning_scene_s.c
[290.903s] -- Installing: /home/andre/ros2_ws/src/install/moveit_msgs/lib/python3.12/site-packages/moveit_msgs/srv/_load_geometry_from_file.py
[290.903s] -- Installing: /home/andre/ros2_ws/src/install/moveit_msgs/lib/python3.12/site-packages/moveit_msgs/srv/_get_motion_sequence.py
[290.903s] -- Installing: /home/andre/ros2_ws/src/install/moveit_msgs/lib/python3.12/site-packages/moveit_msgs/srv/_get_motion_plan_s.c
[290.903s] -- Installing: /home/andre/ros2_ws/src/install/moveit_msgs/lib/python3.12/site-packages/moveit_msgs/srv/_servo_command_type.py
[290.903s] -- Installing: /home/andre/ros2_ws/src/install/moveit_msgs/lib/python3.12/site-packages/moveit_msgs/srv/_get_cartesian_path.py
[290.903s] -- Installing: /home/andre/ros2_ws/src/install/moveit_msgs/lib/python3.12/site-packages/moveit_msgs/srv/_load_map_s.c
[290.903s] -- Installing: /home/andre/ros2_ws/src/install/moveit_msgs/lib/python3.12/site-packages/moveit_msgs/srv/_get_position_ik_s.c
[290.904s] -- Installing: /home/andre/ros2_ws/src/install/moveit_msgs/lib/python3.12/site-packages/moveit_msgs/srv/_list_robot_states_in_warehouse.py
[290.904s] -- Installing: /home/andre/ros2_ws/src/install/moveit_msgs/lib/python3.12/site-packages/moveit_msgs/srv/_list_robot_states_in_warehouse_s.c
[290.904s] -- Installing: /home/andre/ros2_ws/src/install/moveit_msgs/lib/python3.12/site-packages/moveit_msgs/srv/_get_planner_params_s.c
[290.904s] -- Installing: /home/andre/ros2_ws/src/install/moveit_msgs/lib/python3.12/site-packages/moveit_msgs/srv/_save_map_s.c
[290.904s] -- Installing: /home/andre/ros2_ws/src/install/moveit_msgs/lib/python3.12/site-packages/moveit_msgs/srv/_get_planning_scene.py
[290.904s] -- Installing: /home/andre/ros2_ws/src/install/moveit_msgs/lib/python3.12/site-packages/moveit_msgs/srv/_get_multi_state_validity.py
[290.904s] -- Installing: /home/andre/ros2_ws/src/install/moveit_msgs/lib/python3.12/site-packages/moveit_msgs/srv/_save_robot_state_to_warehouse.py
[290.904s] -- Installing: /home/andre/ros2_ws/src/install/moveit_msgs/lib/python3.12/site-packages/moveit_msgs/srv/_get_cartesian_path_s.c
[290.904s] -- Installing: /home/andre/ros2_ws/src/install/moveit_msgs/lib/python3.12/site-packages/moveit_msgs/srv/_get_position_ik.py
[290.905s] -- Installing: /home/andre/ros2_ws/src/install/moveit_msgs/lib/python3.12/site-packages/moveit_msgs/srv/_check_if_robot_state_exists_in_warehouse.py
[290.905s] -- Installing: /home/andre/ros2_ws/src/install/moveit_msgs/lib/python3.12/site-packages/moveit_msgs/srv/_get_position_fk_s.c
[290.905s] -- Installing: /home/andre/ros2_ws/src/install/moveit_msgs/lib/python3.12/site-packages/moveit_msgs/srv/_get_robot_state_from_warehouse_s.c
[290.905s] -- Installing: /home/andre/ros2_ws/src/install/moveit_msgs/lib/python3.12/site-packages/moveit_msgs/srv/_update_pointcloud_octomap_s.c
[290.905s] -- Installing: /home/andre/ros2_ws/src/install/moveit_msgs/lib/python3.12/site-packages/moveit_msgs/srv/_load_geometry_from_file_s.c
[290.905s] -- Installing: /home/andre/ros2_ws/src/install/moveit_msgs/lib/python3.12/site-packages/moveit_msgs/srv/_rename_robot_state_in_warehouse_s.c
[290.905s] -- Installing: /home/andre/ros2_ws/src/install/moveit_msgs/lib/python3.12/site-packages/moveit_msgs/srv/_get_state_validity.py
[290.905s] -- Installing: /home/andre/ros2_ws/src/install/moveit_msgs/lib/python3.12/site-packages/moveit_msgs/srv/_save_geometry_to_file_s.c
[290.905s] -- Installing: /home/andre/ros2_ws/src/install/moveit_msgs/lib/python3.12/site-packages/moveit_msgs/srv/_update_pointcloud_octomap.py
[290.906s] -- Installing: /home/andre/ros2_ws/src/install/moveit_msgs/lib/python3.12/site-packages/moveit_msgs/srv/__init__.py
[290.906s] -- Installing: /home/andre/ros2_ws/src/install/moveit_msgs/lib/python3.12/site-packages/moveit_msgs/srv/_get_robot_state_from_warehouse.py
[290.906s] -- Installing: /home/andre/ros2_ws/src/install/moveit_msgs/lib/python3.12/site-packages/moveit_msgs/srv/_rename_robot_state_in_warehouse.py
[290.906s] -- Installing: /home/andre/ros2_ws/src/install/moveit_msgs/lib/python3.12/site-packages/moveit_msgs/srv/_delete_robot_state_from_warehouse.py
[290.906s] -- Installing: /home/andre/ros2_ws/src/install/moveit_msgs/lib/python3.12/site-packages/moveit_msgs/srv/_check_if_robot_state_exists_in_warehouse_s.c
[290.906s] -- Installing: /home/andre/ros2_ws/src/install/moveit_msgs/lib/python3.12/site-packages/moveit_msgs/srv/_delete_robot_state_from_warehouse_s.c
[290.906s] -- Installing: /home/andre/ros2_ws/src/install/moveit_msgs/lib/python3.12/site-packages/moveit_msgs/srv/_apply_planning_scene_s.c
[290.906s] -- Installing: /home/andre/ros2_ws/src/install/moveit_msgs/lib/python3.12/site-packages/moveit_msgs/srv/_get_group_urdf_s.c
[290.906s] -- Installing: /home/andre/ros2_ws/src/install/moveit_msgs/lib/python3.12/site-packages/moveit_msgs/srv/_get_group_urdf.py
[290.906s] -- Installing: /home/andre/ros2_ws/src/install/moveit_msgs/lib/python3.12/site-packages/moveit_msgs/srv/_save_geometry_to_file.py
[290.907s] -- Installing: /home/andre/ros2_ws/src/install/moveit_msgs/lib/python3.12/site-packages/moveit_msgs/msg
[290.907s] -- Installing: /home/andre/ros2_ws/src/install/moveit_msgs/lib/python3.12/site-packages/moveit_msgs/msg/_position_ik_request_s.c
[290.907s] -- Installing: /home/andre/ros2_ws/src/install/moveit_msgs/lib/python3.12/site-packages/moveit_msgs/msg/_link_padding_s.c
[290.907s] -- Installing: /home/andre/ros2_ws/src/install/moveit_msgs/lib/python3.12/site-packages/moveit_msgs/msg/_joint_constraint_s.c
[290.907s] -- Installing: /home/andre/ros2_ws/src/install/moveit_msgs/lib/python3.12/site-packages/moveit_msgs/msg/_position_ik_request.py
[290.907s] -- Installing: /home/andre/ros2_ws/src/install/moveit_msgs/lib/python3.12/site-packages/moveit_msgs/msg/_constraint_eval_result_s.c
[290.907s] -- Installing: /home/andre/ros2_ws/src/install/moveit_msgs/lib/python3.12/site-packages/moveit_msgs/msg/_planning_scene_components.py
[290.907s] -- Installing: /home/andre/ros2_ws/src/install/moveit_msgs/lib/python3.12/site-packages/moveit_msgs/msg/_motion_sequence_response_s.c
[290.907s] -- Installing: /home/andre/ros2_ws/src/install/moveit_msgs/lib/python3.12/site-packages/moveit_msgs/msg/_cartesian_point_s.c
[290.908s] -- Installing: /home/andre/ros2_ws/src/install/moveit_msgs/lib/python3.12/site-packages/moveit_msgs/msg/_motion_sequence_request.py
[290.908s] -- Installing: /home/andre/ros2_ws/src/install/moveit_msgs/lib/python3.12/site-packages/moveit_msgs/msg/_attached_collision_object.py
[290.908s] -- Installing: /home/andre/ros2_ws/src/install/moveit_msgs/lib/python3.12/site-packages/moveit_msgs/msg/_generic_trajectory.py
[290.908s] -- Installing: /home/andre/ros2_ws/src/install/moveit_msgs/lib/python3.12/site-packages/moveit_msgs/msg/_contact_information_s.c
[290.908s] -- Installing: /home/andre/ros2_ws/src/install/moveit_msgs/lib/python3.12/site-packages/moveit_msgs/msg/_contact_information.py
[290.908s] -- Installing: /home/andre/ros2_ws/src/install/moveit_msgs/lib/python3.12/site-packages/moveit_msgs/msg/_allowed_collision_entry.py
[290.908s] -- Installing: /home/andre/ros2_ws/src/install/moveit_msgs/lib/python3.12/site-packages/moveit_msgs/msg/_allowed_collision_matrix.py
[290.908s] -- Installing: /home/andre/ros2_ws/src/install/moveit_msgs/lib/python3.12/site-packages/moveit_msgs/msg/_cartesian_trajectory.py
[290.908s] -- Installing: /home/andre/ros2_ws/src/install/moveit_msgs/lib/python3.12/site-packages/moveit_msgs/msg/_motion_plan_detailed_response_s.c
[290.908s] -- Installing: /home/andre/ros2_ws/src/install/moveit_msgs/lib/python3.12/site-packages/moveit_msgs/msg/_trajectory_constraints_s.c
[290.909s] -- Installing: /home/andre/ros2_ws/src/install/moveit_msgs/lib/python3.12/site-packages/moveit_msgs/msg/_motion_plan_detailed_response.py
[290.909s] -- Installing: /home/andre/ros2_ws/src/install/moveit_msgs/lib/python3.12/site-packages/moveit_msgs/msg/_servo_status_s.c
[290.909s] -- Installing: /home/andre/ros2_ws/src/install/moveit_msgs/lib/python3.12/site-packages/moveit_msgs/msg/_place_location.py
[290.909s] -- Installing: /home/andre/ros2_ws/src/install/moveit_msgs/lib/python3.12/site-packages/moveit_msgs/msg/_kinematic_solver_info_s.c
[290.909s] -- Installing: /home/andre/ros2_ws/src/install/moveit_msgs/lib/python3.12/site-packages/moveit_msgs/msg/_bounding_volume_s.c
[290.909s] -- Installing: /home/andre/ros2_ws/src/install/moveit_msgs/lib/python3.12/site-packages/moveit_msgs/msg/_position_constraint_s.c
[290.909s] -- Installing: /home/andre/ros2_ws/src/install/moveit_msgs/lib/python3.12/site-packages/moveit_msgs/msg/_orientation_constraint.py
[290.909s] -- Installing: /home/andre/ros2_ws/src/install/moveit_msgs/lib/python3.12/site-packages/moveit_msgs/msg/_visibility_constraint.py
[290.909s] -- Installing: /home/andre/ros2_ws/src/install/moveit_msgs/lib/python3.12/site-packages/moveit_msgs/msg/_link_scale_s.c
[290.909s] -- Installing: /home/andre/ros2_ws/src/install/moveit_msgs/lib/python3.12/site-packages/moveit_msgs/msg/_planning_scene_components_s.c
[290.910s] -- Installing: /home/andre/ros2_ws/src/install/moveit_msgs/lib/python3.12/site-packages/moveit_msgs/msg/_trajectory_constraints.py
[290.910s] -- Installing: /home/andre/ros2_ws/src/install/moveit_msgs/lib/python3.12/site-packages/moveit_msgs/msg/_motion_plan_response.py
[290.910s] -- Installing: /home/andre/ros2_ws/src/install/moveit_msgs/lib/python3.12/site-packages/moveit_msgs/msg/_gripper_translation.py
[290.910s] -- Installing: /home/andre/ros2_ws/src/install/moveit_msgs/lib/python3.12/site-packages/moveit_msgs/msg/_move_it_error_codes.py
[290.910s] -- Installing: /home/andre/ros2_ws/src/install/moveit_msgs/lib/python3.12/site-packages/moveit_msgs/msg/_pipeline_state_s.c
[290.910s] -- Installing: /home/andre/ros2_ws/src/install/moveit_msgs/lib/python3.12/site-packages/moveit_msgs/msg/_constraints_s.c
[290.910s] -- Installing: /home/andre/ros2_ws/src/install/moveit_msgs/lib/python3.12/site-packages/moveit_msgs/msg/_pipeline_state.py
[290.910s] -- Installing: /home/andre/ros2_ws/src/install/moveit_msgs/lib/python3.12/site-packages/moveit_msgs/msg/_grasp.py
[290.910s] -- Installing: /home/andre/ros2_ws/src/install/moveit_msgs/lib/python3.12/site-packages/moveit_msgs/msg/_collision_object_s.c
[290.910s] -- Installing: /home/andre/ros2_ws/src/install/moveit_msgs/lib/python3.12/site-packages/moveit_msgs/msg/_display_trajectory.py
[290.910s] -- Installing: /home/andre/ros2_ws/src/install/moveit_msgs/lib/python3.12/site-packages/moveit_msgs/msg/_motion_sequence_response.py
[290.911s] -- Installing: /home/andre/ros2_ws/src/install/moveit_msgs/lib/python3.12/site-packages/moveit_msgs/msg/_robot_trajectory_s.c
[290.911s] -- Installing: /home/andre/ros2_ws/src/install/moveit_msgs/lib/python3.12/site-packages/moveit_msgs/msg/_planner_interface_description.py
[290.911s] -- Installing: /home/andre/ros2_ws/src/install/moveit_msgs/lib/python3.12/site-packages/moveit_msgs/msg/_workspace_parameters.py
[290.911s] -- Installing: /home/andre/ros2_ws/src/install/moveit_msgs/lib/python3.12/site-packages/moveit_msgs/msg/_motion_plan_request.py
[290.911s] -- Installing: /home/andre/ros2_ws/src/install/moveit_msgs/lib/python3.12/site-packages/moveit_msgs/msg/_allowed_collision_matrix_s.c
[290.911s] -- Installing: /home/andre/ros2_ws/src/install/moveit_msgs/lib/python3.12/site-packages/moveit_msgs/msg/_visibility_constraint_s.c
[290.911s] -- Installing: /home/andre/ros2_ws/src/install/moveit_msgs/lib/python3.12/site-packages/moveit_msgs/msg/_bounding_volume.py
[290.911s] -- Installing: /home/andre/ros2_ws/src/install/moveit_msgs/lib/python3.12/site-packages/moveit_msgs/msg/_planning_options.py
[290.911s] -- Installing: /home/andre/ros2_ws/src/install/moveit_msgs/lib/python3.12/site-packages/moveit_msgs/msg/_joint_constraint.py
[290.911s] -- Installing: /home/andre/ros2_ws/src/install/moveit_msgs/lib/python3.12/site-packages/moveit_msgs/msg/_motion_plan_response_s.c
[290.912s] -- Installing: /home/andre/ros2_ws/src/install/moveit_msgs/lib/python3.12/site-packages/moveit_msgs/msg/_generic_trajectory_s.c
[290.912s] -- Installing: /home/andre/ros2_ws/src/install/moveit_msgs/lib/python3.12/site-packages/moveit_msgs/msg/_robot_state.py
[290.912s] -- Installing: /home/andre/ros2_ws/src/install/moveit_msgs/lib/python3.12/site-packages/moveit_msgs/msg/_object_color_s.c
[290.912s] -- Installing: /home/andre/ros2_ws/src/install/moveit_msgs/lib/python3.12/site-packages/moveit_msgs/msg/_gripper_translation_s.c
[290.912s] -- Installing: /home/andre/ros2_ws/src/install/moveit_msgs/lib/python3.12/site-packages/moveit_msgs/msg/_workspace_parameters_s.c
[290.912s] -- Installing: /home/andre/ros2_ws/src/install/moveit_msgs/lib/python3.12/site-packages/moveit_msgs/msg/_cartesian_trajectory_point.py
[290.912s] -- Installing: /home/andre/ros2_ws/src/install/moveit_msgs/lib/python3.12/site-packages/moveit_msgs/msg/_planning_options_s.c
[290.912s] -- Installing: /home/andre/ros2_ws/src/install/moveit_msgs/lib/python3.12/site-packages/moveit_msgs/msg/_attached_collision_object_s.c
[290.912s] -- Installing: /home/andre/ros2_ws/src/install/moveit_msgs/lib/python3.12/site-packages/moveit_msgs/msg/_link_padding.py
[290.912s] -- Installing: /home/andre/ros2_ws/src/install/moveit_msgs/lib/python3.12/site-packages/moveit_msgs/msg/_place_location_s.c
[290.913s] -- Installing: /home/andre/ros2_ws/src/install/moveit_msgs/lib/python3.12/site-packages/moveit_msgs/msg/_kinematic_solver_info.py
[290.913s] -- Installing: /home/andre/ros2_ws/src/install/moveit_msgs/lib/python3.12/site-packages/moveit_msgs/msg/_oriented_bounding_box_s.c
[290.913s] -- Installing: /home/andre/ros2_ws/src/install/moveit_msgs/lib/python3.12/site-packages/moveit_msgs/msg/_allowed_collision_entry_s.c
[290.913s] -- Installing: /home/andre/ros2_ws/src/install/moveit_msgs/lib/python3.12/site-packages/moveit_msgs/msg/_planning_scene_s.c
[290.913s] -- Installing: /home/andre/ros2_ws/src/install/moveit_msgs/lib/python3.12/site-packages/moveit_msgs/msg/_constraint_eval_result.py
[290.913s] -- Installing: /home/andre/ros2_ws/src/install/moveit_msgs/lib/python3.12/site-packages/moveit_msgs/msg/_servo_status.py
[290.913s] -- Installing: /home/andre/ros2_ws/src/install/moveit_msgs/lib/python3.12/site-packages/moveit_msgs/msg/_oriented_bounding_box.py
[290.913s] -- Installing: /home/andre/ros2_ws/src/install/moveit_msgs/lib/python3.12/site-packages/moveit_msgs/msg/_cartesian_trajectory_s.c
[290.913s] -- Installing: /home/andre/ros2_ws/src/install/moveit_msgs/lib/python3.12/site-packages/moveit_msgs/msg/_collision_object.py
[290.913s] -- Installing: /home/andre/ros2_ws/src/install/moveit_msgs/lib/python3.12/site-packages/moveit_msgs/msg/_joint_limits.py
[290.914s] -- Installing: /home/andre/ros2_ws/src/install/moveit_msgs/lib/python3.12/site-packages/moveit_msgs/msg/_planner_interface_description_s.c
[290.914s] -- Installing: /home/andre/ros2_ws/src/install/moveit_msgs/lib/python3.12/site-packages/moveit_msgs/msg/_cost_source_s.c
[290.914s] -- Installing: /home/andre/ros2_ws/src/install/moveit_msgs/lib/python3.12/site-packages/moveit_msgs/msg/_display_trajectory_s.c
[290.914s] -- Installing: /home/andre/ros2_ws/src/install/moveit_msgs/lib/python3.12/site-packages/moveit_msgs/msg/_motion_sequence_request_s.c
[290.914s] -- Installing: /home/andre/ros2_ws/src/install/moveit_msgs/lib/python3.12/site-packages/moveit_msgs/msg/_display_robot_state.py
[290.914s] -- Installing: /home/andre/ros2_ws/src/install/moveit_msgs/lib/python3.12/site-packages/moveit_msgs/msg/_planning_scene.py
[290.914s] -- Installing: /home/andre/ros2_ws/src/install/moveit_msgs/lib/python3.12/site-packages/moveit_msgs/msg/_position_constraint.py
[290.914s] -- Installing: /home/andre/ros2_ws/src/install/moveit_msgs/lib/python3.12/site-packages/moveit_msgs/msg/_robot_trajectory.py
[290.914s] -- Installing: /home/andre/ros2_ws/src/install/moveit_msgs/lib/python3.12/site-packages/moveit_msgs/msg/_cost_source.py
[290.914s] -- Installing: /home/andre/ros2_ws/src/install/moveit_msgs/lib/python3.12/site-packages/moveit_msgs/msg/_cartesian_trajectory_point_s.c
[290.915s] -- Installing: /home/andre/ros2_ws/src/install/moveit_msgs/lib/python3.12/site-packages/moveit_msgs/msg/_cartesian_point.py
[290.915s] -- Installing: /home/andre/ros2_ws/src/install/moveit_msgs/lib/python3.12/site-packages/moveit_msgs/msg/__init__.py
[290.915s] -- Installing: /home/andre/ros2_ws/src/install/moveit_msgs/lib/python3.12/site-packages/moveit_msgs/msg/_object_color.py
[290.915s] -- Installing: /home/andre/ros2_ws/src/install/moveit_msgs/lib/python3.12/site-packages/moveit_msgs/msg/_move_it_error_codes_s.c
[290.915s] -- Installing: /home/andre/ros2_ws/src/install/moveit_msgs/lib/python3.12/site-packages/moveit_msgs/msg/_planning_scene_world.py
[290.915s] -- Installing: /home/andre/ros2_ws/src/install/moveit_msgs/lib/python3.12/site-packages/moveit_msgs/msg/_display_robot_state_s.c
[290.915s] -- Installing: /home/andre/ros2_ws/src/install/moveit_msgs/lib/python3.12/site-packages/moveit_msgs/msg/_orientation_constraint_s.c
[290.915s] -- Installing: /home/andre/ros2_ws/src/install/moveit_msgs/lib/python3.12/site-packages/moveit_msgs/msg/_grasp_s.c
[290.915s] -- Installing: /home/andre/ros2_ws/src/install/moveit_msgs/lib/python3.12/site-packages/moveit_msgs/msg/_planner_params.py
[290.915s] -- Installing: /home/andre/ros2_ws/src/install/moveit_msgs/lib/python3.12/site-packages/moveit_msgs/msg/_motion_plan_request_s.c
[290.916s] -- Installing: /home/andre/ros2_ws/src/install/moveit_msgs/lib/python3.12/site-packages/moveit_msgs/msg/_constraints.py
[290.916s] -- Installing: /home/andre/ros2_ws/src/install/moveit_msgs/lib/python3.12/site-packages/moveit_msgs/msg/_planning_scene_world_s.c
[290.916s] -- Installing: /home/andre/ros2_ws/src/install/moveit_msgs/lib/python3.12/site-packages/moveit_msgs/msg/_robot_state_s.c
[290.916s] -- Installing: /home/andre/ros2_ws/src/install/moveit_msgs/lib/python3.12/site-packages/moveit_msgs/msg/_link_scale.py
[290.916s] -- Installing: /home/andre/ros2_ws/src/install/moveit_msgs/lib/python3.12/site-packages/moveit_msgs/msg/_joint_limits_s.c
[290.916s] -- Installing: /home/andre/ros2_ws/src/install/moveit_msgs/lib/python3.12/site-packages/moveit_msgs/msg/_planner_params_s.c
[290.916s] -- Installing: /home/andre/ros2_ws/src/install/moveit_msgs/lib/python3.12/site-packages/moveit_msgs/msg/_motion_sequence_item.py
[290.916s] -- Installing: /home/andre/ros2_ws/src/install/moveit_msgs/lib/python3.12/site-packages/moveit_msgs/msg/_motion_sequence_item_s.c
[290.916s] -- Installing: /home/andre/ros2_ws/src/install/moveit_msgs/lib/python3.12/site-packages/moveit_msgs/moveit_msgs_s__rosidl_typesupport_introspection_c.so
[290.917s] -- Installing: /home/andre/ros2_ws/src/install/moveit_msgs/lib/python3.12/site-packages/moveit_msgs/_moveit_msgs_s.ep.rosidl_typesupport_c.c
[290.918s] -- Installing: /home/andre/ros2_ws/src/install/moveit_msgs/lib/python3.12/site-packages/moveit_msgs/__init__.py
[291.098s] Listing '/home/andre/ros2_ws/src/install/moveit_msgs/lib/python3.12/site-packages/moveit_msgs'...
[291.098s] Compiling '/home/andre/ros2_ws/src/install/moveit_msgs/lib/python3.12/site-packages/moveit_msgs/__init__.py'...
[291.098s] Listing '/home/andre/ros2_ws/src/install/moveit_msgs/lib/python3.12/site-packages/moveit_msgs/action'...
[291.098s] Compiling '/home/andre/ros2_ws/src/install/moveit_msgs/lib/python3.12/site-packages/moveit_msgs/action/__init__.py'...
[291.098s] Compiling '/home/andre/ros2_ws/src/install/moveit_msgs/lib/python3.12/site-packages/moveit_msgs/action/_execute_trajectory.py'...
[291.099s] Compiling '/home/andre/ros2_ws/src/install/moveit_msgs/lib/python3.12/site-packages/moveit_msgs/action/_global_planner.py'...
[291.099s] Compiling '/home/andre/ros2_ws/src/install/moveit_msgs/lib/python3.12/site-packages/moveit_msgs/action/_hybrid_planner.py'...
[291.099s] Compiling '/home/andre/ros2_ws/src/install/moveit_msgs/lib/python3.12/site-packages/moveit_msgs/action/_local_planner.py'...
[291.099s] Compiling '/home/andre/ros2_ws/src/install/moveit_msgs/lib/python3.12/site-packages/moveit_msgs/action/_move_group.py'...
[291.099s] Compiling '/home/andre/ros2_ws/src/install/moveit_msgs/lib/python3.12/site-packages/moveit_msgs/action/_move_group_sequence.py'...
[291.099s] Compiling '/home/andre/ros2_ws/src/install/moveit_msgs/lib/python3.12/site-packages/moveit_msgs/action/_pickup.py'...
[291.099s] Compiling '/home/andre/ros2_ws/src/install/moveit_msgs/lib/python3.12/site-packages/moveit_msgs/action/_place.py'...
[291.099s] Listing '/home/andre/ros2_ws/src/install/moveit_msgs/lib/python3.12/site-packages/moveit_msgs/msg'...
[291.099s] Compiling '/home/andre/ros2_ws/src/install/moveit_msgs/lib/python3.12/site-packages/moveit_msgs/msg/__init__.py'...
[291.099s] Compiling '/home/andre/ros2_ws/src/install/moveit_msgs/lib/python3.12/site-packages/moveit_msgs/msg/_allowed_collision_entry.py'...
[291.099s] Compiling '/home/andre/ros2_ws/src/install/moveit_msgs/lib/python3.12/site-packages/moveit_msgs/msg/_allowed_collision_matrix.py'...
[291.099s] Compiling '/home/andre/ros2_ws/src/install/moveit_msgs/lib/python3.12/site-packages/moveit_msgs/msg/_attached_collision_object.py'...
[291.099s] Compiling '/home/andre/ros2_ws/src/install/moveit_msgs/lib/python3.12/site-packages/moveit_msgs/msg/_bounding_volume.py'...
[291.099s] Compiling '/home/andre/ros2_ws/src/install/moveit_msgs/lib/python3.12/site-packages/moveit_msgs/msg/_cartesian_point.py'...
[291.100s] Compiling '/home/andre/ros2_ws/src/install/moveit_msgs/lib/python3.12/site-packages/moveit_msgs/msg/_cartesian_trajectory.py'...
[291.100s] Compiling '/home/andre/ros2_ws/src/install/moveit_msgs/lib/python3.12/site-packages/moveit_msgs/msg/_cartesian_trajectory_point.py'...
[291.100s] Compiling '/home/andre/ros2_ws/src/install/moveit_msgs/lib/python3.12/site-packages/moveit_msgs/msg/_collision_object.py'...
[291.100s] Compiling '/home/andre/ros2_ws/src/install/moveit_msgs/lib/python3.12/site-packages/moveit_msgs/msg/_constraint_eval_result.py'...
[291.100s] Compiling '/home/andre/ros2_ws/src/install/moveit_msgs/lib/python3.12/site-packages/moveit_msgs/msg/_constraints.py'...
[291.100s] Compiling '/home/andre/ros2_ws/src/install/moveit_msgs/lib/python3.12/site-packages/moveit_msgs/msg/_contact_information.py'...
[291.100s] Compiling '/home/andre/ros2_ws/src/install/moveit_msgs/lib/python3.12/site-packages/moveit_msgs/msg/_cost_source.py'...
[291.100s] Compiling '/home/andre/ros2_ws/src/install/moveit_msgs/lib/python3.12/site-packages/moveit_msgs/msg/_display_robot_state.py'...
[291.100s] Compiling '/home/andre/ros2_ws/src/install/moveit_msgs/lib/python3.12/site-packages/moveit_msgs/msg/_display_trajectory.py'...
[291.100s] Compiling '/home/andre/ros2_ws/src/install/moveit_msgs/lib/python3.12/site-packages/moveit_msgs/msg/_generic_trajectory.py'...
[291.100s] Compiling '/home/andre/ros2_ws/src/install/moveit_msgs/lib/python3.12/site-packages/moveit_msgs/msg/_grasp.py'...
[291.100s] Compiling '/home/andre/ros2_ws/src/install/moveit_msgs/lib/python3.12/site-packages/moveit_msgs/msg/_gripper_translation.py'...
[291.100s] Compiling '/home/andre/ros2_ws/src/install/moveit_msgs/lib/python3.12/site-packages/moveit_msgs/msg/_joint_constraint.py'...
[291.100s] Compiling '/home/andre/ros2_ws/src/install/moveit_msgs/lib/python3.12/site-packages/moveit_msgs/msg/_joint_limits.py'...
[291.100s] Compiling '/home/andre/ros2_ws/src/install/moveit_msgs/lib/python3.12/site-packages/moveit_msgs/msg/_kinematic_solver_info.py'...
[291.101s] Compiling '/home/andre/ros2_ws/src/install/moveit_msgs/lib/python3.12/site-packages/moveit_msgs/msg/_link_padding.py'...
[291.101s] Compiling '/home/andre/ros2_ws/src/install/moveit_msgs/lib/python3.12/site-packages/moveit_msgs/msg/_link_scale.py'...
[291.101s] Compiling '/home/andre/ros2_ws/src/install/moveit_msgs/lib/python3.12/site-packages/moveit_msgs/msg/_motion_plan_detailed_response.py'...
[291.101s] Compiling '/home/andre/ros2_ws/src/install/moveit_msgs/lib/python3.12/site-packages/moveit_msgs/msg/_motion_plan_request.py'...
[291.101s] Compiling '/home/andre/ros2_ws/src/install/moveit_msgs/lib/python3.12/site-packages/moveit_msgs/msg/_motion_plan_response.py'...
[291.101s] Compiling '/home/andre/ros2_ws/src/install/moveit_msgs/lib/python3.12/site-packages/moveit_msgs/msg/_motion_sequence_item.py'...
[291.101s] Compiling '/home/andre/ros2_ws/src/install/moveit_msgs/lib/python3.12/site-packages/moveit_msgs/msg/_motion_sequence_request.py'...
[291.101s] Compiling '/home/andre/ros2_ws/src/install/moveit_msgs/lib/python3.12/site-packages/moveit_msgs/msg/_motion_sequence_response.py'...
[291.101s] Compiling '/home/andre/ros2_ws/src/install/moveit_msgs/lib/python3.12/site-packages/moveit_msgs/msg/_move_it_error_codes.py'...
[291.101s] Compiling '/home/andre/ros2_ws/src/install/moveit_msgs/lib/python3.12/site-packages/moveit_msgs/msg/_object_color.py'...
[291.101s] Compiling '/home/andre/ros2_ws/src/install/moveit_msgs/lib/python3.12/site-packages/moveit_msgs/msg/_orientation_constraint.py'...
[291.101s] Compiling '/home/andre/ros2_ws/src/install/moveit_msgs/lib/python3.12/site-packages/moveit_msgs/msg/_oriented_bounding_box.py'...
[291.101s] Compiling '/home/andre/ros2_ws/src/install/moveit_msgs/lib/python3.12/site-packages/moveit_msgs/msg/_pipeline_state.py'...
[291.101s] Compiling '/home/andre/ros2_ws/src/install/moveit_msgs/lib/python3.12/site-packages/moveit_msgs/msg/_place_location.py'...
[291.101s] Compiling '/home/andre/ros2_ws/src/install/moveit_msgs/lib/python3.12/site-packages/moveit_msgs/msg/_planner_interface_description.py'...
[291.102s] Compiling '/home/andre/ros2_ws/src/install/moveit_msgs/lib/python3.12/site-packages/moveit_msgs/msg/_planner_params.py'...
[291.102s] Compiling '/home/andre/ros2_ws/src/install/moveit_msgs/lib/python3.12/site-packages/moveit_msgs/msg/_planning_options.py'...
[291.102s] Compiling '/home/andre/ros2_ws/src/install/moveit_msgs/lib/python3.12/site-packages/moveit_msgs/msg/_planning_scene.py'...
[291.102s] Compiling '/home/andre/ros2_ws/src/install/moveit_msgs/lib/python3.12/site-packages/moveit_msgs/msg/_planning_scene_components.py'...
[291.102s] Compiling '/home/andre/ros2_ws/src/install/moveit_msgs/lib/python3.12/site-packages/moveit_msgs/msg/_planning_scene_world.py'...
[291.102s] Compiling '/home/andre/ros2_ws/src/install/moveit_msgs/lib/python3.12/site-packages/moveit_msgs/msg/_position_constraint.py'...
[291.102s] Compiling '/home/andre/ros2_ws/src/install/moveit_msgs/lib/python3.12/site-packages/moveit_msgs/msg/_position_ik_request.py'...
[291.102s] Compiling '/home/andre/ros2_ws/src/install/moveit_msgs/lib/python3.12/site-packages/moveit_msgs/msg/_robot_state.py'...
[291.102s] Compiling '/home/andre/ros2_ws/src/install/moveit_msgs/lib/python3.12/site-packages/moveit_msgs/msg/_robot_trajectory.py'...
[291.102s] Compiling '/home/andre/ros2_ws/src/install/moveit_msgs/lib/python3.12/site-packages/moveit_msgs/msg/_servo_status.py'...
[291.102s] Compiling '/home/andre/ros2_ws/src/install/moveit_msgs/lib/python3.12/site-packages/moveit_msgs/msg/_trajectory_constraints.py'...
[291.102s] Compiling '/home/andre/ros2_ws/src/install/moveit_msgs/lib/python3.12/site-packages/moveit_msgs/msg/_visibility_constraint.py'...
[291.102s] Compiling '/home/andre/ros2_ws/src/install/moveit_msgs/lib/python3.12/site-packages/moveit_msgs/msg/_workspace_parameters.py'...
[291.102s] Listing '/home/andre/ros2_ws/src/install/moveit_msgs/lib/python3.12/site-packages/moveit_msgs/srv'...
[291.102s] Compiling '/home/andre/ros2_ws/src/install/moveit_msgs/lib/python3.12/site-packages/moveit_msgs/srv/__init__.py'...
[291.103s] Compiling '/home/andre/ros2_ws/src/install/moveit_msgs/lib/python3.12/site-packages/moveit_msgs/srv/_apply_planning_scene.py'...
[291.172s] Compiling '/home/andre/ros2_ws/src/install/moveit_msgs/lib/python3.12/site-packages/moveit_msgs/srv/_check_if_robot_state_exists_in_warehouse.py'...
[291.172s] Compiling '/home/andre/ros2_ws/src/install/moveit_msgs/lib/python3.12/site-packages/moveit_msgs/srv/_delete_robot_state_from_warehouse.py'...
[291.172s] Compiling '/home/andre/ros2_ws/src/install/moveit_msgs/lib/python3.12/site-packages/moveit_msgs/srv/_get_cartesian_path.py'...
[291.172s] Compiling '/home/andre/ros2_ws/src/install/moveit_msgs/lib/python3.12/site-packages/moveit_msgs/srv/_get_group_urdf.py'...
[291.172s] Compiling '/home/andre/ros2_ws/src/install/moveit_msgs/lib/python3.12/site-packages/moveit_msgs/srv/_get_motion_plan.py'...
[291.173s] Compiling '/home/andre/ros2_ws/src/install/moveit_msgs/lib/python3.12/site-packages/moveit_msgs/srv/_get_motion_sequence.py'...
[291.173s] Compiling '/home/andre/ros2_ws/src/install/moveit_msgs/lib/python3.12/site-packages/moveit_msgs/srv/_get_multi_state_validity.py'...
[291.173s] Compiling '/home/andre/ros2_ws/src/install/moveit_msgs/lib/python3.12/site-packages/moveit_msgs/srv/_get_planner_params.py'...
[291.173s] Compiling '/home/andre/ros2_ws/src/install/moveit_msgs/lib/python3.12/site-packages/moveit_msgs/srv/_get_planning_scene.py'...
[291.173s] Compiling '/home/andre/ros2_ws/src/install/moveit_msgs/lib/python3.12/site-packages/moveit_msgs/srv/_get_position_fk.py'...
[291.173s] Compiling '/home/andre/ros2_ws/src/install/moveit_msgs/lib/python3.12/site-packages/moveit_msgs/srv/_get_position_ik.py'...
[291.173s] Compiling '/home/andre/ros2_ws/src/install/moveit_msgs/lib/python3.12/site-packages/moveit_msgs/srv/_get_robot_state_from_warehouse.py'...
[291.173s] Compiling '/home/andre/ros2_ws/src/install/moveit_msgs/lib/python3.12/site-packages/moveit_msgs/srv/_get_state_validity.py'...
[291.173s] Compiling '/home/andre/ros2_ws/src/install/moveit_msgs/lib/python3.12/site-packages/moveit_msgs/srv/_grasp_planning.py'...
[291.173s] Compiling '/home/andre/ros2_ws/src/install/moveit_msgs/lib/python3.12/site-packages/moveit_msgs/srv/_list_robot_states_in_warehouse.py'...
[291.173s] Compiling '/home/andre/ros2_ws/src/install/moveit_msgs/lib/python3.12/site-packages/moveit_msgs/srv/_load_geometry_from_file.py'...
[291.173s] Compiling '/home/andre/ros2_ws/src/install/moveit_msgs/lib/python3.12/site-packages/moveit_msgs/srv/_load_map.py'...
[291.173s] Compiling '/home/andre/ros2_ws/src/install/moveit_msgs/lib/python3.12/site-packages/moveit_msgs/srv/_query_planner_interfaces.py'...
[291.173s] Compiling '/home/andre/ros2_ws/src/install/moveit_msgs/lib/python3.12/site-packages/moveit_msgs/srv/_rename_robot_state_in_warehouse.py'...
[291.174s] Compiling '/home/andre/ros2_ws/src/install/moveit_msgs/lib/python3.12/site-packages/moveit_msgs/srv/_save_geometry_to_file.py'...
[291.174s] Compiling '/home/andre/ros2_ws/src/install/moveit_msgs/lib/python3.12/site-packages/moveit_msgs/srv/_save_map.py'...
[291.174s] Compiling '/home/andre/ros2_ws/src/install/moveit_msgs/lib/python3.12/site-packages/moveit_msgs/srv/_save_robot_state_to_warehouse.py'...
[291.174s] Compiling '/home/andre/ros2_ws/src/install/moveit_msgs/lib/python3.12/site-packages/moveit_msgs/srv/_servo_command_type.py'...
[291.174s] Compiling '/home/andre/ros2_ws/src/install/moveit_msgs/lib/python3.12/site-packages/moveit_msgs/srv/_set_planner_params.py'...
[291.174s] Compiling '/home/andre/ros2_ws/src/install/moveit_msgs/lib/python3.12/site-packages/moveit_msgs/srv/_update_pointcloud_octomap.py'...
[291.179s] -- Installing: /home/andre/ros2_ws/src/install/moveit_msgs/lib/python3.12/site-packages/moveit_msgs/moveit_msgs_s__rosidl_typesupport_fastrtps_c.so
[291.180s] -- Set non-toolchain portion of runtime path of "/home/andre/ros2_ws/src/install/moveit_msgs/lib/python3.12/site-packages/moveit_msgs/moveit_msgs_s__rosidl_typesupport_fastrtps_c.so" to ""
[291.180s] -- Installing: /home/andre/ros2_ws/src/install/moveit_msgs/lib/python3.12/site-packages/moveit_msgs/moveit_msgs_s__rosidl_typesupport_introspection_c.so
[291.181s] -- Set non-toolchain portion of runtime path of "/home/andre/ros2_ws/src/install/moveit_msgs/lib/python3.12/site-packages/moveit_msgs/moveit_msgs_s__rosidl_typesupport_introspection_c.so" to ""
[291.181s] -- Installing: /home/andre/ros2_ws/src/install/moveit_msgs/lib/python3.12/site-packages/moveit_msgs/moveit_msgs_s__rosidl_typesupport_c.so
[291.182s] -- Set non-toolchain portion of runtime path of "/home/andre/ros2_ws/src/install/moveit_msgs/lib/python3.12/site-packages/moveit_msgs/moveit_msgs_s__rosidl_typesupport_c.so" to ""
[291.182s] -- Installing: /home/andre/ros2_ws/src/install/moveit_msgs/lib/libmoveit_msgs__rosidl_generator_py.so
[291.183s] -- Set non-toolchain portion of runtime path of "/home/andre/ros2_ws/src/install/moveit_msgs/lib/libmoveit_msgs__rosidl_generator_py.so" to ""
[291.183s] -- Installing: /home/andre/ros2_ws/src/install/moveit_msgs/share/moveit_msgs/msg/AllowedCollisionEntry.idl
[291.183s] -- Installing: /home/andre/ros2_ws/src/install/moveit_msgs/share/moveit_msgs/msg/AllowedCollisionMatrix.idl
[291.183s] -- Installing: /home/andre/ros2_ws/src/install/moveit_msgs/share/moveit_msgs/msg/AttachedCollisionObject.idl
[291.184s] -- Installing: /home/andre/ros2_ws/src/install/moveit_msgs/share/moveit_msgs/msg/BoundingVolume.idl
[291.184s] -- Installing: /home/andre/ros2_ws/src/install/moveit_msgs/share/moveit_msgs/msg/CartesianPoint.idl
[291.184s] -- Installing: /home/andre/ros2_ws/src/install/moveit_msgs/share/moveit_msgs/msg/CartesianTrajectory.idl
[291.184s] -- Installing: /home/andre/ros2_ws/src/install/moveit_msgs/share/moveit_msgs/msg/CartesianTrajectoryPoint.idl
[291.185s] -- Installing: /home/andre/ros2_ws/src/install/moveit_msgs/share/moveit_msgs/msg/CollisionObject.idl
[291.185s] -- Installing: /home/andre/ros2_ws/src/install/moveit_msgs/share/moveit_msgs/msg/ConstraintEvalResult.idl
[291.185s] -- Installing: /home/andre/ros2_ws/src/install/moveit_msgs/share/moveit_msgs/msg/Constraints.idl
[291.186s] -- Installing: /home/andre/ros2_ws/src/install/moveit_msgs/share/moveit_msgs/msg/CostSource.idl
[291.186s] -- Installing: /home/andre/ros2_ws/src/install/moveit_msgs/share/moveit_msgs/msg/ContactInformation.idl
[291.186s] -- Installing: /home/andre/ros2_ws/src/install/moveit_msgs/share/moveit_msgs/msg/DisplayTrajectory.idl
[291.186s] -- Installing: /home/andre/ros2_ws/src/install/moveit_msgs/share/moveit_msgs/msg/DisplayRobotState.idl
[291.187s] -- Installing: /home/andre/ros2_ws/src/install/moveit_msgs/share/moveit_msgs/msg/GenericTrajectory.idl
[291.187s] -- Installing: /home/andre/ros2_ws/src/install/moveit_msgs/share/moveit_msgs/msg/Grasp.idl
[291.187s] -- Installing: /home/andre/ros2_ws/src/install/moveit_msgs/share/moveit_msgs/msg/GripperTranslation.idl
[291.187s] -- Installing: /home/andre/ros2_ws/src/install/moveit_msgs/share/moveit_msgs/msg/JointConstraint.idl
[291.188s] -- Installing: /home/andre/ros2_ws/src/install/moveit_msgs/share/moveit_msgs/msg/JointLimits.idl
[291.188s] -- Installing: /home/andre/ros2_ws/src/install/moveit_msgs/share/moveit_msgs/msg/LinkPadding.idl
[291.188s] -- Installing: /home/andre/ros2_ws/src/install/moveit_msgs/share/moveit_msgs/msg/LinkScale.idl
[291.188s] -- Installing: /home/andre/ros2_ws/src/install/moveit_msgs/share/moveit_msgs/msg/MotionPlanRequest.idl
[291.189s] -- Installing: /home/andre/ros2_ws/src/install/moveit_msgs/share/moveit_msgs/msg/MotionPlanResponse.idl
[291.189s] -- Installing: /home/andre/ros2_ws/src/install/moveit_msgs/share/moveit_msgs/msg/MotionPlanDetailedResponse.idl
[291.189s] -- Installing: /home/andre/ros2_ws/src/install/moveit_msgs/share/moveit_msgs/msg/MotionSequenceItem.idl
[291.190s] -- Installing: /home/andre/ros2_ws/src/install/moveit_msgs/share/moveit_msgs/msg/MotionSequenceRequest.idl
[291.190s] -- Installing: /home/andre/ros2_ws/src/install/moveit_msgs/share/moveit_msgs/msg/MotionSequenceResponse.idl
[291.190s] -- Installing: /home/andre/ros2_ws/src/install/moveit_msgs/share/moveit_msgs/msg/MoveItErrorCodes.idl
[291.190s] -- Installing: /home/andre/ros2_ws/src/install/moveit_msgs/share/moveit_msgs/msg/TrajectoryConstraints.idl
[291.191s] -- Installing: /home/andre/ros2_ws/src/install/moveit_msgs/share/moveit_msgs/msg/ObjectColor.idl
[291.191s] -- Installing: /home/andre/ros2_ws/src/install/moveit_msgs/share/moveit_msgs/msg/OrientationConstraint.idl
[291.191s] -- Installing: /home/andre/ros2_ws/src/install/moveit_msgs/share/moveit_msgs/msg/OrientedBoundingBox.idl
[291.192s] -- Installing: /home/andre/ros2_ws/src/install/moveit_msgs/share/moveit_msgs/msg/PlaceLocation.idl
[291.192s] -- Installing: /home/andre/ros2_ws/src/install/moveit_msgs/share/moveit_msgs/msg/PlannerInterfaceDescription.idl
[291.192s] -- Installing: /home/andre/ros2_ws/src/install/moveit_msgs/share/moveit_msgs/msg/PlannerParams.idl
[291.192s] -- Installing: /home/andre/ros2_ws/src/install/moveit_msgs/share/moveit_msgs/msg/PlanningScene.idl
[291.193s] -- Installing: /home/andre/ros2_ws/src/install/moveit_msgs/share/moveit_msgs/msg/PlanningSceneComponents.idl
[291.193s] -- Installing: /home/andre/ros2_ws/src/install/moveit_msgs/share/moveit_msgs/msg/PlanningSceneWorld.idl
[291.193s] -- Installing: /home/andre/ros2_ws/src/install/moveit_msgs/share/moveit_msgs/msg/PlanningOptions.idl
[291.193s] -- Installing: /home/andre/ros2_ws/src/install/moveit_msgs/share/moveit_msgs/msg/PositionConstraint.idl
[291.194s] -- Installing: /home/andre/ros2_ws/src/install/moveit_msgs/share/moveit_msgs/msg/RobotState.idl
[291.194s] -- Installing: /home/andre/ros2_ws/src/install/moveit_msgs/share/moveit_msgs/msg/RobotTrajectory.idl
[291.194s] -- Installing: /home/andre/ros2_ws/src/install/moveit_msgs/share/moveit_msgs/msg/VisibilityConstraint.idl
[291.195s] -- Installing: /home/andre/ros2_ws/src/install/moveit_msgs/share/moveit_msgs/msg/WorkspaceParameters.idl
[291.195s] -- Installing: /home/andre/ros2_ws/src/install/moveit_msgs/share/moveit_msgs/msg/KinematicSolverInfo.idl
[291.195s] -- Installing: /home/andre/ros2_ws/src/install/moveit_msgs/share/moveit_msgs/msg/PositionIKRequest.idl
[291.195s] -- Installing: /home/andre/ros2_ws/src/install/moveit_msgs/share/moveit_msgs/msg/PipelineState.idl
[291.196s] -- Installing: /home/andre/ros2_ws/src/install/moveit_msgs/share/moveit_msgs/msg/ServoStatus.idl
[291.196s] -- Installing: /home/andre/ros2_ws/src/install/moveit_msgs/share/moveit_msgs/srv/GetMotionPlan.idl
[291.196s] -- Installing: /home/andre/ros2_ws/src/install/moveit_msgs/share/moveit_msgs/srv/GetMultiStateValidity.idl
[291.196s] -- Installing: /home/andre/ros2_ws/src/install/moveit_msgs/share/moveit_msgs/srv/GetStateValidity.idl
[291.197s] -- Installing: /home/andre/ros2_ws/src/install/moveit_msgs/share/moveit_msgs/srv/GetCartesianPath.idl
[291.197s] -- Installing: /home/andre/ros2_ws/src/install/moveit_msgs/share/moveit_msgs/srv/GetPlanningScene.idl
[291.197s] -- Installing: /home/andre/ros2_ws/src/install/moveit_msgs/share/moveit_msgs/srv/GraspPlanning.idl
[291.198s] -- Installing: /home/andre/ros2_ws/src/install/moveit_msgs/share/moveit_msgs/srv/ApplyPlanningScene.idl
[291.198s] -- Installing: /home/andre/ros2_ws/src/install/moveit_msgs/share/moveit_msgs/srv/QueryPlannerInterfaces.idl
[291.198s] -- Installing: /home/andre/ros2_ws/src/install/moveit_msgs/share/moveit_msgs/srv/GetMotionSequence.idl
[291.198s] -- Installing: /home/andre/ros2_ws/src/install/moveit_msgs/share/moveit_msgs/srv/GetPositionFK.idl
[291.199s] -- Installing: /home/andre/ros2_ws/src/install/moveit_msgs/share/moveit_msgs/srv/GetPositionIK.idl
[291.199s] -- Installing: /home/andre/ros2_ws/src/install/moveit_msgs/share/moveit_msgs/srv/GetPlannerParams.idl
[291.199s] -- Installing: /home/andre/ros2_ws/src/install/moveit_msgs/share/moveit_msgs/srv/SetPlannerParams.idl
[291.199s] -- Installing: /home/andre/ros2_ws/src/install/moveit_msgs/share/moveit_msgs/srv/UpdatePointcloudOctomap.idl
[291.200s] -- Installing: /home/andre/ros2_ws/src/install/moveit_msgs/share/moveit_msgs/srv/SaveGeometryToFile.idl
[291.200s] -- Installing: /home/andre/ros2_ws/src/install/moveit_msgs/share/moveit_msgs/srv/SaveMap.idl
[291.200s] -- Installing: /home/andre/ros2_ws/src/install/moveit_msgs/share/moveit_msgs/srv/LoadGeometryFromFile.idl
[291.200s] -- Installing: /home/andre/ros2_ws/src/install/moveit_msgs/share/moveit_msgs/srv/LoadMap.idl
[291.201s] -- Installing: /home/andre/ros2_ws/src/install/moveit_msgs/share/moveit_msgs/srv/SaveRobotStateToWarehouse.idl
[291.201s] -- Installing: /home/andre/ros2_ws/src/install/moveit_msgs/share/moveit_msgs/srv/ListRobotStatesInWarehouse.idl
[291.201s] -- Installing: /home/andre/ros2_ws/src/install/moveit_msgs/share/moveit_msgs/srv/GetRobotStateFromWarehouse.idl
[291.201s] -- Installing: /home/andre/ros2_ws/src/install/moveit_msgs/share/moveit_msgs/srv/CheckIfRobotStateExistsInWarehouse.idl
[291.202s] -- Installing: /home/andre/ros2_ws/src/install/moveit_msgs/share/moveit_msgs/srv/RenameRobotStateInWarehouse.idl
[291.202s] -- Installing: /home/andre/ros2_ws/src/install/moveit_msgs/share/moveit_msgs/srv/DeleteRobotStateFromWarehouse.idl
[291.202s] -- Installing: /home/andre/ros2_ws/src/install/moveit_msgs/share/moveit_msgs/srv/ServoCommandType.idl
[291.203s] -- Installing: /home/andre/ros2_ws/src/install/moveit_msgs/share/moveit_msgs/srv/GetGroupUrdf.idl
[291.203s] -- Installing: /home/andre/ros2_ws/src/install/moveit_msgs/share/moveit_msgs/action/ExecuteTrajectory.idl
[291.203s] -- Installing: /home/andre/ros2_ws/src/install/moveit_msgs/share/moveit_msgs/action/MoveGroup.idl
[291.203s] -- Installing: /home/andre/ros2_ws/src/install/moveit_msgs/share/moveit_msgs/action/MoveGroupSequence.idl
[291.204s] -- Installing: /home/andre/ros2_ws/src/install/moveit_msgs/share/moveit_msgs/action/Pickup.idl
[291.204s] -- Installing: /home/andre/ros2_ws/src/install/moveit_msgs/share/moveit_msgs/action/Place.idl
[291.204s] -- Installing: /home/andre/ros2_ws/src/install/moveit_msgs/share/moveit_msgs/action/LocalPlanner.idl
[291.205s] -- Installing: /home/andre/ros2_ws/src/install/moveit_msgs/share/moveit_msgs/action/GlobalPlanner.idl
[291.205s] -- Installing: /home/andre/ros2_ws/src/install/moveit_msgs/share/moveit_msgs/action/HybridPlanner.idl
[291.205s] -- Installing: /home/andre/ros2_ws/src/install/moveit_msgs/share/moveit_msgs/msg/AllowedCollisionEntry.msg
[291.205s] -- Installing: /home/andre/ros2_ws/src/install/moveit_msgs/share/moveit_msgs/msg/AllowedCollisionMatrix.msg
[291.206s] -- Installing: /home/andre/ros2_ws/src/install/moveit_msgs/share/moveit_msgs/msg/AttachedCollisionObject.msg
[291.206s] -- Installing: /home/andre/ros2_ws/src/install/moveit_msgs/share/moveit_msgs/msg/BoundingVolume.msg
[291.206s] -- Installing: /home/andre/ros2_ws/src/install/moveit_msgs/share/moveit_msgs/msg/CartesianPoint.msg
[291.206s] -- Installing: /home/andre/ros2_ws/src/install/moveit_msgs/share/moveit_msgs/msg/CartesianTrajectory.msg
[291.207s] -- Installing: /home/andre/ros2_ws/src/install/moveit_msgs/share/moveit_msgs/msg/CartesianTrajectoryPoint.msg
[291.207s] -- Installing: /home/andre/ros2_ws/src/install/moveit_msgs/share/moveit_msgs/msg/CollisionObject.msg
[291.207s] -- Installing: /home/andre/ros2_ws/src/install/moveit_msgs/share/moveit_msgs/msg/ConstraintEvalResult.msg
[291.208s] -- Installing: /home/andre/ros2_ws/src/install/moveit_msgs/share/moveit_msgs/msg/Constraints.msg
[291.208s] -- Installing: /home/andre/ros2_ws/src/install/moveit_msgs/share/moveit_msgs/msg/CostSource.msg
[291.208s] -- Installing: /home/andre/ros2_ws/src/install/moveit_msgs/share/moveit_msgs/msg/ContactInformation.msg
[291.208s] -- Installing: /home/andre/ros2_ws/src/install/moveit_msgs/share/moveit_msgs/msg/DisplayTrajectory.msg
[291.209s] -- Installing: /home/andre/ros2_ws/src/install/moveit_msgs/share/moveit_msgs/msg/DisplayRobotState.msg
[291.209s] -- Installing: /home/andre/ros2_ws/src/install/moveit_msgs/share/moveit_msgs/msg/GenericTrajectory.msg
[291.209s] -- Installing: /home/andre/ros2_ws/src/install/moveit_msgs/share/moveit_msgs/msg/Grasp.msg
[291.210s] -- Installing: /home/andre/ros2_ws/src/install/moveit_msgs/share/moveit_msgs/msg/GripperTranslation.msg
[291.210s] -- Installing: /home/andre/ros2_ws/src/install/moveit_msgs/share/moveit_msgs/msg/JointConstraint.msg
[291.210s] -- Installing: /home/andre/ros2_ws/src/install/moveit_msgs/share/moveit_msgs/msg/JointLimits.msg
[291.210s] -- Installing: /home/andre/ros2_ws/src/install/moveit_msgs/share/moveit_msgs/msg/LinkPadding.msg
[291.211s] -- Installing: /home/andre/ros2_ws/src/install/moveit_msgs/share/moveit_msgs/msg/LinkScale.msg
[291.211s] -- Installing: /home/andre/ros2_ws/src/install/moveit_msgs/share/moveit_msgs/msg/MotionPlanRequest.msg
[291.211s] -- Installing: /home/andre/ros2_ws/src/install/moveit_msgs/share/moveit_msgs/msg/MotionPlanResponse.msg
[291.211s] -- Installing: /home/andre/ros2_ws/src/install/moveit_msgs/share/moveit_msgs/msg/MotionPlanDetailedResponse.msg
[291.212s] -- Installing: /home/andre/ros2_ws/src/install/moveit_msgs/share/moveit_msgs/msg/MotionSequenceItem.msg
[291.212s] -- Installing: /home/andre/ros2_ws/src/install/moveit_msgs/share/moveit_msgs/msg/MotionSequenceRequest.msg
[291.212s] -- Installing: /home/andre/ros2_ws/src/install/moveit_msgs/share/moveit_msgs/msg/MotionSequenceResponse.msg
[291.213s] -- Installing: /home/andre/ros2_ws/src/install/moveit_msgs/share/moveit_msgs/msg/MoveItErrorCodes.msg
[291.213s] -- Installing: /home/andre/ros2_ws/src/install/moveit_msgs/share/moveit_msgs/msg/TrajectoryConstraints.msg
[291.213s] -- Installing: /home/andre/ros2_ws/src/install/moveit_msgs/share/moveit_msgs/msg/ObjectColor.msg
[291.213s] -- Installing: /home/andre/ros2_ws/src/install/moveit_msgs/share/moveit_msgs/msg/OrientationConstraint.msg
[291.214s] -- Installing: /home/andre/ros2_ws/src/install/moveit_msgs/share/moveit_msgs/msg/OrientedBoundingBox.msg
[291.214s] -- Installing: /home/andre/ros2_ws/src/install/moveit_msgs/share/moveit_msgs/msg/PlaceLocation.msg
[291.214s] -- Installing: /home/andre/ros2_ws/src/install/moveit_msgs/share/moveit_msgs/msg/PlannerInterfaceDescription.msg
[291.215s] -- Installing: /home/andre/ros2_ws/src/install/moveit_msgs/share/moveit_msgs/msg/PlannerParams.msg
[291.215s] -- Installing: /home/andre/ros2_ws/src/install/moveit_msgs/share/moveit_msgs/msg/PlanningScene.msg
[291.215s] -- Installing: /home/andre/ros2_ws/src/install/moveit_msgs/share/moveit_msgs/msg/PlanningSceneComponents.msg
[291.216s] -- Installing: /home/andre/ros2_ws/src/install/moveit_msgs/share/moveit_msgs/msg/PlanningSceneWorld.msg
[291.216s] -- Installing: /home/andre/ros2_ws/src/install/moveit_msgs/share/moveit_msgs/msg/PlanningOptions.msg
[291.216s] -- Installing: /home/andre/ros2_ws/src/install/moveit_msgs/share/moveit_msgs/msg/PositionConstraint.msg
[291.216s] -- Installing: /home/andre/ros2_ws/src/install/moveit_msgs/share/moveit_msgs/msg/RobotState.msg
[291.217s] -- Installing: /home/andre/ros2_ws/src/install/moveit_msgs/share/moveit_msgs/msg/RobotTrajectory.msg
[291.217s] -- Installing: /home/andre/ros2_ws/src/install/moveit_msgs/share/moveit_msgs/msg/VisibilityConstraint.msg
[291.217s] -- Installing: /home/andre/ros2_ws/src/install/moveit_msgs/share/moveit_msgs/msg/WorkspaceParameters.msg
[291.217s] -- Installing: /home/andre/ros2_ws/src/install/moveit_msgs/share/moveit_msgs/msg/KinematicSolverInfo.msg
[291.218s] -- Installing: /home/andre/ros2_ws/src/install/moveit_msgs/share/moveit_msgs/msg/PositionIKRequest.msg
[291.218s] -- Installing: /home/andre/ros2_ws/src/install/moveit_msgs/share/moveit_msgs/msg/PipelineState.msg
[291.218s] -- Installing: /home/andre/ros2_ws/src/install/moveit_msgs/share/moveit_msgs/msg/ServoStatus.msg
[291.218s] -- Installing: /home/andre/ros2_ws/src/install/moveit_msgs/share/moveit_msgs/srv/GetMotionPlan.srv
[291.219s] -- Installing: /home/andre/ros2_ws/src/install/moveit_msgs/share/moveit_msgs/srv/GetMultiStateValidity.srv
[291.219s] -- Installing: /home/andre/ros2_ws/src/install/moveit_msgs/share/moveit_msgs/srv/GetStateValidity.srv
[291.219s] -- Installing: /home/andre/ros2_ws/src/install/moveit_msgs/share/moveit_msgs/srv/GetCartesianPath.srv
[291.220s] -- Installing: /home/andre/ros2_ws/src/install/moveit_msgs/share/moveit_msgs/srv/GetPlanningScene.srv
[291.220s] -- Installing: /home/andre/ros2_ws/src/install/moveit_msgs/share/moveit_msgs/srv/GraspPlanning.srv
[291.220s] -- Installing: /home/andre/ros2_ws/src/install/moveit_msgs/share/moveit_msgs/srv/ApplyPlanningScene.srv
[291.220s] -- Installing: /home/andre/ros2_ws/src/install/moveit_msgs/share/moveit_msgs/srv/QueryPlannerInterfaces.srv
[291.221s] -- Installing: /home/andre/ros2_ws/src/install/moveit_msgs/share/moveit_msgs/srv/GetMotionSequence.srv
[291.221s] -- Installing: /home/andre/ros2_ws/src/install/moveit_msgs/share/moveit_msgs/srv/GetPositionFK.srv
[291.221s] -- Installing: /home/andre/ros2_ws/src/install/moveit_msgs/share/moveit_msgs/srv/GetPositionIK.srv
[291.221s] -- Installing: /home/andre/ros2_ws/src/install/moveit_msgs/share/moveit_msgs/srv/GetPlannerParams.srv
[291.222s] -- Installing: /home/andre/ros2_ws/src/install/moveit_msgs/share/moveit_msgs/srv/SetPlannerParams.srv
[291.222s] -- Installing: /home/andre/ros2_ws/src/install/moveit_msgs/share/moveit_msgs/srv/UpdatePointcloudOctomap.srv
[291.222s] -- Installing: /home/andre/ros2_ws/src/install/moveit_msgs/share/moveit_msgs/srv/SaveGeometryToFile.srv
[291.223s] -- Installing: /home/andre/ros2_ws/src/install/moveit_msgs/share/moveit_msgs/srv/SaveMap.srv
[291.223s] -- Installing: /home/andre/ros2_ws/src/install/moveit_msgs/share/moveit_msgs/srv/LoadGeometryFromFile.srv
[291.223s] -- Installing: /home/andre/ros2_ws/src/install/moveit_msgs/share/moveit_msgs/srv/LoadMap.srv
[291.224s] -- Installing: /home/andre/ros2_ws/src/install/moveit_msgs/share/moveit_msgs/srv/SaveRobotStateToWarehouse.srv
[291.224s] -- Installing: /home/andre/ros2_ws/src/install/moveit_msgs/share/moveit_msgs/srv/ListRobotStatesInWarehouse.srv
[291.224s] -- Installing: /home/andre/ros2_ws/src/install/moveit_msgs/share/moveit_msgs/srv/GetRobotStateFromWarehouse.srv
[291.224s] -- Installing: /home/andre/ros2_ws/src/install/moveit_msgs/share/moveit_msgs/srv/CheckIfRobotStateExistsInWarehouse.srv
[291.225s] -- Installing: /home/andre/ros2_ws/src/install/moveit_msgs/share/moveit_msgs/srv/RenameRobotStateInWarehouse.srv
[291.225s] -- Installing: /home/andre/ros2_ws/src/install/moveit_msgs/share/moveit_msgs/srv/DeleteRobotStateFromWarehouse.srv
[291.225s] -- Installing: /home/andre/ros2_ws/src/install/moveit_msgs/share/moveit_msgs/srv/ServoCommandType.srv
[291.225s] -- Installing: /home/andre/ros2_ws/src/install/moveit_msgs/share/moveit_msgs/srv/GetGroupUrdf.srv
[291.226s] -- Installing: /home/andre/ros2_ws/src/install/moveit_msgs/share/moveit_msgs/action/ExecuteTrajectory.action
[291.226s] -- Installing: /home/andre/ros2_ws/src/install/moveit_msgs/share/moveit_msgs/action/MoveGroup.action
[291.226s] -- Installing: /home/andre/ros2_ws/src/install/moveit_msgs/share/moveit_msgs/action/MoveGroupSequence.action
[291.227s] -- Installing: /home/andre/ros2_ws/src/install/moveit_msgs/share/moveit_msgs/action/Pickup.action
[291.227s] -- Installing: /home/andre/ros2_ws/src/install/moveit_msgs/share/moveit_msgs/action/Place.action
[291.227s] -- Installing: /home/andre/ros2_ws/src/install/moveit_msgs/share/moveit_msgs/action/LocalPlanner.action
[291.227s] -- Installing: /home/andre/ros2_ws/src/install/moveit_msgs/share/moveit_msgs/action/GlobalPlanner.action
[291.228s] -- Installing: /home/andre/ros2_ws/src/install/moveit_msgs/share/moveit_msgs/action/HybridPlanner.action
[291.228s] -- Installing: /home/andre/ros2_ws/src/install/moveit_msgs/share/ament_index/resource_index/package_run_dependencies/moveit_msgs
[291.228s] -- Installing: /home/andre/ros2_ws/src/install/moveit_msgs/share/ament_index/resource_index/parent_prefix_path/moveit_msgs
[291.229s] -- Installing: /home/andre/ros2_ws/src/install/moveit_msgs/share/moveit_msgs/environment/ament_prefix_path.sh
[291.229s] -- Installing: /home/andre/ros2_ws/src/install/moveit_msgs/share/moveit_msgs/environment/ament_prefix_path.dsv
[291.229s] -- Installing: /home/andre/ros2_ws/src/install/moveit_msgs/share/moveit_msgs/environment/path.sh
[291.229s] -- Installing: /home/andre/ros2_ws/src/install/moveit_msgs/share/moveit_msgs/environment/path.dsv
[291.230s] -- Installing: /home/andre/ros2_ws/src/install/moveit_msgs/share/moveit_msgs/local_setup.bash
[291.230s] -- Installing: /home/andre/ros2_ws/src/install/moveit_msgs/share/moveit_msgs/local_setup.sh
[291.230s] -- Installing: /home/andre/ros2_ws/src/install/moveit_msgs/share/moveit_msgs/local_setup.zsh
[291.230s] -- Installing: /home/andre/ros2_ws/src/install/moveit_msgs/share/moveit_msgs/local_setup.dsv
[291.231s] -- Installing: /home/andre/ros2_ws/src/install/moveit_msgs/share/moveit_msgs/package.dsv
[291.231s] -- Installing: /home/andre/ros2_ws/src/install/moveit_msgs/share/ament_index/resource_index/packages/moveit_msgs
[291.231s] -- Installing: /home/andre/ros2_ws/src/install/moveit_msgs/share/moveit_msgs/cmake/export_moveit_msgs__rosidl_generator_cExport.cmake
[291.232s] -- Installing: /home/andre/ros2_ws/src/install/moveit_msgs/share/moveit_msgs/cmake/export_moveit_msgs__rosidl_generator_cExport-release.cmake
[291.232s] -- Installing: /home/andre/ros2_ws/src/install/moveit_msgs/share/moveit_msgs/cmake/export_moveit_msgs__rosidl_typesupport_fastrtps_cExport.cmake
[291.232s] -- Installing: /home/andre/ros2_ws/src/install/moveit_msgs/share/moveit_msgs/cmake/export_moveit_msgs__rosidl_typesupport_fastrtps_cExport-release.cmake
[291.232s] -- Installing: /home/andre/ros2_ws/src/install/moveit_msgs/share/moveit_msgs/cmake/moveit_msgs__rosidl_typesupport_introspection_cExport.cmake
[291.233s] -- Installing: /home/andre/ros2_ws/src/install/moveit_msgs/share/moveit_msgs/cmake/moveit_msgs__rosidl_typesupport_introspection_cExport-release.cmake
[291.233s] -- Installing: /home/andre/ros2_ws/src/install/moveit_msgs/share/moveit_msgs/cmake/moveit_msgs__rosidl_typesupport_cExport.cmake
[291.233s] -- Installing: /home/andre/ros2_ws/src/install/moveit_msgs/share/moveit_msgs/cmake/moveit_msgs__rosidl_typesupport_cExport-release.cmake
[291.234s] -- Installing: /home/andre/ros2_ws/src/install/moveit_msgs/share/moveit_msgs/cmake/export_moveit_msgs__rosidl_generator_cppExport.cmake
[291.234s] -- Installing: /home/andre/ros2_ws/src/install/moveit_msgs/share/moveit_msgs/cmake/export_moveit_msgs__rosidl_typesupport_fastrtps_cppExport.cmake
[291.234s] -- Installing: /home/andre/ros2_ws/src/install/moveit_msgs/share/moveit_msgs/cmake/export_moveit_msgs__rosidl_typesupport_fastrtps_cppExport-release.cmake
[291.234s] -- Installing: /home/andre/ros2_ws/src/install/moveit_msgs/share/moveit_msgs/cmake/moveit_msgs__rosidl_typesupport_introspection_cppExport.cmake
[291.235s] -- Installing: /home/andre/ros2_ws/src/install/moveit_msgs/share/moveit_msgs/cmake/moveit_msgs__rosidl_typesupport_introspection_cppExport-release.cmake
[291.235s] -- Installing: /home/andre/ros2_ws/src/install/moveit_msgs/share/moveit_msgs/cmake/moveit_msgs__rosidl_typesupport_cppExport.cmake
[291.235s] -- Installing: /home/andre/ros2_ws/src/install/moveit_msgs/share/moveit_msgs/cmake/moveit_msgs__rosidl_typesupport_cppExport-release.cmake
[291.235s] -- Installing: /home/andre/ros2_ws/src/install/moveit_msgs/share/moveit_msgs/cmake/export_moveit_msgs__rosidl_generator_pyExport.cmake
[291.236s] -- Installing: /home/andre/ros2_ws/src/install/moveit_msgs/share/moveit_msgs/cmake/export_moveit_msgs__rosidl_generator_pyExport-release.cmake
[291.236s] -- Installing: /home/andre/ros2_ws/src/install/moveit_msgs/share/moveit_msgs/cmake/rosidl_cmake-extras.cmake
[291.236s] -- Installing: /home/andre/ros2_ws/src/install/moveit_msgs/share/moveit_msgs/cmake/ament_cmake_export_dependencies-extras.cmake
[291.237s] -- Installing: /home/andre/ros2_ws/src/install/moveit_msgs/share/moveit_msgs/cmake/ament_cmake_export_include_directories-extras.cmake
[291.237s] -- Installing: /home/andre/ros2_ws/src/install/moveit_msgs/share/moveit_msgs/cmake/ament_cmake_export_libraries-extras.cmake
[291.237s] -- Installing: /home/andre/ros2_ws/src/install/moveit_msgs/share/moveit_msgs/cmake/ament_cmake_export_targets-extras.cmake
[291.237s] -- Installing: /home/andre/ros2_ws/src/install/moveit_msgs/share/moveit_msgs/cmake/rosidl_cmake_export_typesupport_targets-extras.cmake
[291.238s] -- Installing: /home/andre/ros2_ws/src/install/moveit_msgs/share/moveit_msgs/cmake/rosidl_cmake_export_typesupport_libraries-extras.cmake
[291.238s] -- Installing: /home/andre/ros2_ws/src/install/moveit_msgs/share/moveit_msgs/cmake/moveit_msgsConfig.cmake
[291.238s] -- Installing: /home/andre/ros2_ws/src/install/moveit_msgs/share/moveit_msgs/cmake/moveit_msgsConfig-version.cmake
[291.238s] -- Installing: /home/andre/ros2_ws/src/install/moveit_msgs/share/moveit_msgs/package.xml
[291.242s] Invoked command in '/home/andre/ros2_ws/src/build/moveit_msgs' returned '0': CMAKE_PREFIX_PATH=${CMAKE_PREFIX_PATH}:/opt/ros/jazzy DEBUGINFOD_URLS=https://debuginfod.ubuntu.com /usr/bin/cmake --install /home/andre/ros2_ws/src/build/moveit_msgs
