[0.135s] DEBUG:colcon:Command line arguments: ['/usr/bin/colcon', 'build', '--cmake-args', '-DCMAKE_EXE_LINKER_FLAGS=-lcurl']
[0.135s] DEBUG:colcon:Parsed command line arguments: Namespace(log_base=None, log_level=None, verb_name='build', build_base='build', install_base='install', merge_install=False, symlink_install=False, test_result_base=None, continue_on_error=False, executor='parallel', parallel_workers=4, event_handlers=None, ignore_user_meta=False, metas=['./colcon.meta'], base_paths=['.'], packages_ignore=None, packages_ignore_regex=None, paths=None, packages_up_to=None, packages_up_to_regex=None, packages_above=None, packages_above_and_dependencies=None, packages_above_depth=None, packages_select_by_dep=None, packages_skip_by_dep=None, packages_skip_up_to=None, packages_select_build_failed=False, packages_skip_build_finished=False, packages_select_test_failures=False, packages_skip_test_passed=False, packages_select=None, packages_skip=None, packages_select_regex=None, packages_skip_regex=None, packages_start=None, packages_end=None, allow_overriding=[], cmake_args=['-DCMAKE_EXE_LINKER_FLAGS=-lcurl'], cmake_target=None, cmake_target_skip_unavailable=False, cmake_clean_cache=False, cmake_clean_first=False, cmake_force_configure=False, ament_cmake_args=None, catkin_cmake_args=None, catkin_skip_building_tests=False, mixin_files=None, mixin=None, verb_parser=<colcon_mixin.mixin.mixin_argument.MixinArgumentDecorator object at 0x7790788f8410>, verb_extension=<colcon_core.verb.build.BuildVerb object at 0x779078ae64e0>, main=<bound method BuildVerb.main of <colcon_core.verb.build.BuildVerb object at 0x779078ae64e0>>, mixin_verb=('build',))
[0.174s] Level 1:colcon.colcon_core.package_discovery:discover_packages(colcon_meta) check parameters
[0.174s] Level 1:colcon.colcon_core.package_discovery:discover_packages(recursive) check parameters
[0.174s] Level 1:colcon.colcon_core.package_discovery:discover_packages(ignore) check parameters
[0.174s] Level 1:colcon.colcon_core.package_discovery:discover_packages(path) check parameters
[0.174s] Level 1:colcon.colcon_core.package_discovery:discover_packages(colcon_meta) discover
[0.174s] Level 1:colcon.colcon_core.package_discovery:discover_packages(recursive) discover
[0.174s] INFO:colcon.colcon_core.package_discovery:Crawling recursively for packages in '/home/andre/ros2_ws'
[0.174s] Level 1:colcon.colcon_core.package_identification:_identify(.) by extensions ['ignore', 'ignore_ament_install']
[0.174s] Level 1:colcon.colcon_core.package_identification:_identify(.) by extension 'ignore'
[0.175s] Level 1:colcon.colcon_core.package_identification:_identify(.) by extension 'ignore_ament_install'
[0.175s] Level 1:colcon.colcon_core.package_identification:_identify(.) by extensions ['colcon_pkg']
[0.175s] Level 1:colcon.colcon_core.package_identification:_identify(.) by extension 'colcon_pkg'
[0.175s] Level 1:colcon.colcon_core.package_identification:_identify(.) by extensions ['colcon_meta']
[0.175s] Level 1:colcon.colcon_core.package_identification:_identify(.) by extension 'colcon_meta'
[0.175s] Level 1:colcon.colcon_core.package_identification:_identify(.) by extensions ['ros']
[0.175s] Level 1:colcon.colcon_core.package_identification:_identify(.) by extension 'ros'
[0.200s] Level 1:colcon.colcon_core.package_identification:_identify(.) by extensions ['cmake', 'python']
[0.200s] Level 1:colcon.colcon_core.package_identification:_identify(.) by extension 'cmake'
[0.200s] Level 1:colcon.colcon_core.package_identification:_identify(.) by extension 'python'
[0.201s] Level 1:colcon.colcon_core.package_identification:_identify(.) by extensions ['python_setup_py']
[0.201s] Level 1:colcon.colcon_core.package_identification:_identify(.) by extension 'python_setup_py'
[0.201s] Level 1:colcon.colcon_core.package_identification:_identify(build) by extensions ['ignore', 'ignore_ament_install']
[0.201s] Level 1:colcon.colcon_core.package_identification:_identify(build) by extension 'ignore'
[0.201s] Level 1:colcon.colcon_core.package_identification:_identify(build) ignored
[0.201s] Level 1:colcon.colcon_core.package_identification:_identify(install) by extensions ['ignore', 'ignore_ament_install']
[0.201s] Level 1:colcon.colcon_core.package_identification:_identify(install) by extension 'ignore'
[0.201s] Level 1:colcon.colcon_core.package_identification:_identify(install) ignored
[0.201s] Level 1:colcon.colcon_core.package_identification:_identify(log) by extensions ['ignore', 'ignore_ament_install']
[0.202s] Level 1:colcon.colcon_core.package_identification:_identify(log) by extension 'ignore'
[0.202s] Level 1:colcon.colcon_core.package_identification:_identify(log) ignored
[0.202s] Level 1:colcon.colcon_core.package_identification:_identify(src) by extensions ['ignore', 'ignore_ament_install']
[0.202s] Level 1:colcon.colcon_core.package_identification:_identify(src) by extension 'ignore'
[0.202s] Level 1:colcon.colcon_core.package_identification:_identify(src) by extension 'ignore_ament_install'
[0.202s] Level 1:colcon.colcon_core.package_identification:_identify(src) by extensions ['colcon_pkg']
[0.202s] Level 1:colcon.colcon_core.package_identification:_identify(src) by extension 'colcon_pkg'
[0.202s] Level 1:colcon.colcon_core.package_identification:_identify(src) by extensions ['colcon_meta']
[0.202s] Level 1:colcon.colcon_core.package_identification:_identify(src) by extension 'colcon_meta'
[0.202s] Level 1:colcon.colcon_core.package_identification:_identify(src) by extensions ['ros']
[0.202s] Level 1:colcon.colcon_core.package_identification:_identify(src) by extension 'ros'
[0.202s] Level 1:colcon.colcon_core.package_identification:_identify(src) by extensions ['cmake', 'python']
[0.202s] Level 1:colcon.colcon_core.package_identification:_identify(src) by extension 'cmake'
[0.202s] Level 1:colcon.colcon_core.package_identification:_identify(src) by extension 'python'
[0.202s] Level 1:colcon.colcon_core.package_identification:_identify(src) by extensions ['python_setup_py']
[0.203s] Level 1:colcon.colcon_core.package_identification:_identify(src) by extension 'python_setup_py'
[0.203s] Level 1:colcon.colcon_core.package_identification:_identify(src/bringup) by extensions ['ignore', 'ignore_ament_install']
[0.203s] Level 1:colcon.colcon_core.package_identification:_identify(src/bringup) by extension 'ignore'
[0.203s] Level 1:colcon.colcon_core.package_identification:_identify(src/bringup) by extension 'ignore_ament_install'
[0.203s] Level 1:colcon.colcon_core.package_identification:_identify(src/bringup) by extensions ['colcon_pkg']
[0.203s] Level 1:colcon.colcon_core.package_identification:_identify(src/bringup) by extension 'colcon_pkg'
[0.203s] Level 1:colcon.colcon_core.package_identification:_identify(src/bringup) by extensions ['colcon_meta']
[0.203s] Level 1:colcon.colcon_core.package_identification:_identify(src/bringup) by extension 'colcon_meta'
[0.203s] Level 1:colcon.colcon_core.package_identification:_identify(src/bringup) by extensions ['ros']
[0.203s] Level 1:colcon.colcon_core.package_identification:_identify(src/bringup) by extension 'ros'
[0.203s] Level 1:colcon.colcon_core.package_identification:_identify(src/bringup) by extensions ['cmake', 'python']
[0.203s] Level 1:colcon.colcon_core.package_identification:_identify(src/bringup) by extension 'cmake'
[0.203s] Level 1:colcon.colcon_core.package_identification:_identify(src/bringup) by extension 'python'
[0.203s] Level 1:colcon.colcon_core.package_identification:_identify(src/bringup) by extensions ['python_setup_py']
[0.203s] Level 1:colcon.colcon_core.package_identification:_identify(src/bringup) by extension 'python_setup_py'
[0.204s] Level 1:colcon.colcon_core.package_identification:_identify(src/bringup/arm_bringup) by extensions ['ignore', 'ignore_ament_install']
[0.204s] Level 1:colcon.colcon_core.package_identification:_identify(src/bringup/arm_bringup) by extension 'ignore'
[0.204s] Level 1:colcon.colcon_core.package_identification:_identify(src/bringup/arm_bringup) by extension 'ignore_ament_install'
[0.204s] Level 1:colcon.colcon_core.package_identification:_identify(src/bringup/arm_bringup) by extensions ['colcon_pkg']
[0.204s] Level 1:colcon.colcon_core.package_identification:_identify(src/bringup/arm_bringup) by extension 'colcon_pkg'
[0.204s] Level 1:colcon.colcon_core.package_identification:_identify(src/bringup/arm_bringup) by extensions ['colcon_meta']
[0.204s] Level 1:colcon.colcon_core.package_identification:_identify(src/bringup/arm_bringup) by extension 'colcon_meta'
[0.204s] Level 1:colcon.colcon_core.package_identification:_identify(src/bringup/arm_bringup) by extensions ['ros']
[0.204s] Level 1:colcon.colcon_core.package_identification:_identify(src/bringup/arm_bringup) by extension 'ros'
[0.207s] DEBUG:colcon.colcon_core.package_identification:Package 'src/bringup/arm_bringup' with type 'ros.ament_cmake' and name 'arm_bringup'
[0.207s] Level 1:colcon.colcon_core.package_identification:_identify(src/build) by extensions ['ignore', 'ignore_ament_install']
[0.207s] Level 1:colcon.colcon_core.package_identification:_identify(src/build) by extension 'ignore'
[0.207s] Level 1:colcon.colcon_core.package_identification:_identify(src/build) ignored
[0.207s] Level 1:colcon.colcon_core.package_identification:_identify(src/external) by extensions ['ignore', 'ignore_ament_install']
[0.207s] Level 1:colcon.colcon_core.package_identification:_identify(src/external) by extension 'ignore'
[0.207s] Level 1:colcon.colcon_core.package_identification:_identify(src/external) by extension 'ignore_ament_install'
[0.207s] Level 1:colcon.colcon_core.package_identification:_identify(src/external) by extensions ['colcon_pkg']
[0.207s] Level 1:colcon.colcon_core.package_identification:_identify(src/external) by extension 'colcon_pkg'
[0.207s] Level 1:colcon.colcon_core.package_identification:_identify(src/external) by extensions ['colcon_meta']
[0.207s] Level 1:colcon.colcon_core.package_identification:_identify(src/external) by extension 'colcon_meta'
[0.207s] Level 1:colcon.colcon_core.package_identification:_identify(src/external) by extensions ['ros']
[0.207s] Level 1:colcon.colcon_core.package_identification:_identify(src/external) by extension 'ros'
[0.208s] Level 1:colcon.colcon_core.package_identification:_identify(src/external) by extensions ['cmake', 'python']
[0.208s] Level 1:colcon.colcon_core.package_identification:_identify(src/external) by extension 'cmake'
[0.208s] Level 1:colcon.colcon_core.package_identification:_identify(src/external) by extension 'python'
[0.208s] Level 1:colcon.colcon_core.package_identification:_identify(src/external) by extensions ['python_setup_py']
[0.208s] Level 1:colcon.colcon_core.package_identification:_identify(src/external) by extension 'python_setup_py'
[0.208s] Level 1:colcon.colcon_core.package_identification:_identify(src/external/realsense-ros) by extensions ['ignore', 'ignore_ament_install']
[0.208s] Level 1:colcon.colcon_core.package_identification:_identify(src/external/realsense-ros) by extension 'ignore'
[0.208s] Level 1:colcon.colcon_core.package_identification:_identify(src/external/realsense-ros) by extension 'ignore_ament_install'
[0.208s] Level 1:colcon.colcon_core.package_identification:_identify(src/external/realsense-ros) by extensions ['colcon_pkg']
[0.208s] Level 1:colcon.colcon_core.package_identification:_identify(src/external/realsense-ros) by extension 'colcon_pkg'
[0.208s] Level 1:colcon.colcon_core.package_identification:_identify(src/external/realsense-ros) by extensions ['colcon_meta']
[0.208s] Level 1:colcon.colcon_core.package_identification:_identify(src/external/realsense-ros) by extension 'colcon_meta'
[0.208s] Level 1:colcon.colcon_core.package_identification:_identify(src/external/realsense-ros) by extensions ['ros']
[0.208s] Level 1:colcon.colcon_core.package_identification:_identify(src/external/realsense-ros) by extension 'ros'
[0.208s] Level 1:colcon.colcon_core.package_identification:_identify(src/external/realsense-ros) by extensions ['cmake', 'python']
[0.208s] Level 1:colcon.colcon_core.package_identification:_identify(src/external/realsense-ros) by extension 'cmake'
[0.208s] Level 1:colcon.colcon_core.package_identification:_identify(src/external/realsense-ros) by extension 'python'
[0.208s] Level 1:colcon.colcon_core.package_identification:_identify(src/external/realsense-ros) by extensions ['python_setup_py']
[0.208s] Level 1:colcon.colcon_core.package_identification:_identify(src/external/realsense-ros) by extension 'python_setup_py'
[0.209s] Level 1:colcon.colcon_core.package_identification:_identify(src/external/ros_gz) by extensions ['ignore', 'ignore_ament_install']
[0.209s] Level 1:colcon.colcon_core.package_identification:_identify(src/external/ros_gz) by extension 'ignore'
[0.209s] Level 1:colcon.colcon_core.package_identification:_identify(src/external/ros_gz) by extension 'ignore_ament_install'
[0.209s] Level 1:colcon.colcon_core.package_identification:_identify(src/external/ros_gz) by extensions ['colcon_pkg']
[0.209s] Level 1:colcon.colcon_core.package_identification:_identify(src/external/ros_gz) by extension 'colcon_pkg'
[0.209s] Level 1:colcon.colcon_core.package_identification:_identify(src/external/ros_gz) by extensions ['colcon_meta']
[0.209s] Level 1:colcon.colcon_core.package_identification:_identify(src/external/ros_gz) by extension 'colcon_meta'
[0.209s] Level 1:colcon.colcon_core.package_identification:_identify(src/external/ros_gz) by extensions ['ros']
[0.209s] Level 1:colcon.colcon_core.package_identification:_identify(src/external/ros_gz) by extension 'ros'
[0.209s] Level 1:colcon.colcon_core.package_identification:_identify(src/external/ros_gz) by extensions ['cmake', 'python']
[0.209s] Level 1:colcon.colcon_core.package_identification:_identify(src/external/ros_gz) by extension 'cmake'
[0.209s] Level 1:colcon.colcon_core.package_identification:_identify(src/external/ros_gz) by extension 'python'
[0.209s] Level 1:colcon.colcon_core.package_identification:_identify(src/external/ros_gz) by extensions ['python_setup_py']
[0.209s] Level 1:colcon.colcon_core.package_identification:_identify(src/external/ros_gz) by extension 'python_setup_py'
[0.209s] Level 1:colcon.colcon_core.package_identification:_identify(src/external/ros_gz/img) by extensions ['ignore', 'ignore_ament_install']
[0.209s] Level 1:colcon.colcon_core.package_identification:_identify(src/external/ros_gz/img) by extension 'ignore'
[0.209s] Level 1:colcon.colcon_core.package_identification:_identify(src/external/ros_gz/img) by extension 'ignore_ament_install'
[0.209s] Level 1:colcon.colcon_core.package_identification:_identify(src/external/ros_gz/img) by extensions ['colcon_pkg']
[0.210s] Level 1:colcon.colcon_core.package_identification:_identify(src/external/ros_gz/img) by extension 'colcon_pkg'
[0.210s] Level 1:colcon.colcon_core.package_identification:_identify(src/external/ros_gz/img) by extensions ['colcon_meta']
[0.210s] Level 1:colcon.colcon_core.package_identification:_identify(src/external/ros_gz/img) by extension 'colcon_meta'
[0.210s] Level 1:colcon.colcon_core.package_identification:_identify(src/external/ros_gz/img) by extensions ['ros']
[0.210s] Level 1:colcon.colcon_core.package_identification:_identify(src/external/ros_gz/img) by extension 'ros'
[0.210s] Level 1:colcon.colcon_core.package_identification:_identify(src/external/ros_gz/img) by extensions ['cmake', 'python']
[0.210s] Level 1:colcon.colcon_core.package_identification:_identify(src/external/ros_gz/img) by extension 'cmake'
[0.210s] Level 1:colcon.colcon_core.package_identification:_identify(src/external/ros_gz/img) by extension 'python'
[0.210s] Level 1:colcon.colcon_core.package_identification:_identify(src/external/ros_gz/img) by extensions ['python_setup_py']
[0.210s] Level 1:colcon.colcon_core.package_identification:_identify(src/external/ros_gz/img) by extension 'python_setup_py'
[0.210s] Level 1:colcon.colcon_core.package_identification:_identify(src/external/ros_gz/ros_gz) by extensions ['ignore', 'ignore_ament_install']
[0.210s] Level 1:colcon.colcon_core.package_identification:_identify(src/external/ros_gz/ros_gz) by extension 'ignore'
[0.210s] Level 1:colcon.colcon_core.package_identification:_identify(src/external/ros_gz/ros_gz) by extension 'ignore_ament_install'
[0.210s] Level 1:colcon.colcon_core.package_identification:_identify(src/external/ros_gz/ros_gz) by extensions ['colcon_pkg']
[0.210s] Level 1:colcon.colcon_core.package_identification:_identify(src/external/ros_gz/ros_gz) by extension 'colcon_pkg'
[0.210s] Level 1:colcon.colcon_core.package_identification:_identify(src/external/ros_gz/ros_gz) by extensions ['colcon_meta']
[0.210s] Level 1:colcon.colcon_core.package_identification:_identify(src/external/ros_gz/ros_gz) by extension 'colcon_meta'
[0.210s] Level 1:colcon.colcon_core.package_identification:_identify(src/external/ros_gz/ros_gz) by extensions ['ros']
[0.211s] Level 1:colcon.colcon_core.package_identification:_identify(src/external/ros_gz/ros_gz) by extension 'ros'
[0.211s] DEBUG:colcon.colcon_core.package_identification:Package 'src/external/ros_gz/ros_gz' with type 'ros.ament_cmake' and name 'ros_gz'
[0.211s] Level 1:colcon.colcon_core.package_identification:_identify(src/external/ros_gz/ros_gz_bridge) by extensions ['ignore', 'ignore_ament_install']
[0.211s] Level 1:colcon.colcon_core.package_identification:_identify(src/external/ros_gz/ros_gz_bridge) by extension 'ignore'
[0.212s] Level 1:colcon.colcon_core.package_identification:_identify(src/external/ros_gz/ros_gz_bridge) by extension 'ignore_ament_install'
[0.212s] Level 1:colcon.colcon_core.package_identification:_identify(src/external/ros_gz/ros_gz_bridge) by extensions ['colcon_pkg']
[0.212s] Level 1:colcon.colcon_core.package_identification:_identify(src/external/ros_gz/ros_gz_bridge) by extension 'colcon_pkg'
[0.212s] Level 1:colcon.colcon_core.package_identification:_identify(src/external/ros_gz/ros_gz_bridge) by extensions ['colcon_meta']
[0.212s] Level 1:colcon.colcon_core.package_identification:_identify(src/external/ros_gz/ros_gz_bridge) by extension 'colcon_meta'
[0.212s] Level 1:colcon.colcon_core.package_identification:_identify(src/external/ros_gz/ros_gz_bridge) by extensions ['ros']
[0.212s] Level 1:colcon.colcon_core.package_identification:_identify(src/external/ros_gz/ros_gz_bridge) by extension 'ros'
[0.214s] DEBUG:colcon.colcon_core.package_identification:Package 'src/external/ros_gz/ros_gz_bridge' with type 'ros.ament_cmake' and name 'ros_gz_bridge'
[0.214s] Level 1:colcon.colcon_core.package_identification:_identify(src/external/ros_gz/ros_gz_image) by extensions ['ignore', 'ignore_ament_install']
[0.214s] Level 1:colcon.colcon_core.package_identification:_identify(src/external/ros_gz/ros_gz_image) by extension 'ignore'
[0.214s] Level 1:colcon.colcon_core.package_identification:_identify(src/external/ros_gz/ros_gz_image) by extension 'ignore_ament_install'
[0.214s] Level 1:colcon.colcon_core.package_identification:_identify(src/external/ros_gz/ros_gz_image) by extensions ['colcon_pkg']
[0.214s] Level 1:colcon.colcon_core.package_identification:_identify(src/external/ros_gz/ros_gz_image) by extension 'colcon_pkg'
[0.214s] Level 1:colcon.colcon_core.package_identification:_identify(src/external/ros_gz/ros_gz_image) by extensions ['colcon_meta']
[0.214s] Level 1:colcon.colcon_core.package_identification:_identify(src/external/ros_gz/ros_gz_image) by extension 'colcon_meta'
[0.214s] Level 1:colcon.colcon_core.package_identification:_identify(src/external/ros_gz/ros_gz_image) by extensions ['ros']
[0.214s] Level 1:colcon.colcon_core.package_identification:_identify(src/external/ros_gz/ros_gz_image) by extension 'ros'
[0.215s] DEBUG:colcon.colcon_core.package_identification:Package 'src/external/ros_gz/ros_gz_image' with type 'ros.ament_cmake' and name 'ros_gz_image'
[0.215s] Level 1:colcon.colcon_core.package_identification:_identify(src/external/ros_gz/ros_gz_interfaces) by extensions ['ignore', 'ignore_ament_install']
[0.215s] Level 1:colcon.colcon_core.package_identification:_identify(src/external/ros_gz/ros_gz_interfaces) by extension 'ignore'
[0.215s] Level 1:colcon.colcon_core.package_identification:_identify(src/external/ros_gz/ros_gz_interfaces) by extension 'ignore_ament_install'
[0.215s] Level 1:colcon.colcon_core.package_identification:_identify(src/external/ros_gz/ros_gz_interfaces) by extensions ['colcon_pkg']
[0.215s] Level 1:colcon.colcon_core.package_identification:_identify(src/external/ros_gz/ros_gz_interfaces) by extension 'colcon_pkg'
[0.215s] Level 1:colcon.colcon_core.package_identification:_identify(src/external/ros_gz/ros_gz_interfaces) by extensions ['colcon_meta']
[0.215s] Level 1:colcon.colcon_core.package_identification:_identify(src/external/ros_gz/ros_gz_interfaces) by extension 'colcon_meta'
[0.215s] Level 1:colcon.colcon_core.package_identification:_identify(src/external/ros_gz/ros_gz_interfaces) by extensions ['ros']
[0.215s] Level 1:colcon.colcon_core.package_identification:_identify(src/external/ros_gz/ros_gz_interfaces) by extension 'ros'
[0.216s] DEBUG:colcon.colcon_core.package_identification:Package 'src/external/ros_gz/ros_gz_interfaces' with type 'ros.ament_cmake' and name 'ros_gz_interfaces'
[0.216s] Level 1:colcon.colcon_core.package_identification:_identify(src/external/ros_gz/ros_gz_point_cloud) by extensions ['ignore', 'ignore_ament_install']
[0.216s] Level 1:colcon.colcon_core.package_identification:_identify(src/external/ros_gz/ros_gz_point_cloud) by extension 'ignore'
[0.216s] Level 1:colcon.colcon_core.package_identification:_identify(src/external/ros_gz/ros_gz_point_cloud) ignored
[0.216s] Level 1:colcon.colcon_core.package_identification:_identify(src/external/ros_gz/ros_gz_sim) by extensions ['ignore', 'ignore_ament_install']
[0.216s] Level 1:colcon.colcon_core.package_identification:_identify(src/external/ros_gz/ros_gz_sim) by extension 'ignore'
[0.217s] Level 1:colcon.colcon_core.package_identification:_identify(src/external/ros_gz/ros_gz_sim) by extension 'ignore_ament_install'
[0.217s] Level 1:colcon.colcon_core.package_identification:_identify(src/external/ros_gz/ros_gz_sim) by extensions ['colcon_pkg']
[0.217s] Level 1:colcon.colcon_core.package_identification:_identify(src/external/ros_gz/ros_gz_sim) by extension 'colcon_pkg'
[0.217s] Level 1:colcon.colcon_core.package_identification:_identify(src/external/ros_gz/ros_gz_sim) by extensions ['colcon_meta']
[0.217s] Level 1:colcon.colcon_core.package_identification:_identify(src/external/ros_gz/ros_gz_sim) by extension 'colcon_meta'
[0.217s] Level 1:colcon.colcon_core.package_identification:_identify(src/external/ros_gz/ros_gz_sim) by extensions ['ros']
[0.217s] Level 1:colcon.colcon_core.package_identification:_identify(src/external/ros_gz/ros_gz_sim) by extension 'ros'
[0.219s] DEBUG:colcon.colcon_core.package_identification:Package 'src/external/ros_gz/ros_gz_sim' with type 'ros.ament_cmake' and name 'ros_gz_sim'
[0.219s] Level 1:colcon.colcon_core.package_identification:_identify(src/external/ros_gz/ros_gz_sim_demos) by extensions ['ignore', 'ignore_ament_install']
[0.219s] Level 1:colcon.colcon_core.package_identification:_identify(src/external/ros_gz/ros_gz_sim_demos) by extension 'ignore'
[0.219s] Level 1:colcon.colcon_core.package_identification:_identify(src/external/ros_gz/ros_gz_sim_demos) by extension 'ignore_ament_install'
[0.219s] Level 1:colcon.colcon_core.package_identification:_identify(src/external/ros_gz/ros_gz_sim_demos) by extensions ['colcon_pkg']
[0.219s] Level 1:colcon.colcon_core.package_identification:_identify(src/external/ros_gz/ros_gz_sim_demos) by extension 'colcon_pkg'
[0.219s] Level 1:colcon.colcon_core.package_identification:_identify(src/external/ros_gz/ros_gz_sim_demos) by extensions ['colcon_meta']
[0.219s] Level 1:colcon.colcon_core.package_identification:_identify(src/external/ros_gz/ros_gz_sim_demos) by extension 'colcon_meta'
[0.219s] Level 1:colcon.colcon_core.package_identification:_identify(src/external/ros_gz/ros_gz_sim_demos) by extensions ['ros']
[0.220s] Level 1:colcon.colcon_core.package_identification:_identify(src/external/ros_gz/ros_gz_sim_demos) by extension 'ros'
[0.220s] DEBUG:colcon.colcon_core.package_identification:Package 'src/external/ros_gz/ros_gz_sim_demos' with type 'ros.ament_cmake' and name 'ros_gz_sim_demos'
[0.220s] Level 1:colcon.colcon_core.package_identification:_identify(src/external/ros_gz/test_ros_gz_bridge) by extensions ['ignore', 'ignore_ament_install']
[0.221s] Level 1:colcon.colcon_core.package_identification:_identify(src/external/ros_gz/test_ros_gz_bridge) by extension 'ignore'
[0.221s] Level 1:colcon.colcon_core.package_identification:_identify(src/external/ros_gz/test_ros_gz_bridge) by extension 'ignore_ament_install'
[0.221s] Level 1:colcon.colcon_core.package_identification:_identify(src/external/ros_gz/test_ros_gz_bridge) by extensions ['colcon_pkg']
[0.221s] Level 1:colcon.colcon_core.package_identification:_identify(src/external/ros_gz/test_ros_gz_bridge) by extension 'colcon_pkg'
[0.221s] Level 1:colcon.colcon_core.package_identification:_identify(src/external/ros_gz/test_ros_gz_bridge) by extensions ['colcon_meta']
[0.221s] Level 1:colcon.colcon_core.package_identification:_identify(src/external/ros_gz/test_ros_gz_bridge) by extension 'colcon_meta'
[0.221s] Level 1:colcon.colcon_core.package_identification:_identify(src/external/ros_gz/test_ros_gz_bridge) by extensions ['ros']
[0.221s] Level 1:colcon.colcon_core.package_identification:_identify(src/external/ros_gz/test_ros_gz_bridge) by extension 'ros'
[0.222s] DEBUG:colcon.colcon_core.package_identification:Package 'src/external/ros_gz/test_ros_gz_bridge' with type 'ros.ament_cmake' and name 'test_ros_gz_bridge'
[0.222s] Level 1:colcon.colcon_core.package_identification:_identify(src/external/ros_gz/tools) by extensions ['ignore', 'ignore_ament_install']
[0.222s] Level 1:colcon.colcon_core.package_identification:_identify(src/external/ros_gz/tools) by extension 'ignore'
[0.222s] Level 1:colcon.colcon_core.package_identification:_identify(src/external/ros_gz/tools) by extension 'ignore_ament_install'
[0.222s] Level 1:colcon.colcon_core.package_identification:_identify(src/external/ros_gz/tools) by extensions ['colcon_pkg']
[0.222s] Level 1:colcon.colcon_core.package_identification:_identify(src/external/ros_gz/tools) by extension 'colcon_pkg'
[0.222s] Level 1:colcon.colcon_core.package_identification:_identify(src/external/ros_gz/tools) by extensions ['colcon_meta']
[0.222s] Level 1:colcon.colcon_core.package_identification:_identify(src/external/ros_gz/tools) by extension 'colcon_meta'
[0.222s] Level 1:colcon.colcon_core.package_identification:_identify(src/external/ros_gz/tools) by extensions ['ros']
[0.222s] Level 1:colcon.colcon_core.package_identification:_identify(src/external/ros_gz/tools) by extension 'ros'
[0.222s] Level 1:colcon.colcon_core.package_identification:_identify(src/external/ros_gz/tools) by extensions ['cmake', 'python']
[0.222s] Level 1:colcon.colcon_core.package_identification:_identify(src/external/ros_gz/tools) by extension 'cmake'
[0.222s] Level 1:colcon.colcon_core.package_identification:_identify(src/external/ros_gz/tools) by extension 'python'
[0.223s] Level 1:colcon.colcon_core.package_identification:_identify(src/external/ros_gz/tools) by extensions ['python_setup_py']
[0.223s] Level 1:colcon.colcon_core.package_identification:_identify(src/external/ros_gz/tools) by extension 'python_setup_py'
[0.223s] Level 1:colcon.colcon_core.package_identification:_identify(src/hardware) by extensions ['ignore', 'ignore_ament_install']
[0.223s] Level 1:colcon.colcon_core.package_identification:_identify(src/hardware) by extension 'ignore'
[0.223s] Level 1:colcon.colcon_core.package_identification:_identify(src/hardware) by extension 'ignore_ament_install'
[0.223s] Level 1:colcon.colcon_core.package_identification:_identify(src/hardware) by extensions ['colcon_pkg']
[0.223s] Level 1:colcon.colcon_core.package_identification:_identify(src/hardware) by extension 'colcon_pkg'
[0.223s] Level 1:colcon.colcon_core.package_identification:_identify(src/hardware) by extensions ['colcon_meta']
[0.223s] Level 1:colcon.colcon_core.package_identification:_identify(src/hardware) by extension 'colcon_meta'
[0.223s] Level 1:colcon.colcon_core.package_identification:_identify(src/hardware) by extensions ['ros']
[0.223s] Level 1:colcon.colcon_core.package_identification:_identify(src/hardware) by extension 'ros'
[0.223s] Level 1:colcon.colcon_core.package_identification:_identify(src/hardware) by extensions ['cmake', 'python']
[0.223s] Level 1:colcon.colcon_core.package_identification:_identify(src/hardware) by extension 'cmake'
[0.223s] Level 1:colcon.colcon_core.package_identification:_identify(src/hardware) by extension 'python'
[0.223s] Level 1:colcon.colcon_core.package_identification:_identify(src/hardware) by extensions ['python_setup_py']
[0.223s] Level 1:colcon.colcon_core.package_identification:_identify(src/hardware) by extension 'python_setup_py'
[0.224s] Level 1:colcon.colcon_core.package_identification:_identify(src/hardware/mqtt_imu) by extensions ['ignore', 'ignore_ament_install']
[0.224s] Level 1:colcon.colcon_core.package_identification:_identify(src/hardware/mqtt_imu) by extension 'ignore'
[0.224s] Level 1:colcon.colcon_core.package_identification:_identify(src/hardware/mqtt_imu) by extension 'ignore_ament_install'
[0.224s] Level 1:colcon.colcon_core.package_identification:_identify(src/hardware/mqtt_imu) by extensions ['colcon_pkg']
[0.224s] Level 1:colcon.colcon_core.package_identification:_identify(src/hardware/mqtt_imu) by extension 'colcon_pkg'
[0.224s] Level 1:colcon.colcon_core.package_identification:_identify(src/hardware/mqtt_imu) by extensions ['colcon_meta']
[0.224s] Level 1:colcon.colcon_core.package_identification:_identify(src/hardware/mqtt_imu) by extension 'colcon_meta'
[0.224s] Level 1:colcon.colcon_core.package_identification:_identify(src/hardware/mqtt_imu) by extensions ['ros']
[0.224s] Level 1:colcon.colcon_core.package_identification:_identify(src/hardware/mqtt_imu) by extension 'ros'
[0.225s] DEBUG:colcon.colcon_core.package_identification:Package 'src/hardware/mqtt_imu' with type 'ros.ament_python' and name 'mqtt_imu'
[0.225s] Level 1:colcon.colcon_core.package_identification:_identify(src/hardware/pose_printer) by extensions ['ignore', 'ignore_ament_install']
[0.225s] Level 1:colcon.colcon_core.package_identification:_identify(src/hardware/pose_printer) by extension 'ignore'
[0.225s] Level 1:colcon.colcon_core.package_identification:_identify(src/hardware/pose_printer) by extension 'ignore_ament_install'
[0.226s] Level 1:colcon.colcon_core.package_identification:_identify(src/hardware/pose_printer) by extensions ['colcon_pkg']
[0.226s] Level 1:colcon.colcon_core.package_identification:_identify(src/hardware/pose_printer) by extension 'colcon_pkg'
[0.226s] Level 1:colcon.colcon_core.package_identification:_identify(src/hardware/pose_printer) by extensions ['colcon_meta']
[0.226s] Level 1:colcon.colcon_core.package_identification:_identify(src/hardware/pose_printer) by extension 'colcon_meta'
[0.226s] Level 1:colcon.colcon_core.package_identification:_identify(src/hardware/pose_printer) by extensions ['ros']
[0.226s] Level 1:colcon.colcon_core.package_identification:_identify(src/hardware/pose_printer) by extension 'ros'
[0.227s] DEBUG:colcon.colcon_core.package_identification:Package 'src/hardware/pose_printer' with type 'ros.ament_python' and name 'pose_printer'
[0.227s] Level 1:colcon.colcon_core.package_identification:_identify(src/install) by extensions ['ignore', 'ignore_ament_install']
[0.227s] Level 1:colcon.colcon_core.package_identification:_identify(src/install) by extension 'ignore'
[0.228s] Level 1:colcon.colcon_core.package_identification:_identify(src/install) ignored
[0.228s] Level 1:colcon.colcon_core.package_identification:_identify(src/interfaces) by extensions ['ignore', 'ignore_ament_install']
[0.228s] Level 1:colcon.colcon_core.package_identification:_identify(src/interfaces) by extension 'ignore'
[0.228s] Level 1:colcon.colcon_core.package_identification:_identify(src/interfaces) by extension 'ignore_ament_install'
[0.228s] Level 1:colcon.colcon_core.package_identification:_identify(src/interfaces) by extensions ['colcon_pkg']
[0.228s] Level 1:colcon.colcon_core.package_identification:_identify(src/interfaces) by extension 'colcon_pkg'
[0.228s] Level 1:colcon.colcon_core.package_identification:_identify(src/interfaces) by extensions ['colcon_meta']
[0.228s] Level 1:colcon.colcon_core.package_identification:_identify(src/interfaces) by extension 'colcon_meta'
[0.228s] Level 1:colcon.colcon_core.package_identification:_identify(src/interfaces) by extensions ['ros']
[0.228s] Level 1:colcon.colcon_core.package_identification:_identify(src/interfaces) by extension 'ros'
[0.228s] Level 1:colcon.colcon_core.package_identification:_identify(src/interfaces) by extensions ['cmake', 'python']
[0.228s] Level 1:colcon.colcon_core.package_identification:_identify(src/interfaces) by extension 'cmake'
[0.228s] Level 1:colcon.colcon_core.package_identification:_identify(src/interfaces) by extension 'python'
[0.228s] Level 1:colcon.colcon_core.package_identification:_identify(src/interfaces) by extensions ['python_setup_py']
[0.228s] Level 1:colcon.colcon_core.package_identification:_identify(src/interfaces) by extension 'python_setup_py'
[0.229s] Level 1:colcon.colcon_core.package_identification:_identify(src/interfaces/web_interface) by extensions ['ignore', 'ignore_ament_install']
[0.229s] Level 1:colcon.colcon_core.package_identification:_identify(src/interfaces/web_interface) by extension 'ignore'
[0.229s] Level 1:colcon.colcon_core.package_identification:_identify(src/interfaces/web_interface) by extension 'ignore_ament_install'
[0.229s] Level 1:colcon.colcon_core.package_identification:_identify(src/interfaces/web_interface) by extensions ['colcon_pkg']
[0.229s] Level 1:colcon.colcon_core.package_identification:_identify(src/interfaces/web_interface) by extension 'colcon_pkg'
[0.229s] Level 1:colcon.colcon_core.package_identification:_identify(src/interfaces/web_interface) by extensions ['colcon_meta']
[0.229s] Level 1:colcon.colcon_core.package_identification:_identify(src/interfaces/web_interface) by extension 'colcon_meta'
[0.229s] Level 1:colcon.colcon_core.package_identification:_identify(src/interfaces/web_interface) by extensions ['ros']
[0.229s] Level 1:colcon.colcon_core.package_identification:_identify(src/interfaces/web_interface) by extension 'ros'
[0.230s] DEBUG:colcon.colcon_core.package_identification:Package 'src/interfaces/web_interface' with type 'ros.ament_python' and name 'web_interface'
[0.230s] Level 1:colcon.colcon_core.package_identification:_identify(src/log) by extensions ['ignore', 'ignore_ament_install']
[0.230s] Level 1:colcon.colcon_core.package_identification:_identify(src/log) by extension 'ignore'
[0.230s] Level 1:colcon.colcon_core.package_identification:_identify(src/log) ignored
[0.230s] Level 1:colcon.colcon_core.package_identification:_identify(src/perception) by extensions ['ignore', 'ignore_ament_install']
[0.231s] Level 1:colcon.colcon_core.package_identification:_identify(src/perception) by extension 'ignore'
[0.231s] Level 1:colcon.colcon_core.package_identification:_identify(src/perception) by extension 'ignore_ament_install'
[0.231s] Level 1:colcon.colcon_core.package_identification:_identify(src/perception) by extensions ['colcon_pkg']
[0.231s] Level 1:colcon.colcon_core.package_identification:_identify(src/perception) by extension 'colcon_pkg'
[0.231s] Level 1:colcon.colcon_core.package_identification:_identify(src/perception) by extensions ['colcon_meta']
[0.231s] Level 1:colcon.colcon_core.package_identification:_identify(src/perception) by extension 'colcon_meta'
[0.231s] Level 1:colcon.colcon_core.package_identification:_identify(src/perception) by extensions ['ros']
[0.231s] Level 1:colcon.colcon_core.package_identification:_identify(src/perception) by extension 'ros'
[0.231s] Level 1:colcon.colcon_core.package_identification:_identify(src/perception) by extensions ['cmake', 'python']
[0.231s] Level 1:colcon.colcon_core.package_identification:_identify(src/perception) by extension 'cmake'
[0.231s] Level 1:colcon.colcon_core.package_identification:_identify(src/perception) by extension 'python'
[0.231s] Level 1:colcon.colcon_core.package_identification:_identify(src/perception) by extensions ['python_setup_py']
[0.231s] Level 1:colcon.colcon_core.package_identification:_identify(src/perception) by extension 'python_setup_py'
[0.231s] Level 1:colcon.colcon_core.package_identification:_identify(src/perception/chess_data_collector) by extensions ['ignore', 'ignore_ament_install']
[0.232s] Level 1:colcon.colcon_core.package_identification:_identify(src/perception/chess_data_collector) by extension 'ignore'
[0.232s] Level 1:colcon.colcon_core.package_identification:_identify(src/perception/chess_data_collector) by extension 'ignore_ament_install'
[0.232s] Level 1:colcon.colcon_core.package_identification:_identify(src/perception/chess_data_collector) by extensions ['colcon_pkg']
[0.232s] Level 1:colcon.colcon_core.package_identification:_identify(src/perception/chess_data_collector) by extension 'colcon_pkg'
[0.232s] Level 1:colcon.colcon_core.package_identification:_identify(src/perception/chess_data_collector) by extensions ['colcon_meta']
[0.232s] Level 1:colcon.colcon_core.package_identification:_identify(src/perception/chess_data_collector) by extension 'colcon_meta'
[0.232s] Level 1:colcon.colcon_core.package_identification:_identify(src/perception/chess_data_collector) by extensions ['ros']
[0.232s] Level 1:colcon.colcon_core.package_identification:_identify(src/perception/chess_data_collector) by extension 'ros'
[0.233s] DEBUG:colcon.colcon_core.package_identification:Package 'src/perception/chess_data_collector' with type 'ros.ament_python' and name 'chess_data_collector'
[0.233s] Level 1:colcon.colcon_core.package_identification:_identify(src/perception/yolov5_detection) by extensions ['ignore', 'ignore_ament_install']
[0.233s] Level 1:colcon.colcon_core.package_identification:_identify(src/perception/yolov5_detection) by extension 'ignore'
[0.233s] Level 1:colcon.colcon_core.package_identification:_identify(src/perception/yolov5_detection) by extension 'ignore_ament_install'
[0.233s] Level 1:colcon.colcon_core.package_identification:_identify(src/perception/yolov5_detection) by extensions ['colcon_pkg']
[0.233s] Level 1:colcon.colcon_core.package_identification:_identify(src/perception/yolov5_detection) by extension 'colcon_pkg'
[0.233s] Level 1:colcon.colcon_core.package_identification:_identify(src/perception/yolov5_detection) by extensions ['colcon_meta']
[0.233s] Level 1:colcon.colcon_core.package_identification:_identify(src/perception/yolov5_detection) by extension 'colcon_meta'
[0.233s] Level 1:colcon.colcon_core.package_identification:_identify(src/perception/yolov5_detection) by extensions ['ros']
[0.233s] Level 1:colcon.colcon_core.package_identification:_identify(src/perception/yolov5_detection) by extension 'ros'
[0.234s] DEBUG:colcon.colcon_core.package_identification:Package 'src/perception/yolov5_detection' with type 'ros.ament_python' and name 'yolov5_detection'
[0.234s] Level 1:colcon.colcon_core.package_identification:_identify(src/planning) by extensions ['ignore', 'ignore_ament_install']
[0.234s] Level 1:colcon.colcon_core.package_identification:_identify(src/planning) by extension 'ignore'
[0.234s] Level 1:colcon.colcon_core.package_identification:_identify(src/planning) by extension 'ignore_ament_install'
[0.235s] Level 1:colcon.colcon_core.package_identification:_identify(src/planning) by extensions ['colcon_pkg']
[0.235s] Level 1:colcon.colcon_core.package_identification:_identify(src/planning) by extension 'colcon_pkg'
[0.235s] Level 1:colcon.colcon_core.package_identification:_identify(src/planning) by extensions ['colcon_meta']
[0.235s] Level 1:colcon.colcon_core.package_identification:_identify(src/planning) by extension 'colcon_meta'
[0.235s] Level 1:colcon.colcon_core.package_identification:_identify(src/planning) by extensions ['ros']
[0.235s] Level 1:colcon.colcon_core.package_identification:_identify(src/planning) by extension 'ros'
[0.235s] Level 1:colcon.colcon_core.package_identification:_identify(src/planning) by extensions ['cmake', 'python']
[0.235s] Level 1:colcon.colcon_core.package_identification:_identify(src/planning) by extension 'cmake'
[0.235s] Level 1:colcon.colcon_core.package_identification:_identify(src/planning) by extension 'python'
[0.235s] Level 1:colcon.colcon_core.package_identification:_identify(src/planning) by extensions ['python_setup_py']
[0.235s] Level 1:colcon.colcon_core.package_identification:_identify(src/planning) by extension 'python_setup_py'
[0.235s] Level 1:colcon.colcon_core.package_identification:_identify(src/planning/esp32_controller) by extensions ['ignore', 'ignore_ament_install']
[0.235s] Level 1:colcon.colcon_core.package_identification:_identify(src/planning/esp32_controller) by extension 'ignore'
[0.235s] Level 1:colcon.colcon_core.package_identification:_identify(src/planning/esp32_controller) by extension 'ignore_ament_install'
[0.235s] Level 1:colcon.colcon_core.package_identification:_identify(src/planning/esp32_controller) by extensions ['colcon_pkg']
[0.235s] Level 1:colcon.colcon_core.package_identification:_identify(src/planning/esp32_controller) by extension 'colcon_pkg'
[0.235s] Level 1:colcon.colcon_core.package_identification:_identify(src/planning/esp32_controller) by extensions ['colcon_meta']
[0.235s] Level 1:colcon.colcon_core.package_identification:_identify(src/planning/esp32_controller) by extension 'colcon_meta'
[0.235s] Level 1:colcon.colcon_core.package_identification:_identify(src/planning/esp32_controller) by extensions ['ros']
[0.235s] Level 1:colcon.colcon_core.package_identification:_identify(src/planning/esp32_controller) by extension 'ros'
[0.236s] DEBUG:colcon.colcon_core.package_identification:Package 'src/planning/esp32_controller' with type 'ros.ament_cmake' and name 'esp32_controller'
[0.236s] Level 1:colcon.colcon_core.package_identification:_identify(src/planning/move_program) by extensions ['ignore', 'ignore_ament_install']
[0.236s] Level 1:colcon.colcon_core.package_identification:_identify(src/planning/move_program) by extension 'ignore'
[0.237s] Level 1:colcon.colcon_core.package_identification:_identify(src/planning/move_program) by extension 'ignore_ament_install'
[0.237s] Level 1:colcon.colcon_core.package_identification:_identify(src/planning/move_program) by extensions ['colcon_pkg']
[0.237s] Level 1:colcon.colcon_core.package_identification:_identify(src/planning/move_program) by extension 'colcon_pkg'
[0.237s] Level 1:colcon.colcon_core.package_identification:_identify(src/planning/move_program) by extensions ['colcon_meta']
[0.237s] Level 1:colcon.colcon_core.package_identification:_identify(src/planning/move_program) by extension 'colcon_meta'
[0.237s] Level 1:colcon.colcon_core.package_identification:_identify(src/planning/move_program) by extensions ['ros']
[0.237s] Level 1:colcon.colcon_core.package_identification:_identify(src/planning/move_program) by extension 'ros'
[0.238s] DEBUG:colcon.colcon_core.package_identification:Package 'src/planning/move_program' with type 'ros.ament_cmake' and name 'move_program'
[0.238s] Level 1:colcon.colcon_core.package_identification:_identify(src/planning/moveit_controls) by extensions ['ignore', 'ignore_ament_install']
[0.238s] Level 1:colcon.colcon_core.package_identification:_identify(src/planning/moveit_controls) by extension 'ignore'
[0.238s] Level 1:colcon.colcon_core.package_identification:_identify(src/planning/moveit_controls) by extension 'ignore_ament_install'
[0.238s] Level 1:colcon.colcon_core.package_identification:_identify(src/planning/moveit_controls) by extensions ['colcon_pkg']
[0.238s] Level 1:colcon.colcon_core.package_identification:_identify(src/planning/moveit_controls) by extension 'colcon_pkg'
[0.238s] Level 1:colcon.colcon_core.package_identification:_identify(src/planning/moveit_controls) by extensions ['colcon_meta']
[0.238s] Level 1:colcon.colcon_core.package_identification:_identify(src/planning/moveit_controls) by extension 'colcon_meta'
[0.238s] Level 1:colcon.colcon_core.package_identification:_identify(src/planning/moveit_controls) by extensions ['ros']
[0.238s] Level 1:colcon.colcon_core.package_identification:_identify(src/planning/moveit_controls) by extension 'ros'
[0.239s] DEBUG:colcon.colcon_core.package_identification:Package 'src/planning/moveit_controls' with type 'ros.ament_python' and name 'moveit_controls'
[0.239s] Level 1:colcon.colcon_core.package_identification:_identify(src/robot) by extensions ['ignore', 'ignore_ament_install']
[0.239s] Level 1:colcon.colcon_core.package_identification:_identify(src/robot) by extension 'ignore'
[0.239s] Level 1:colcon.colcon_core.package_identification:_identify(src/robot) by extension 'ignore_ament_install'
[0.239s] Level 1:colcon.colcon_core.package_identification:_identify(src/robot) by extensions ['colcon_pkg']
[0.239s] Level 1:colcon.colcon_core.package_identification:_identify(src/robot) by extension 'colcon_pkg'
[0.239s] Level 1:colcon.colcon_core.package_identification:_identify(src/robot) by extensions ['colcon_meta']
[0.239s] Level 1:colcon.colcon_core.package_identification:_identify(src/robot) by extension 'colcon_meta'
[0.239s] Level 1:colcon.colcon_core.package_identification:_identify(src/robot) by extensions ['ros']
[0.239s] Level 1:colcon.colcon_core.package_identification:_identify(src/robot) by extension 'ros'
[0.239s] Level 1:colcon.colcon_core.package_identification:_identify(src/robot) by extensions ['cmake', 'python']
[0.239s] Level 1:colcon.colcon_core.package_identification:_identify(src/robot) by extension 'cmake'
[0.239s] Level 1:colcon.colcon_core.package_identification:_identify(src/robot) by extension 'python'
[0.239s] Level 1:colcon.colcon_core.package_identification:_identify(src/robot) by extensions ['python_setup_py']
[0.240s] Level 1:colcon.colcon_core.package_identification:_identify(src/robot) by extension 'python_setup_py'
[0.240s] Level 1:colcon.colcon_core.package_identification:_identify(src/robot/robotic_arm_model_v3) by extensions ['ignore', 'ignore_ament_install']
[0.240s] Level 1:colcon.colcon_core.package_identification:_identify(src/robot/robotic_arm_model_v3) by extension 'ignore'
[0.240s] Level 1:colcon.colcon_core.package_identification:_identify(src/robot/robotic_arm_model_v3) by extension 'ignore_ament_install'
[0.240s] Level 1:colcon.colcon_core.package_identification:_identify(src/robot/robotic_arm_model_v3) by extensions ['colcon_pkg']
[0.240s] Level 1:colcon.colcon_core.package_identification:_identify(src/robot/robotic_arm_model_v3) by extension 'colcon_pkg'
[0.240s] Level 1:colcon.colcon_core.package_identification:_identify(src/robot/robotic_arm_model_v3) by extensions ['colcon_meta']
[0.240s] Level 1:colcon.colcon_core.package_identification:_identify(src/robot/robotic_arm_model_v3) by extension 'colcon_meta'
[0.240s] Level 1:colcon.colcon_core.package_identification:_identify(src/robot/robotic_arm_model_v3) by extensions ['ros']
[0.240s] Level 1:colcon.colcon_core.package_identification:_identify(src/robot/robotic_arm_model_v3) by extension 'ros'
[0.241s] DEBUG:colcon.colcon_core.package_identification:Package 'src/robot/robotic_arm_model_v3' with type 'ros.ament_cmake' and name 'robotic_arm_model_v3'
[0.241s] Level 1:colcon.colcon_core.package_identification:_identify(src/robot/robotic_arm_v3_config) by extensions ['ignore', 'ignore_ament_install']
[0.241s] Level 1:colcon.colcon_core.package_identification:_identify(src/robot/robotic_arm_v3_config) by extension 'ignore'
[0.241s] Level 1:colcon.colcon_core.package_identification:_identify(src/robot/robotic_arm_v3_config) by extension 'ignore_ament_install'
[0.241s] Level 1:colcon.colcon_core.package_identification:_identify(src/robot/robotic_arm_v3_config) by extensions ['colcon_pkg']
[0.241s] Level 1:colcon.colcon_core.package_identification:_identify(src/robot/robotic_arm_v3_config) by extension 'colcon_pkg'
[0.241s] Level 1:colcon.colcon_core.package_identification:_identify(src/robot/robotic_arm_v3_config) by extensions ['colcon_meta']
[0.241s] Level 1:colcon.colcon_core.package_identification:_identify(src/robot/robotic_arm_v3_config) by extension 'colcon_meta'
[0.241s] Level 1:colcon.colcon_core.package_identification:_identify(src/robot/robotic_arm_v3_config) by extensions ['ros']
[0.241s] Level 1:colcon.colcon_core.package_identification:_identify(src/robot/robotic_arm_v3_config) by extension 'ros'
[0.242s] DEBUG:colcon.colcon_core.package_identification:Package 'src/robot/robotic_arm_v3_config' with type 'ros.ament_cmake' and name 'robotic_arm_v3_config'
[0.242s] Level 1:colcon.colcon_core.package_discovery:discover_packages(recursive) using defaults
[0.242s] Level 1:colcon.colcon_core.package_discovery:discover_packages(ignore) discover
[0.242s] Level 1:colcon.colcon_core.package_discovery:discover_packages(ignore) using defaults
[0.242s] Level 1:colcon.colcon_core.package_discovery:discover_packages(path) discover
[0.242s] Level 1:colcon.colcon_core.package_discovery:discover_packages(path) using defaults
[0.266s] Level 1:colcon.colcon_core.package_discovery:discover_packages(prefix_path) check parameters
[0.266s] Level 1:colcon.colcon_core.package_discovery:discover_packages(prefix_path) discover
[0.268s] DEBUG:colcon.colcon_installed_package_information.package_discovery:Found 7 installed packages in /home/andre/ros2_ws/install
[0.270s] DEBUG:colcon.colcon_installed_package_information.package_discovery:Found 496 installed packages in /opt/ros/jazzy
[0.271s] Level 1:colcon.colcon_core.package_discovery:discover_packages(prefix_path) using defaults
[0.360s] WARNING:colcon.colcon_core.package_selection:Some selected packages are already built in one or more underlay workspaces:
	'ros_gz_sim' is in: /opt/ros/jazzy
	'ros_gz_bridge' is in: /opt/ros/jazzy
	'ros_gz_image' is in: /opt/ros/jazzy
	'ros_gz_interfaces' is in: /opt/ros/jazzy
If a package in a merged underlay workspace is overridden and it installs headers, then all packages in the overlay must sort their include directories by workspace order. Failure to do so may result in build failures or undefined behavior at run time.
If the overridden package is used by another package in any underlay, then the overriding package in the overlay must be API and ABI compatible or undefined behavior at run time may occur.

If you understand the risks and want to override a package anyways, add the following to the command line:
	--allow-overriding ros_gz_bridge ros_gz_image ros_gz_interfaces ros_gz_sim

This may be promoted to an error in a future release of colcon-override-check.
[0.361s] Level 5:colcon.colcon_core.verb:set package 'chess_data_collector' build argument 'cmake_args' from command line to '['-DCMAKE_EXE_LINKER_FLAGS=-lcurl']'
[0.361s] Level 5:colcon.colcon_core.verb:set package 'chess_data_collector' build argument 'cmake_target' from command line to 'None'
[0.361s] Level 5:colcon.colcon_core.verb:set package 'chess_data_collector' build argument 'cmake_target_skip_unavailable' from command line to 'False'
[0.361s] Level 5:colcon.colcon_core.verb:set package 'chess_data_collector' build argument 'cmake_clean_cache' from command line to 'False'
[0.361s] Level 5:colcon.colcon_core.verb:set package 'chess_data_collector' build argument 'cmake_clean_first' from command line to 'False'
[0.361s] Level 5:colcon.colcon_core.verb:set package 'chess_data_collector' build argument 'cmake_force_configure' from command line to 'False'
[0.361s] Level 5:colcon.colcon_core.verb:set package 'chess_data_collector' build argument 'ament_cmake_args' from command line to 'None'
[0.361s] Level 5:colcon.colcon_core.verb:set package 'chess_data_collector' build argument 'catkin_cmake_args' from command line to 'None'
[0.361s] Level 5:colcon.colcon_core.verb:set package 'chess_data_collector' build argument 'catkin_skip_building_tests' from command line to 'False'
[0.361s] DEBUG:colcon.colcon_core.verb:Building package 'chess_data_collector' with the following arguments: {'ament_cmake_args': None, 'build_base': '/home/andre/ros2_ws/build/chess_data_collector', 'catkin_cmake_args': None, 'catkin_skip_building_tests': False, 'cmake_args': ['-DCMAKE_EXE_LINKER_FLAGS=-lcurl'], 'cmake_clean_cache': False, 'cmake_clean_first': False, 'cmake_force_configure': False, 'cmake_target': None, 'cmake_target_skip_unavailable': False, 'install_base': '/home/andre/ros2_ws/install/chess_data_collector', 'merge_install': False, 'path': '/home/andre/ros2_ws/src/perception/chess_data_collector', 'symlink_install': False, 'test_result_base': None}
[0.362s] Level 5:colcon.colcon_core.verb:set package 'move_program' build argument 'cmake_args' from command line to '['-DCMAKE_EXE_LINKER_FLAGS=-lcurl']'
[0.362s] Level 5:colcon.colcon_core.verb:set package 'move_program' build argument 'cmake_target' from command line to 'None'
[0.362s] Level 5:colcon.colcon_core.verb:set package 'move_program' build argument 'cmake_target_skip_unavailable' from command line to 'False'
[0.362s] Level 5:colcon.colcon_core.verb:set package 'move_program' build argument 'cmake_clean_cache' from command line to 'False'
[0.362s] Level 5:colcon.colcon_core.verb:set package 'move_program' build argument 'cmake_clean_first' from command line to 'False'
[0.362s] Level 5:colcon.colcon_core.verb:set package 'move_program' build argument 'cmake_force_configure' from command line to 'False'
[0.362s] Level 5:colcon.colcon_core.verb:set package 'move_program' build argument 'ament_cmake_args' from command line to 'None'
[0.362s] Level 5:colcon.colcon_core.verb:set package 'move_program' build argument 'catkin_cmake_args' from command line to 'None'
[0.362s] Level 5:colcon.colcon_core.verb:set package 'move_program' build argument 'catkin_skip_building_tests' from command line to 'False'
[0.362s] DEBUG:colcon.colcon_core.verb:Building package 'move_program' with the following arguments: {'ament_cmake_args': None, 'build_base': '/home/andre/ros2_ws/build/move_program', 'catkin_cmake_args': None, 'catkin_skip_building_tests': False, 'cmake_args': ['-DCMAKE_EXE_LINKER_FLAGS=-lcurl'], 'cmake_clean_cache': False, 'cmake_clean_first': False, 'cmake_force_configure': False, 'cmake_target': None, 'cmake_target_skip_unavailable': False, 'install_base': '/home/andre/ros2_ws/install/move_program', 'merge_install': False, 'path': '/home/andre/ros2_ws/src/planning/move_program', 'symlink_install': False, 'test_result_base': None}
[0.362s] Level 5:colcon.colcon_core.verb:set package 'moveit_controls' build argument 'cmake_args' from command line to '['-DCMAKE_EXE_LINKER_FLAGS=-lcurl']'
[0.362s] Level 5:colcon.colcon_core.verb:set package 'moveit_controls' build argument 'cmake_target' from command line to 'None'
[0.362s] Level 5:colcon.colcon_core.verb:set package 'moveit_controls' build argument 'cmake_target_skip_unavailable' from command line to 'False'
[0.362s] Level 5:colcon.colcon_core.verb:set package 'moveit_controls' build argument 'cmake_clean_cache' from command line to 'False'
[0.362s] Level 5:colcon.colcon_core.verb:set package 'moveit_controls' build argument 'cmake_clean_first' from command line to 'False'
[0.362s] Level 5:colcon.colcon_core.verb:set package 'moveit_controls' build argument 'cmake_force_configure' from command line to 'False'
[0.362s] Level 5:colcon.colcon_core.verb:set package 'moveit_controls' build argument 'ament_cmake_args' from command line to 'None'
[0.362s] Level 5:colcon.colcon_core.verb:set package 'moveit_controls' build argument 'catkin_cmake_args' from command line to 'None'
[0.362s] Level 5:colcon.colcon_core.verb:set package 'moveit_controls' build argument 'catkin_skip_building_tests' from command line to 'False'
[0.362s] DEBUG:colcon.colcon_core.verb:Building package 'moveit_controls' with the following arguments: {'ament_cmake_args': None, 'build_base': '/home/andre/ros2_ws/build/moveit_controls', 'catkin_cmake_args': None, 'catkin_skip_building_tests': False, 'cmake_args': ['-DCMAKE_EXE_LINKER_FLAGS=-lcurl'], 'cmake_clean_cache': False, 'cmake_clean_first': False, 'cmake_force_configure': False, 'cmake_target': None, 'cmake_target_skip_unavailable': False, 'install_base': '/home/andre/ros2_ws/install/moveit_controls', 'merge_install': False, 'path': '/home/andre/ros2_ws/src/planning/moveit_controls', 'symlink_install': False, 'test_result_base': None}
[0.363s] Level 5:colcon.colcon_core.verb:set package 'mqtt_imu' build argument 'cmake_args' from command line to '['-DCMAKE_EXE_LINKER_FLAGS=-lcurl']'
[0.363s] Level 5:colcon.colcon_core.verb:set package 'mqtt_imu' build argument 'cmake_target' from command line to 'None'
[0.363s] Level 5:colcon.colcon_core.verb:set package 'mqtt_imu' build argument 'cmake_target_skip_unavailable' from command line to 'False'
[0.363s] Level 5:colcon.colcon_core.verb:set package 'mqtt_imu' build argument 'cmake_clean_cache' from command line to 'False'
[0.363s] Level 5:colcon.colcon_core.verb:set package 'mqtt_imu' build argument 'cmake_clean_first' from command line to 'False'
[0.363s] Level 5:colcon.colcon_core.verb:set package 'mqtt_imu' build argument 'cmake_force_configure' from command line to 'False'
[0.363s] Level 5:colcon.colcon_core.verb:set package 'mqtt_imu' build argument 'ament_cmake_args' from command line to 'None'
[0.363s] Level 5:colcon.colcon_core.verb:set package 'mqtt_imu' build argument 'catkin_cmake_args' from command line to 'None'
[0.363s] Level 5:colcon.colcon_core.verb:set package 'mqtt_imu' build argument 'catkin_skip_building_tests' from command line to 'False'
[0.363s] DEBUG:colcon.colcon_core.verb:Building package 'mqtt_imu' with the following arguments: {'ament_cmake_args': None, 'build_base': '/home/andre/ros2_ws/build/mqtt_imu', 'catkin_cmake_args': None, 'catkin_skip_building_tests': False, 'cmake_args': ['-DCMAKE_EXE_LINKER_FLAGS=-lcurl'], 'cmake_clean_cache': False, 'cmake_clean_first': False, 'cmake_force_configure': False, 'cmake_target': None, 'cmake_target_skip_unavailable': False, 'install_base': '/home/andre/ros2_ws/install/mqtt_imu', 'merge_install': False, 'path': '/home/andre/ros2_ws/src/hardware/mqtt_imu', 'symlink_install': False, 'test_result_base': None}
[0.363s] Level 5:colcon.colcon_core.verb:set package 'pose_printer' build argument 'cmake_args' from command line to '['-DCMAKE_EXE_LINKER_FLAGS=-lcurl']'
[0.363s] Level 5:colcon.colcon_core.verb:set package 'pose_printer' build argument 'cmake_target' from command line to 'None'
[0.363s] Level 5:colcon.colcon_core.verb:set package 'pose_printer' build argument 'cmake_target_skip_unavailable' from command line to 'False'
[0.363s] Level 5:colcon.colcon_core.verb:set package 'pose_printer' build argument 'cmake_clean_cache' from command line to 'False'
[0.363s] Level 5:colcon.colcon_core.verb:set package 'pose_printer' build argument 'cmake_clean_first' from command line to 'False'
[0.363s] Level 5:colcon.colcon_core.verb:set package 'pose_printer' build argument 'cmake_force_configure' from command line to 'False'
[0.363s] Level 5:colcon.colcon_core.verb:set package 'pose_printer' build argument 'ament_cmake_args' from command line to 'None'
[0.363s] Level 5:colcon.colcon_core.verb:set package 'pose_printer' build argument 'catkin_cmake_args' from command line to 'None'
[0.363s] Level 5:colcon.colcon_core.verb:set package 'pose_printer' build argument 'catkin_skip_building_tests' from command line to 'False'
[0.363s] DEBUG:colcon.colcon_core.verb:Building package 'pose_printer' with the following arguments: {'ament_cmake_args': None, 'build_base': '/home/andre/ros2_ws/build/pose_printer', 'catkin_cmake_args': None, 'catkin_skip_building_tests': False, 'cmake_args': ['-DCMAKE_EXE_LINKER_FLAGS=-lcurl'], 'cmake_clean_cache': False, 'cmake_clean_first': False, 'cmake_force_configure': False, 'cmake_target': None, 'cmake_target_skip_unavailable': False, 'install_base': '/home/andre/ros2_ws/install/pose_printer', 'merge_install': False, 'path': '/home/andre/ros2_ws/src/hardware/pose_printer', 'symlink_install': False, 'test_result_base': None}
[0.364s] Level 5:colcon.colcon_core.verb:set package 'robotic_arm_model_v3' build argument 'cmake_args' from command line to '['-DCMAKE_EXE_LINKER_FLAGS=-lcurl']'
[0.364s] Level 5:colcon.colcon_core.verb:set package 'robotic_arm_model_v3' build argument 'cmake_target' from command line to 'None'
[0.364s] Level 5:colcon.colcon_core.verb:set package 'robotic_arm_model_v3' build argument 'cmake_target_skip_unavailable' from command line to 'False'
[0.364s] Level 5:colcon.colcon_core.verb:set package 'robotic_arm_model_v3' build argument 'cmake_clean_cache' from command line to 'False'
[0.364s] Level 5:colcon.colcon_core.verb:set package 'robotic_arm_model_v3' build argument 'cmake_clean_first' from command line to 'False'
[0.364s] Level 5:colcon.colcon_core.verb:set package 'robotic_arm_model_v3' build argument 'cmake_force_configure' from command line to 'False'
[0.364s] Level 5:colcon.colcon_core.verb:set package 'robotic_arm_model_v3' build argument 'ament_cmake_args' from command line to 'None'
[0.364s] Level 5:colcon.colcon_core.verb:set package 'robotic_arm_model_v3' build argument 'catkin_cmake_args' from command line to 'None'
[0.364s] Level 5:colcon.colcon_core.verb:set package 'robotic_arm_model_v3' build argument 'catkin_skip_building_tests' from command line to 'False'
[0.364s] DEBUG:colcon.colcon_core.verb:Building package 'robotic_arm_model_v3' with the following arguments: {'ament_cmake_args': None, 'build_base': '/home/andre/ros2_ws/build/robotic_arm_model_v3', 'catkin_cmake_args': None, 'catkin_skip_building_tests': False, 'cmake_args': ['-DCMAKE_EXE_LINKER_FLAGS=-lcurl'], 'cmake_clean_cache': False, 'cmake_clean_first': False, 'cmake_force_configure': False, 'cmake_target': None, 'cmake_target_skip_unavailable': False, 'install_base': '/home/andre/ros2_ws/install/robotic_arm_model_v3', 'merge_install': False, 'path': '/home/andre/ros2_ws/src/robot/robotic_arm_model_v3', 'symlink_install': False, 'test_result_base': None}
[0.364s] Level 5:colcon.colcon_core.verb:set package 'ros_gz_interfaces' build argument 'cmake_args' from command line to '['-DCMAKE_EXE_LINKER_FLAGS=-lcurl']'
[0.364s] Level 5:colcon.colcon_core.verb:set package 'ros_gz_interfaces' build argument 'cmake_target' from command line to 'None'
[0.364s] Level 5:colcon.colcon_core.verb:set package 'ros_gz_interfaces' build argument 'cmake_target_skip_unavailable' from command line to 'False'
[0.364s] Level 5:colcon.colcon_core.verb:set package 'ros_gz_interfaces' build argument 'cmake_clean_cache' from command line to 'False'
[0.364s] Level 5:colcon.colcon_core.verb:set package 'ros_gz_interfaces' build argument 'cmake_clean_first' from command line to 'False'
[0.364s] Level 5:colcon.colcon_core.verb:set package 'ros_gz_interfaces' build argument 'cmake_force_configure' from command line to 'False'
[0.364s] Level 5:colcon.colcon_core.verb:set package 'ros_gz_interfaces' build argument 'ament_cmake_args' from command line to 'None'
[0.364s] Level 5:colcon.colcon_core.verb:set package 'ros_gz_interfaces' build argument 'catkin_cmake_args' from command line to 'None'
[0.364s] Level 5:colcon.colcon_core.verb:set package 'ros_gz_interfaces' build argument 'catkin_skip_building_tests' from command line to 'False'
[0.364s] DEBUG:colcon.colcon_core.verb:Building package 'ros_gz_interfaces' with the following arguments: {'ament_cmake_args': None, 'build_base': '/home/andre/ros2_ws/build/ros_gz_interfaces', 'catkin_cmake_args': None, 'catkin_skip_building_tests': False, 'cmake_args': ['-DCMAKE_EXE_LINKER_FLAGS=-lcurl'], 'cmake_clean_cache': False, 'cmake_clean_first': False, 'cmake_force_configure': False, 'cmake_target': None, 'cmake_target_skip_unavailable': False, 'install_base': '/home/andre/ros2_ws/install/ros_gz_interfaces', 'merge_install': False, 'path': '/home/andre/ros2_ws/src/external/ros_gz/ros_gz_interfaces', 'symlink_install': False, 'test_result_base': None}
[0.365s] Level 5:colcon.colcon_core.verb:set package 'web_interface' build argument 'cmake_args' from command line to '['-DCMAKE_EXE_LINKER_FLAGS=-lcurl']'
[0.365s] Level 5:colcon.colcon_core.verb:set package 'web_interface' build argument 'cmake_target' from command line to 'None'
[0.365s] Level 5:colcon.colcon_core.verb:set package 'web_interface' build argument 'cmake_target_skip_unavailable' from command line to 'False'
[0.365s] Level 5:colcon.colcon_core.verb:set package 'web_interface' build argument 'cmake_clean_cache' from command line to 'False'
[0.365s] Level 5:colcon.colcon_core.verb:set package 'web_interface' build argument 'cmake_clean_first' from command line to 'False'
[0.365s] Level 5:colcon.colcon_core.verb:set package 'web_interface' build argument 'cmake_force_configure' from command line to 'False'
[0.365s] Level 5:colcon.colcon_core.verb:set package 'web_interface' build argument 'ament_cmake_args' from command line to 'None'
[0.365s] Level 5:colcon.colcon_core.verb:set package 'web_interface' build argument 'catkin_cmake_args' from command line to 'None'
[0.365s] Level 5:colcon.colcon_core.verb:set package 'web_interface' build argument 'catkin_skip_building_tests' from command line to 'False'
[0.365s] DEBUG:colcon.colcon_core.verb:Building package 'web_interface' with the following arguments: {'ament_cmake_args': None, 'build_base': '/home/andre/ros2_ws/build/web_interface', 'catkin_cmake_args': None, 'catkin_skip_building_tests': False, 'cmake_args': ['-DCMAKE_EXE_LINKER_FLAGS=-lcurl'], 'cmake_clean_cache': False, 'cmake_clean_first': False, 'cmake_force_configure': False, 'cmake_target': None, 'cmake_target_skip_unavailable': False, 'install_base': '/home/andre/ros2_ws/install/web_interface', 'merge_install': False, 'path': '/home/andre/ros2_ws/src/interfaces/web_interface', 'symlink_install': False, 'test_result_base': None}
[0.365s] Level 5:colcon.colcon_core.verb:set package 'yolov5_detection' build argument 'cmake_args' from command line to '['-DCMAKE_EXE_LINKER_FLAGS=-lcurl']'
[0.365s] Level 5:colcon.colcon_core.verb:set package 'yolov5_detection' build argument 'cmake_target' from command line to 'None'
[0.365s] Level 5:colcon.colcon_core.verb:set package 'yolov5_detection' build argument 'cmake_target_skip_unavailable' from command line to 'False'
[0.365s] Level 5:colcon.colcon_core.verb:set package 'yolov5_detection' build argument 'cmake_clean_cache' from command line to 'False'
[0.365s] Level 5:colcon.colcon_core.verb:set package 'yolov5_detection' build argument 'cmake_clean_first' from command line to 'False'
[0.365s] Level 5:colcon.colcon_core.verb:set package 'yolov5_detection' build argument 'cmake_force_configure' from command line to 'False'
[0.365s] Level 5:colcon.colcon_core.verb:set package 'yolov5_detection' build argument 'ament_cmake_args' from command line to 'None'
[0.365s] Level 5:colcon.colcon_core.verb:set package 'yolov5_detection' build argument 'catkin_cmake_args' from command line to 'None'
[0.365s] Level 5:colcon.colcon_core.verb:set package 'yolov5_detection' build argument 'catkin_skip_building_tests' from command line to 'False'
[0.365s] DEBUG:colcon.colcon_core.verb:Building package 'yolov5_detection' with the following arguments: {'ament_cmake_args': None, 'build_base': '/home/andre/ros2_ws/build/yolov5_detection', 'catkin_cmake_args': None, 'catkin_skip_building_tests': False, 'cmake_args': ['-DCMAKE_EXE_LINKER_FLAGS=-lcurl'], 'cmake_clean_cache': False, 'cmake_clean_first': False, 'cmake_force_configure': False, 'cmake_target': None, 'cmake_target_skip_unavailable': False, 'install_base': '/home/andre/ros2_ws/install/yolov5_detection', 'merge_install': False, 'path': '/home/andre/ros2_ws/src/perception/yolov5_detection', 'symlink_install': False, 'test_result_base': None}
[0.366s] Level 5:colcon.colcon_core.verb:set package 'esp32_controller' build argument 'cmake_args' from command line to '['-DCMAKE_EXE_LINKER_FLAGS=-lcurl']'
[0.366s] Level 5:colcon.colcon_core.verb:set package 'esp32_controller' build argument 'cmake_target' from command line to 'None'
[0.366s] Level 5:colcon.colcon_core.verb:set package 'esp32_controller' build argument 'cmake_target_skip_unavailable' from command line to 'False'
[0.366s] Level 5:colcon.colcon_core.verb:set package 'esp32_controller' build argument 'cmake_clean_cache' from command line to 'False'
[0.366s] Level 5:colcon.colcon_core.verb:set package 'esp32_controller' build argument 'cmake_clean_first' from command line to 'False'
[0.366s] Level 5:colcon.colcon_core.verb:set package 'esp32_controller' build argument 'cmake_force_configure' from command line to 'False'
[0.366s] Level 5:colcon.colcon_core.verb:set package 'esp32_controller' build argument 'ament_cmake_args' from command line to 'None'
[0.366s] Level 5:colcon.colcon_core.verb:set package 'esp32_controller' build argument 'catkin_cmake_args' from command line to 'None'
[0.366s] Level 5:colcon.colcon_core.verb:set package 'esp32_controller' build argument 'catkin_skip_building_tests' from command line to 'False'
[0.366s] DEBUG:colcon.colcon_core.verb:Building package 'esp32_controller' with the following arguments: {'ament_cmake_args': None, 'build_base': '/home/andre/ros2_ws/build/esp32_controller', 'catkin_cmake_args': None, 'catkin_skip_building_tests': False, 'cmake_args': ['-DCMAKE_EXE_LINKER_FLAGS=-lcurl'], 'cmake_clean_cache': False, 'cmake_clean_first': False, 'cmake_force_configure': False, 'cmake_target': None, 'cmake_target_skip_unavailable': False, 'install_base': '/home/andre/ros2_ws/install/esp32_controller', 'merge_install': False, 'path': '/home/andre/ros2_ws/src/planning/esp32_controller', 'symlink_install': False, 'test_result_base': None}
[0.366s] Level 5:colcon.colcon_core.verb:set package 'robotic_arm_v3_config' build argument 'cmake_args' from command line to '['-DCMAKE_EXE_LINKER_FLAGS=-lcurl']'
[0.366s] Level 5:colcon.colcon_core.verb:set package 'robotic_arm_v3_config' build argument 'cmake_target' from command line to 'None'
[0.366s] Level 5:colcon.colcon_core.verb:set package 'robotic_arm_v3_config' build argument 'cmake_target_skip_unavailable' from command line to 'False'
[0.366s] Level 5:colcon.colcon_core.verb:set package 'robotic_arm_v3_config' build argument 'cmake_clean_cache' from command line to 'False'
[0.366s] Level 5:colcon.colcon_core.verb:set package 'robotic_arm_v3_config' build argument 'cmake_clean_first' from command line to 'False'
[0.366s] Level 5:colcon.colcon_core.verb:set package 'robotic_arm_v3_config' build argument 'cmake_force_configure' from command line to 'False'
[0.366s] Level 5:colcon.colcon_core.verb:set package 'robotic_arm_v3_config' build argument 'ament_cmake_args' from command line to 'None'
[0.366s] Level 5:colcon.colcon_core.verb:set package 'robotic_arm_v3_config' build argument 'catkin_cmake_args' from command line to 'None'
[0.366s] Level 5:colcon.colcon_core.verb:set package 'robotic_arm_v3_config' build argument 'catkin_skip_building_tests' from command line to 'False'
[0.366s] DEBUG:colcon.colcon_core.verb:Building package 'robotic_arm_v3_config' with the following arguments: {'ament_cmake_args': None, 'build_base': '/home/andre/ros2_ws/build/robotic_arm_v3_config', 'catkin_cmake_args': None, 'catkin_skip_building_tests': False, 'cmake_args': ['-DCMAKE_EXE_LINKER_FLAGS=-lcurl'], 'cmake_clean_cache': False, 'cmake_clean_first': False, 'cmake_force_configure': False, 'cmake_target': None, 'cmake_target_skip_unavailable': False, 'install_base': '/home/andre/ros2_ws/install/robotic_arm_v3_config', 'merge_install': False, 'path': '/home/andre/ros2_ws/src/robot/robotic_arm_v3_config', 'symlink_install': False, 'test_result_base': None}
[0.367s] Level 5:colcon.colcon_core.verb:set package 'ros_gz_bridge' build argument 'cmake_args' from command line to '['-DCMAKE_EXE_LINKER_FLAGS=-lcurl']'
[0.367s] Level 5:colcon.colcon_core.verb:set package 'ros_gz_bridge' build argument 'cmake_target' from command line to 'None'
[0.367s] Level 5:colcon.colcon_core.verb:set package 'ros_gz_bridge' build argument 'cmake_target_skip_unavailable' from command line to 'False'
[0.367s] Level 5:colcon.colcon_core.verb:set package 'ros_gz_bridge' build argument 'cmake_clean_cache' from command line to 'False'
[0.367s] Level 5:colcon.colcon_core.verb:set package 'ros_gz_bridge' build argument 'cmake_clean_first' from command line to 'False'
[0.367s] Level 5:colcon.colcon_core.verb:set package 'ros_gz_bridge' build argument 'cmake_force_configure' from command line to 'False'
[0.367s] Level 5:colcon.colcon_core.verb:set package 'ros_gz_bridge' build argument 'ament_cmake_args' from command line to 'None'
[0.367s] Level 5:colcon.colcon_core.verb:set package 'ros_gz_bridge' build argument 'catkin_cmake_args' from command line to 'None'
[0.367s] Level 5:colcon.colcon_core.verb:set package 'ros_gz_bridge' build argument 'catkin_skip_building_tests' from command line to 'False'
[0.367s] DEBUG:colcon.colcon_core.verb:Building package 'ros_gz_bridge' with the following arguments: {'ament_cmake_args': None, 'build_base': '/home/andre/ros2_ws/build/ros_gz_bridge', 'catkin_cmake_args': None, 'catkin_skip_building_tests': False, 'cmake_args': ['-DCMAKE_EXE_LINKER_FLAGS=-lcurl'], 'cmake_clean_cache': False, 'cmake_clean_first': False, 'cmake_force_configure': False, 'cmake_target': None, 'cmake_target_skip_unavailable': False, 'install_base': '/home/andre/ros2_ws/install/ros_gz_bridge', 'merge_install': False, 'path': '/home/andre/ros2_ws/src/external/ros_gz/ros_gz_bridge', 'symlink_install': False, 'test_result_base': None}
[0.367s] Level 5:colcon.colcon_core.verb:set package 'arm_bringup' build argument 'cmake_args' from command line to '['-DCMAKE_EXE_LINKER_FLAGS=-lcurl']'
[0.367s] Level 5:colcon.colcon_core.verb:set package 'arm_bringup' build argument 'cmake_target' from command line to 'None'
[0.367s] Level 5:colcon.colcon_core.verb:set package 'arm_bringup' build argument 'cmake_target_skip_unavailable' from command line to 'False'
[0.367s] Level 5:colcon.colcon_core.verb:set package 'arm_bringup' build argument 'cmake_clean_cache' from command line to 'False'
[0.367s] Level 5:colcon.colcon_core.verb:set package 'arm_bringup' build argument 'cmake_clean_first' from command line to 'False'
[0.367s] Level 5:colcon.colcon_core.verb:set package 'arm_bringup' build argument 'cmake_force_configure' from command line to 'False'
[0.367s] Level 5:colcon.colcon_core.verb:set package 'arm_bringup' build argument 'ament_cmake_args' from command line to 'None'
[0.367s] Level 5:colcon.colcon_core.verb:set package 'arm_bringup' build argument 'catkin_cmake_args' from command line to 'None'
[0.367s] Level 5:colcon.colcon_core.verb:set package 'arm_bringup' build argument 'catkin_skip_building_tests' from command line to 'False'
[0.367s] DEBUG:colcon.colcon_core.verb:Building package 'arm_bringup' with the following arguments: {'ament_cmake_args': None, 'build_base': '/home/andre/ros2_ws/build/arm_bringup', 'catkin_cmake_args': None, 'catkin_skip_building_tests': False, 'cmake_args': ['-DCMAKE_EXE_LINKER_FLAGS=-lcurl'], 'cmake_clean_cache': False, 'cmake_clean_first': False, 'cmake_force_configure': False, 'cmake_target': None, 'cmake_target_skip_unavailable': False, 'install_base': '/home/andre/ros2_ws/install/arm_bringup', 'merge_install': False, 'path': '/home/andre/ros2_ws/src/bringup/arm_bringup', 'symlink_install': False, 'test_result_base': None}
[0.368s] Level 5:colcon.colcon_core.verb:set package 'ros_gz_image' build argument 'cmake_args' from command line to '['-DCMAKE_EXE_LINKER_FLAGS=-lcurl']'
[0.368s] Level 5:colcon.colcon_core.verb:set package 'ros_gz_image' build argument 'cmake_target' from command line to 'None'
[0.368s] Level 5:colcon.colcon_core.verb:set package 'ros_gz_image' build argument 'cmake_target_skip_unavailable' from command line to 'False'
[0.368s] Level 5:colcon.colcon_core.verb:set package 'ros_gz_image' build argument 'cmake_clean_cache' from command line to 'False'
[0.368s] Level 5:colcon.colcon_core.verb:set package 'ros_gz_image' build argument 'cmake_clean_first' from command line to 'False'
[0.368s] Level 5:colcon.colcon_core.verb:set package 'ros_gz_image' build argument 'cmake_force_configure' from command line to 'False'
[0.368s] Level 5:colcon.colcon_core.verb:set package 'ros_gz_image' build argument 'ament_cmake_args' from command line to 'None'
[0.368s] Level 5:colcon.colcon_core.verb:set package 'ros_gz_image' build argument 'catkin_cmake_args' from command line to 'None'
[0.368s] Level 5:colcon.colcon_core.verb:set package 'ros_gz_image' build argument 'catkin_skip_building_tests' from command line to 'False'
[0.368s] DEBUG:colcon.colcon_core.verb:Building package 'ros_gz_image' with the following arguments: {'ament_cmake_args': None, 'build_base': '/home/andre/ros2_ws/build/ros_gz_image', 'catkin_cmake_args': None, 'catkin_skip_building_tests': False, 'cmake_args': ['-DCMAKE_EXE_LINKER_FLAGS=-lcurl'], 'cmake_clean_cache': False, 'cmake_clean_first': False, 'cmake_force_configure': False, 'cmake_target': None, 'cmake_target_skip_unavailable': False, 'install_base': '/home/andre/ros2_ws/install/ros_gz_image', 'merge_install': False, 'path': '/home/andre/ros2_ws/src/external/ros_gz/ros_gz_image', 'symlink_install': False, 'test_result_base': None}
[0.368s] Level 5:colcon.colcon_core.verb:set package 'ros_gz_sim' build argument 'cmake_args' from command line to '['-DCMAKE_EXE_LINKER_FLAGS=-lcurl']'
[0.368s] Level 5:colcon.colcon_core.verb:set package 'ros_gz_sim' build argument 'cmake_target' from command line to 'None'
[0.368s] Level 5:colcon.colcon_core.verb:set package 'ros_gz_sim' build argument 'cmake_target_skip_unavailable' from command line to 'False'
[0.368s] Level 5:colcon.colcon_core.verb:set package 'ros_gz_sim' build argument 'cmake_clean_cache' from command line to 'False'
[0.368s] Level 5:colcon.colcon_core.verb:set package 'ros_gz_sim' build argument 'cmake_clean_first' from command line to 'False'
[0.368s] Level 5:colcon.colcon_core.verb:set package 'ros_gz_sim' build argument 'cmake_force_configure' from command line to 'False'
[0.368s] Level 5:colcon.colcon_core.verb:set package 'ros_gz_sim' build argument 'ament_cmake_args' from command line to 'None'
[0.368s] Level 5:colcon.colcon_core.verb:set package 'ros_gz_sim' build argument 'catkin_cmake_args' from command line to 'None'
[0.368s] Level 5:colcon.colcon_core.verb:set package 'ros_gz_sim' build argument 'catkin_skip_building_tests' from command line to 'False'
[0.369s] DEBUG:colcon.colcon_core.verb:Building package 'ros_gz_sim' with the following arguments: {'ament_cmake_args': None, 'build_base': '/home/andre/ros2_ws/build/ros_gz_sim', 'catkin_cmake_args': None, 'catkin_skip_building_tests': False, 'cmake_args': ['-DCMAKE_EXE_LINKER_FLAGS=-lcurl'], 'cmake_clean_cache': False, 'cmake_clean_first': False, 'cmake_force_configure': False, 'cmake_target': None, 'cmake_target_skip_unavailable': False, 'install_base': '/home/andre/ros2_ws/install/ros_gz_sim', 'merge_install': False, 'path': '/home/andre/ros2_ws/src/external/ros_gz/ros_gz_sim', 'symlink_install': False, 'test_result_base': None}
[0.369s] Level 5:colcon.colcon_core.verb:set package 'test_ros_gz_bridge' build argument 'cmake_args' from command line to '['-DCMAKE_EXE_LINKER_FLAGS=-lcurl']'
[0.369s] Level 5:colcon.colcon_core.verb:set package 'test_ros_gz_bridge' build argument 'cmake_target' from command line to 'None'
[0.369s] Level 5:colcon.colcon_core.verb:set package 'test_ros_gz_bridge' build argument 'cmake_target_skip_unavailable' from command line to 'False'
[0.369s] Level 5:colcon.colcon_core.verb:set package 'test_ros_gz_bridge' build argument 'cmake_clean_cache' from command line to 'False'
[0.369s] Level 5:colcon.colcon_core.verb:set package 'test_ros_gz_bridge' build argument 'cmake_clean_first' from command line to 'False'
[0.369s] Level 5:colcon.colcon_core.verb:set package 'test_ros_gz_bridge' build argument 'cmake_force_configure' from command line to 'False'
[0.369s] Level 5:colcon.colcon_core.verb:set package 'test_ros_gz_bridge' build argument 'ament_cmake_args' from command line to 'None'
[0.369s] Level 5:colcon.colcon_core.verb:set package 'test_ros_gz_bridge' build argument 'catkin_cmake_args' from command line to 'None'
[0.369s] Level 5:colcon.colcon_core.verb:set package 'test_ros_gz_bridge' build argument 'catkin_skip_building_tests' from command line to 'False'
[0.369s] DEBUG:colcon.colcon_core.verb:Building package 'test_ros_gz_bridge' with the following arguments: {'ament_cmake_args': None, 'build_base': '/home/andre/ros2_ws/build/test_ros_gz_bridge', 'catkin_cmake_args': None, 'catkin_skip_building_tests': False, 'cmake_args': ['-DCMAKE_EXE_LINKER_FLAGS=-lcurl'], 'cmake_clean_cache': False, 'cmake_clean_first': False, 'cmake_force_configure': False, 'cmake_target': None, 'cmake_target_skip_unavailable': False, 'install_base': '/home/andre/ros2_ws/install/test_ros_gz_bridge', 'merge_install': False, 'path': '/home/andre/ros2_ws/src/external/ros_gz/test_ros_gz_bridge', 'symlink_install': False, 'test_result_base': None}
[0.369s] Level 5:colcon.colcon_core.verb:set package 'ros_gz_sim_demos' build argument 'cmake_args' from command line to '['-DCMAKE_EXE_LINKER_FLAGS=-lcurl']'
[0.369s] Level 5:colcon.colcon_core.verb:set package 'ros_gz_sim_demos' build argument 'cmake_target' from command line to 'None'
[0.369s] Level 5:colcon.colcon_core.verb:set package 'ros_gz_sim_demos' build argument 'cmake_target_skip_unavailable' from command line to 'False'
[0.369s] Level 5:colcon.colcon_core.verb:set package 'ros_gz_sim_demos' build argument 'cmake_clean_cache' from command line to 'False'
[0.369s] Level 5:colcon.colcon_core.verb:set package 'ros_gz_sim_demos' build argument 'cmake_clean_first' from command line to 'False'
[0.369s] Level 5:colcon.colcon_core.verb:set package 'ros_gz_sim_demos' build argument 'cmake_force_configure' from command line to 'False'
[0.369s] Level 5:colcon.colcon_core.verb:set package 'ros_gz_sim_demos' build argument 'ament_cmake_args' from command line to 'None'
[0.369s] Level 5:colcon.colcon_core.verb:set package 'ros_gz_sim_demos' build argument 'catkin_cmake_args' from command line to 'None'
[0.369s] Level 5:colcon.colcon_core.verb:set package 'ros_gz_sim_demos' build argument 'catkin_skip_building_tests' from command line to 'False'
[0.370s] DEBUG:colcon.colcon_core.verb:Building package 'ros_gz_sim_demos' with the following arguments: {'ament_cmake_args': None, 'build_base': '/home/andre/ros2_ws/build/ros_gz_sim_demos', 'catkin_cmake_args': None, 'catkin_skip_building_tests': False, 'cmake_args': ['-DCMAKE_EXE_LINKER_FLAGS=-lcurl'], 'cmake_clean_cache': False, 'cmake_clean_first': False, 'cmake_force_configure': False, 'cmake_target': None, 'cmake_target_skip_unavailable': False, 'install_base': '/home/andre/ros2_ws/install/ros_gz_sim_demos', 'merge_install': False, 'path': '/home/andre/ros2_ws/src/external/ros_gz/ros_gz_sim_demos', 'symlink_install': False, 'test_result_base': None}
[0.370s] Level 5:colcon.colcon_core.verb:set package 'ros_gz' build argument 'cmake_args' from command line to '['-DCMAKE_EXE_LINKER_FLAGS=-lcurl']'
[0.370s] Level 5:colcon.colcon_core.verb:set package 'ros_gz' build argument 'cmake_target' from command line to 'None'
[0.370s] Level 5:colcon.colcon_core.verb:set package 'ros_gz' build argument 'cmake_target_skip_unavailable' from command line to 'False'
[0.370s] Level 5:colcon.colcon_core.verb:set package 'ros_gz' build argument 'cmake_clean_cache' from command line to 'False'
[0.370s] Level 5:colcon.colcon_core.verb:set package 'ros_gz' build argument 'cmake_clean_first' from command line to 'False'
[0.370s] Level 5:colcon.colcon_core.verb:set package 'ros_gz' build argument 'cmake_force_configure' from command line to 'False'
[0.370s] Level 5:colcon.colcon_core.verb:set package 'ros_gz' build argument 'ament_cmake_args' from command line to 'None'
[0.370s] Level 5:colcon.colcon_core.verb:set package 'ros_gz' build argument 'catkin_cmake_args' from command line to 'None'
[0.370s] Level 5:colcon.colcon_core.verb:set package 'ros_gz' build argument 'catkin_skip_building_tests' from command line to 'False'
[0.370s] DEBUG:colcon.colcon_core.verb:Building package 'ros_gz' with the following arguments: {'ament_cmake_args': None, 'build_base': '/home/andre/ros2_ws/build/ros_gz', 'catkin_cmake_args': None, 'catkin_skip_building_tests': False, 'cmake_args': ['-DCMAKE_EXE_LINKER_FLAGS=-lcurl'], 'cmake_clean_cache': False, 'cmake_clean_first': False, 'cmake_force_configure': False, 'cmake_target': None, 'cmake_target_skip_unavailable': False, 'install_base': '/home/andre/ros2_ws/install/ros_gz', 'merge_install': False, 'path': '/home/andre/ros2_ws/src/external/ros_gz/ros_gz', 'symlink_install': False, 'test_result_base': None}
[0.370s] INFO:colcon.colcon_core.executor:Executing jobs using 'parallel' executor
[0.371s] DEBUG:colcon.colcon_parallel_executor.executor.parallel:run_until_complete
[0.371s] INFO:colcon.colcon_ros.task.ament_cmake.build:Building ROS package in '/home/andre/ros2_ws/src/external/ros_gz/ros_gz_interfaces' with build type 'ament_cmake'
[0.372s] INFO:colcon.colcon_cmake.task.cmake.build:Building CMake package in '/home/andre/ros2_ws/src/external/ros_gz/ros_gz_interfaces'
[0.374s] INFO:colcon.colcon_core.plugin_system:Skipping extension 'colcon_core.shell.bat': Not used on non-Windows systems
[0.374s] INFO:colcon.colcon_core.shell:Skip shell extension 'powershell' for command environment: Not usable outside of PowerShell
[0.374s] DEBUG:colcon.colcon_core.shell:Skip shell extension 'dsv' for command environment
[0.380s] INFO:colcon.colcon_ros.task.ament_cmake.build:Building ROS package in '/home/andre/ros2_ws/src/planning/move_program' with build type 'ament_cmake'
[0.380s] INFO:colcon.colcon_cmake.task.cmake.build:Building CMake package in '/home/andre/ros2_ws/src/planning/move_program'
[0.380s] INFO:colcon.colcon_core.shell:Skip shell extension 'powershell' for command environment: Not usable outside of PowerShell
[0.380s] DEBUG:colcon.colcon_core.shell:Skip shell extension 'dsv' for command environment
[0.385s] INFO:colcon.colcon_ros.task.ament_cmake.build:Building ROS package in '/home/andre/ros2_ws/src/robot/robotic_arm_model_v3' with build type 'ament_cmake'
[0.385s] INFO:colcon.colcon_cmake.task.cmake.build:Building CMake package in '/home/andre/ros2_ws/src/robot/robotic_arm_model_v3'
[0.385s] INFO:colcon.colcon_core.shell:Skip shell extension 'powershell' for command environment: Not usable outside of PowerShell
[0.385s] DEBUG:colcon.colcon_core.shell:Skip shell extension 'dsv' for command environment
[0.390s] INFO:colcon.colcon_ros.task.ament_python.build:Building ROS package in '/home/andre/ros2_ws/src/planning/moveit_controls' with build type 'ament_python'
[0.390s] Level 1:colcon.colcon_core.shell:create_environment_hook('moveit_controls', 'ament_prefix_path')
[0.390s] INFO:colcon.colcon_core.shell:Creating environment hook '/home/andre/ros2_ws/install/moveit_controls/share/moveit_controls/hook/ament_prefix_path.ps1'
[0.391s] INFO:colcon.colcon_core.shell:Creating environment descriptor '/home/andre/ros2_ws/install/moveit_controls/share/moveit_controls/hook/ament_prefix_path.dsv'
[0.392s] INFO:colcon.colcon_core.shell:Creating environment hook '/home/andre/ros2_ws/install/moveit_controls/share/moveit_controls/hook/ament_prefix_path.sh'
[0.392s] INFO:colcon.colcon_core.shell:Skip shell extension 'powershell' for command environment: Not usable outside of PowerShell
[0.392s] DEBUG:colcon.colcon_core.shell:Skip shell extension 'dsv' for command environment
[0.402s] DEBUG:colcon.colcon_core.event_handler.log_command:Invoking command in '/home/andre/ros2_ws/build/ros_gz_interfaces': CMAKE_PREFIX_PATH=${CMAKE_PREFIX_PATH}:/home/andre/ros2_ws/install/web_interface:/home/andre/ros2_ws/install/pose_printer:/home/andre/ros2_ws/install/mqtt_imu:/home/andre/ros2_ws/install/moveit_controls:/opt/ros/jazzy CONDA_PROMPT_MODIFIER=(base) DEBUGINFOD_URLS=https://debuginfod.ubuntu.com /usr/bin/cmake --build /home/andre/ros2_ws/build/ros_gz_interfaces -- -j4 -l4
[0.404s] DEBUG:colcon.colcon_core.event_handler.log_command:Invoking command in '/home/andre/ros2_ws/build/move_program': CMAKE_PREFIX_PATH=${CMAKE_PREFIX_PATH}:/home/andre/ros2_ws/install/web_interface:/home/andre/ros2_ws/install/pose_printer:/home/andre/ros2_ws/install/mqtt_imu:/home/andre/ros2_ws/install/moveit_controls:/opt/ros/jazzy CONDA_PROMPT_MODIFIER=(base) DEBUGINFOD_URLS=https://debuginfod.ubuntu.com /usr/bin/cmake --build /home/andre/ros2_ws/build/move_program -- -j4 -l4
[0.407s] DEBUG:colcon.colcon_core.event_handler.log_command:Invoking command in '/home/andre/ros2_ws/build/robotic_arm_model_v3': CMAKE_PREFIX_PATH=${CMAKE_PREFIX_PATH}:/home/andre/ros2_ws/install/web_interface:/home/andre/ros2_ws/install/pose_printer:/home/andre/ros2_ws/install/mqtt_imu:/home/andre/ros2_ws/install/moveit_controls:/opt/ros/jazzy CONDA_PROMPT_MODIFIER=(base) DEBUGINFOD_URLS=https://debuginfod.ubuntu.com /usr/bin/cmake --build /home/andre/ros2_ws/build/robotic_arm_model_v3 -- -j4 -l4
[0.775s] INFO:colcon.colcon_core.task.python.build:Building Python package in '/home/andre/ros2_ws/src/planning/moveit_controls'
[0.775s] INFO:colcon.colcon_core.shell:Skip shell extension 'powershell' for command environment: Not usable outside of PowerShell
[0.776s] DEBUG:colcon.colcon_core.shell:Skip shell extension 'dsv' for command environment
[0.784s] DEBUG:colcon.colcon_core.event_handler.log_command:Invoked command in '/home/andre/ros2_ws/build/robotic_arm_model_v3' returned '0': CMAKE_PREFIX_PATH=${CMAKE_PREFIX_PATH}:/home/andre/ros2_ws/install/web_interface:/home/andre/ros2_ws/install/pose_printer:/home/andre/ros2_ws/install/mqtt_imu:/home/andre/ros2_ws/install/moveit_controls:/opt/ros/jazzy CONDA_PROMPT_MODIFIER=(base) DEBUGINFOD_URLS=https://debuginfod.ubuntu.com /usr/bin/cmake --build /home/andre/ros2_ws/build/robotic_arm_model_v3 -- -j4 -l4
[0.798s] DEBUG:colcon.colcon_core.event_handler.log_command:Invoking command in '/home/andre/ros2_ws/build/robotic_arm_model_v3': CMAKE_PREFIX_PATH=${CMAKE_PREFIX_PATH}:/home/andre/ros2_ws/install/web_interface:/home/andre/ros2_ws/install/pose_printer:/home/andre/ros2_ws/install/mqtt_imu:/home/andre/ros2_ws/install/moveit_controls:/opt/ros/jazzy CONDA_PROMPT_MODIFIER=(base) DEBUGINFOD_URLS=https://debuginfod.ubuntu.com /usr/bin/cmake --install /home/andre/ros2_ws/build/robotic_arm_model_v3
[0.804s] DEBUG:colcon.colcon_core.event_handler.log_command:Invoked command in '/home/andre/ros2_ws/build/move_program' returned '0': CMAKE_PREFIX_PATH=${CMAKE_PREFIX_PATH}:/home/andre/ros2_ws/install/web_interface:/home/andre/ros2_ws/install/pose_printer:/home/andre/ros2_ws/install/mqtt_imu:/home/andre/ros2_ws/install/moveit_controls:/opt/ros/jazzy CONDA_PROMPT_MODIFIER=(base) DEBUGINFOD_URLS=https://debuginfod.ubuntu.com /usr/bin/cmake --build /home/andre/ros2_ws/build/move_program -- -j4 -l4
[0.805s] DEBUG:colcon.colcon_core.event_handler.log_command:Invoking command in '/home/andre/ros2_ws/build/move_program': CMAKE_PREFIX_PATH=${CMAKE_PREFIX_PATH}:/home/andre/ros2_ws/install/web_interface:/home/andre/ros2_ws/install/pose_printer:/home/andre/ros2_ws/install/mqtt_imu:/home/andre/ros2_ws/install/moveit_controls:/opt/ros/jazzy CONDA_PROMPT_MODIFIER=(base) DEBUGINFOD_URLS=https://debuginfod.ubuntu.com /usr/bin/cmake --install /home/andre/ros2_ws/build/move_program
[0.825s] Level 1:colcon.colcon_core.environment:create_environment_scripts_only(robotic_arm_model_v3)
[0.830s] Level 1:colcon.colcon_core.environment:checking '/home/andre/ros2_ws/install/robotic_arm_model_v3' for CMake module files
[0.833s] Level 1:colcon.colcon_core.environment:checking '/home/andre/ros2_ws/install/robotic_arm_model_v3' for CMake config files
[0.834s] Level 1:colcon.colcon_core.shell:create_environment_hook('robotic_arm_model_v3', 'cmake_prefix_path')
[0.834s] INFO:colcon.colcon_core.shell:Creating environment hook '/home/andre/ros2_ws/install/robotic_arm_model_v3/share/robotic_arm_model_v3/hook/cmake_prefix_path.ps1'
[0.835s] INFO:colcon.colcon_core.shell:Creating environment descriptor '/home/andre/ros2_ws/install/robotic_arm_model_v3/share/robotic_arm_model_v3/hook/cmake_prefix_path.dsv'
[0.832s] DEBUG:colcon.colcon_core.event_handler.log_command:Invoked command in '/home/andre/ros2_ws/build/robotic_arm_model_v3' returned '0': CMAKE_PREFIX_PATH=${CMAKE_PREFIX_PATH}:/home/andre/ros2_ws/install/web_interface:/home/andre/ros2_ws/install/pose_printer:/home/andre/ros2_ws/install/mqtt_imu:/home/andre/ros2_ws/install/moveit_controls:/opt/ros/jazzy CONDA_PROMPT_MODIFIER=(base) DEBUGINFOD_URLS=https://debuginfod.ubuntu.com /usr/bin/cmake --install /home/andre/ros2_ws/build/robotic_arm_model_v3
[0.838s] INFO:colcon.colcon_core.shell:Creating environment hook '/home/andre/ros2_ws/install/robotic_arm_model_v3/share/robotic_arm_model_v3/hook/cmake_prefix_path.sh'
[0.839s] Level 1:colcon.colcon_core.environment:checking '/home/andre/ros2_ws/install/robotic_arm_model_v3/bin'
[0.839s] Level 1:colcon.colcon_core.environment:checking '/home/andre/ros2_ws/install/robotic_arm_model_v3/lib/pkgconfig/robotic_arm_model_v3.pc'
[0.839s] Level 1:colcon.colcon_core.environment:checking '/home/andre/ros2_ws/install/robotic_arm_model_v3/lib/python3.12/site-packages'
[0.840s] Level 1:colcon.colcon_core.environment:checking '/home/andre/ros2_ws/install/robotic_arm_model_v3/bin'
[0.840s] INFO:colcon.colcon_core.shell:Creating package script '/home/andre/ros2_ws/install/robotic_arm_model_v3/share/robotic_arm_model_v3/package.ps1'
[0.844s] INFO:colcon.colcon_core.shell:Creating package descriptor '/home/andre/ros2_ws/install/robotic_arm_model_v3/share/robotic_arm_model_v3/package.dsv'
[0.844s] INFO:colcon.colcon_core.shell:Creating package script '/home/andre/ros2_ws/install/robotic_arm_model_v3/share/robotic_arm_model_v3/package.sh'
[0.845s] INFO:colcon.colcon_core.shell:Creating package script '/home/andre/ros2_ws/install/robotic_arm_model_v3/share/robotic_arm_model_v3/package.bash'
[0.846s] INFO:colcon.colcon_core.shell:Creating package script '/home/andre/ros2_ws/install/robotic_arm_model_v3/share/robotic_arm_model_v3/package.zsh'
[0.847s] Level 1:colcon.colcon_core.environment:create_file_with_runtime_dependencies(/home/andre/ros2_ws/install/robotic_arm_model_v3/share/colcon-core/packages/robotic_arm_model_v3)
[0.848s] Level 1:colcon.colcon_core.environment:create_environment_scripts_only(robotic_arm_model_v3)
[0.848s] Level 1:colcon.colcon_core.environment:checking '/home/andre/ros2_ws/install/robotic_arm_model_v3' for CMake module files
[0.849s] Level 1:colcon.colcon_core.environment:checking '/home/andre/ros2_ws/install/robotic_arm_model_v3' for CMake config files
[0.849s] Level 1:colcon.colcon_core.shell:create_environment_hook('robotic_arm_model_v3', 'cmake_prefix_path')
[0.850s] INFO:colcon.colcon_core.shell:Creating environment hook '/home/andre/ros2_ws/install/robotic_arm_model_v3/share/robotic_arm_model_v3/hook/cmake_prefix_path.ps1'
[0.850s] INFO:colcon.colcon_core.shell:Creating environment descriptor '/home/andre/ros2_ws/install/robotic_arm_model_v3/share/robotic_arm_model_v3/hook/cmake_prefix_path.dsv'
[0.851s] INFO:colcon.colcon_core.shell:Creating environment hook '/home/andre/ros2_ws/install/robotic_arm_model_v3/share/robotic_arm_model_v3/hook/cmake_prefix_path.sh'
[0.852s] Level 1:colcon.colcon_core.environment:checking '/home/andre/ros2_ws/install/robotic_arm_model_v3/bin'
[0.852s] Level 1:colcon.colcon_core.environment:checking '/home/andre/ros2_ws/install/robotic_arm_model_v3/lib/pkgconfig/robotic_arm_model_v3.pc'
[0.852s] Level 1:colcon.colcon_core.environment:checking '/home/andre/ros2_ws/install/robotic_arm_model_v3/lib/python3.12/site-packages'
[0.853s] Level 1:colcon.colcon_core.environment:checking '/home/andre/ros2_ws/install/robotic_arm_model_v3/bin'
[0.853s] INFO:colcon.colcon_core.shell:Creating package script '/home/andre/ros2_ws/install/robotic_arm_model_v3/share/robotic_arm_model_v3/package.ps1'
[0.855s] INFO:colcon.colcon_core.shell:Creating package descriptor '/home/andre/ros2_ws/install/robotic_arm_model_v3/share/robotic_arm_model_v3/package.dsv'
[0.855s] INFO:colcon.colcon_core.shell:Creating package script '/home/andre/ros2_ws/install/robotic_arm_model_v3/share/robotic_arm_model_v3/package.sh'
[0.856s] INFO:colcon.colcon_core.shell:Creating package script '/home/andre/ros2_ws/install/robotic_arm_model_v3/share/robotic_arm_model_v3/package.bash'
[0.857s] INFO:colcon.colcon_core.shell:Creating package script '/home/andre/ros2_ws/install/robotic_arm_model_v3/share/robotic_arm_model_v3/package.zsh'
[0.857s] Level 1:colcon.colcon_core.environment:create_file_with_runtime_dependencies(/home/andre/ros2_ws/install/robotic_arm_model_v3/share/colcon-core/packages/robotic_arm_model_v3)
[0.859s] INFO:colcon.colcon_ros.task.ament_python.build:Building ROS package in '/home/andre/ros2_ws/src/hardware/mqtt_imu' with build type 'ament_python'
[0.859s] Level 1:colcon.colcon_core.shell:create_environment_hook('mqtt_imu', 'ament_prefix_path')
[0.860s] INFO:colcon.colcon_core.shell:Creating environment hook '/home/andre/ros2_ws/install/mqtt_imu/share/mqtt_imu/hook/ament_prefix_path.ps1'
[0.860s] INFO:colcon.colcon_core.shell:Creating environment descriptor '/home/andre/ros2_ws/install/mqtt_imu/share/mqtt_imu/hook/ament_prefix_path.dsv'
[0.861s] INFO:colcon.colcon_core.shell:Creating environment hook '/home/andre/ros2_ws/install/mqtt_imu/share/mqtt_imu/hook/ament_prefix_path.sh'
[0.861s] INFO:colcon.colcon_core.shell:Skip shell extension 'powershell' for command environment: Not usable outside of PowerShell
[0.861s] DEBUG:colcon.colcon_core.shell:Skip shell extension 'dsv' for command environment
[0.869s] Level 1:colcon.colcon_core.environment:create_environment_scripts_only(move_program)
[0.870s] Level 1:colcon.colcon_core.environment:checking '/home/andre/ros2_ws/install/move_program' for CMake module files
[0.870s] Level 1:colcon.colcon_core.environment:checking '/home/andre/ros2_ws/install/move_program' for CMake config files
[0.871s] Level 1:colcon.colcon_core.shell:create_environment_hook('move_program', 'cmake_prefix_path')
[0.871s] INFO:colcon.colcon_core.shell:Creating environment hook '/home/andre/ros2_ws/install/move_program/share/move_program/hook/cmake_prefix_path.ps1'
[0.873s] DEBUG:colcon.colcon_core.event_handler.log_command:Invoked command in '/home/andre/ros2_ws/build/move_program' returned '0': CMAKE_PREFIX_PATH=${CMAKE_PREFIX_PATH}:/home/andre/ros2_ws/install/web_interface:/home/andre/ros2_ws/install/pose_printer:/home/andre/ros2_ws/install/mqtt_imu:/home/andre/ros2_ws/install/moveit_controls:/opt/ros/jazzy CONDA_PROMPT_MODIFIER=(base) DEBUGINFOD_URLS=https://debuginfod.ubuntu.com /usr/bin/cmake --install /home/andre/ros2_ws/build/move_program
[0.873s] INFO:colcon.colcon_core.shell:Creating environment descriptor '/home/andre/ros2_ws/install/move_program/share/move_program/hook/cmake_prefix_path.dsv'
[0.874s] INFO:colcon.colcon_core.shell:Creating environment hook '/home/andre/ros2_ws/install/move_program/share/move_program/hook/cmake_prefix_path.sh'
[0.875s] Level 1:colcon.colcon_core.environment:checking '/home/andre/ros2_ws/install/move_program/lib'
[0.875s] Level 1:colcon.colcon_core.environment:checking '/home/andre/ros2_ws/install/move_program/bin'
[0.875s] Level 1:colcon.colcon_core.environment:checking '/home/andre/ros2_ws/install/move_program/lib/pkgconfig/move_program.pc'
[0.875s] Level 1:colcon.colcon_core.environment:checking '/home/andre/ros2_ws/install/move_program/lib/python3.12/site-packages'
[0.876s] Level 1:colcon.colcon_core.environment:checking '/home/andre/ros2_ws/install/move_program/bin'
[0.876s] INFO:colcon.colcon_core.shell:Creating package script '/home/andre/ros2_ws/install/move_program/share/move_program/package.ps1'
[0.877s] INFO:colcon.colcon_core.shell:Creating package descriptor '/home/andre/ros2_ws/install/move_program/share/move_program/package.dsv'
[0.878s] INFO:colcon.colcon_core.shell:Creating package script '/home/andre/ros2_ws/install/move_program/share/move_program/package.sh'
[0.879s] INFO:colcon.colcon_core.shell:Creating package script '/home/andre/ros2_ws/install/move_program/share/move_program/package.bash'
[0.880s] INFO:colcon.colcon_core.shell:Creating package script '/home/andre/ros2_ws/install/move_program/share/move_program/package.zsh'
[0.880s] Level 1:colcon.colcon_core.environment:create_file_with_runtime_dependencies(/home/andre/ros2_ws/install/move_program/share/colcon-core/packages/move_program)
[0.881s] Level 1:colcon.colcon_core.environment:create_environment_scripts_only(move_program)
[0.881s] Level 1:colcon.colcon_core.environment:checking '/home/andre/ros2_ws/install/move_program' for CMake module files
[0.882s] Level 1:colcon.colcon_core.environment:checking '/home/andre/ros2_ws/install/move_program' for CMake config files
[0.882s] Level 1:colcon.colcon_core.shell:create_environment_hook('move_program', 'cmake_prefix_path')
[0.882s] INFO:colcon.colcon_core.shell:Creating environment hook '/home/andre/ros2_ws/install/move_program/share/move_program/hook/cmake_prefix_path.ps1'
[0.883s] INFO:colcon.colcon_core.shell:Creating environment descriptor '/home/andre/ros2_ws/install/move_program/share/move_program/hook/cmake_prefix_path.dsv'
[0.883s] INFO:colcon.colcon_core.shell:Creating environment hook '/home/andre/ros2_ws/install/move_program/share/move_program/hook/cmake_prefix_path.sh'
[0.884s] Level 1:colcon.colcon_core.environment:checking '/home/andre/ros2_ws/install/move_program/lib'
[0.884s] Level 1:colcon.colcon_core.environment:checking '/home/andre/ros2_ws/install/move_program/bin'
[0.884s] Level 1:colcon.colcon_core.environment:checking '/home/andre/ros2_ws/install/move_program/lib/pkgconfig/move_program.pc'
[0.885s] Level 1:colcon.colcon_core.environment:checking '/home/andre/ros2_ws/install/move_program/lib/python3.12/site-packages'
[0.885s] Level 1:colcon.colcon_core.environment:checking '/home/andre/ros2_ws/install/move_program/bin'
[0.885s] INFO:colcon.colcon_core.shell:Creating package script '/home/andre/ros2_ws/install/move_program/share/move_program/package.ps1'
[0.886s] INFO:colcon.colcon_core.shell:Creating package descriptor '/home/andre/ros2_ws/install/move_program/share/move_program/package.dsv'
[0.887s] INFO:colcon.colcon_core.shell:Creating package script '/home/andre/ros2_ws/install/move_program/share/move_program/package.sh'
[0.887s] INFO:colcon.colcon_core.shell:Creating package script '/home/andre/ros2_ws/install/move_program/share/move_program/package.bash'
[0.888s] INFO:colcon.colcon_core.shell:Creating package script '/home/andre/ros2_ws/install/move_program/share/move_program/package.zsh'
[0.888s] Level 1:colcon.colcon_core.environment:create_file_with_runtime_dependencies(/home/andre/ros2_ws/install/move_program/share/colcon-core/packages/move_program)
[0.889s] INFO:colcon.colcon_ros.task.ament_python.build:Building ROS package in '/home/andre/ros2_ws/src/hardware/pose_printer' with build type 'ament_python'
[0.890s] Level 1:colcon.colcon_core.shell:create_environment_hook('pose_printer', 'ament_prefix_path')
[0.890s] INFO:colcon.colcon_core.shell:Creating environment hook '/home/andre/ros2_ws/install/pose_printer/share/pose_printer/hook/ament_prefix_path.ps1'
[0.891s] INFO:colcon.colcon_core.shell:Creating environment descriptor '/home/andre/ros2_ws/install/pose_printer/share/pose_printer/hook/ament_prefix_path.dsv'
[0.891s] INFO:colcon.colcon_core.shell:Creating environment hook '/home/andre/ros2_ws/install/pose_printer/share/pose_printer/hook/ament_prefix_path.sh'
[0.892s] INFO:colcon.colcon_core.shell:Skip shell extension 'powershell' for command environment: Not usable outside of PowerShell
[0.892s] DEBUG:colcon.colcon_core.shell:Skip shell extension 'dsv' for command environment
[1.271s] WARNING:colcon.colcon_ros.task.ament_python.build:Package 'mqtt_imu' doesn't explicitly install a marker in the package index (colcon-ros currently does it implicitly but that fallback will be removed in the future)
[1.272s] WARNING:colcon.colcon_ros.task.ament_python.build:Package 'mqtt_imu' doesn't explicitly install the 'package.xml' file (colcon-ros currently does it implicitly but that fallback will be removed in the future)
[1.272s] INFO:colcon.colcon_core.task.python.build:Building Python package in '/home/andre/ros2_ws/src/hardware/mqtt_imu'
[1.272s] INFO:colcon.colcon_core.shell:Skip shell extension 'powershell' for command environment: Not usable outside of PowerShell
[1.272s] DEBUG:colcon.colcon_core.shell:Skip shell extension 'dsv' for command environment
[1.623s] INFO:colcon.colcon_core.task.python.build:Building Python package in '/home/andre/ros2_ws/src/hardware/pose_printer'
[1.623s] INFO:colcon.colcon_core.shell:Skip shell extension 'powershell' for command environment: Not usable outside of PowerShell
[1.623s] DEBUG:colcon.colcon_core.shell:Skip shell extension 'dsv' for command environment
[2.027s] DEBUG:colcon.colcon_core.event_handler.log_command:Invoking command in '/home/andre/ros2_ws/src/planning/moveit_controls': CONDA_PROMPT_MODIFIER=(base) DEBUGINFOD_URLS=https://debuginfod.ubuntu.com PYTHONPATH=/home/andre/ros2_ws/build/moveit_controls/prefix_override:/usr/lib/python3/dist-packages/colcon_core/task/python/colcon_distutils_commands:/home/andre/ros2_ws/install/moveit_controls/lib/python3.12/site-packages:${PYTHONPATH} /usr/bin/python3 -W ignore:setup.py install is deprecated -W ignore:easy_install command is deprecated setup.py egg_info --egg-base ../../../build/moveit_controls build --build-base /home/andre/ros2_ws/build/moveit_controls/build install --record /home/andre/ros2_ws/build/moveit_controls/install.log --single-version-externally-managed install_data
[2.852s] DEBUG:colcon.colcon_core.event_handler.log_command:Invoking command in '/home/andre/ros2_ws/src/hardware/mqtt_imu': CONDA_PROMPT_MODIFIER=(base) DEBUGINFOD_URLS=https://debuginfod.ubuntu.com PYTHONPATH=/home/andre/ros2_ws/build/mqtt_imu/prefix_override:/usr/lib/python3/dist-packages/colcon_core/task/python/colcon_distutils_commands:/home/andre/ros2_ws/install/mqtt_imu/lib/python3.12/site-packages:${PYTHONPATH} /usr/bin/python3 -W ignore:setup.py install is deprecated -W ignore:easy_install command is deprecated setup.py egg_info --egg-base ../../../build/mqtt_imu build --build-base /home/andre/ros2_ws/build/mqtt_imu/build install --record /home/andre/ros2_ws/build/mqtt_imu/install.log --single-version-externally-managed
[2.922s] DEBUG:colcon.colcon_core.event_handler.log_command:Invoking command in '/home/andre/ros2_ws/src/hardware/pose_printer': CONDA_PROMPT_MODIFIER=(base) DEBUGINFOD_URLS=https://debuginfod.ubuntu.com PYTHONPATH=/home/andre/ros2_ws/build/pose_printer/prefix_override:/usr/lib/python3/dist-packages/colcon_core/task/python/colcon_distutils_commands:/home/andre/ros2_ws/install/pose_printer/lib/python3.12/site-packages:${PYTHONPATH} /usr/bin/python3 -W ignore:setup.py install is deprecated -W ignore:easy_install command is deprecated setup.py egg_info --egg-base ../../../build/pose_printer build --build-base /home/andre/ros2_ws/build/pose_printer/build install --record /home/andre/ros2_ws/build/pose_printer/install.log --single-version-externally-managed install_data
[3.304s] Level 1:colcon.colcon_core.environment:checking '/home/andre/ros2_ws/install/moveit_controls' for CMake module files
[3.304s] Level 1:colcon.colcon_core.environment:checking '/home/andre/ros2_ws/install/moveit_controls' for CMake config files
[3.305s] Level 1:colcon.colcon_core.environment:checking '/home/andre/ros2_ws/install/moveit_controls/lib'
[3.305s] Level 1:colcon.colcon_core.environment:checking '/home/andre/ros2_ws/install/moveit_controls/bin'
[3.305s] Level 1:colcon.colcon_core.environment:checking '/home/andre/ros2_ws/install/moveit_controls/lib/pkgconfig/moveit_controls.pc'
[3.305s] Level 1:colcon.colcon_core.environment:checking '/home/andre/ros2_ws/install/moveit_controls/lib/python3.12/site-packages'
[3.306s] Level 1:colcon.colcon_core.shell:create_environment_hook('moveit_controls', 'pythonpath')
[3.306s] INFO:colcon.colcon_core.shell:Creating environment hook '/home/andre/ros2_ws/install/moveit_controls/share/moveit_controls/hook/pythonpath.ps1'
[3.306s] DEBUG:colcon.colcon_core.event_handler.log_command:Invoked command in '/home/andre/ros2_ws/src/planning/moveit_controls' returned '0': CONDA_PROMPT_MODIFIER=(base) DEBUGINFOD_URLS=https://debuginfod.ubuntu.com PYTHONPATH=/home/andre/ros2_ws/build/moveit_controls/prefix_override:/usr/lib/python3/dist-packages/colcon_core/task/python/colcon_distutils_commands:/home/andre/ros2_ws/install/moveit_controls/lib/python3.12/site-packages:${PYTHONPATH} /usr/bin/python3 -W ignore:setup.py install is deprecated -W ignore:easy_install command is deprecated setup.py egg_info --egg-base ../../../build/moveit_controls build --build-base /home/andre/ros2_ws/build/moveit_controls/build install --record /home/andre/ros2_ws/build/moveit_controls/install.log --single-version-externally-managed install_data
[3.307s] INFO:colcon.colcon_core.shell:Creating environment descriptor '/home/andre/ros2_ws/install/moveit_controls/share/moveit_controls/hook/pythonpath.dsv'
[3.307s] INFO:colcon.colcon_core.shell:Creating environment hook '/home/andre/ros2_ws/install/moveit_controls/share/moveit_controls/hook/pythonpath.sh'
[3.308s] Level 1:colcon.colcon_core.environment:checking '/home/andre/ros2_ws/install/moveit_controls/bin'
[3.309s] Level 1:colcon.colcon_core.environment:create_environment_scripts_only(moveit_controls)
[3.309s] INFO:colcon.colcon_core.shell:Creating package script '/home/andre/ros2_ws/install/moveit_controls/share/moveit_controls/package.ps1'
[3.309s] INFO:colcon.colcon_core.shell:Creating package descriptor '/home/andre/ros2_ws/install/moveit_controls/share/moveit_controls/package.dsv'
[3.310s] INFO:colcon.colcon_core.shell:Creating package script '/home/andre/ros2_ws/install/moveit_controls/share/moveit_controls/package.sh'
[3.310s] INFO:colcon.colcon_core.shell:Creating package script '/home/andre/ros2_ws/install/moveit_controls/share/moveit_controls/package.bash'
[3.311s] INFO:colcon.colcon_core.shell:Creating package script '/home/andre/ros2_ws/install/moveit_controls/share/moveit_controls/package.zsh'
[3.311s] Level 1:colcon.colcon_core.environment:create_file_with_runtime_dependencies(/home/andre/ros2_ws/install/moveit_controls/share/colcon-core/packages/moveit_controls)
[3.312s] INFO:colcon.colcon_ros.task.ament_python.build:Building ROS package in '/home/andre/ros2_ws/src/interfaces/web_interface' with build type 'ament_python'
[3.312s] Level 1:colcon.colcon_core.shell:create_environment_hook('web_interface', 'ament_prefix_path')
[3.313s] INFO:colcon.colcon_core.shell:Creating environment hook '/home/andre/ros2_ws/install/web_interface/share/web_interface/hook/ament_prefix_path.ps1'
[3.313s] INFO:colcon.colcon_core.shell:Creating environment descriptor '/home/andre/ros2_ws/install/web_interface/share/web_interface/hook/ament_prefix_path.dsv'
[3.313s] INFO:colcon.colcon_core.shell:Creating environment hook '/home/andre/ros2_ws/install/web_interface/share/web_interface/hook/ament_prefix_path.sh'
[3.314s] INFO:colcon.colcon_core.shell:Skip shell extension 'powershell' for command environment: Not usable outside of PowerShell
[3.314s] DEBUG:colcon.colcon_core.shell:Skip shell extension 'dsv' for command environment
[3.685s] INFO:colcon.colcon_core.task.python.build:Building Python package in '/home/andre/ros2_ws/src/interfaces/web_interface'
[3.685s] INFO:colcon.colcon_core.shell:Skip shell extension 'powershell' for command environment: Not usable outside of PowerShell
[3.685s] DEBUG:colcon.colcon_core.shell:Skip shell extension 'dsv' for command environment
[4.091s] Level 1:colcon.colcon_core.environment:checking '/home/andre/ros2_ws/install/mqtt_imu' for CMake module files
[4.092s] Level 1:colcon.colcon_core.environment:checking '/home/andre/ros2_ws/install/mqtt_imu' for CMake config files
[4.092s] Level 1:colcon.colcon_core.environment:checking '/home/andre/ros2_ws/install/mqtt_imu/lib'
[4.093s] Level 1:colcon.colcon_core.environment:checking '/home/andre/ros2_ws/install/mqtt_imu/bin'
[4.093s] Level 1:colcon.colcon_core.environment:checking '/home/andre/ros2_ws/install/mqtt_imu/lib/pkgconfig/mqtt_imu.pc'
[4.093s] Level 1:colcon.colcon_core.environment:checking '/home/andre/ros2_ws/install/mqtt_imu/lib/python3.12/site-packages'
[4.093s] Level 1:colcon.colcon_core.shell:create_environment_hook('mqtt_imu', 'pythonpath')
[4.093s] INFO:colcon.colcon_core.shell:Creating environment hook '/home/andre/ros2_ws/install/mqtt_imu/share/mqtt_imu/hook/pythonpath.ps1'
[4.091s] DEBUG:colcon.colcon_core.event_handler.log_command:Invoked command in '/home/andre/ros2_ws/src/hardware/mqtt_imu' returned '0': CONDA_PROMPT_MODIFIER=(base) DEBUGINFOD_URLS=https://debuginfod.ubuntu.com PYTHONPATH=/home/andre/ros2_ws/build/mqtt_imu/prefix_override:/usr/lib/python3/dist-packages/colcon_core/task/python/colcon_distutils_commands:/home/andre/ros2_ws/install/mqtt_imu/lib/python3.12/site-packages:${PYTHONPATH} /usr/bin/python3 -W ignore:setup.py install is deprecated -W ignore:easy_install command is deprecated setup.py egg_info --egg-base ../../../build/mqtt_imu build --build-base /home/andre/ros2_ws/build/mqtt_imu/build install --record /home/andre/ros2_ws/build/mqtt_imu/install.log --single-version-externally-managed
[4.094s] INFO:colcon.colcon_core.shell:Creating environment descriptor '/home/andre/ros2_ws/install/mqtt_imu/share/mqtt_imu/hook/pythonpath.dsv'
[4.095s] INFO:colcon.colcon_core.shell:Creating environment hook '/home/andre/ros2_ws/install/mqtt_imu/share/mqtt_imu/hook/pythonpath.sh'
[4.096s] Level 1:colcon.colcon_core.environment:checking '/home/andre/ros2_ws/install/mqtt_imu/bin'
[4.096s] Level 1:colcon.colcon_core.environment:create_environment_scripts_only(mqtt_imu)
[4.096s] INFO:colcon.colcon_core.shell:Creating package script '/home/andre/ros2_ws/install/mqtt_imu/share/mqtt_imu/package.ps1'
[4.097s] INFO:colcon.colcon_core.shell:Creating package descriptor '/home/andre/ros2_ws/install/mqtt_imu/share/mqtt_imu/package.dsv'
[4.098s] INFO:colcon.colcon_core.shell:Creating package script '/home/andre/ros2_ws/install/mqtt_imu/share/mqtt_imu/package.sh'
[4.100s] INFO:colcon.colcon_core.shell:Creating package script '/home/andre/ros2_ws/install/mqtt_imu/share/mqtt_imu/package.bash'
[4.103s] INFO:colcon.colcon_core.shell:Creating package script '/home/andre/ros2_ws/install/mqtt_imu/share/mqtt_imu/package.zsh'
[4.104s] Level 1:colcon.colcon_core.environment:create_file_with_runtime_dependencies(/home/andre/ros2_ws/install/mqtt_imu/share/colcon-core/packages/mqtt_imu)
[4.104s] INFO:colcon.colcon_ros.task.ament_python.build:Building ROS package in '/home/andre/ros2_ws/src/perception/yolov5_detection' with build type 'ament_python'
[4.104s] Level 1:colcon.colcon_core.shell:create_environment_hook('yolov5_detection', 'ament_prefix_path')
[4.105s] INFO:colcon.colcon_core.shell:Creating environment hook '/home/andre/ros2_ws/install/yolov5_detection/share/yolov5_detection/hook/ament_prefix_path.ps1'
[4.106s] INFO:colcon.colcon_core.shell:Creating environment descriptor '/home/andre/ros2_ws/install/yolov5_detection/share/yolov5_detection/hook/ament_prefix_path.dsv'
[4.107s] INFO:colcon.colcon_core.shell:Creating environment hook '/home/andre/ros2_ws/install/yolov5_detection/share/yolov5_detection/hook/ament_prefix_path.sh'
[4.107s] INFO:colcon.colcon_core.shell:Skip shell extension 'powershell' for command environment: Not usable outside of PowerShell
[4.107s] DEBUG:colcon.colcon_core.shell:Skip shell extension 'dsv' for command environment
[4.613s] INFO:colcon.colcon_core.task.python.build:Building Python package in '/home/andre/ros2_ws/src/perception/yolov5_detection'
[4.614s] INFO:colcon.colcon_core.shell:Skip shell extension 'powershell' for command environment: Not usable outside of PowerShell
[4.614s] DEBUG:colcon.colcon_core.shell:Skip shell extension 'dsv' for command environment
[4.620s] Level 1:colcon.colcon_core.environment:checking '/home/andre/ros2_ws/install/pose_printer' for CMake module files
[4.621s] Level 1:colcon.colcon_core.environment:checking '/home/andre/ros2_ws/install/pose_printer' for CMake config files
[4.624s] DEBUG:colcon.colcon_core.event_handler.log_command:Invoked command in '/home/andre/ros2_ws/src/hardware/pose_printer' returned '0': CONDA_PROMPT_MODIFIER=(base) DEBUGINFOD_URLS=https://debuginfod.ubuntu.com PYTHONPATH=/home/andre/ros2_ws/build/pose_printer/prefix_override:/usr/lib/python3/dist-packages/colcon_core/task/python/colcon_distutils_commands:/home/andre/ros2_ws/install/pose_printer/lib/python3.12/site-packages:${PYTHONPATH} /usr/bin/python3 -W ignore:setup.py install is deprecated -W ignore:easy_install command is deprecated setup.py egg_info --egg-base ../../../build/pose_printer build --build-base /home/andre/ros2_ws/build/pose_printer/build install --record /home/andre/ros2_ws/build/pose_printer/install.log --single-version-externally-managed install_data
[4.627s] Level 1:colcon.colcon_core.environment:checking '/home/andre/ros2_ws/install/pose_printer/lib'
[4.627s] Level 1:colcon.colcon_core.environment:checking '/home/andre/ros2_ws/install/pose_printer/bin'
[4.628s] Level 1:colcon.colcon_core.environment:checking '/home/andre/ros2_ws/install/pose_printer/lib/pkgconfig/pose_printer.pc'
[4.628s] Level 1:colcon.colcon_core.environment:checking '/home/andre/ros2_ws/install/pose_printer/lib/python3.12/site-packages'
[4.628s] Level 1:colcon.colcon_core.shell:create_environment_hook('pose_printer', 'pythonpath')
[4.629s] INFO:colcon.colcon_core.shell:Creating environment hook '/home/andre/ros2_ws/install/pose_printer/share/pose_printer/hook/pythonpath.ps1'
[4.630s] INFO:colcon.colcon_core.shell:Creating environment descriptor '/home/andre/ros2_ws/install/pose_printer/share/pose_printer/hook/pythonpath.dsv'
[4.630s] INFO:colcon.colcon_core.shell:Creating environment hook '/home/andre/ros2_ws/install/pose_printer/share/pose_printer/hook/pythonpath.sh'
[4.631s] Level 1:colcon.colcon_core.environment:checking '/home/andre/ros2_ws/install/pose_printer/bin'
[4.631s] Level 1:colcon.colcon_core.environment:create_environment_scripts_only(pose_printer)
[4.632s] INFO:colcon.colcon_core.shell:Creating package script '/home/andre/ros2_ws/install/pose_printer/share/pose_printer/package.ps1'
[4.633s] INFO:colcon.colcon_core.shell:Creating package descriptor '/home/andre/ros2_ws/install/pose_printer/share/pose_printer/package.dsv'
[4.633s] INFO:colcon.colcon_core.shell:Creating package script '/home/andre/ros2_ws/install/pose_printer/share/pose_printer/package.sh'
[4.634s] INFO:colcon.colcon_core.shell:Creating package script '/home/andre/ros2_ws/install/pose_printer/share/pose_printer/package.bash'
[4.635s] INFO:colcon.colcon_core.shell:Creating package script '/home/andre/ros2_ws/install/pose_printer/share/pose_printer/package.zsh'
[4.635s] Level 1:colcon.colcon_core.environment:create_file_with_runtime_dependencies(/home/andre/ros2_ws/install/pose_printer/share/colcon-core/packages/pose_printer)
[4.636s] INFO:colcon.colcon_ros.task.ament_cmake.build:Building ROS package in '/home/andre/ros2_ws/src/planning/esp32_controller' with build type 'ament_cmake'
[4.636s] INFO:colcon.colcon_cmake.task.cmake.build:Building CMake package in '/home/andre/ros2_ws/src/planning/esp32_controller'
[4.636s] INFO:colcon.colcon_core.shell:Skip shell extension 'powershell' for command environment: Not usable outside of PowerShell
[4.636s] DEBUG:colcon.colcon_core.shell:Skip shell extension 'dsv' for command environment
[4.655s] DEBUG:colcon.colcon_core.event_handler.log_command:Invoking command in '/home/andre/ros2_ws/build/esp32_controller': CMAKE_PREFIX_PATH=/home/andre/ros2_ws/install/move_program:/home/andre/ros2_ws/install/robotic_arm_model_v3:/home/andre/ros2_ws/install/esp32_controller:/opt/ros/jazzy/opt/gz_sim_vendor:/opt/ros/jazzy/opt/gz_sensors_vendor:/opt/ros/jazzy/opt/gz_physics_vendor:/opt/ros/jazzy/opt/sdformat_vendor:/opt/ros/jazzy/opt/gz_gui_vendor:/opt/ros/jazzy/opt/gz_transport_vendor:/opt/ros/jazzy/opt/gz_rendering_vendor:/opt/ros/jazzy/opt/gz_plugin_vendor:/opt/ros/jazzy/opt/gz_fuel_tools_vendor:/opt/ros/jazzy/opt/gz_msgs_vendor:/opt/ros/jazzy/opt/gz_common_vendor:/opt/ros/jazzy/opt/gz_math_vendor:/opt/ros/jazzy/opt/gz_utils_vendor:/opt/ros/jazzy/opt/gz_tools_vendor:/opt/ros/jazzy/opt/gz_ogre_next_vendor:/opt/ros/jazzy/opt/gz_dartsim_vendor:/opt/ros/jazzy/opt/gz_cmake_vendor:/home/andre/ros2_ws/install/web_interface:/home/andre/ros2_ws/install/pose_printer:/home/andre/ros2_ws/install/mqtt_imu:/home/andre/ros2_ws/install/moveit_controls:/opt/ros/jazzy CONDA_PROMPT_MODIFIER=(base) DEBUGINFOD_URLS=https://debuginfod.ubuntu.com /usr/bin/cmake --build /home/andre/ros2_ws/build/esp32_controller -- -j4 -l4
[4.877s] DEBUG:colcon.colcon_core.event_handler.log_command:Invoked command in '/home/andre/ros2_ws/build/esp32_controller' returned '0': CMAKE_PREFIX_PATH=/home/andre/ros2_ws/install/move_program:/home/andre/ros2_ws/install/robotic_arm_model_v3:/home/andre/ros2_ws/install/esp32_controller:/opt/ros/jazzy/opt/gz_sim_vendor:/opt/ros/jazzy/opt/gz_sensors_vendor:/opt/ros/jazzy/opt/gz_physics_vendor:/opt/ros/jazzy/opt/sdformat_vendor:/opt/ros/jazzy/opt/gz_gui_vendor:/opt/ros/jazzy/opt/gz_transport_vendor:/opt/ros/jazzy/opt/gz_rendering_vendor:/opt/ros/jazzy/opt/gz_plugin_vendor:/opt/ros/jazzy/opt/gz_fuel_tools_vendor:/opt/ros/jazzy/opt/gz_msgs_vendor:/opt/ros/jazzy/opt/gz_common_vendor:/opt/ros/jazzy/opt/gz_math_vendor:/opt/ros/jazzy/opt/gz_utils_vendor:/opt/ros/jazzy/opt/gz_tools_vendor:/opt/ros/jazzy/opt/gz_ogre_next_vendor:/opt/ros/jazzy/opt/gz_dartsim_vendor:/opt/ros/jazzy/opt/gz_cmake_vendor:/home/andre/ros2_ws/install/web_interface:/home/andre/ros2_ws/install/pose_printer:/home/andre/ros2_ws/install/mqtt_imu:/home/andre/ros2_ws/install/moveit_controls:/opt/ros/jazzy CONDA_PROMPT_MODIFIER=(base) DEBUGINFOD_URLS=https://debuginfod.ubuntu.com /usr/bin/cmake --build /home/andre/ros2_ws/build/esp32_controller -- -j4 -l4
[4.884s] DEBUG:colcon.colcon_core.event_handler.log_command:Invoking command in '/home/andre/ros2_ws/build/esp32_controller': CMAKE_PREFIX_PATH=/home/andre/ros2_ws/install/move_program:/home/andre/ros2_ws/install/robotic_arm_model_v3:/home/andre/ros2_ws/install/esp32_controller:/opt/ros/jazzy/opt/gz_sim_vendor:/opt/ros/jazzy/opt/gz_sensors_vendor:/opt/ros/jazzy/opt/gz_physics_vendor:/opt/ros/jazzy/opt/sdformat_vendor:/opt/ros/jazzy/opt/gz_gui_vendor:/opt/ros/jazzy/opt/gz_transport_vendor:/opt/ros/jazzy/opt/gz_rendering_vendor:/opt/ros/jazzy/opt/gz_plugin_vendor:/opt/ros/jazzy/opt/gz_fuel_tools_vendor:/opt/ros/jazzy/opt/gz_msgs_vendor:/opt/ros/jazzy/opt/gz_common_vendor:/opt/ros/jazzy/opt/gz_math_vendor:/opt/ros/jazzy/opt/gz_utils_vendor:/opt/ros/jazzy/opt/gz_tools_vendor:/opt/ros/jazzy/opt/gz_ogre_next_vendor:/opt/ros/jazzy/opt/gz_dartsim_vendor:/opt/ros/jazzy/opt/gz_cmake_vendor:/home/andre/ros2_ws/install/web_interface:/home/andre/ros2_ws/install/pose_printer:/home/andre/ros2_ws/install/mqtt_imu:/home/andre/ros2_ws/install/moveit_controls:/opt/ros/jazzy CONDA_PROMPT_MODIFIER=(base) DEBUGINFOD_URLS=https://debuginfod.ubuntu.com /usr/bin/cmake --install /home/andre/ros2_ws/build/esp32_controller
[4.907s] Level 1:colcon.colcon_core.environment:create_environment_scripts_only(esp32_controller)
[4.907s] Level 1:colcon.colcon_core.environment:checking '/home/andre/ros2_ws/install/esp32_controller' for CMake module files
[4.908s] Level 1:colcon.colcon_core.environment:checking '/home/andre/ros2_ws/install/esp32_controller' for CMake config files
[4.908s] Level 1:colcon.colcon_core.shell:create_environment_hook('esp32_controller', 'cmake_prefix_path')
[4.908s] INFO:colcon.colcon_core.shell:Creating environment hook '/home/andre/ros2_ws/install/esp32_controller/share/esp32_controller/hook/cmake_prefix_path.ps1'
[4.910s] INFO:colcon.colcon_core.shell:Creating environment descriptor '/home/andre/ros2_ws/install/esp32_controller/share/esp32_controller/hook/cmake_prefix_path.dsv'
[4.911s] DEBUG:colcon.colcon_core.event_handler.log_command:Invoked command in '/home/andre/ros2_ws/build/esp32_controller' returned '0': CMAKE_PREFIX_PATH=/home/andre/ros2_ws/install/move_program:/home/andre/ros2_ws/install/robotic_arm_model_v3:/home/andre/ros2_ws/install/esp32_controller:/opt/ros/jazzy/opt/gz_sim_vendor:/opt/ros/jazzy/opt/gz_sensors_vendor:/opt/ros/jazzy/opt/gz_physics_vendor:/opt/ros/jazzy/opt/sdformat_vendor:/opt/ros/jazzy/opt/gz_gui_vendor:/opt/ros/jazzy/opt/gz_transport_vendor:/opt/ros/jazzy/opt/gz_rendering_vendor:/opt/ros/jazzy/opt/gz_plugin_vendor:/opt/ros/jazzy/opt/gz_fuel_tools_vendor:/opt/ros/jazzy/opt/gz_msgs_vendor:/opt/ros/jazzy/opt/gz_common_vendor:/opt/ros/jazzy/opt/gz_math_vendor:/opt/ros/jazzy/opt/gz_utils_vendor:/opt/ros/jazzy/opt/gz_tools_vendor:/opt/ros/jazzy/opt/gz_ogre_next_vendor:/opt/ros/jazzy/opt/gz_dartsim_vendor:/opt/ros/jazzy/opt/gz_cmake_vendor:/home/andre/ros2_ws/install/web_interface:/home/andre/ros2_ws/install/pose_printer:/home/andre/ros2_ws/install/mqtt_imu:/home/andre/ros2_ws/install/moveit_controls:/opt/ros/jazzy CONDA_PROMPT_MODIFIER=(base) DEBUGINFOD_URLS=https://debuginfod.ubuntu.com /usr/bin/cmake --install /home/andre/ros2_ws/build/esp32_controller
[4.913s] INFO:colcon.colcon_core.shell:Creating environment hook '/home/andre/ros2_ws/install/esp32_controller/share/esp32_controller/hook/cmake_prefix_path.sh'
[4.918s] Level 1:colcon.colcon_core.environment:checking '/home/andre/ros2_ws/install/esp32_controller/lib'
[4.918s] Level 1:colcon.colcon_core.environment:checking '/home/andre/ros2_ws/install/esp32_controller/bin'
[4.918s] Level 1:colcon.colcon_core.environment:checking '/home/andre/ros2_ws/install/esp32_controller/lib/pkgconfig/esp32_controller.pc'
[4.919s] Level 1:colcon.colcon_core.environment:checking '/home/andre/ros2_ws/install/esp32_controller/lib/python3.12/site-packages'
[4.919s] Level 1:colcon.colcon_core.environment:checking '/home/andre/ros2_ws/install/esp32_controller/bin'
[4.919s] INFO:colcon.colcon_core.shell:Creating package script '/home/andre/ros2_ws/install/esp32_controller/share/esp32_controller/package.ps1'
[4.925s] INFO:colcon.colcon_core.shell:Creating package descriptor '/home/andre/ros2_ws/install/esp32_controller/share/esp32_controller/package.dsv'
[4.929s] INFO:colcon.colcon_core.shell:Creating package script '/home/andre/ros2_ws/install/esp32_controller/share/esp32_controller/package.sh'
[4.930s] INFO:colcon.colcon_core.shell:Creating package script '/home/andre/ros2_ws/install/esp32_controller/share/esp32_controller/package.bash'
[4.931s] INFO:colcon.colcon_core.shell:Creating package script '/home/andre/ros2_ws/install/esp32_controller/share/esp32_controller/package.zsh'
[4.932s] Level 1:colcon.colcon_core.environment:create_file_with_runtime_dependencies(/home/andre/ros2_ws/install/esp32_controller/share/colcon-core/packages/esp32_controller)
[4.933s] Level 1:colcon.colcon_core.environment:create_environment_scripts_only(esp32_controller)
[4.933s] Level 1:colcon.colcon_core.environment:checking '/home/andre/ros2_ws/install/esp32_controller' for CMake module files
[4.935s] Level 1:colcon.colcon_core.environment:checking '/home/andre/ros2_ws/install/esp32_controller' for CMake config files
[4.935s] Level 1:colcon.colcon_core.shell:create_environment_hook('esp32_controller', 'cmake_prefix_path')
[4.936s] INFO:colcon.colcon_core.shell:Creating environment hook '/home/andre/ros2_ws/install/esp32_controller/share/esp32_controller/hook/cmake_prefix_path.ps1'
[4.937s] INFO:colcon.colcon_core.shell:Creating environment descriptor '/home/andre/ros2_ws/install/esp32_controller/share/esp32_controller/hook/cmake_prefix_path.dsv'
[4.937s] INFO:colcon.colcon_core.shell:Creating environment hook '/home/andre/ros2_ws/install/esp32_controller/share/esp32_controller/hook/cmake_prefix_path.sh'
[4.938s] Level 1:colcon.colcon_core.environment:checking '/home/andre/ros2_ws/install/esp32_controller/lib'
[4.938s] Level 1:colcon.colcon_core.environment:checking '/home/andre/ros2_ws/install/esp32_controller/bin'
[4.939s] Level 1:colcon.colcon_core.environment:checking '/home/andre/ros2_ws/install/esp32_controller/lib/pkgconfig/esp32_controller.pc'
[4.939s] Level 1:colcon.colcon_core.environment:checking '/home/andre/ros2_ws/install/esp32_controller/lib/python3.12/site-packages'
[4.940s] Level 1:colcon.colcon_core.environment:checking '/home/andre/ros2_ws/install/esp32_controller/bin'
[4.940s] INFO:colcon.colcon_core.shell:Creating package script '/home/andre/ros2_ws/install/esp32_controller/share/esp32_controller/package.ps1'
[4.941s] INFO:colcon.colcon_core.shell:Creating package descriptor '/home/andre/ros2_ws/install/esp32_controller/share/esp32_controller/package.dsv'
[4.942s] INFO:colcon.colcon_core.shell:Creating package script '/home/andre/ros2_ws/install/esp32_controller/share/esp32_controller/package.sh'
[4.943s] INFO:colcon.colcon_core.shell:Creating package script '/home/andre/ros2_ws/install/esp32_controller/share/esp32_controller/package.bash'
[4.944s] INFO:colcon.colcon_core.shell:Creating package script '/home/andre/ros2_ws/install/esp32_controller/share/esp32_controller/package.zsh'
[4.945s] Level 1:colcon.colcon_core.environment:create_file_with_runtime_dependencies(/home/andre/ros2_ws/install/esp32_controller/share/colcon-core/packages/esp32_controller)
[4.946s] INFO:colcon.colcon_ros.task.ament_cmake.build:Building ROS package in '/home/andre/ros2_ws/src/robot/robotic_arm_v3_config' with build type 'ament_cmake'
[4.947s] INFO:colcon.colcon_cmake.task.cmake.build:Building CMake package in '/home/andre/ros2_ws/src/robot/robotic_arm_v3_config'
[4.947s] INFO:colcon.colcon_core.shell:Skip shell extension 'powershell' for command environment: Not usable outside of PowerShell
[4.947s] DEBUG:colcon.colcon_core.shell:Skip shell extension 'dsv' for command environment
[4.967s] DEBUG:colcon.colcon_core.event_handler.log_command:Invoking command in '/home/andre/ros2_ws/src/interfaces/web_interface': CONDA_PROMPT_MODIFIER=(base) DEBUGINFOD_URLS=https://debuginfod.ubuntu.com PYTHONPATH=/home/andre/ros2_ws/build/web_interface/prefix_override:/usr/lib/python3/dist-packages/colcon_core/task/python/colcon_distutils_commands:/home/andre/ros2_ws/install/web_interface/lib/python3.12/site-packages:${PYTHONPATH} /usr/bin/python3 -W ignore:setup.py install is deprecated -W ignore:easy_install command is deprecated setup.py egg_info --egg-base ../../../build/web_interface build --build-base /home/andre/ros2_ws/build/web_interface/build install --record /home/andre/ros2_ws/build/web_interface/install.log --single-version-externally-managed install_data
[4.973s] DEBUG:colcon.colcon_core.event_handler.log_command:Invoking command in '/home/andre/ros2_ws/build/robotic_arm_v3_config': CMAKE_PREFIX_PATH=${CMAKE_PREFIX_PATH}:/home/andre/ros2_ws/install/web_interface:/home/andre/ros2_ws/install/pose_printer:/home/andre/ros2_ws/install/mqtt_imu:/home/andre/ros2_ws/install/moveit_controls:/opt/ros/jazzy CONDA_PROMPT_MODIFIER=(base) DEBUGINFOD_URLS=https://debuginfod.ubuntu.com /usr/bin/cmake --build /home/andre/ros2_ws/build/robotic_arm_v3_config -- -j4 -l4
[5.022s] DEBUG:colcon.colcon_core.event_handler.log_command:Invoked command in '/home/andre/ros2_ws/build/robotic_arm_v3_config' returned '0': CMAKE_PREFIX_PATH=${CMAKE_PREFIX_PATH}:/home/andre/ros2_ws/install/web_interface:/home/andre/ros2_ws/install/pose_printer:/home/andre/ros2_ws/install/mqtt_imu:/home/andre/ros2_ws/install/moveit_controls:/opt/ros/jazzy CONDA_PROMPT_MODIFIER=(base) DEBUGINFOD_URLS=https://debuginfod.ubuntu.com /usr/bin/cmake --build /home/andre/ros2_ws/build/robotic_arm_v3_config -- -j4 -l4
[5.026s] DEBUG:colcon.colcon_core.event_handler.log_command:Invoking command in '/home/andre/ros2_ws/build/robotic_arm_v3_config': CMAKE_PREFIX_PATH=${CMAKE_PREFIX_PATH}:/home/andre/ros2_ws/install/web_interface:/home/andre/ros2_ws/install/pose_printer:/home/andre/ros2_ws/install/mqtt_imu:/home/andre/ros2_ws/install/moveit_controls:/opt/ros/jazzy CONDA_PROMPT_MODIFIER=(base) DEBUGINFOD_URLS=https://debuginfod.ubuntu.com /usr/bin/cmake --install /home/andre/ros2_ws/build/robotic_arm_v3_config
[5.052s] Level 1:colcon.colcon_core.environment:create_environment_scripts_only(robotic_arm_v3_config)
[5.052s] Level 1:colcon.colcon_core.environment:checking '/home/andre/ros2_ws/install/robotic_arm_v3_config' for CMake module files
[5.053s] Level 1:colcon.colcon_core.environment:checking '/home/andre/ros2_ws/install/robotic_arm_v3_config' for CMake config files
[5.053s] Level 1:colcon.colcon_core.shell:create_environment_hook('robotic_arm_v3_config', 'cmake_prefix_path')
[5.053s] INFO:colcon.colcon_core.shell:Creating environment hook '/home/andre/ros2_ws/install/robotic_arm_v3_config/share/robotic_arm_v3_config/hook/cmake_prefix_path.ps1'
[5.055s] DEBUG:colcon.colcon_core.event_handler.log_command:Invoked command in '/home/andre/ros2_ws/build/robotic_arm_v3_config' returned '0': CMAKE_PREFIX_PATH=${CMAKE_PREFIX_PATH}:/home/andre/ros2_ws/install/web_interface:/home/andre/ros2_ws/install/pose_printer:/home/andre/ros2_ws/install/mqtt_imu:/home/andre/ros2_ws/install/moveit_controls:/opt/ros/jazzy CONDA_PROMPT_MODIFIER=(base) DEBUGINFOD_URLS=https://debuginfod.ubuntu.com /usr/bin/cmake --install /home/andre/ros2_ws/build/robotic_arm_v3_config
[5.057s] INFO:colcon.colcon_core.shell:Creating environment descriptor '/home/andre/ros2_ws/install/robotic_arm_v3_config/share/robotic_arm_v3_config/hook/cmake_prefix_path.dsv'
[5.057s] INFO:colcon.colcon_core.shell:Creating environment hook '/home/andre/ros2_ws/install/robotic_arm_v3_config/share/robotic_arm_v3_config/hook/cmake_prefix_path.sh'
[5.058s] Level 1:colcon.colcon_core.environment:checking '/home/andre/ros2_ws/install/robotic_arm_v3_config/bin'
[5.058s] Level 1:colcon.colcon_core.environment:checking '/home/andre/ros2_ws/install/robotic_arm_v3_config/lib/pkgconfig/robotic_arm_v3_config.pc'
[5.058s] Level 1:colcon.colcon_core.environment:checking '/home/andre/ros2_ws/install/robotic_arm_v3_config/lib/python3.12/site-packages'
[5.059s] Level 1:colcon.colcon_core.environment:checking '/home/andre/ros2_ws/install/robotic_arm_v3_config/bin'
[5.061s] INFO:colcon.colcon_core.shell:Creating package script '/home/andre/ros2_ws/install/robotic_arm_v3_config/share/robotic_arm_v3_config/package.ps1'
[5.062s] INFO:colcon.colcon_core.shell:Creating package descriptor '/home/andre/ros2_ws/install/robotic_arm_v3_config/share/robotic_arm_v3_config/package.dsv'
[5.064s] INFO:colcon.colcon_core.shell:Creating package script '/home/andre/ros2_ws/install/robotic_arm_v3_config/share/robotic_arm_v3_config/package.sh'
[5.064s] INFO:colcon.colcon_core.shell:Creating package script '/home/andre/ros2_ws/install/robotic_arm_v3_config/share/robotic_arm_v3_config/package.bash'
[5.065s] INFO:colcon.colcon_core.shell:Creating package script '/home/andre/ros2_ws/install/robotic_arm_v3_config/share/robotic_arm_v3_config/package.zsh'
[5.065s] Level 1:colcon.colcon_core.environment:create_file_with_runtime_dependencies(/home/andre/ros2_ws/install/robotic_arm_v3_config/share/colcon-core/packages/robotic_arm_v3_config)
[5.068s] Level 1:colcon.colcon_core.environment:create_environment_scripts_only(robotic_arm_v3_config)
[5.068s] Level 1:colcon.colcon_core.environment:checking '/home/andre/ros2_ws/install/robotic_arm_v3_config' for CMake module files
[5.069s] Level 1:colcon.colcon_core.environment:checking '/home/andre/ros2_ws/install/robotic_arm_v3_config' for CMake config files
[5.069s] Level 1:colcon.colcon_core.shell:create_environment_hook('robotic_arm_v3_config', 'cmake_prefix_path')
[5.069s] INFO:colcon.colcon_core.shell:Creating environment hook '/home/andre/ros2_ws/install/robotic_arm_v3_config/share/robotic_arm_v3_config/hook/cmake_prefix_path.ps1'
[5.071s] INFO:colcon.colcon_core.shell:Creating environment descriptor '/home/andre/ros2_ws/install/robotic_arm_v3_config/share/robotic_arm_v3_config/hook/cmake_prefix_path.dsv'
[5.071s] INFO:colcon.colcon_core.shell:Creating environment hook '/home/andre/ros2_ws/install/robotic_arm_v3_config/share/robotic_arm_v3_config/hook/cmake_prefix_path.sh'
[5.074s] Level 1:colcon.colcon_core.environment:checking '/home/andre/ros2_ws/install/robotic_arm_v3_config/bin'
[5.074s] Level 1:colcon.colcon_core.environment:checking '/home/andre/ros2_ws/install/robotic_arm_v3_config/lib/pkgconfig/robotic_arm_v3_config.pc'
[5.074s] Level 1:colcon.colcon_core.environment:checking '/home/andre/ros2_ws/install/robotic_arm_v3_config/lib/python3.12/site-packages'
[5.075s] Level 1:colcon.colcon_core.environment:checking '/home/andre/ros2_ws/install/robotic_arm_v3_config/bin'
[5.075s] INFO:colcon.colcon_core.shell:Creating package script '/home/andre/ros2_ws/install/robotic_arm_v3_config/share/robotic_arm_v3_config/package.ps1'
[5.076s] INFO:colcon.colcon_core.shell:Creating package descriptor '/home/andre/ros2_ws/install/robotic_arm_v3_config/share/robotic_arm_v3_config/package.dsv'
[5.078s] INFO:colcon.colcon_core.shell:Creating package script '/home/andre/ros2_ws/install/robotic_arm_v3_config/share/robotic_arm_v3_config/package.sh'
[5.079s] INFO:colcon.colcon_core.shell:Creating package script '/home/andre/ros2_ws/install/robotic_arm_v3_config/share/robotic_arm_v3_config/package.bash'
[5.079s] INFO:colcon.colcon_core.shell:Creating package script '/home/andre/ros2_ws/install/robotic_arm_v3_config/share/robotic_arm_v3_config/package.zsh'
[5.080s] Level 1:colcon.colcon_core.environment:create_file_with_runtime_dependencies(/home/andre/ros2_ws/install/robotic_arm_v3_config/share/colcon-core/packages/robotic_arm_v3_config)
[5.083s] INFO:colcon.colcon_ros.task.ament_python.build:Building ROS package in '/home/andre/ros2_ws/src/perception/chess_data_collector' with build type 'ament_python'
[5.083s] Level 1:colcon.colcon_core.shell:create_environment_hook('chess_data_collector', 'ament_prefix_path')
[5.083s] INFO:colcon.colcon_core.shell:Creating environment hook '/home/andre/ros2_ws/install/chess_data_collector/share/chess_data_collector/hook/ament_prefix_path.ps1'
[5.084s] INFO:colcon.colcon_core.shell:Creating environment descriptor '/home/andre/ros2_ws/install/chess_data_collector/share/chess_data_collector/hook/ament_prefix_path.dsv'
[5.084s] INFO:colcon.colcon_core.shell:Creating environment hook '/home/andre/ros2_ws/install/chess_data_collector/share/chess_data_collector/hook/ament_prefix_path.sh'
[5.086s] INFO:colcon.colcon_core.shell:Skip shell extension 'powershell' for command environment: Not usable outside of PowerShell
[5.086s] DEBUG:colcon.colcon_core.shell:Skip shell extension 'dsv' for command environment
[5.564s] INFO:colcon.colcon_core.task.python.build:Building Python package in '/home/andre/ros2_ws/src/perception/chess_data_collector'
[5.564s] INFO:colcon.colcon_core.shell:Skip shell extension 'powershell' for command environment: Not usable outside of PowerShell
[5.565s] DEBUG:colcon.colcon_core.shell:Skip shell extension 'dsv' for command environment
[5.935s] DEBUG:colcon.colcon_core.event_handler.log_command:Invoking command in '/home/andre/ros2_ws/src/perception/yolov5_detection': CONDA_PROMPT_MODIFIER=(base) DEBUGINFOD_URLS=https://debuginfod.ubuntu.com PYTHONPATH=/home/andre/ros2_ws/build/yolov5_detection/prefix_override:/usr/lib/python3/dist-packages/colcon_core/task/python/colcon_distutils_commands:/home/andre/ros2_ws/install/yolov5_detection/lib/python3.12/site-packages:${PYTHONPATH} /usr/bin/python3 -W ignore:setup.py install is deprecated -W ignore:easy_install command is deprecated setup.py egg_info --egg-base ../../../build/yolov5_detection build --build-base /home/andre/ros2_ws/build/yolov5_detection/build install --record /home/andre/ros2_ws/build/yolov5_detection/install.log --single-version-externally-managed install_data
[6.919s] DEBUG:colcon.colcon_core.event_handler.log_command:Invoking command in '/home/andre/ros2_ws/src/perception/chess_data_collector': CONDA_PROMPT_MODIFIER=(base) DEBUGINFOD_URLS=https://debuginfod.ubuntu.com PYTHONPATH=/home/andre/ros2_ws/build/chess_data_collector/prefix_override:/usr/lib/python3/dist-packages/colcon_core/task/python/colcon_distutils_commands:/home/andre/ros2_ws/install/chess_data_collector/lib/python3.12/site-packages:${PYTHONPATH} /usr/bin/python3 -W ignore:setup.py install is deprecated -W ignore:easy_install command is deprecated setup.py egg_info --egg-base ../../../build/chess_data_collector build --build-base /home/andre/ros2_ws/build/chess_data_collector/build install --record /home/andre/ros2_ws/build/chess_data_collector/install.log --single-version-externally-managed install_data
[7.025s] Level 1:colcon.colcon_core.environment:checking '/home/andre/ros2_ws/install/yolov5_detection' for CMake module files
[7.025s] Level 1:colcon.colcon_core.environment:checking '/home/andre/ros2_ws/install/yolov5_detection' for CMake config files
[7.026s] Level 1:colcon.colcon_core.environment:checking '/home/andre/ros2_ws/install/yolov5_detection/lib'
[7.026s] Level 1:colcon.colcon_core.environment:checking '/home/andre/ros2_ws/install/yolov5_detection/bin'
[7.026s] Level 1:colcon.colcon_core.environment:checking '/home/andre/ros2_ws/install/yolov5_detection/lib/pkgconfig/yolov5_detection.pc'
[7.027s] Level 1:colcon.colcon_core.environment:checking '/home/andre/ros2_ws/install/yolov5_detection/lib/python3.12/site-packages'
[7.029s] DEBUG:colcon.colcon_core.event_handler.log_command:Invoked command in '/home/andre/ros2_ws/src/perception/yolov5_detection' returned '0': CONDA_PROMPT_MODIFIER=(base) DEBUGINFOD_URLS=https://debuginfod.ubuntu.com PYTHONPATH=/home/andre/ros2_ws/build/yolov5_detection/prefix_override:/usr/lib/python3/dist-packages/colcon_core/task/python/colcon_distutils_commands:/home/andre/ros2_ws/install/yolov5_detection/lib/python3.12/site-packages:${PYTHONPATH} /usr/bin/python3 -W ignore:setup.py install is deprecated -W ignore:easy_install command is deprecated setup.py egg_info --egg-base ../../../build/yolov5_detection build --build-base /home/andre/ros2_ws/build/yolov5_detection/build install --record /home/andre/ros2_ws/build/yolov5_detection/install.log --single-version-externally-managed install_data
[7.030s] Level 1:colcon.colcon_core.shell:create_environment_hook('yolov5_detection', 'pythonpath')
[7.030s] INFO:colcon.colcon_core.shell:Creating environment hook '/home/andre/ros2_ws/install/yolov5_detection/share/yolov5_detection/hook/pythonpath.ps1'
[7.030s] INFO:colcon.colcon_core.shell:Creating environment descriptor '/home/andre/ros2_ws/install/yolov5_detection/share/yolov5_detection/hook/pythonpath.dsv'
[7.031s] INFO:colcon.colcon_core.shell:Creating environment hook '/home/andre/ros2_ws/install/yolov5_detection/share/yolov5_detection/hook/pythonpath.sh'
[7.032s] Level 1:colcon.colcon_core.environment:checking '/home/andre/ros2_ws/install/yolov5_detection/bin'
[7.032s] Level 1:colcon.colcon_core.environment:create_environment_scripts_only(yolov5_detection)
[7.032s] INFO:colcon.colcon_core.shell:Creating package script '/home/andre/ros2_ws/install/yolov5_detection/share/yolov5_detection/package.ps1'
[7.033s] INFO:colcon.colcon_core.shell:Creating package descriptor '/home/andre/ros2_ws/install/yolov5_detection/share/yolov5_detection/package.dsv'
[7.033s] INFO:colcon.colcon_core.shell:Creating package script '/home/andre/ros2_ws/install/yolov5_detection/share/yolov5_detection/package.sh'
[7.034s] INFO:colcon.colcon_core.shell:Creating package script '/home/andre/ros2_ws/install/yolov5_detection/share/yolov5_detection/package.bash'
[7.034s] INFO:colcon.colcon_core.shell:Creating package script '/home/andre/ros2_ws/install/yolov5_detection/share/yolov5_detection/package.zsh'
[7.035s] Level 1:colcon.colcon_core.environment:create_file_with_runtime_dependencies(/home/andre/ros2_ws/install/yolov5_detection/share/colcon-core/packages/yolov5_detection)
[7.174s] Level 1:colcon.colcon_core.environment:checking '/home/andre/ros2_ws/install/web_interface' for CMake module files
[7.175s] Level 1:colcon.colcon_core.environment:checking '/home/andre/ros2_ws/install/web_interface' for CMake config files
[7.174s] DEBUG:colcon.colcon_core.event_handler.log_command:Invoked command in '/home/andre/ros2_ws/src/interfaces/web_interface' returned '0': CONDA_PROMPT_MODIFIER=(base) DEBUGINFOD_URLS=https://debuginfod.ubuntu.com PYTHONPATH=/home/andre/ros2_ws/build/web_interface/prefix_override:/usr/lib/python3/dist-packages/colcon_core/task/python/colcon_distutils_commands:/home/andre/ros2_ws/install/web_interface/lib/python3.12/site-packages:${PYTHONPATH} /usr/bin/python3 -W ignore:setup.py install is deprecated -W ignore:easy_install command is deprecated setup.py egg_info --egg-base ../../../build/web_interface build --build-base /home/andre/ros2_ws/build/web_interface/build install --record /home/andre/ros2_ws/build/web_interface/install.log --single-version-externally-managed install_data
[7.176s] Level 1:colcon.colcon_core.environment:checking '/home/andre/ros2_ws/install/web_interface/lib'
[7.176s] Level 1:colcon.colcon_core.environment:checking '/home/andre/ros2_ws/install/web_interface/bin'
[7.176s] Level 1:colcon.colcon_core.shell:create_environment_hook('web_interface', 'path')
[7.177s] INFO:colcon.colcon_core.shell:Creating environment hook '/home/andre/ros2_ws/install/web_interface/share/web_interface/hook/path.ps1'
[7.177s] INFO:colcon.colcon_core.shell:Creating environment descriptor '/home/andre/ros2_ws/install/web_interface/share/web_interface/hook/path.dsv'
[7.178s] INFO:colcon.colcon_core.shell:Creating environment hook '/home/andre/ros2_ws/install/web_interface/share/web_interface/hook/path.sh'
[7.179s] Level 1:colcon.colcon_core.environment:checking '/home/andre/ros2_ws/install/web_interface/lib/pkgconfig/web_interface.pc'
[7.179s] Level 1:colcon.colcon_core.environment:checking '/home/andre/ros2_ws/install/web_interface/lib/python3.12/site-packages'
[7.179s] Level 1:colcon.colcon_core.shell:create_environment_hook('web_interface', 'pythonpath')
[7.180s] INFO:colcon.colcon_core.shell:Creating environment hook '/home/andre/ros2_ws/install/web_interface/share/web_interface/hook/pythonpath.ps1'
[7.180s] INFO:colcon.colcon_core.shell:Creating environment descriptor '/home/andre/ros2_ws/install/web_interface/share/web_interface/hook/pythonpath.dsv'
[7.181s] INFO:colcon.colcon_core.shell:Creating environment hook '/home/andre/ros2_ws/install/web_interface/share/web_interface/hook/pythonpath.sh'
[7.182s] Level 1:colcon.colcon_core.environment:checking '/home/andre/ros2_ws/install/web_interface/bin'
[7.183s] Level 1:colcon.colcon_core.shell:create_environment_hook('web_interface', 'pythonscriptspath')
[7.183s] INFO:colcon.colcon_core.shell:Creating environment hook '/home/andre/ros2_ws/install/web_interface/share/web_interface/hook/pythonscriptspath.ps1'
[7.184s] INFO:colcon.colcon_core.shell:Creating environment descriptor '/home/andre/ros2_ws/install/web_interface/share/web_interface/hook/pythonscriptspath.dsv'
[7.184s] INFO:colcon.colcon_core.shell:Creating environment hook '/home/andre/ros2_ws/install/web_interface/share/web_interface/hook/pythonscriptspath.sh'
[7.185s] Level 1:colcon.colcon_core.environment:create_environment_scripts_only(web_interface)
[7.185s] INFO:colcon.colcon_core.shell:Creating package script '/home/andre/ros2_ws/install/web_interface/share/web_interface/package.ps1'
[7.187s] INFO:colcon.colcon_core.shell:Creating package descriptor '/home/andre/ros2_ws/install/web_interface/share/web_interface/package.dsv'
[7.187s] INFO:colcon.colcon_core.shell:Creating package script '/home/andre/ros2_ws/install/web_interface/share/web_interface/package.sh'
[7.188s] INFO:colcon.colcon_core.shell:Creating package script '/home/andre/ros2_ws/install/web_interface/share/web_interface/package.bash'
[7.189s] INFO:colcon.colcon_core.shell:Creating package script '/home/andre/ros2_ws/install/web_interface/share/web_interface/package.zsh'
[7.189s] Level 1:colcon.colcon_core.environment:create_file_with_runtime_dependencies(/home/andre/ros2_ws/install/web_interface/share/colcon-core/packages/web_interface)
[7.191s] INFO:colcon.colcon_ros.task.ament_cmake.build:Building ROS package in '/home/andre/ros2_ws/src/bringup/arm_bringup' with build type 'ament_cmake'
[7.191s] INFO:colcon.colcon_cmake.task.cmake.build:Building CMake package in '/home/andre/ros2_ws/src/bringup/arm_bringup'
[7.191s] INFO:colcon.colcon_core.shell:Skip shell extension 'powershell' for command environment: Not usable outside of PowerShell
[7.191s] DEBUG:colcon.colcon_core.shell:Skip shell extension 'dsv' for command environment
[7.214s] DEBUG:colcon.colcon_core.event_handler.log_command:Invoking command in '/home/andre/ros2_ws/build/arm_bringup': AMENT_PREFIX_PATH=/home/andre/ros2_ws/install/robotic_arm_v3_config:/home/andre/ros2_ws/install/yolov5_detection:/home/andre/ros2_ws/install/web_interface:/home/andre/ros2_ws/install/pose_printer:/home/andre/ros2_ws/install/mqtt_imu:/home/andre/ros2_ws/install/moveit_controls:/home/andre/ros2_ws/install/robotic_arm_model_v3:/home/andre/ros2_ws/install/esp32_controller:/home/andre/ros2_ws/install/move_program:/opt/ros/jazzy CMAKE_PREFIX_PATH=/home/andre/ros2_ws/install/robotic_arm_v3_config:/home/andre/ros2_ws/install/esp32_controller:/home/andre/ros2_ws/install/robotic_arm_model_v3:/home/andre/ros2_ws/install/move_program:/opt/ros/jazzy/opt/gz_sim_vendor:/opt/ros/jazzy/opt/gz_sensors_vendor:/opt/ros/jazzy/opt/gz_physics_vendor:/opt/ros/jazzy/opt/sdformat_vendor:/opt/ros/jazzy/opt/gz_gui_vendor:/opt/ros/jazzy/opt/gz_transport_vendor:/opt/ros/jazzy/opt/gz_rendering_vendor:/opt/ros/jazzy/opt/gz_plugin_vendor:/opt/ros/jazzy/opt/gz_fuel_tools_vendor:/opt/ros/jazzy/opt/gz_msgs_vendor:/opt/ros/jazzy/opt/gz_common_vendor:/opt/ros/jazzy/opt/gz_math_vendor:/opt/ros/jazzy/opt/gz_utils_vendor:/opt/ros/jazzy/opt/gz_tools_vendor:/opt/ros/jazzy/opt/gz_ogre_next_vendor:/opt/ros/jazzy/opt/gz_dartsim_vendor:/opt/ros/jazzy/opt/gz_cmake_vendor:/home/andre/ros2_ws/install/web_interface:/home/andre/ros2_ws/install/pose_printer:/home/andre/ros2_ws/install/mqtt_imu:/home/andre/ros2_ws/install/moveit_controls:/opt/ros/jazzy CONDA_PROMPT_MODIFIER=(base) DEBUGINFOD_URLS=https://debuginfod.ubuntu.com PYTHONPATH=/home/andre/ros2_ws/install/yolov5_detection/lib/python3.12/site-packages:${PYTHONPATH} /usr/bin/cmake /home/andre/ros2_ws/src/bringup/arm_bringup -DCMAKE_EXE_LINKER_FLAGS=-lcurl -DCMAKE_INSTALL_PREFIX=/home/andre/ros2_ws/install/arm_bringup
[8.240s] Level 1:colcon.colcon_core.environment:checking '/home/andre/ros2_ws/install/chess_data_collector' for CMake module files
[8.241s] Level 1:colcon.colcon_core.environment:checking '/home/andre/ros2_ws/install/chess_data_collector' for CMake config files
[8.242s] Level 1:colcon.colcon_core.environment:checking '/home/andre/ros2_ws/install/chess_data_collector/lib'
[8.242s] Level 1:colcon.colcon_core.environment:checking '/home/andre/ros2_ws/install/chess_data_collector/bin'
[8.242s] Level 1:colcon.colcon_core.environment:checking '/home/andre/ros2_ws/install/chess_data_collector/lib/pkgconfig/chess_data_collector.pc'
[8.242s] Level 1:colcon.colcon_core.environment:checking '/home/andre/ros2_ws/install/chess_data_collector/lib/python3.12/site-packages'
[8.242s] Level 1:colcon.colcon_core.shell:create_environment_hook('chess_data_collector', 'pythonpath')
[8.242s] INFO:colcon.colcon_core.shell:Creating environment hook '/home/andre/ros2_ws/install/chess_data_collector/share/chess_data_collector/hook/pythonpath.ps1'
[8.240s] DEBUG:colcon.colcon_core.event_handler.log_command:Invoked command in '/home/andre/ros2_ws/src/perception/chess_data_collector' returned '0': CONDA_PROMPT_MODIFIER=(base) DEBUGINFOD_URLS=https://debuginfod.ubuntu.com PYTHONPATH=/home/andre/ros2_ws/build/chess_data_collector/prefix_override:/usr/lib/python3/dist-packages/colcon_core/task/python/colcon_distutils_commands:/home/andre/ros2_ws/install/chess_data_collector/lib/python3.12/site-packages:${PYTHONPATH} /usr/bin/python3 -W ignore:setup.py install is deprecated -W ignore:easy_install command is deprecated setup.py egg_info --egg-base ../../../build/chess_data_collector build --build-base /home/andre/ros2_ws/build/chess_data_collector/build install --record /home/andre/ros2_ws/build/chess_data_collector/install.log --single-version-externally-managed install_data
[8.243s] INFO:colcon.colcon_core.shell:Creating environment descriptor '/home/andre/ros2_ws/install/chess_data_collector/share/chess_data_collector/hook/pythonpath.dsv'
[8.244s] INFO:colcon.colcon_core.shell:Creating environment hook '/home/andre/ros2_ws/install/chess_data_collector/share/chess_data_collector/hook/pythonpath.sh'
[8.245s] Level 1:colcon.colcon_core.environment:checking '/home/andre/ros2_ws/install/chess_data_collector/bin'
[8.245s] Level 1:colcon.colcon_core.environment:create_environment_scripts_only(chess_data_collector)
[8.245s] INFO:colcon.colcon_core.shell:Creating package script '/home/andre/ros2_ws/install/chess_data_collector/share/chess_data_collector/package.ps1'
[8.246s] INFO:colcon.colcon_core.shell:Creating package descriptor '/home/andre/ros2_ws/install/chess_data_collector/share/chess_data_collector/package.dsv'
[8.247s] INFO:colcon.colcon_core.shell:Creating package script '/home/andre/ros2_ws/install/chess_data_collector/share/chess_data_collector/package.sh'
[8.247s] INFO:colcon.colcon_core.shell:Creating package script '/home/andre/ros2_ws/install/chess_data_collector/share/chess_data_collector/package.bash'
[8.248s] INFO:colcon.colcon_core.shell:Creating package script '/home/andre/ros2_ws/install/chess_data_collector/share/chess_data_collector/package.zsh'
[8.248s] Level 1:colcon.colcon_core.environment:create_file_with_runtime_dependencies(/home/andre/ros2_ws/install/chess_data_collector/share/colcon-core/packages/chess_data_collector)
[8.449s] DEBUG:colcon.colcon_core.event_handler.log_command:Invoked command in '/home/andre/ros2_ws/build/arm_bringup' returned '0': AMENT_PREFIX_PATH=/home/andre/ros2_ws/install/robotic_arm_v3_config:/home/andre/ros2_ws/install/yolov5_detection:/home/andre/ros2_ws/install/web_interface:/home/andre/ros2_ws/install/pose_printer:/home/andre/ros2_ws/install/mqtt_imu:/home/andre/ros2_ws/install/moveit_controls:/home/andre/ros2_ws/install/robotic_arm_model_v3:/home/andre/ros2_ws/install/esp32_controller:/home/andre/ros2_ws/install/move_program:/opt/ros/jazzy CMAKE_PREFIX_PATH=/home/andre/ros2_ws/install/robotic_arm_v3_config:/home/andre/ros2_ws/install/esp32_controller:/home/andre/ros2_ws/install/robotic_arm_model_v3:/home/andre/ros2_ws/install/move_program:/opt/ros/jazzy/opt/gz_sim_vendor:/opt/ros/jazzy/opt/gz_sensors_vendor:/opt/ros/jazzy/opt/gz_physics_vendor:/opt/ros/jazzy/opt/sdformat_vendor:/opt/ros/jazzy/opt/gz_gui_vendor:/opt/ros/jazzy/opt/gz_transport_vendor:/opt/ros/jazzy/opt/gz_rendering_vendor:/opt/ros/jazzy/opt/gz_plugin_vendor:/opt/ros/jazzy/opt/gz_fuel_tools_vendor:/opt/ros/jazzy/opt/gz_msgs_vendor:/opt/ros/jazzy/opt/gz_common_vendor:/opt/ros/jazzy/opt/gz_math_vendor:/opt/ros/jazzy/opt/gz_utils_vendor:/opt/ros/jazzy/opt/gz_tools_vendor:/opt/ros/jazzy/opt/gz_ogre_next_vendor:/opt/ros/jazzy/opt/gz_dartsim_vendor:/opt/ros/jazzy/opt/gz_cmake_vendor:/home/andre/ros2_ws/install/web_interface:/home/andre/ros2_ws/install/pose_printer:/home/andre/ros2_ws/install/mqtt_imu:/home/andre/ros2_ws/install/moveit_controls:/opt/ros/jazzy CONDA_PROMPT_MODIFIER=(base) DEBUGINFOD_URLS=https://debuginfod.ubuntu.com PYTHONPATH=/home/andre/ros2_ws/install/yolov5_detection/lib/python3.12/site-packages:${PYTHONPATH} /usr/bin/cmake /home/andre/ros2_ws/src/bringup/arm_bringup -DCMAKE_EXE_LINKER_FLAGS=-lcurl -DCMAKE_INSTALL_PREFIX=/home/andre/ros2_ws/install/arm_bringup
[8.452s] DEBUG:colcon.colcon_core.event_handler.log_command:Invoking command in '/home/andre/ros2_ws/build/arm_bringup': AMENT_PREFIX_PATH=/home/andre/ros2_ws/install/robotic_arm_v3_config:/home/andre/ros2_ws/install/yolov5_detection:/home/andre/ros2_ws/install/web_interface:/home/andre/ros2_ws/install/pose_printer:/home/andre/ros2_ws/install/mqtt_imu:/home/andre/ros2_ws/install/moveit_controls:/home/andre/ros2_ws/install/robotic_arm_model_v3:/home/andre/ros2_ws/install/esp32_controller:/home/andre/ros2_ws/install/move_program:/opt/ros/jazzy CMAKE_PREFIX_PATH=/home/andre/ros2_ws/install/robotic_arm_v3_config:/home/andre/ros2_ws/install/esp32_controller:/home/andre/ros2_ws/install/robotic_arm_model_v3:/home/andre/ros2_ws/install/move_program:/opt/ros/jazzy/opt/gz_sim_vendor:/opt/ros/jazzy/opt/gz_sensors_vendor:/opt/ros/jazzy/opt/gz_physics_vendor:/opt/ros/jazzy/opt/sdformat_vendor:/opt/ros/jazzy/opt/gz_gui_vendor:/opt/ros/jazzy/opt/gz_transport_vendor:/opt/ros/jazzy/opt/gz_rendering_vendor:/opt/ros/jazzy/opt/gz_plugin_vendor:/opt/ros/jazzy/opt/gz_fuel_tools_vendor:/opt/ros/jazzy/opt/gz_msgs_vendor:/opt/ros/jazzy/opt/gz_common_vendor:/opt/ros/jazzy/opt/gz_math_vendor:/opt/ros/jazzy/opt/gz_utils_vendor:/opt/ros/jazzy/opt/gz_tools_vendor:/opt/ros/jazzy/opt/gz_ogre_next_vendor:/opt/ros/jazzy/opt/gz_dartsim_vendor:/opt/ros/jazzy/opt/gz_cmake_vendor:/home/andre/ros2_ws/install/web_interface:/home/andre/ros2_ws/install/pose_printer:/home/andre/ros2_ws/install/mqtt_imu:/home/andre/ros2_ws/install/moveit_controls:/opt/ros/jazzy CONDA_PROMPT_MODIFIER=(base) DEBUGINFOD_URLS=https://debuginfod.ubuntu.com PYTHONPATH=/home/andre/ros2_ws/install/yolov5_detection/lib/python3.12/site-packages:${PYTHONPATH} /usr/bin/cmake --build /home/andre/ros2_ws/build/arm_bringup -- -j4 -l4
[8.539s] DEBUG:colcon.colcon_core.event_handler.log_command:Invoked command in '/home/andre/ros2_ws/build/arm_bringup' returned '0': AMENT_PREFIX_PATH=/home/andre/ros2_ws/install/robotic_arm_v3_config:/home/andre/ros2_ws/install/yolov5_detection:/home/andre/ros2_ws/install/web_interface:/home/andre/ros2_ws/install/pose_printer:/home/andre/ros2_ws/install/mqtt_imu:/home/andre/ros2_ws/install/moveit_controls:/home/andre/ros2_ws/install/robotic_arm_model_v3:/home/andre/ros2_ws/install/esp32_controller:/home/andre/ros2_ws/install/move_program:/opt/ros/jazzy CMAKE_PREFIX_PATH=/home/andre/ros2_ws/install/robotic_arm_v3_config:/home/andre/ros2_ws/install/esp32_controller:/home/andre/ros2_ws/install/robotic_arm_model_v3:/home/andre/ros2_ws/install/move_program:/opt/ros/jazzy/opt/gz_sim_vendor:/opt/ros/jazzy/opt/gz_sensors_vendor:/opt/ros/jazzy/opt/gz_physics_vendor:/opt/ros/jazzy/opt/sdformat_vendor:/opt/ros/jazzy/opt/gz_gui_vendor:/opt/ros/jazzy/opt/gz_transport_vendor:/opt/ros/jazzy/opt/gz_rendering_vendor:/opt/ros/jazzy/opt/gz_plugin_vendor:/opt/ros/jazzy/opt/gz_fuel_tools_vendor:/opt/ros/jazzy/opt/gz_msgs_vendor:/opt/ros/jazzy/opt/gz_common_vendor:/opt/ros/jazzy/opt/gz_math_vendor:/opt/ros/jazzy/opt/gz_utils_vendor:/opt/ros/jazzy/opt/gz_tools_vendor:/opt/ros/jazzy/opt/gz_ogre_next_vendor:/opt/ros/jazzy/opt/gz_dartsim_vendor:/opt/ros/jazzy/opt/gz_cmake_vendor:/home/andre/ros2_ws/install/web_interface:/home/andre/ros2_ws/install/pose_printer:/home/andre/ros2_ws/install/mqtt_imu:/home/andre/ros2_ws/install/moveit_controls:/opt/ros/jazzy CONDA_PROMPT_MODIFIER=(base) DEBUGINFOD_URLS=https://debuginfod.ubuntu.com PYTHONPATH=/home/andre/ros2_ws/install/yolov5_detection/lib/python3.12/site-packages:${PYTHONPATH} /usr/bin/cmake --build /home/andre/ros2_ws/build/arm_bringup -- -j4 -l4
[8.540s] DEBUG:colcon.colcon_core.event_handler.log_command:Invoking command in '/home/andre/ros2_ws/build/arm_bringup': AMENT_PREFIX_PATH=/home/andre/ros2_ws/install/robotic_arm_v3_config:/home/andre/ros2_ws/install/yolov5_detection:/home/andre/ros2_ws/install/web_interface:/home/andre/ros2_ws/install/pose_printer:/home/andre/ros2_ws/install/mqtt_imu:/home/andre/ros2_ws/install/moveit_controls:/home/andre/ros2_ws/install/robotic_arm_model_v3:/home/andre/ros2_ws/install/esp32_controller:/home/andre/ros2_ws/install/move_program:/opt/ros/jazzy CMAKE_PREFIX_PATH=/home/andre/ros2_ws/install/robotic_arm_v3_config:/home/andre/ros2_ws/install/esp32_controller:/home/andre/ros2_ws/install/robotic_arm_model_v3:/home/andre/ros2_ws/install/move_program:/opt/ros/jazzy/opt/gz_sim_vendor:/opt/ros/jazzy/opt/gz_sensors_vendor:/opt/ros/jazzy/opt/gz_physics_vendor:/opt/ros/jazzy/opt/sdformat_vendor:/opt/ros/jazzy/opt/gz_gui_vendor:/opt/ros/jazzy/opt/gz_transport_vendor:/opt/ros/jazzy/opt/gz_rendering_vendor:/opt/ros/jazzy/opt/gz_plugin_vendor:/opt/ros/jazzy/opt/gz_fuel_tools_vendor:/opt/ros/jazzy/opt/gz_msgs_vendor:/opt/ros/jazzy/opt/gz_common_vendor:/opt/ros/jazzy/opt/gz_math_vendor:/opt/ros/jazzy/opt/gz_utils_vendor:/opt/ros/jazzy/opt/gz_tools_vendor:/opt/ros/jazzy/opt/gz_ogre_next_vendor:/opt/ros/jazzy/opt/gz_dartsim_vendor:/opt/ros/jazzy/opt/gz_cmake_vendor:/home/andre/ros2_ws/install/web_interface:/home/andre/ros2_ws/install/pose_printer:/home/andre/ros2_ws/install/mqtt_imu:/home/andre/ros2_ws/install/moveit_controls:/opt/ros/jazzy CONDA_PROMPT_MODIFIER=(base) DEBUGINFOD_URLS=https://debuginfod.ubuntu.com PYTHONPATH=/home/andre/ros2_ws/install/yolov5_detection/lib/python3.12/site-packages:${PYTHONPATH} /usr/bin/cmake --install /home/andre/ros2_ws/build/arm_bringup
[8.557s] Level 1:colcon.colcon_core.environment:create_environment_scripts_only(arm_bringup)
[8.558s] Level 1:colcon.colcon_core.environment:checking '/home/andre/ros2_ws/install/arm_bringup' for CMake module files
[8.560s] Level 1:colcon.colcon_core.environment:checking '/home/andre/ros2_ws/install/arm_bringup' for CMake config files
[8.560s] Level 1:colcon.colcon_core.shell:create_environment_hook('arm_bringup', 'cmake_prefix_path')
[8.561s] INFO:colcon.colcon_core.shell:Creating environment hook '/home/andre/ros2_ws/install/arm_bringup/share/arm_bringup/hook/cmake_prefix_path.ps1'
[8.561s] INFO:colcon.colcon_core.shell:Creating environment descriptor '/home/andre/ros2_ws/install/arm_bringup/share/arm_bringup/hook/cmake_prefix_path.dsv'
[8.562s] INFO:colcon.colcon_core.shell:Creating environment hook '/home/andre/ros2_ws/install/arm_bringup/share/arm_bringup/hook/cmake_prefix_path.sh'
[8.563s] Level 1:colcon.colcon_core.environment:checking '/home/andre/ros2_ws/install/arm_bringup/bin'
[8.563s] Level 1:colcon.colcon_core.environment:checking '/home/andre/ros2_ws/install/arm_bringup/lib/pkgconfig/arm_bringup.pc'
[8.563s] Level 1:colcon.colcon_core.environment:checking '/home/andre/ros2_ws/install/arm_bringup/lib/python3.12/site-packages'
[8.564s] Level 1:colcon.colcon_core.environment:checking '/home/andre/ros2_ws/install/arm_bringup/bin'
[8.564s] INFO:colcon.colcon_core.shell:Creating package script '/home/andre/ros2_ws/install/arm_bringup/share/arm_bringup/package.ps1'
[8.566s] DEBUG:colcon.colcon_core.event_handler.log_command:Invoked command in '/home/andre/ros2_ws/build/arm_bringup' returned '0': AMENT_PREFIX_PATH=/home/andre/ros2_ws/install/robotic_arm_v3_config:/home/andre/ros2_ws/install/yolov5_detection:/home/andre/ros2_ws/install/web_interface:/home/andre/ros2_ws/install/pose_printer:/home/andre/ros2_ws/install/mqtt_imu:/home/andre/ros2_ws/install/moveit_controls:/home/andre/ros2_ws/install/robotic_arm_model_v3:/home/andre/ros2_ws/install/esp32_controller:/home/andre/ros2_ws/install/move_program:/opt/ros/jazzy CMAKE_PREFIX_PATH=/home/andre/ros2_ws/install/robotic_arm_v3_config:/home/andre/ros2_ws/install/esp32_controller:/home/andre/ros2_ws/install/robotic_arm_model_v3:/home/andre/ros2_ws/install/move_program:/opt/ros/jazzy/opt/gz_sim_vendor:/opt/ros/jazzy/opt/gz_sensors_vendor:/opt/ros/jazzy/opt/gz_physics_vendor:/opt/ros/jazzy/opt/sdformat_vendor:/opt/ros/jazzy/opt/gz_gui_vendor:/opt/ros/jazzy/opt/gz_transport_vendor:/opt/ros/jazzy/opt/gz_rendering_vendor:/opt/ros/jazzy/opt/gz_plugin_vendor:/opt/ros/jazzy/opt/gz_fuel_tools_vendor:/opt/ros/jazzy/opt/gz_msgs_vendor:/opt/ros/jazzy/opt/gz_common_vendor:/opt/ros/jazzy/opt/gz_math_vendor:/opt/ros/jazzy/opt/gz_utils_vendor:/opt/ros/jazzy/opt/gz_tools_vendor:/opt/ros/jazzy/opt/gz_ogre_next_vendor:/opt/ros/jazzy/opt/gz_dartsim_vendor:/opt/ros/jazzy/opt/gz_cmake_vendor:/home/andre/ros2_ws/install/web_interface:/home/andre/ros2_ws/install/pose_printer:/home/andre/ros2_ws/install/mqtt_imu:/home/andre/ros2_ws/install/moveit_controls:/opt/ros/jazzy CONDA_PROMPT_MODIFIER=(base) DEBUGINFOD_URLS=https://debuginfod.ubuntu.com PYTHONPATH=/home/andre/ros2_ws/install/yolov5_detection/lib/python3.12/site-packages:${PYTHONPATH} /usr/bin/cmake --install /home/andre/ros2_ws/build/arm_bringup
[8.569s] INFO:colcon.colcon_core.shell:Creating package descriptor '/home/andre/ros2_ws/install/arm_bringup/share/arm_bringup/package.dsv'
[8.569s] INFO:colcon.colcon_core.shell:Creating package script '/home/andre/ros2_ws/install/arm_bringup/share/arm_bringup/package.sh'
[8.570s] INFO:colcon.colcon_core.shell:Creating package script '/home/andre/ros2_ws/install/arm_bringup/share/arm_bringup/package.bash'
[8.570s] INFO:colcon.colcon_core.shell:Creating package script '/home/andre/ros2_ws/install/arm_bringup/share/arm_bringup/package.zsh'
[8.571s] Level 1:colcon.colcon_core.environment:create_file_with_runtime_dependencies(/home/andre/ros2_ws/install/arm_bringup/share/colcon-core/packages/arm_bringup)
[8.571s] Level 1:colcon.colcon_core.environment:create_environment_scripts_only(arm_bringup)
[8.572s] Level 1:colcon.colcon_core.environment:checking '/home/andre/ros2_ws/install/arm_bringup' for CMake module files
[8.573s] Level 1:colcon.colcon_core.environment:checking '/home/andre/ros2_ws/install/arm_bringup' for CMake config files
[8.573s] Level 1:colcon.colcon_core.shell:create_environment_hook('arm_bringup', 'cmake_prefix_path')
[8.573s] INFO:colcon.colcon_core.shell:Creating environment hook '/home/andre/ros2_ws/install/arm_bringup/share/arm_bringup/hook/cmake_prefix_path.ps1'
[8.574s] INFO:colcon.colcon_core.shell:Creating environment descriptor '/home/andre/ros2_ws/install/arm_bringup/share/arm_bringup/hook/cmake_prefix_path.dsv'
[8.575s] INFO:colcon.colcon_core.shell:Creating environment hook '/home/andre/ros2_ws/install/arm_bringup/share/arm_bringup/hook/cmake_prefix_path.sh'
[8.576s] Level 1:colcon.colcon_core.environment:checking '/home/andre/ros2_ws/install/arm_bringup/bin'
[8.576s] Level 1:colcon.colcon_core.environment:checking '/home/andre/ros2_ws/install/arm_bringup/lib/pkgconfig/arm_bringup.pc'
[8.576s] Level 1:colcon.colcon_core.environment:checking '/home/andre/ros2_ws/install/arm_bringup/lib/python3.12/site-packages'
[8.577s] Level 1:colcon.colcon_core.environment:checking '/home/andre/ros2_ws/install/arm_bringup/bin'
[8.577s] INFO:colcon.colcon_core.shell:Creating package script '/home/andre/ros2_ws/install/arm_bringup/share/arm_bringup/package.ps1'
[8.578s] INFO:colcon.colcon_core.shell:Creating package descriptor '/home/andre/ros2_ws/install/arm_bringup/share/arm_bringup/package.dsv'
[8.579s] INFO:colcon.colcon_core.shell:Creating package script '/home/andre/ros2_ws/install/arm_bringup/share/arm_bringup/package.sh'
[8.579s] INFO:colcon.colcon_core.shell:Creating package script '/home/andre/ros2_ws/install/arm_bringup/share/arm_bringup/package.bash'
[8.580s] INFO:colcon.colcon_core.shell:Creating package script '/home/andre/ros2_ws/install/arm_bringup/share/arm_bringup/package.zsh'
[8.581s] Level 1:colcon.colcon_core.environment:create_file_with_runtime_dependencies(/home/andre/ros2_ws/install/arm_bringup/share/colcon-core/packages/arm_bringup)
[43.453s] DEBUG:colcon.colcon_core.event_handler.log_command:Invoked command in '/home/andre/ros2_ws/build/ros_gz_interfaces' returned '0': CMAKE_PREFIX_PATH=${CMAKE_PREFIX_PATH}:/home/andre/ros2_ws/install/web_interface:/home/andre/ros2_ws/install/pose_printer:/home/andre/ros2_ws/install/mqtt_imu:/home/andre/ros2_ws/install/moveit_controls:/opt/ros/jazzy CONDA_PROMPT_MODIFIER=(base) DEBUGINFOD_URLS=https://debuginfod.ubuntu.com /usr/bin/cmake --build /home/andre/ros2_ws/build/ros_gz_interfaces -- -j4 -l4
[43.454s] DEBUG:colcon.colcon_core.event_handler.log_command:Invoking command in '/home/andre/ros2_ws/build/ros_gz_interfaces': CMAKE_PREFIX_PATH=${CMAKE_PREFIX_PATH}:/home/andre/ros2_ws/install/web_interface:/home/andre/ros2_ws/install/pose_printer:/home/andre/ros2_ws/install/mqtt_imu:/home/andre/ros2_ws/install/moveit_controls:/opt/ros/jazzy CONDA_PROMPT_MODIFIER=(base) DEBUGINFOD_URLS=https://debuginfod.ubuntu.com /usr/bin/cmake --install /home/andre/ros2_ws/build/ros_gz_interfaces
[43.665s] Level 1:colcon.colcon_core.environment:create_environment_scripts_only(ros_gz_interfaces)
[43.665s] Level 1:colcon.colcon_core.environment:checking '/home/andre/ros2_ws/install/ros_gz_interfaces' for CMake module files
[43.666s] DEBUG:colcon.colcon_core.event_handler.log_command:Invoked command in '/home/andre/ros2_ws/build/ros_gz_interfaces' returned '0': CMAKE_PREFIX_PATH=${CMAKE_PREFIX_PATH}:/home/andre/ros2_ws/install/web_interface:/home/andre/ros2_ws/install/pose_printer:/home/andre/ros2_ws/install/mqtt_imu:/home/andre/ros2_ws/install/moveit_controls:/opt/ros/jazzy CONDA_PROMPT_MODIFIER=(base) DEBUGINFOD_URLS=https://debuginfod.ubuntu.com /usr/bin/cmake --install /home/andre/ros2_ws/build/ros_gz_interfaces
[43.666s] Level 1:colcon.colcon_core.environment:checking '/home/andre/ros2_ws/install/ros_gz_interfaces' for CMake config files
[43.667s] Level 1:colcon.colcon_core.shell:create_environment_hook('ros_gz_interfaces', 'cmake_prefix_path')
[43.667s] INFO:colcon.colcon_core.shell:Creating environment hook '/home/andre/ros2_ws/install/ros_gz_interfaces/share/ros_gz_interfaces/hook/cmake_prefix_path.ps1'
[43.668s] INFO:colcon.colcon_core.shell:Creating environment descriptor '/home/andre/ros2_ws/install/ros_gz_interfaces/share/ros_gz_interfaces/hook/cmake_prefix_path.dsv'
[43.668s] INFO:colcon.colcon_core.shell:Creating environment hook '/home/andre/ros2_ws/install/ros_gz_interfaces/share/ros_gz_interfaces/hook/cmake_prefix_path.sh'
[43.669s] Level 1:colcon.colcon_core.environment:checking '/home/andre/ros2_ws/install/ros_gz_interfaces/lib'
[43.669s] Level 1:colcon.colcon_core.shell:create_environment_hook('ros_gz_interfaces', 'ld_library_path_lib')
[43.669s] INFO:colcon.colcon_core.shell:Creating environment hook '/home/andre/ros2_ws/install/ros_gz_interfaces/share/ros_gz_interfaces/hook/ld_library_path_lib.ps1'
[43.669s] INFO:colcon.colcon_core.shell:Creating environment descriptor '/home/andre/ros2_ws/install/ros_gz_interfaces/share/ros_gz_interfaces/hook/ld_library_path_lib.dsv'
[43.670s] INFO:colcon.colcon_core.shell:Creating environment hook '/home/andre/ros2_ws/install/ros_gz_interfaces/share/ros_gz_interfaces/hook/ld_library_path_lib.sh'
[43.670s] Level 1:colcon.colcon_core.environment:checking '/home/andre/ros2_ws/install/ros_gz_interfaces/bin'
[43.670s] Level 1:colcon.colcon_core.environment:checking '/home/andre/ros2_ws/install/ros_gz_interfaces/lib/pkgconfig/ros_gz_interfaces.pc'
[43.670s] Level 1:colcon.colcon_core.environment:checking '/home/andre/ros2_ws/install/ros_gz_interfaces/lib/python3.12/site-packages'
[43.671s] Level 1:colcon.colcon_core.environment:checking '/home/andre/ros2_ws/install/ros_gz_interfaces/bin'
[43.671s] INFO:colcon.colcon_core.shell:Creating package script '/home/andre/ros2_ws/install/ros_gz_interfaces/share/ros_gz_interfaces/package.ps1'
[43.671s] INFO:colcon.colcon_core.shell:Creating package descriptor '/home/andre/ros2_ws/install/ros_gz_interfaces/share/ros_gz_interfaces/package.dsv'
[43.672s] INFO:colcon.colcon_core.shell:Creating package script '/home/andre/ros2_ws/install/ros_gz_interfaces/share/ros_gz_interfaces/package.sh'
[43.672s] INFO:colcon.colcon_core.shell:Creating package script '/home/andre/ros2_ws/install/ros_gz_interfaces/share/ros_gz_interfaces/package.bash'
[43.673s] INFO:colcon.colcon_core.shell:Creating package script '/home/andre/ros2_ws/install/ros_gz_interfaces/share/ros_gz_interfaces/package.zsh'
[43.673s] Level 1:colcon.colcon_core.environment:create_file_with_runtime_dependencies(/home/andre/ros2_ws/install/ros_gz_interfaces/share/colcon-core/packages/ros_gz_interfaces)
[43.674s] Level 1:colcon.colcon_core.environment:create_environment_scripts_only(ros_gz_interfaces)
[43.674s] Level 1:colcon.colcon_core.environment:checking '/home/andre/ros2_ws/install/ros_gz_interfaces' for CMake module files
[43.675s] Level 1:colcon.colcon_core.environment:checking '/home/andre/ros2_ws/install/ros_gz_interfaces' for CMake config files
[43.675s] Level 1:colcon.colcon_core.shell:create_environment_hook('ros_gz_interfaces', 'cmake_prefix_path')
[43.676s] INFO:colcon.colcon_core.shell:Creating environment hook '/home/andre/ros2_ws/install/ros_gz_interfaces/share/ros_gz_interfaces/hook/cmake_prefix_path.ps1'
[43.676s] INFO:colcon.colcon_core.shell:Creating environment descriptor '/home/andre/ros2_ws/install/ros_gz_interfaces/share/ros_gz_interfaces/hook/cmake_prefix_path.dsv'
[43.676s] INFO:colcon.colcon_core.shell:Creating environment hook '/home/andre/ros2_ws/install/ros_gz_interfaces/share/ros_gz_interfaces/hook/cmake_prefix_path.sh'
[43.677s] Level 1:colcon.colcon_core.environment:checking '/home/andre/ros2_ws/install/ros_gz_interfaces/lib'
[43.677s] Level 1:colcon.colcon_core.shell:create_environment_hook('ros_gz_interfaces', 'ld_library_path_lib')
[43.677s] INFO:colcon.colcon_core.shell:Creating environment hook '/home/andre/ros2_ws/install/ros_gz_interfaces/share/ros_gz_interfaces/hook/ld_library_path_lib.ps1'
[43.678s] INFO:colcon.colcon_core.shell:Creating environment descriptor '/home/andre/ros2_ws/install/ros_gz_interfaces/share/ros_gz_interfaces/hook/ld_library_path_lib.dsv'
[43.678s] INFO:colcon.colcon_core.shell:Creating environment hook '/home/andre/ros2_ws/install/ros_gz_interfaces/share/ros_gz_interfaces/hook/ld_library_path_lib.sh'
[43.678s] Level 1:colcon.colcon_core.environment:checking '/home/andre/ros2_ws/install/ros_gz_interfaces/bin'
[43.678s] Level 1:colcon.colcon_core.environment:checking '/home/andre/ros2_ws/install/ros_gz_interfaces/lib/pkgconfig/ros_gz_interfaces.pc'
[43.679s] Level 1:colcon.colcon_core.environment:checking '/home/andre/ros2_ws/install/ros_gz_interfaces/lib/python3.12/site-packages'
[43.679s] Level 1:colcon.colcon_core.environment:checking '/home/andre/ros2_ws/install/ros_gz_interfaces/bin'
[43.679s] INFO:colcon.colcon_core.shell:Creating package script '/home/andre/ros2_ws/install/ros_gz_interfaces/share/ros_gz_interfaces/package.ps1'
[43.680s] INFO:colcon.colcon_core.shell:Creating package descriptor '/home/andre/ros2_ws/install/ros_gz_interfaces/share/ros_gz_interfaces/package.dsv'
[43.681s] INFO:colcon.colcon_core.shell:Creating package script '/home/andre/ros2_ws/install/ros_gz_interfaces/share/ros_gz_interfaces/package.sh'
[43.681s] INFO:colcon.colcon_core.shell:Creating package script '/home/andre/ros2_ws/install/ros_gz_interfaces/share/ros_gz_interfaces/package.bash'
[43.682s] INFO:colcon.colcon_core.shell:Creating package script '/home/andre/ros2_ws/install/ros_gz_interfaces/share/ros_gz_interfaces/package.zsh'
[43.682s] Level 1:colcon.colcon_core.environment:create_file_with_runtime_dependencies(/home/andre/ros2_ws/install/ros_gz_interfaces/share/colcon-core/packages/ros_gz_interfaces)
[43.682s] INFO:colcon.colcon_ros.task.ament_cmake.build:Building ROS package in '/home/andre/ros2_ws/src/external/ros_gz/ros_gz_bridge' with build type 'ament_cmake'
[43.683s] INFO:colcon.colcon_cmake.task.cmake.build:Building CMake package in '/home/andre/ros2_ws/src/external/ros_gz/ros_gz_bridge'
[43.683s] INFO:colcon.colcon_core.shell:Skip shell extension 'powershell' for command environment: Not usable outside of PowerShell
[43.683s] DEBUG:colcon.colcon_core.shell:Skip shell extension 'dsv' for command environment
[43.694s] DEBUG:colcon.colcon_core.event_handler.log_command:Invoking command in '/home/andre/ros2_ws/build/ros_gz_bridge': AMENT_PREFIX_PATH=/home/andre/ros2_ws/install/ros_gz_interfaces:${AMENT_PREFIX_PATH} CMAKE_PREFIX_PATH=/home/andre/ros2_ws/install/ros_gz_interfaces:/home/andre/ros2_ws/install/robotic_arm_model_v3:/home/andre/ros2_ws/install/esp32_controller:/home/andre/ros2_ws/install/move_program:/opt/ros/jazzy/opt/gz_sim_vendor:/opt/ros/jazzy/opt/gz_sensors_vendor:/opt/ros/jazzy/opt/gz_physics_vendor:/opt/ros/jazzy/opt/sdformat_vendor:/opt/ros/jazzy/opt/gz_gui_vendor:/opt/ros/jazzy/opt/gz_transport_vendor:/opt/ros/jazzy/opt/gz_rendering_vendor:/opt/ros/jazzy/opt/gz_plugin_vendor:/opt/ros/jazzy/opt/gz_fuel_tools_vendor:/opt/ros/jazzy/opt/gz_msgs_vendor:/opt/ros/jazzy/opt/gz_common_vendor:/opt/ros/jazzy/opt/gz_math_vendor:/opt/ros/jazzy/opt/gz_utils_vendor:/opt/ros/jazzy/opt/gz_tools_vendor:/opt/ros/jazzy/opt/gz_ogre_next_vendor:/opt/ros/jazzy/opt/gz_dartsim_vendor:/opt/ros/jazzy/opt/gz_cmake_vendor:/home/andre/ros2_ws/install/web_interface:/home/andre/ros2_ws/install/pose_printer:/home/andre/ros2_ws/install/mqtt_imu:/home/andre/ros2_ws/install/moveit_controls:/opt/ros/jazzy CONDA_PROMPT_MODIFIER=(base) DEBUGINFOD_URLS=https://debuginfod.ubuntu.com LD_LIBRARY_PATH=/home/andre/ros2_ws/install/ros_gz_interfaces/lib:${LD_LIBRARY_PATH} PYTHONPATH=/home/andre/ros2_ws/install/ros_gz_interfaces/lib/python3.13/site-packages:${PYTHONPATH} /usr/bin/cmake /home/andre/ros2_ws/src/external/ros_gz/ros_gz_bridge -DCMAKE_EXE_LINKER_FLAGS=-lcurl -DCMAKE_INSTALL_PREFIX=/home/andre/ros2_ws/install/ros_gz_bridge
[46.938s] DEBUG:colcon.colcon_core.event_handler.log_command:Invoked command in '/home/andre/ros2_ws/build/ros_gz_bridge' returned '0': AMENT_PREFIX_PATH=/home/andre/ros2_ws/install/ros_gz_interfaces:${AMENT_PREFIX_PATH} CMAKE_PREFIX_PATH=/home/andre/ros2_ws/install/ros_gz_interfaces:/home/andre/ros2_ws/install/robotic_arm_model_v3:/home/andre/ros2_ws/install/esp32_controller:/home/andre/ros2_ws/install/move_program:/opt/ros/jazzy/opt/gz_sim_vendor:/opt/ros/jazzy/opt/gz_sensors_vendor:/opt/ros/jazzy/opt/gz_physics_vendor:/opt/ros/jazzy/opt/sdformat_vendor:/opt/ros/jazzy/opt/gz_gui_vendor:/opt/ros/jazzy/opt/gz_transport_vendor:/opt/ros/jazzy/opt/gz_rendering_vendor:/opt/ros/jazzy/opt/gz_plugin_vendor:/opt/ros/jazzy/opt/gz_fuel_tools_vendor:/opt/ros/jazzy/opt/gz_msgs_vendor:/opt/ros/jazzy/opt/gz_common_vendor:/opt/ros/jazzy/opt/gz_math_vendor:/opt/ros/jazzy/opt/gz_utils_vendor:/opt/ros/jazzy/opt/gz_tools_vendor:/opt/ros/jazzy/opt/gz_ogre_next_vendor:/opt/ros/jazzy/opt/gz_dartsim_vendor:/opt/ros/jazzy/opt/gz_cmake_vendor:/home/andre/ros2_ws/install/web_interface:/home/andre/ros2_ws/install/pose_printer:/home/andre/ros2_ws/install/mqtt_imu:/home/andre/ros2_ws/install/moveit_controls:/opt/ros/jazzy CONDA_PROMPT_MODIFIER=(base) DEBUGINFOD_URLS=https://debuginfod.ubuntu.com LD_LIBRARY_PATH=/home/andre/ros2_ws/install/ros_gz_interfaces/lib:${LD_LIBRARY_PATH} PYTHONPATH=/home/andre/ros2_ws/install/ros_gz_interfaces/lib/python3.13/site-packages:${PYTHONPATH} /usr/bin/cmake /home/andre/ros2_ws/src/external/ros_gz/ros_gz_bridge -DCMAKE_EXE_LINKER_FLAGS=-lcurl -DCMAKE_INSTALL_PREFIX=/home/andre/ros2_ws/install/ros_gz_bridge
[46.939s] DEBUG:colcon.colcon_core.event_handler.log_command:Invoking command in '/home/andre/ros2_ws/build/ros_gz_bridge': AMENT_PREFIX_PATH=/home/andre/ros2_ws/install/ros_gz_interfaces:${AMENT_PREFIX_PATH} CMAKE_PREFIX_PATH=/home/andre/ros2_ws/install/ros_gz_interfaces:/home/andre/ros2_ws/install/robotic_arm_model_v3:/home/andre/ros2_ws/install/esp32_controller:/home/andre/ros2_ws/install/move_program:/opt/ros/jazzy/opt/gz_sim_vendor:/opt/ros/jazzy/opt/gz_sensors_vendor:/opt/ros/jazzy/opt/gz_physics_vendor:/opt/ros/jazzy/opt/sdformat_vendor:/opt/ros/jazzy/opt/gz_gui_vendor:/opt/ros/jazzy/opt/gz_transport_vendor:/opt/ros/jazzy/opt/gz_rendering_vendor:/opt/ros/jazzy/opt/gz_plugin_vendor:/opt/ros/jazzy/opt/gz_fuel_tools_vendor:/opt/ros/jazzy/opt/gz_msgs_vendor:/opt/ros/jazzy/opt/gz_common_vendor:/opt/ros/jazzy/opt/gz_math_vendor:/opt/ros/jazzy/opt/gz_utils_vendor:/opt/ros/jazzy/opt/gz_tools_vendor:/opt/ros/jazzy/opt/gz_ogre_next_vendor:/opt/ros/jazzy/opt/gz_dartsim_vendor:/opt/ros/jazzy/opt/gz_cmake_vendor:/home/andre/ros2_ws/install/web_interface:/home/andre/ros2_ws/install/pose_printer:/home/andre/ros2_ws/install/mqtt_imu:/home/andre/ros2_ws/install/moveit_controls:/opt/ros/jazzy CONDA_PROMPT_MODIFIER=(base) DEBUGINFOD_URLS=https://debuginfod.ubuntu.com LD_LIBRARY_PATH=/home/andre/ros2_ws/install/ros_gz_interfaces/lib:${LD_LIBRARY_PATH} PYTHONPATH=/home/andre/ros2_ws/install/ros_gz_interfaces/lib/python3.13/site-packages:${PYTHONPATH} /usr/bin/cmake --build /home/andre/ros2_ws/build/ros_gz_bridge -- -j4 -l4
[51.945s] DEBUG:colcon.colcon_core.event_handler.log_command:Invoked command in '/home/andre/ros2_ws/build/ros_gz_bridge' returned '2': AMENT_PREFIX_PATH=/home/andre/ros2_ws/install/ros_gz_interfaces:${AMENT_PREFIX_PATH} CMAKE_PREFIX_PATH=/home/andre/ros2_ws/install/ros_gz_interfaces:/home/andre/ros2_ws/install/robotic_arm_model_v3:/home/andre/ros2_ws/install/esp32_controller:/home/andre/ros2_ws/install/move_program:/opt/ros/jazzy/opt/gz_sim_vendor:/opt/ros/jazzy/opt/gz_sensors_vendor:/opt/ros/jazzy/opt/gz_physics_vendor:/opt/ros/jazzy/opt/sdformat_vendor:/opt/ros/jazzy/opt/gz_gui_vendor:/opt/ros/jazzy/opt/gz_transport_vendor:/opt/ros/jazzy/opt/gz_rendering_vendor:/opt/ros/jazzy/opt/gz_plugin_vendor:/opt/ros/jazzy/opt/gz_fuel_tools_vendor:/opt/ros/jazzy/opt/gz_msgs_vendor:/opt/ros/jazzy/opt/gz_common_vendor:/opt/ros/jazzy/opt/gz_math_vendor:/opt/ros/jazzy/opt/gz_utils_vendor:/opt/ros/jazzy/opt/gz_tools_vendor:/opt/ros/jazzy/opt/gz_ogre_next_vendor:/opt/ros/jazzy/opt/gz_dartsim_vendor:/opt/ros/jazzy/opt/gz_cmake_vendor:/home/andre/ros2_ws/install/web_interface:/home/andre/ros2_ws/install/pose_printer:/home/andre/ros2_ws/install/mqtt_imu:/home/andre/ros2_ws/install/moveit_controls:/opt/ros/jazzy CONDA_PROMPT_MODIFIER=(base) DEBUGINFOD_URLS=https://debuginfod.ubuntu.com LD_LIBRARY_PATH=/home/andre/ros2_ws/install/ros_gz_interfaces/lib:${LD_LIBRARY_PATH} PYTHONPATH=/home/andre/ros2_ws/install/ros_gz_interfaces/lib/python3.13/site-packages:${PYTHONPATH} /usr/bin/cmake --build /home/andre/ros2_ws/build/ros_gz_bridge -- -j4 -l4
[51.945s] Level 1:colcon.colcon_core.environment:create_environment_scripts_only(ros_gz_bridge)
[51.945s] Level 1:colcon.colcon_core.environment:checking '/home/andre/ros2_ws/install/ros_gz_bridge' for CMake module files
[51.946s] Level 1:colcon.colcon_core.environment:checking '/home/andre/ros2_ws/install/ros_gz_bridge' for CMake config files
[51.946s] Level 1:colcon.colcon_core.environment:checking '/home/andre/ros2_ws/install/ros_gz_bridge/bin'
[51.946s] Level 1:colcon.colcon_core.environment:checking '/home/andre/ros2_ws/install/ros_gz_bridge/lib/pkgconfig/ros_gz_bridge.pc'
[51.947s] Level 1:colcon.colcon_core.environment:checking '/home/andre/ros2_ws/install/ros_gz_bridge/lib/python3.12/site-packages'
[51.948s] Level 1:colcon.colcon_core.environment:checking '/home/andre/ros2_ws/install/ros_gz_bridge/bin'
[51.948s] INFO:colcon.colcon_core.shell:Creating package script '/home/andre/ros2_ws/install/ros_gz_bridge/share/ros_gz_bridge/package.ps1'
[51.949s] INFO:colcon.colcon_core.shell:Creating package descriptor '/home/andre/ros2_ws/install/ros_gz_bridge/share/ros_gz_bridge/package.dsv'
[51.949s] INFO:colcon.colcon_core.shell:Creating package script '/home/andre/ros2_ws/install/ros_gz_bridge/share/ros_gz_bridge/package.sh'
[51.950s] INFO:colcon.colcon_core.shell:Creating package script '/home/andre/ros2_ws/install/ros_gz_bridge/share/ros_gz_bridge/package.bash'
[51.950s] INFO:colcon.colcon_core.shell:Creating package script '/home/andre/ros2_ws/install/ros_gz_bridge/share/ros_gz_bridge/package.zsh'
[51.950s] Level 1:colcon.colcon_core.environment:create_file_with_runtime_dependencies(/home/andre/ros2_ws/install/ros_gz_bridge/share/colcon-core/packages/ros_gz_bridge)
[51.961s] DEBUG:colcon.colcon_parallel_executor.executor.parallel:closing loop
[51.961s] DEBUG:colcon.colcon_parallel_executor.executor.parallel:loop closed
[51.961s] DEBUG:colcon.colcon_parallel_executor.executor.parallel:run_until_complete finished with '2'
[51.961s] DEBUG:colcon.colcon_core.event_reactor:joining thread
[51.971s] INFO:colcon.colcon_core.plugin_system:Skipping extension 'colcon_notification.desktop_notification.terminal_notifier': Not used on non-Darwin systems
[51.971s] INFO:colcon.colcon_core.plugin_system:Skipping extension 'colcon_notification.desktop_notification.win32': Not used on non-Windows systems
[51.971s] INFO:colcon.colcon_notification.desktop_notification:Sending desktop notification using 'notify2'
[51.990s] DEBUG:colcon.colcon_core.event_reactor:joined thread
[51.991s] INFO:colcon.colcon_core.shell:Creating prefix script '/home/andre/ros2_ws/install/local_setup.ps1'
[51.992s] INFO:colcon.colcon_core.shell:Creating prefix util module '/home/andre/ros2_ws/install/_local_setup_util_ps1.py'
[51.994s] INFO:colcon.colcon_core.shell:Creating prefix chain script '/home/andre/ros2_ws/install/setup.ps1'
[51.996s] INFO:colcon.colcon_core.shell:Creating prefix script '/home/andre/ros2_ws/install/local_setup.sh'
[51.997s] INFO:colcon.colcon_core.shell:Creating prefix util module '/home/andre/ros2_ws/install/_local_setup_util_sh.py'
[51.998s] INFO:colcon.colcon_core.shell:Creating prefix chain script '/home/andre/ros2_ws/install/setup.sh'
[52.000s] INFO:colcon.colcon_core.shell:Creating prefix script '/home/andre/ros2_ws/install/local_setup.bash'
[52.000s] INFO:colcon.colcon_core.shell:Creating prefix chain script '/home/andre/ros2_ws/install/setup.bash'
[52.002s] INFO:colcon.colcon_core.shell:Creating prefix script '/home/andre/ros2_ws/install/local_setup.zsh'
[52.002s] INFO:colcon.colcon_core.shell:Creating prefix chain script '/home/andre/ros2_ws/install/setup.zsh'
