[0.000000] (-) TimerEvent: {}
[0.001847] (cpp_pubsub) JobQueued: {'identifier': 'cpp_pubsub', 'dependencies': OrderedDict()}
[0.002001] (move_program) JobQueued: {'identifier': 'move_program', 'dependencies': OrderedDict()}
[0.002075] (moveit_controls) JobQueued: {'identifier': 'moveit_controls', 'dependencies': OrderedDict()}
[0.002143] (mqtt_imu) JobQueued: {'identifier': 'mqtt_imu', 'dependencies': OrderedDict()}
[0.002208] (pose_printer) JobQueued: {'identifier': 'pose_printer', 'dependencies': OrderedDict()}
[0.002274] (robotic_arm_config) JobQueued: {'identifier': 'robotic_arm_config', 'dependencies': OrderedDict()}
[0.002334] (robotic_arm_model_v3) JobQueued: {'identifier': 'robotic_arm_model_v3', 'dependencies': OrderedDict()}
[0.002394] (robotic_arm_moveit) JobQueued: {'identifier': 'robotic_arm_moveit', 'dependencies': OrderedDict()}
[0.002453] (robotic_arm_v3_config) JobQueued: {'identifier': 'robotic_arm_v3_config', 'dependencies': OrderedDict({'robotic_arm_model_v3': '/home/bot/ros2_ws/install/robotic_arm_model_v3'})}
[0.002535] (robotic_arm_model_v3) JobStarted: {'identifier': 'robotic_arm_model_v3'}
[0.056883] (cpp_pubsub) JobStarted: {'identifier': 'cpp_pubsub'}
[0.085919] (move_program) JobStarted: {'identifier': 'move_program'}
[0.100747] (-) TimerEvent: {}
[0.116173] (moveit_controls) JobStarted: {'identifier': 'moveit_controls'}
[0.162433] (robotic_arm_model_v3) JobProgress: {'identifier': 'robotic_arm_model_v3', 'progress': 'cmake'}
[0.165417] (robotic_arm_model_v3) Command: {'cmd': ['/usr/bin/cmake', '/home/bot/ros2_ws/src/robotic_arm_model_v3', '-DCMAKE_INSTALL_PREFIX=/home/bot/ros2_ws/install/robotic_arm_model_v3'], 'cwd': '/home/bot/ros2_ws/build/robotic_arm_model_v3', 'env': OrderedDict({'LESSOPEN': '| /usr/bin/lesspipe %s', 'USER': 'bot', 'GZ_CONFIG_PATH': '/opt/ros/jazzy/opt/sdformat_vendor/share/gz', 'XDG_SESSION_TYPE': 'wayland', 'CLUTTER_DISABLE_MIPMAPPED_TEXT': '1', 'SHLVL': '1', 'LD_LIBRARY_PATH': '/opt/ros/jazzy/opt/sdformat_vendor/lib:/opt/ros/jazzy/opt/rviz_ogre_vendor/lib:/opt/ros/jazzy/lib/aarch64-linux-gnu:/opt/ros/jazzy/opt/gz_math_vendor/lib:/opt/ros/jazzy/opt/gz_utils_vendor/lib:/opt/ros/jazzy/opt/gz_tools_vendor/lib:/opt/ros/jazzy/opt/gz_cmake_vendor/lib:/opt/ros/jazzy/lib', 'HOME': '/home/bot', 'OLDPWD': '/home/bot/ros2_ws', 'DESKTOP_SESSION': 'ubuntu', 'ROS_PYTHON_VERSION': '3', 'GNOME_SHELL_SESSION_MODE': 'ubuntu', 'GTK_MODULES': 'gail:atk-bridge', 'SYSTEMD_EXEC_PID': '2617', 'GSM_SKIP_SSH_AGENT_WORKAROUND': 'true', 'DBUS_SESSION_BUS_ADDRESS': 'unix:path=/run/user/1000/bus', 'COLORTERM': 'truecolor', 'DEBUGINFOD_URLS': 'https://debuginfod.ubuntu.com', 'IM_CONFIG_PHASE': '1', 'WAYLAND_DISPLAY': 'wayland-0', 'COLCON_PREFIX_PATH': '/home/bot/ros2_ws/install', 'ROS_DISTRO': 'jazzy', 'LOGNAME': 'bot', '_': '/usr/bin/colcon', 'ROS_VERSION': '2', 'MEMORY_PRESSURE_WATCH': '/sys/fs/cgroup/user.slice/user-1000.slice/user@1000.service/session.slice/org.gnome.Shell@wayland.service/memory.pressure', 'XDG_SESSION_CLASS': 'user', 'USERNAME': 'bot', 'TERM': 'xterm-256color', 'GNOME_DESKTOP_SESSION_ID': 'this-is-deprecated', 'PATH': '/opt/ros/jazzy/opt/gz_tools_vendor/bin:/opt/ros/jazzy/bin:/usr/local/sbin:/usr/local/bin:/usr/sbin:/usr/bin:/sbin:/bin:/usr/games:/usr/local/games:/snap/bin:/snap/bin', 'SESSION_MANAGER': 'local/bot-desktop:@/tmp/.ICE-unix/2576,unix/bot-desktop:/tmp/.ICE-unix/2576', 'XDG_MENU_PREFIX': 'gnome-', 'GNOME_TERMINAL_SCREEN': '/org/gnome/Terminal/screen/3af69af4_558a_455a_946d_9d2d672ef67b', 'GNOME_SETUP_DISPLAY': ':1', 'XDG_RUNTIME_DIR': '/run/user/1000', 'DISPLAY': ':0', 'LANG': 'en_US.UTF-8', 'XDG_CURRENT_DESKTOP': 'ubuntu:GNOME', 'XMODIFIERS': '@im=ibus', 'XDG_SESSION_DESKTOP': 'ubuntu', 'XAUTHORITY': '/run/user/1000/.mutter-Xwaylandauth.VZBUI3', 'LS_COLORS': 'rs=0:di=01;34:ln=01;36:mh=00:pi=40;33:so=01;35:do=01;35:bd=40;33;01:cd=40;33;01:or=40;31;01:mi=00:su=37;41:sg=30;43:ca=00:tw=30;42:ow=34;42:st=37;44:ex=01;32:*.tar=01;31:*.tgz=01;31:*.arc=01;31:*.arj=01;31:*.taz=01;31:*.lha=01;31:*.lz4=01;31:*.lzh=01;31:*.lzma=01;31:*.tlz=01;31:*.txz=01;31:*.tzo=01;31:*.t7z=01;31:*.zip=01;31:*.z=01;31:*.dz=01;31:*.gz=01;31:*.lrz=01;31:*.lz=01;31:*.lzo=01;31:*.xz=01;31:*.zst=01;31:*.tzst=01;31:*.bz2=01;31:*.bz=01;31:*.tbz=01;31:*.tbz2=01;31:*.tz=01;31:*.deb=01;31:*.rpm=01;31:*.jar=01;31:*.war=01;31:*.ear=01;31:*.sar=01;31:*.rar=01;31:*.alz=01;31:*.ace=01;31:*.zoo=01;31:*.cpio=01;31:*.7z=01;31:*.rz=01;31:*.cab=01;31:*.wim=01;31:*.swm=01;31:*.dwm=01;31:*.esd=01;31:*.avif=01;35:*.jpg=01;35:*.jpeg=01;35:*.mjpg=01;35:*.mjpeg=01;35:*.gif=01;35:*.bmp=01;35:*.pbm=01;35:*.pgm=01;35:*.ppm=01;35:*.tga=01;35:*.xbm=01;35:*.xpm=01;35:*.tif=01;35:*.tiff=01;35:*.png=01;35:*.svg=01;35:*.svgz=01;35:*.mng=01;35:*.pcx=01;35:*.mov=01;35:*.mpg=01;35:*.mpeg=01;35:*.m2v=01;35:*.mkv=01;35:*.webm=01;35:*.webp=01;35:*.ogm=01;35:*.mp4=01;35:*.m4v=01;35:*.mp4v=01;35:*.vob=01;35:*.qt=01;35:*.nuv=01;35:*.wmv=01;35:*.asf=01;35:*.rm=01;35:*.rmvb=01;35:*.flc=01;35:*.avi=01;35:*.fli=01;35:*.flv=01;35:*.gl=01;35:*.dl=01;35:*.xcf=01;35:*.xwd=01;35:*.yuv=01;35:*.cgm=01;35:*.emf=01;35:*.ogv=01;35:*.ogx=01;35:*.aac=00;36:*.au=00;36:*.flac=00;36:*.m4a=00;36:*.mid=00;36:*.midi=00;36:*.mka=00;36:*.mp3=00;36:*.mpc=00;36:*.ogg=00;36:*.ra=00;36:*.wav=00;36:*.oga=00;36:*.opus=00;36:*.spx=00;36:*.xspf=00;36:*~=00;90:*#=00;90:*.bak=00;90:*.crdownload=00;90:*.dpkg-dist=00;90:*.dpkg-new=00;90:*.dpkg-old=00;90:*.dpkg-tmp=00;90:*.old=00;90:*.orig=00;90:*.part=00;90:*.rej=00;90:*.rpmnew=00;90:*.rpmorig=00;90:*.rpmsave=00;90:*.swp=00;90:*.tmp=00;90:*.ucf-dist=00;90:*.ucf-new=00;90:*.ucf-old=00;90:', 'GNOME_TERMINAL_SERVICE': ':1.138', 'SSH_AUTH_SOCK': '/run/user/1000/keyring/ssh', 'AMENT_PREFIX_PATH': '/home/bot/ros2_ws/install/mqtt_imu:/home/bot/ros2_ws/install/robotic_arm_v3_config:/home/bot/ros2_ws/install/robotic_arm_moveit:/home/bot/ros2_ws/install/robotic_arm_model_v3:/home/bot/ros2_ws/install/robotic_arm_config:/home/bot/ros2_ws/install/pose_printer:/home/bot/ros2_ws/install/moveit_controls:/home/bot/ros2_ws/install/move_program:/home/bot/ros2_ws/install/cpp_pubsub:/opt/ros/jazzy', 'SHELL': '/bin/bash', 'QT_ACCESSIBILITY': '1', 'GDMSESSION': 'ubuntu', 'LESSCLOSE': '/usr/bin/lesspipe %s %s', 'ROS_AUTOMATIC_DISCOVERY_RANGE': 'SUBNET', 'QT_IM_MODULE': 'ibus', 'PWD': '/home/bot/ros2_ws/build/robotic_arm_model_v3', 'LC_ALL': 'en_US.UTF-8', 'XDG_CONFIG_DIRS': '/etc/xdg/xdg-ubuntu:/etc/xdg', 'XDG_DATA_DIRS': '/usr/share/ubuntu:/usr/share/gnome:/usr/local/share/:/usr/share/:/var/lib/snapd/desktop', 'PYTHONPATH': '/home/bot/ros2_ws/install/mqtt_imu/lib/python3.12/site-packages:/home/bot/ros2_ws/install/pose_printer/lib/python3.12/site-packages:/home/bot/ros2_ws/install/moveit_controls/lib/python3.12/site-packages:/opt/ros/jazzy/lib/python3.12/site-packages', 'COLCON': '1', 'MEMORY_PRESSURE_WRITE': 'c29tZSAyMDAwMDAgMjAwMDAwMAA=', 'VTE_VERSION': '7600', 'CMAKE_PREFIX_PATH': '/home/bot/ros2_ws/install/robotic_arm_v3_config:/home/bot/ros2_ws/install/robotic_arm_moveit:/home/bot/ros2_ws/install/robotic_arm_model_v3:/home/bot/ros2_ws/install/robotic_arm_config:/home/bot/ros2_ws/install/move_program:/home/bot/ros2_ws/install/cpp_pubsub:/opt/ros/jazzy/opt/sdformat_vendor:/opt/ros/jazzy/opt/gz_math_vendor:/opt/ros/jazzy/opt/gz_utils_vendor:/opt/ros/jazzy/opt/gz_tools_vendor:/opt/ros/jazzy/opt/gz_cmake_vendor:/home/bot/ros2_ws/install/mqtt_imu:/home/bot/ros2_ws/install/pose_printer:/home/bot/ros2_ws/install/moveit_controls:/opt/ros/jazzy'}), 'shell': False}
[0.183030] (cpp_pubsub) JobProgress: {'identifier': 'cpp_pubsub', 'progress': 'cmake'}
[0.184993] (cpp_pubsub) Command: {'cmd': ['/usr/bin/cmake', '/home/bot/ros2_ws/src/cpp_pubsub', '-DCMAKE_INSTALL_PREFIX=/home/bot/ros2_ws/install/cpp_pubsub'], 'cwd': '/home/bot/ros2_ws/build/cpp_pubsub', 'env': OrderedDict({'LESSOPEN': '| /usr/bin/lesspipe %s', 'USER': 'bot', 'GZ_CONFIG_PATH': '/opt/ros/jazzy/opt/sdformat_vendor/share/gz', 'XDG_SESSION_TYPE': 'wayland', 'CLUTTER_DISABLE_MIPMAPPED_TEXT': '1', 'SHLVL': '1', 'LD_LIBRARY_PATH': '/opt/ros/jazzy/opt/sdformat_vendor/lib:/opt/ros/jazzy/opt/rviz_ogre_vendor/lib:/opt/ros/jazzy/lib/aarch64-linux-gnu:/opt/ros/jazzy/opt/gz_math_vendor/lib:/opt/ros/jazzy/opt/gz_utils_vendor/lib:/opt/ros/jazzy/opt/gz_tools_vendor/lib:/opt/ros/jazzy/opt/gz_cmake_vendor/lib:/opt/ros/jazzy/lib', 'HOME': '/home/bot', 'OLDPWD': '/home/bot/ros2_ws', 'DESKTOP_SESSION': 'ubuntu', 'ROS_PYTHON_VERSION': '3', 'GNOME_SHELL_SESSION_MODE': 'ubuntu', 'GTK_MODULES': 'gail:atk-bridge', 'SYSTEMD_EXEC_PID': '2617', 'GSM_SKIP_SSH_AGENT_WORKAROUND': 'true', 'DBUS_SESSION_BUS_ADDRESS': 'unix:path=/run/user/1000/bus', 'COLORTERM': 'truecolor', 'DEBUGINFOD_URLS': 'https://debuginfod.ubuntu.com', 'IM_CONFIG_PHASE': '1', 'WAYLAND_DISPLAY': 'wayland-0', 'COLCON_PREFIX_PATH': '/home/bot/ros2_ws/install', 'ROS_DISTRO': 'jazzy', 'LOGNAME': 'bot', '_': '/usr/bin/colcon', 'ROS_VERSION': '2', 'MEMORY_PRESSURE_WATCH': '/sys/fs/cgroup/user.slice/user-1000.slice/user@1000.service/session.slice/org.gnome.Shell@wayland.service/memory.pressure', 'XDG_SESSION_CLASS': 'user', 'USERNAME': 'bot', 'TERM': 'xterm-256color', 'GNOME_DESKTOP_SESSION_ID': 'this-is-deprecated', 'PATH': '/opt/ros/jazzy/opt/gz_tools_vendor/bin:/opt/ros/jazzy/bin:/usr/local/sbin:/usr/local/bin:/usr/sbin:/usr/bin:/sbin:/bin:/usr/games:/usr/local/games:/snap/bin:/snap/bin', 'SESSION_MANAGER': 'local/bot-desktop:@/tmp/.ICE-unix/2576,unix/bot-desktop:/tmp/.ICE-unix/2576', 'XDG_MENU_PREFIX': 'gnome-', 'GNOME_TERMINAL_SCREEN': '/org/gnome/Terminal/screen/3af69af4_558a_455a_946d_9d2d672ef67b', 'GNOME_SETUP_DISPLAY': ':1', 'XDG_RUNTIME_DIR': '/run/user/1000', 'DISPLAY': ':0', 'LANG': 'en_US.UTF-8', 'XDG_CURRENT_DESKTOP': 'ubuntu:GNOME', 'XMODIFIERS': '@im=ibus', 'XDG_SESSION_DESKTOP': 'ubuntu', 'XAUTHORITY': '/run/user/1000/.mutter-Xwaylandauth.VZBUI3', 'LS_COLORS': 'rs=0:di=01;34:ln=01;36:mh=00:pi=40;33:so=01;35:do=01;35:bd=40;33;01:cd=40;33;01:or=40;31;01:mi=00:su=37;41:sg=30;43:ca=00:tw=30;42:ow=34;42:st=37;44:ex=01;32:*.tar=01;31:*.tgz=01;31:*.arc=01;31:*.arj=01;31:*.taz=01;31:*.lha=01;31:*.lz4=01;31:*.lzh=01;31:*.lzma=01;31:*.tlz=01;31:*.txz=01;31:*.tzo=01;31:*.t7z=01;31:*.zip=01;31:*.z=01;31:*.dz=01;31:*.gz=01;31:*.lrz=01;31:*.lz=01;31:*.lzo=01;31:*.xz=01;31:*.zst=01;31:*.tzst=01;31:*.bz2=01;31:*.bz=01;31:*.tbz=01;31:*.tbz2=01;31:*.tz=01;31:*.deb=01;31:*.rpm=01;31:*.jar=01;31:*.war=01;31:*.ear=01;31:*.sar=01;31:*.rar=01;31:*.alz=01;31:*.ace=01;31:*.zoo=01;31:*.cpio=01;31:*.7z=01;31:*.rz=01;31:*.cab=01;31:*.wim=01;31:*.swm=01;31:*.dwm=01;31:*.esd=01;31:*.avif=01;35:*.jpg=01;35:*.jpeg=01;35:*.mjpg=01;35:*.mjpeg=01;35:*.gif=01;35:*.bmp=01;35:*.pbm=01;35:*.pgm=01;35:*.ppm=01;35:*.tga=01;35:*.xbm=01;35:*.xpm=01;35:*.tif=01;35:*.tiff=01;35:*.png=01;35:*.svg=01;35:*.svgz=01;35:*.mng=01;35:*.pcx=01;35:*.mov=01;35:*.mpg=01;35:*.mpeg=01;35:*.m2v=01;35:*.mkv=01;35:*.webm=01;35:*.webp=01;35:*.ogm=01;35:*.mp4=01;35:*.m4v=01;35:*.mp4v=01;35:*.vob=01;35:*.qt=01;35:*.nuv=01;35:*.wmv=01;35:*.asf=01;35:*.rm=01;35:*.rmvb=01;35:*.flc=01;35:*.avi=01;35:*.fli=01;35:*.flv=01;35:*.gl=01;35:*.dl=01;35:*.xcf=01;35:*.xwd=01;35:*.yuv=01;35:*.cgm=01;35:*.emf=01;35:*.ogv=01;35:*.ogx=01;35:*.aac=00;36:*.au=00;36:*.flac=00;36:*.m4a=00;36:*.mid=00;36:*.midi=00;36:*.mka=00;36:*.mp3=00;36:*.mpc=00;36:*.ogg=00;36:*.ra=00;36:*.wav=00;36:*.oga=00;36:*.opus=00;36:*.spx=00;36:*.xspf=00;36:*~=00;90:*#=00;90:*.bak=00;90:*.crdownload=00;90:*.dpkg-dist=00;90:*.dpkg-new=00;90:*.dpkg-old=00;90:*.dpkg-tmp=00;90:*.old=00;90:*.orig=00;90:*.part=00;90:*.rej=00;90:*.rpmnew=00;90:*.rpmorig=00;90:*.rpmsave=00;90:*.swp=00;90:*.tmp=00;90:*.ucf-dist=00;90:*.ucf-new=00;90:*.ucf-old=00;90:', 'GNOME_TERMINAL_SERVICE': ':1.138', 'SSH_AUTH_SOCK': '/run/user/1000/keyring/ssh', 'AMENT_PREFIX_PATH': '/home/bot/ros2_ws/install/mqtt_imu:/home/bot/ros2_ws/install/robotic_arm_v3_config:/home/bot/ros2_ws/install/robotic_arm_moveit:/home/bot/ros2_ws/install/robotic_arm_model_v3:/home/bot/ros2_ws/install/robotic_arm_config:/home/bot/ros2_ws/install/pose_printer:/home/bot/ros2_ws/install/moveit_controls:/home/bot/ros2_ws/install/move_program:/home/bot/ros2_ws/install/cpp_pubsub:/opt/ros/jazzy', 'SHELL': '/bin/bash', 'QT_ACCESSIBILITY': '1', 'GDMSESSION': 'ubuntu', 'LESSCLOSE': '/usr/bin/lesspipe %s %s', 'ROS_AUTOMATIC_DISCOVERY_RANGE': 'SUBNET', 'QT_IM_MODULE': 'ibus', 'PWD': '/home/bot/ros2_ws/build/cpp_pubsub', 'LC_ALL': 'en_US.UTF-8', 'XDG_CONFIG_DIRS': '/etc/xdg/xdg-ubuntu:/etc/xdg', 'XDG_DATA_DIRS': '/usr/share/ubuntu:/usr/share/gnome:/usr/local/share/:/usr/share/:/var/lib/snapd/desktop', 'PYTHONPATH': '/home/bot/ros2_ws/install/mqtt_imu/lib/python3.12/site-packages:/home/bot/ros2_ws/install/pose_printer/lib/python3.12/site-packages:/home/bot/ros2_ws/install/moveit_controls/lib/python3.12/site-packages:/opt/ros/jazzy/lib/python3.12/site-packages', 'COLCON': '1', 'MEMORY_PRESSURE_WRITE': 'c29tZSAyMDAwMDAgMjAwMDAwMAA=', 'VTE_VERSION': '7600', 'CMAKE_PREFIX_PATH': '/home/bot/ros2_ws/install/robotic_arm_v3_config:/home/bot/ros2_ws/install/robotic_arm_moveit:/home/bot/ros2_ws/install/robotic_arm_model_v3:/home/bot/ros2_ws/install/robotic_arm_config:/home/bot/ros2_ws/install/move_program:/home/bot/ros2_ws/install/cpp_pubsub:/opt/ros/jazzy/opt/sdformat_vendor:/opt/ros/jazzy/opt/gz_math_vendor:/opt/ros/jazzy/opt/gz_utils_vendor:/opt/ros/jazzy/opt/gz_tools_vendor:/opt/ros/jazzy/opt/gz_cmake_vendor:/home/bot/ros2_ws/install/mqtt_imu:/home/bot/ros2_ws/install/pose_printer:/home/bot/ros2_ws/install/moveit_controls:/opt/ros/jazzy'}), 'shell': False}
[0.196025] (move_program) JobProgress: {'identifier': 'move_program', 'progress': 'cmake'}
[0.198583] (move_program) Command: {'cmd': ['/usr/bin/cmake', '/home/bot/ros2_ws/src/move_program', '-DCMAKE_INSTALL_PREFIX=/home/bot/ros2_ws/install/move_program'], 'cwd': '/home/bot/ros2_ws/build/move_program', 'env': OrderedDict({'LESSOPEN': '| /usr/bin/lesspipe %s', 'USER': 'bot', 'GZ_CONFIG_PATH': '/opt/ros/jazzy/opt/sdformat_vendor/share/gz', 'XDG_SESSION_TYPE': 'wayland', 'CLUTTER_DISABLE_MIPMAPPED_TEXT': '1', 'SHLVL': '1', 'LD_LIBRARY_PATH': '/opt/ros/jazzy/opt/sdformat_vendor/lib:/opt/ros/jazzy/opt/rviz_ogre_vendor/lib:/opt/ros/jazzy/lib/aarch64-linux-gnu:/opt/ros/jazzy/opt/gz_math_vendor/lib:/opt/ros/jazzy/opt/gz_utils_vendor/lib:/opt/ros/jazzy/opt/gz_tools_vendor/lib:/opt/ros/jazzy/opt/gz_cmake_vendor/lib:/opt/ros/jazzy/lib', 'HOME': '/home/bot', 'OLDPWD': '/home/bot/ros2_ws', 'DESKTOP_SESSION': 'ubuntu', 'ROS_PYTHON_VERSION': '3', 'GNOME_SHELL_SESSION_MODE': 'ubuntu', 'GTK_MODULES': 'gail:atk-bridge', 'SYSTEMD_EXEC_PID': '2617', 'GSM_SKIP_SSH_AGENT_WORKAROUND': 'true', 'DBUS_SESSION_BUS_ADDRESS': 'unix:path=/run/user/1000/bus', 'COLORTERM': 'truecolor', 'DEBUGINFOD_URLS': 'https://debuginfod.ubuntu.com', 'IM_CONFIG_PHASE': '1', 'WAYLAND_DISPLAY': 'wayland-0', 'COLCON_PREFIX_PATH': '/home/bot/ros2_ws/install', 'ROS_DISTRO': 'jazzy', 'LOGNAME': 'bot', '_': '/usr/bin/colcon', 'ROS_VERSION': '2', 'MEMORY_PRESSURE_WATCH': '/sys/fs/cgroup/user.slice/user-1000.slice/user@1000.service/session.slice/org.gnome.Shell@wayland.service/memory.pressure', 'XDG_SESSION_CLASS': 'user', 'USERNAME': 'bot', 'TERM': 'xterm-256color', 'GNOME_DESKTOP_SESSION_ID': 'this-is-deprecated', 'PATH': '/opt/ros/jazzy/opt/gz_tools_vendor/bin:/opt/ros/jazzy/bin:/usr/local/sbin:/usr/local/bin:/usr/sbin:/usr/bin:/sbin:/bin:/usr/games:/usr/local/games:/snap/bin:/snap/bin', 'SESSION_MANAGER': 'local/bot-desktop:@/tmp/.ICE-unix/2576,unix/bot-desktop:/tmp/.ICE-unix/2576', 'XDG_MENU_PREFIX': 'gnome-', 'GNOME_TERMINAL_SCREEN': '/org/gnome/Terminal/screen/3af69af4_558a_455a_946d_9d2d672ef67b', 'GNOME_SETUP_DISPLAY': ':1', 'XDG_RUNTIME_DIR': '/run/user/1000', 'DISPLAY': ':0', 'LANG': 'en_US.UTF-8', 'XDG_CURRENT_DESKTOP': 'ubuntu:GNOME', 'XMODIFIERS': '@im=ibus', 'XDG_SESSION_DESKTOP': 'ubuntu', 'XAUTHORITY': '/run/user/1000/.mutter-Xwaylandauth.VZBUI3', 'LS_COLORS': 'rs=0:di=01;34:ln=01;36:mh=00:pi=40;33:so=01;35:do=01;35:bd=40;33;01:cd=40;33;01:or=40;31;01:mi=00:su=37;41:sg=30;43:ca=00:tw=30;42:ow=34;42:st=37;44:ex=01;32:*.tar=01;31:*.tgz=01;31:*.arc=01;31:*.arj=01;31:*.taz=01;31:*.lha=01;31:*.lz4=01;31:*.lzh=01;31:*.lzma=01;31:*.tlz=01;31:*.txz=01;31:*.tzo=01;31:*.t7z=01;31:*.zip=01;31:*.z=01;31:*.dz=01;31:*.gz=01;31:*.lrz=01;31:*.lz=01;31:*.lzo=01;31:*.xz=01;31:*.zst=01;31:*.tzst=01;31:*.bz2=01;31:*.bz=01;31:*.tbz=01;31:*.tbz2=01;31:*.tz=01;31:*.deb=01;31:*.rpm=01;31:*.jar=01;31:*.war=01;31:*.ear=01;31:*.sar=01;31:*.rar=01;31:*.alz=01;31:*.ace=01;31:*.zoo=01;31:*.cpio=01;31:*.7z=01;31:*.rz=01;31:*.cab=01;31:*.wim=01;31:*.swm=01;31:*.dwm=01;31:*.esd=01;31:*.avif=01;35:*.jpg=01;35:*.jpeg=01;35:*.mjpg=01;35:*.mjpeg=01;35:*.gif=01;35:*.bmp=01;35:*.pbm=01;35:*.pgm=01;35:*.ppm=01;35:*.tga=01;35:*.xbm=01;35:*.xpm=01;35:*.tif=01;35:*.tiff=01;35:*.png=01;35:*.svg=01;35:*.svgz=01;35:*.mng=01;35:*.pcx=01;35:*.mov=01;35:*.mpg=01;35:*.mpeg=01;35:*.m2v=01;35:*.mkv=01;35:*.webm=01;35:*.webp=01;35:*.ogm=01;35:*.mp4=01;35:*.m4v=01;35:*.mp4v=01;35:*.vob=01;35:*.qt=01;35:*.nuv=01;35:*.wmv=01;35:*.asf=01;35:*.rm=01;35:*.rmvb=01;35:*.flc=01;35:*.avi=01;35:*.fli=01;35:*.flv=01;35:*.gl=01;35:*.dl=01;35:*.xcf=01;35:*.xwd=01;35:*.yuv=01;35:*.cgm=01;35:*.emf=01;35:*.ogv=01;35:*.ogx=01;35:*.aac=00;36:*.au=00;36:*.flac=00;36:*.m4a=00;36:*.mid=00;36:*.midi=00;36:*.mka=00;36:*.mp3=00;36:*.mpc=00;36:*.ogg=00;36:*.ra=00;36:*.wav=00;36:*.oga=00;36:*.opus=00;36:*.spx=00;36:*.xspf=00;36:*~=00;90:*#=00;90:*.bak=00;90:*.crdownload=00;90:*.dpkg-dist=00;90:*.dpkg-new=00;90:*.dpkg-old=00;90:*.dpkg-tmp=00;90:*.old=00;90:*.orig=00;90:*.part=00;90:*.rej=00;90:*.rpmnew=00;90:*.rpmorig=00;90:*.rpmsave=00;90:*.swp=00;90:*.tmp=00;90:*.ucf-dist=00;90:*.ucf-new=00;90:*.ucf-old=00;90:', 'GNOME_TERMINAL_SERVICE': ':1.138', 'SSH_AUTH_SOCK': '/run/user/1000/keyring/ssh', 'AMENT_PREFIX_PATH': '/home/bot/ros2_ws/install/mqtt_imu:/home/bot/ros2_ws/install/robotic_arm_v3_config:/home/bot/ros2_ws/install/robotic_arm_moveit:/home/bot/ros2_ws/install/robotic_arm_model_v3:/home/bot/ros2_ws/install/robotic_arm_config:/home/bot/ros2_ws/install/pose_printer:/home/bot/ros2_ws/install/moveit_controls:/home/bot/ros2_ws/install/move_program:/home/bot/ros2_ws/install/cpp_pubsub:/opt/ros/jazzy', 'SHELL': '/bin/bash', 'QT_ACCESSIBILITY': '1', 'GDMSESSION': 'ubuntu', 'LESSCLOSE': '/usr/bin/lesspipe %s %s', 'ROS_AUTOMATIC_DISCOVERY_RANGE': 'SUBNET', 'QT_IM_MODULE': 'ibus', 'PWD': '/home/bot/ros2_ws/build/move_program', 'LC_ALL': 'en_US.UTF-8', 'XDG_CONFIG_DIRS': '/etc/xdg/xdg-ubuntu:/etc/xdg', 'XDG_DATA_DIRS': '/usr/share/ubuntu:/usr/share/gnome:/usr/local/share/:/usr/share/:/var/lib/snapd/desktop', 'PYTHONPATH': '/home/bot/ros2_ws/install/mqtt_imu/lib/python3.12/site-packages:/home/bot/ros2_ws/install/pose_printer/lib/python3.12/site-packages:/home/bot/ros2_ws/install/moveit_controls/lib/python3.12/site-packages:/opt/ros/jazzy/lib/python3.12/site-packages', 'COLCON': '1', 'MEMORY_PRESSURE_WRITE': 'c29tZSAyMDAwMDAgMjAwMDAwMAA=', 'VTE_VERSION': '7600', 'CMAKE_PREFIX_PATH': '/home/bot/ros2_ws/install/robotic_arm_v3_config:/home/bot/ros2_ws/install/robotic_arm_moveit:/home/bot/ros2_ws/install/robotic_arm_model_v3:/home/bot/ros2_ws/install/robotic_arm_config:/home/bot/ros2_ws/install/move_program:/home/bot/ros2_ws/install/cpp_pubsub:/opt/ros/jazzy/opt/sdformat_vendor:/opt/ros/jazzy/opt/gz_math_vendor:/opt/ros/jazzy/opt/gz_utils_vendor:/opt/ros/jazzy/opt/gz_tools_vendor:/opt/ros/jazzy/opt/gz_cmake_vendor:/home/bot/ros2_ws/install/mqtt_imu:/home/bot/ros2_ws/install/pose_printer:/home/bot/ros2_ws/install/moveit_controls:/opt/ros/jazzy'}), 'shell': False}
[0.205166] (-) TimerEvent: {}
[0.306059] (-) TimerEvent: {}
[0.407769] (-) TimerEvent: {}
[0.509959] (-) TimerEvent: {}
[0.610666] (-) TimerEvent: {}
[0.711402] (-) TimerEvent: {}
[0.812566] (-) TimerEvent: {}
[0.915261] (-) TimerEvent: {}
[1.016917] (-) TimerEvent: {}
[1.117634] (-) TimerEvent: {}
[1.218311] (-) TimerEvent: {}
[1.318962] (-) TimerEvent: {}
[1.420658] (-) TimerEvent: {}
[1.524034] (-) TimerEvent: {}
[1.626394] (-) TimerEvent: {}
[1.723044] (move_program) StdoutLine: {'line': b'-- The C compiler identification is GNU 13.3.0\n'}
[1.726974] (-) TimerEvent: {}
[1.745283] (robotic_arm_model_v3) StdoutLine: {'line': b'-- The C compiler identification is GNU 13.3.0\n'}
[1.786848] (cpp_pubsub) StdoutLine: {'line': b'-- The C compiler identification is GNU 13.3.0\n'}
[1.829973] (-) TimerEvent: {}
[1.930959] (-) TimerEvent: {}
[2.031634] (-) TimerEvent: {}
[2.134991] (-) TimerEvent: {}
[2.235954] (-) TimerEvent: {}
[2.336662] (-) TimerEvent: {}
[2.437482] (-) TimerEvent: {}
[2.539973] (-) TimerEvent: {}
[2.640907] (-) TimerEvent: {}
[2.743982] (-) TimerEvent: {}
[2.820594] (move_program) StdoutLine: {'line': b'-- The CXX compiler identification is GNU 13.3.0\n'}
[2.845297] (-) TimerEvent: {}
[2.869554] (cpp_pubsub) StdoutLine: {'line': b'-- The CXX compiler identification is GNU 13.3.0\n'}
[2.873015] (robotic_arm_model_v3) StdoutLine: {'line': b'-- The CXX compiler identification is GNU 13.3.0\n'}
[2.945446] (-) TimerEvent: {}
[3.046090] (-) TimerEvent: {}
[3.148412] (-) TimerEvent: {}
[3.197690] (robotic_arm_model_v3) StdoutLine: {'line': b'-- Detecting C compiler ABI info\n'}
[3.198904] (cpp_pubsub) StdoutLine: {'line': b'-- Detecting C compiler ABI info\n'}
[3.199715] (move_program) StdoutLine: {'line': b'-- Detecting C compiler ABI info\n'}
[3.250022] (-) TimerEvent: {}
[3.352480] (-) TimerEvent: {}
[3.453615] (-) TimerEvent: {}
[3.554948] (-) TimerEvent: {}
[3.656528] (-) TimerEvent: {}
[3.758061] (-) TimerEvent: {}
[3.858837] (-) TimerEvent: {}
[3.959561] (-) TimerEvent: {}
[4.060551] (-) TimerEvent: {}
[4.162181] (-) TimerEvent: {}
[4.264004] (-) TimerEvent: {}
[4.365207] (-) TimerEvent: {}
[4.465979] (-) TimerEvent: {}
[4.567006] (-) TimerEvent: {}
[4.668353] (-) TimerEvent: {}
[4.769783] (-) TimerEvent: {}
[4.871158] (-) TimerEvent: {}
[4.973124] (-) TimerEvent: {}
[5.074042] (-) TimerEvent: {}
[5.175214] (-) TimerEvent: {}
[5.276150] (-) TimerEvent: {}
[5.377104] (-) TimerEvent: {}
[5.478610] (-) TimerEvent: {}
[5.579714] (-) TimerEvent: {}
[5.681212] (-) TimerEvent: {}
[5.782666] (-) TimerEvent: {}
[5.884172] (-) TimerEvent: {}
[5.985600] (-) TimerEvent: {}
[6.087082] (-) TimerEvent: {}
[6.188371] (-) TimerEvent: {}
[6.289779] (-) TimerEvent: {}
[6.390850] (-) TimerEvent: {}
[6.491862] (-) TimerEvent: {}
[6.592646] (-) TimerEvent: {}
[6.697231] (-) TimerEvent: {}
[6.778741] (cpp_pubsub) StdoutLine: {'line': b'-- Detecting C compiler ABI info - done\n'}
[6.794465] (robotic_arm_model_v3) StdoutLine: {'line': b'-- Detecting C compiler ABI info - done\n'}
[6.796992] (move_program) StdoutLine: {'line': b'-- Detecting C compiler ABI info - done\n'}
[6.797615] (-) TimerEvent: {}
[6.824170] (cpp_pubsub) StdoutLine: {'line': b'-- Check for working C compiler: /usr/bin/cc - skipped\n'}
[6.826057] (cpp_pubsub) StdoutLine: {'line': b'-- Detecting C compile features\n'}
[6.831383] (cpp_pubsub) StdoutLine: {'line': b'-- Detecting C compile features - done\n'}
[6.844195] (robotic_arm_model_v3) StdoutLine: {'line': b'-- Check for working C compiler: /usr/bin/cc - skipped\n'}
[6.845188] (move_program) StdoutLine: {'line': b'-- Check for working C compiler: /usr/bin/cc - skipped\n'}
[6.846391] (robotic_arm_model_v3) StdoutLine: {'line': b'-- Detecting C compile features\n'}
[6.846951] (move_program) StdoutLine: {'line': b'-- Detecting C compile features\n'}
[6.847828] (move_program) StdoutLine: {'line': b'-- Detecting C compile features - done\n'}
[6.848458] (robotic_arm_model_v3) StdoutLine: {'line': b'-- Detecting C compile features - done\n'}
[6.897088] (cpp_pubsub) StdoutLine: {'line': b'-- Detecting CXX compiler ABI info\n'}
[6.898713] (-) TimerEvent: {}
[6.903689] (move_program) StdoutLine: {'line': b'-- Detecting CXX compiler ABI info\n'}
[6.907193] (robotic_arm_model_v3) StdoutLine: {'line': b'-- Detecting CXX compiler ABI info\n'}
[6.998965] (-) TimerEvent: {}
[7.101263] (-) TimerEvent: {}
[7.205400] (-) TimerEvent: {}
[7.306364] (-) TimerEvent: {}
[7.409416] (-) TimerEvent: {}
[7.511055] (-) TimerEvent: {}
[7.612969] (-) TimerEvent: {}
[7.621776] (robotic_arm_model_v3) StdoutLine: {'line': b'-- Detecting CXX compiler ABI info - done\n'}
[7.640273] (move_program) StdoutLine: {'line': b'-- Detecting CXX compiler ABI info - done\n'}
[7.660623] (cpp_pubsub) StdoutLine: {'line': b'-- Detecting CXX compiler ABI info - done\n'}
[7.679732] (robotic_arm_model_v3) StdoutLine: {'line': b'-- Check for working CXX compiler: /usr/bin/c++ - skipped\n'}
[7.680874] (robotic_arm_model_v3) StdoutLine: {'line': b'-- Detecting CXX compile features\n'}
[7.682968] (robotic_arm_model_v3) StdoutLine: {'line': b'-- Detecting CXX compile features - done\n'}
[7.684450] (move_program) StdoutLine: {'line': b'-- Check for working CXX compiler: /usr/bin/c++ - skipped\n'}
[7.687123] (move_program) StdoutLine: {'line': b'-- Detecting CXX compile features\n'}
[7.687890] (move_program) StdoutLine: {'line': b'-- Detecting CXX compile features - done\n'}
[7.700487] (cpp_pubsub) StdoutLine: {'line': b'-- Check for working CXX compiler: /usr/bin/c++ - skipped\n'}
[7.701484] (cpp_pubsub) StdoutLine: {'line': b'-- Detecting CXX compile features\n'}
[7.703026] (cpp_pubsub) StdoutLine: {'line': b'-- Detecting CXX compile features - done\n'}
[7.713127] (-) TimerEvent: {}
[7.813861] (-) TimerEvent: {}
[7.831376] (move_program) StdoutLine: {'line': b'-- Found ament_cmake: 2.5.4 (/opt/ros/jazzy/share/ament_cmake/cmake)\n'}
[7.839308] (robotic_arm_model_v3) StdoutLine: {'line': b'-- Found ament_cmake: 2.5.4 (/opt/ros/jazzy/share/ament_cmake/cmake)\n'}
[7.844307] (cpp_pubsub) StdoutLine: {'line': b'-- Found ament_cmake: 2.5.4 (/opt/ros/jazzy/share/ament_cmake/cmake)\n'}
[7.914698] (-) TimerEvent: {}
[8.017937] (-) TimerEvent: {}
[8.118682] (-) TimerEvent: {}
[8.219860] (-) TimerEvent: {}
[8.324967] (-) TimerEvent: {}
[8.425907] (-) TimerEvent: {}
[8.527096] (-) TimerEvent: {}
[8.630388] (-) TimerEvent: {}
[8.732740] (-) TimerEvent: {}
[8.837373] (-) TimerEvent: {}
[8.941021] (-) TimerEvent: {}
[9.041973] (-) TimerEvent: {}
[9.071306] (cpp_pubsub) StdoutLine: {'line': b'-- Found Python3: /usr/bin/python3 (found version "3.12.3") found components: Interpreter \n'}
[9.143126] (robotic_arm_model_v3) StdoutLine: {'line': b'-- Found Python3: /usr/bin/python3 (found version "3.12.3") found components: Interpreter \n'}
[9.145052] (-) TimerEvent: {}
[9.171132] (move_program) StdoutLine: {'line': b'-- Found Python3: /usr/bin/python3 (found version "3.12.3") found components: Interpreter \n'}
[9.247963] (-) TimerEvent: {}
[9.348685] (-) TimerEvent: {}
[9.449522] (-) TimerEvent: {}
[9.553013] (-) TimerEvent: {}
[9.654291] (-) TimerEvent: {}
[9.756936] (-) TimerEvent: {}
[9.859926] (-) TimerEvent: {}
[9.960604] (-) TimerEvent: {}
[10.061396] (-) TimerEvent: {}
[10.165111] (-) TimerEvent: {}
[10.265886] (-) TimerEvent: {}
[10.326704] (robotic_arm_model_v3) StdoutLine: {'line': b'-- Found ament_lint_auto: 0.17.3 (/opt/ros/jazzy/share/ament_lint_auto/cmake)\n'}
[10.338789] (move_program) StdoutLine: {'line': b'-- Found rclcpp: 28.1.13 (/opt/ros/jazzy/share/rclcpp/cmake)\n'}
[10.339574] (cpp_pubsub) StdoutLine: {'line': b'-- Found rclcpp: 28.1.13 (/opt/ros/jazzy/share/rclcpp/cmake)\n'}
[10.366061] (-) TimerEvent: {}
[10.469306] (-) TimerEvent: {}
[10.574061] (-) TimerEvent: {}
[10.675226] (-) TimerEvent: {}
[10.779176] (-) TimerEvent: {}
[10.807257] (moveit_controls) Command: {'cmd': ['/usr/bin/python3', '-W', 'ignore:setup.py install is deprecated', '-W', 'ignore:easy_install command is deprecated', 'setup.py', 'egg_info', '--egg-base', '../../build/moveit_controls', 'build', '--build-base', '/home/bot/ros2_ws/build/moveit_controls/build', 'install', '--record', '/home/bot/ros2_ws/build/moveit_controls/install.log', '--single-version-externally-managed', 'install_data'], 'cwd': '/home/bot/ros2_ws/src/moveit_controls', 'env': {'LESSOPEN': '| /usr/bin/lesspipe %s', 'USER': 'bot', 'GZ_CONFIG_PATH': '/opt/ros/jazzy/opt/sdformat_vendor/share/gz', 'XDG_SESSION_TYPE': 'wayland', 'CLUTTER_DISABLE_MIPMAPPED_TEXT': '1', 'SHLVL': '1', 'LD_LIBRARY_PATH': '/opt/ros/jazzy/opt/sdformat_vendor/lib:/opt/ros/jazzy/opt/rviz_ogre_vendor/lib:/opt/ros/jazzy/lib/aarch64-linux-gnu:/opt/ros/jazzy/opt/gz_math_vendor/lib:/opt/ros/jazzy/opt/gz_utils_vendor/lib:/opt/ros/jazzy/opt/gz_tools_vendor/lib:/opt/ros/jazzy/opt/gz_cmake_vendor/lib:/opt/ros/jazzy/lib', 'HOME': '/home/bot', 'OLDPWD': '/home/bot/ros2_ws', 'DESKTOP_SESSION': 'ubuntu', 'ROS_PYTHON_VERSION': '3', 'GNOME_SHELL_SESSION_MODE': 'ubuntu', 'GTK_MODULES': 'gail:atk-bridge', 'SYSTEMD_EXEC_PID': '2617', 'GSM_SKIP_SSH_AGENT_WORKAROUND': 'true', 'DBUS_SESSION_BUS_ADDRESS': 'unix:path=/run/user/1000/bus', 'COLORTERM': 'truecolor', 'DEBUGINFOD_URLS': 'https://debuginfod.ubuntu.com', 'IM_CONFIG_PHASE': '1', 'WAYLAND_DISPLAY': 'wayland-0', 'COLCON_PREFIX_PATH': '/home/bot/ros2_ws/install', 'ROS_DISTRO': 'jazzy', 'LOGNAME': 'bot', '_': '/usr/bin/colcon', 'ROS_VERSION': '2', 'MEMORY_PRESSURE_WATCH': '/sys/fs/cgroup/user.slice/user-1000.slice/user@1000.service/session.slice/org.gnome.Shell@wayland.service/memory.pressure', 'XDG_SESSION_CLASS': 'user', 'USERNAME': 'bot', 'TERM': 'xterm-256color', 'GNOME_DESKTOP_SESSION_ID': 'this-is-deprecated', 'PATH': '/opt/ros/jazzy/opt/gz_tools_vendor/bin:/opt/ros/jazzy/bin:/usr/local/sbin:/usr/local/bin:/usr/sbin:/usr/bin:/sbin:/bin:/usr/games:/usr/local/games:/snap/bin:/snap/bin', 'SESSION_MANAGER': 'local/bot-desktop:@/tmp/.ICE-unix/2576,unix/bot-desktop:/tmp/.ICE-unix/2576', 'XDG_MENU_PREFIX': 'gnome-', 'GNOME_TERMINAL_SCREEN': '/org/gnome/Terminal/screen/3af69af4_558a_455a_946d_9d2d672ef67b', 'GNOME_SETUP_DISPLAY': ':1', 'XDG_RUNTIME_DIR': '/run/user/1000', 'DISPLAY': ':0', 'LANG': 'en_US.UTF-8', 'XDG_CURRENT_DESKTOP': 'ubuntu:GNOME', 'XMODIFIERS': '@im=ibus', 'XDG_SESSION_DESKTOP': 'ubuntu', 'XAUTHORITY': '/run/user/1000/.mutter-Xwaylandauth.VZBUI3', 'LS_COLORS': 'rs=0:di=01;34:ln=01;36:mh=00:pi=40;33:so=01;35:do=01;35:bd=40;33;01:cd=40;33;01:or=40;31;01:mi=00:su=37;41:sg=30;43:ca=00:tw=30;42:ow=34;42:st=37;44:ex=01;32:*.tar=01;31:*.tgz=01;31:*.arc=01;31:*.arj=01;31:*.taz=01;31:*.lha=01;31:*.lz4=01;31:*.lzh=01;31:*.lzma=01;31:*.tlz=01;31:*.txz=01;31:*.tzo=01;31:*.t7z=01;31:*.zip=01;31:*.z=01;31:*.dz=01;31:*.gz=01;31:*.lrz=01;31:*.lz=01;31:*.lzo=01;31:*.xz=01;31:*.zst=01;31:*.tzst=01;31:*.bz2=01;31:*.bz=01;31:*.tbz=01;31:*.tbz2=01;31:*.tz=01;31:*.deb=01;31:*.rpm=01;31:*.jar=01;31:*.war=01;31:*.ear=01;31:*.sar=01;31:*.rar=01;31:*.alz=01;31:*.ace=01;31:*.zoo=01;31:*.cpio=01;31:*.7z=01;31:*.rz=01;31:*.cab=01;31:*.wim=01;31:*.swm=01;31:*.dwm=01;31:*.esd=01;31:*.avif=01;35:*.jpg=01;35:*.jpeg=01;35:*.mjpg=01;35:*.mjpeg=01;35:*.gif=01;35:*.bmp=01;35:*.pbm=01;35:*.pgm=01;35:*.ppm=01;35:*.tga=01;35:*.xbm=01;35:*.xpm=01;35:*.tif=01;35:*.tiff=01;35:*.png=01;35:*.svg=01;35:*.svgz=01;35:*.mng=01;35:*.pcx=01;35:*.mov=01;35:*.mpg=01;35:*.mpeg=01;35:*.m2v=01;35:*.mkv=01;35:*.webm=01;35:*.webp=01;35:*.ogm=01;35:*.mp4=01;35:*.m4v=01;35:*.mp4v=01;35:*.vob=01;35:*.qt=01;35:*.nuv=01;35:*.wmv=01;35:*.asf=01;35:*.rm=01;35:*.rmvb=01;35:*.flc=01;35:*.avi=01;35:*.fli=01;35:*.flv=01;35:*.gl=01;35:*.dl=01;35:*.xcf=01;35:*.xwd=01;35:*.yuv=01;35:*.cgm=01;35:*.emf=01;35:*.ogv=01;35:*.ogx=01;35:*.aac=00;36:*.au=00;36:*.flac=00;36:*.m4a=00;36:*.mid=00;36:*.midi=00;36:*.mka=00;36:*.mp3=00;36:*.mpc=00;36:*.ogg=00;36:*.ra=00;36:*.wav=00;36:*.oga=00;36:*.opus=00;36:*.spx=00;36:*.xspf=00;36:*~=00;90:*#=00;90:*.bak=00;90:*.crdownload=00;90:*.dpkg-dist=00;90:*.dpkg-new=00;90:*.dpkg-old=00;90:*.dpkg-tmp=00;90:*.old=00;90:*.orig=00;90:*.part=00;90:*.rej=00;90:*.rpmnew=00;90:*.rpmorig=00;90:*.rpmsave=00;90:*.swp=00;90:*.tmp=00;90:*.ucf-dist=00;90:*.ucf-new=00;90:*.ucf-old=00;90:', 'GNOME_TERMINAL_SERVICE': ':1.138', 'SSH_AUTH_SOCK': '/run/user/1000/keyring/ssh', 'AMENT_PREFIX_PATH': '/home/bot/ros2_ws/install/mqtt_imu:/home/bot/ros2_ws/install/robotic_arm_v3_config:/home/bot/ros2_ws/install/robotic_arm_moveit:/home/bot/ros2_ws/install/robotic_arm_model_v3:/home/bot/ros2_ws/install/robotic_arm_config:/home/bot/ros2_ws/install/pose_printer:/home/bot/ros2_ws/install/moveit_controls:/home/bot/ros2_ws/install/move_program:/home/bot/ros2_ws/install/cpp_pubsub:/opt/ros/jazzy', 'SHELL': '/bin/bash', 'QT_ACCESSIBILITY': '1', 'GDMSESSION': 'ubuntu', 'LESSCLOSE': '/usr/bin/lesspipe %s %s', 'ROS_AUTOMATIC_DISCOVERY_RANGE': 'SUBNET', 'QT_IM_MODULE': 'ibus', 'PWD': '/home/bot/ros2_ws/build/moveit_controls', 'LC_ALL': 'en_US.UTF-8', 'XDG_CONFIG_DIRS': '/etc/xdg/xdg-ubuntu:/etc/xdg', 'XDG_DATA_DIRS': '/usr/share/ubuntu:/usr/share/gnome:/usr/local/share/:/usr/share/:/var/lib/snapd/desktop', 'PYTHONPATH': '/home/bot/ros2_ws/build/moveit_controls/prefix_override:/usr/lib/python3/dist-packages/colcon_core/task/python/colcon_distutils_commands:/home/bot/ros2_ws/install/moveit_controls/lib/python3.12/site-packages:/home/bot/ros2_ws/install/mqtt_imu/lib/python3.12/site-packages:/home/bot/ros2_ws/install/pose_printer/lib/python3.12/site-packages:/home/bot/ros2_ws/install/moveit_controls/lib/python3.12/site-packages:/opt/ros/jazzy/lib/python3.12/site-packages', 'COLCON': '1', 'MEMORY_PRESSURE_WRITE': 'c29tZSAyMDAwMDAgMjAwMDAwMAA=', 'VTE_VERSION': '7600', 'CMAKE_PREFIX_PATH': '/home/bot/ros2_ws/install/robotic_arm_v3_config:/home/bot/ros2_ws/install/robotic_arm_moveit:/home/bot/ros2_ws/install/robotic_arm_model_v3:/home/bot/ros2_ws/install/robotic_arm_config:/home/bot/ros2_ws/install/move_program:/home/bot/ros2_ws/install/cpp_pubsub:/opt/ros/jazzy/opt/sdformat_vendor:/opt/ros/jazzy/opt/gz_math_vendor:/opt/ros/jazzy/opt/gz_utils_vendor:/opt/ros/jazzy/opt/gz_tools_vendor:/opt/ros/jazzy/opt/gz_cmake_vendor'}, 'shell': False}
[10.881940] (-) TimerEvent: {}
[10.984091] (-) TimerEvent: {}
[11.085250] (-) TimerEvent: {}
[11.190169] (-) TimerEvent: {}
[11.220204] (move_program) StdoutLine: {'line': b'-- Found rosidl_generator_c: 4.6.6 (/opt/ros/jazzy/share/rosidl_generator_c/cmake)\n'}
[11.224139] (cpp_pubsub) StdoutLine: {'line': b'-- Found rosidl_generator_c: 4.6.6 (/opt/ros/jazzy/share/rosidl_generator_c/cmake)\n'}
[11.295949] (-) TimerEvent: {}
[11.396681] (-) TimerEvent: {}
[11.442570] (cpp_pubsub) StdoutLine: {'line': b'-- Found rosidl_generator_cpp: 4.6.6 (/opt/ros/jazzy/share/rosidl_generator_cpp/cmake)\n'}
[11.460040] (move_program) StdoutLine: {'line': b'-- Found rosidl_generator_cpp: 4.6.6 (/opt/ros/jazzy/share/rosidl_generator_cpp/cmake)\n'}
[11.491092] (robotic_arm_model_v3) StdoutLine: {'line': b"-- Added test 'lint_cmake' to check CMake code style\n"}
[11.496907] (-) TimerEvent: {}
[11.532498] (robotic_arm_model_v3) StdoutLine: {'line': b"-- Added test 'xmllint' to check XML markup files\n"}
[11.558042] (robotic_arm_model_v3) StdoutLine: {'line': b'-- Configuring done (11.1s)\n'}
[11.581325] (robotic_arm_model_v3) StdoutLine: {'line': b'-- Generating done (0.0s)\n'}
[11.592702] (robotic_arm_model_v3) StdoutLine: {'line': b'-- Build files have been written to: /home/bot/ros2_ws/build/robotic_arm_model_v3\n'}
[11.597366] (-) TimerEvent: {}
[11.650964] (robotic_arm_model_v3) CommandEnded: {'returncode': 0}
[11.652519] (robotic_arm_model_v3) JobProgress: {'identifier': 'robotic_arm_model_v3', 'progress': 'build'}
[11.665638] (robotic_arm_model_v3) Command: {'cmd': ['/usr/bin/cmake', '--build', '/home/bot/ros2_ws/build/robotic_arm_model_v3', '--', '-j4', '-l4'], 'cwd': '/home/bot/ros2_ws/build/robotic_arm_model_v3', 'env': OrderedDict({'LESSOPEN': '| /usr/bin/lesspipe %s', 'USER': 'bot', 'GZ_CONFIG_PATH': '/opt/ros/jazzy/opt/sdformat_vendor/share/gz', 'XDG_SESSION_TYPE': 'wayland', 'CLUTTER_DISABLE_MIPMAPPED_TEXT': '1', 'SHLVL': '1', 'LD_LIBRARY_PATH': '/opt/ros/jazzy/opt/sdformat_vendor/lib:/opt/ros/jazzy/opt/rviz_ogre_vendor/lib:/opt/ros/jazzy/lib/aarch64-linux-gnu:/opt/ros/jazzy/opt/gz_math_vendor/lib:/opt/ros/jazzy/opt/gz_utils_vendor/lib:/opt/ros/jazzy/opt/gz_tools_vendor/lib:/opt/ros/jazzy/opt/gz_cmake_vendor/lib:/opt/ros/jazzy/lib', 'HOME': '/home/bot', 'OLDPWD': '/home/bot/ros2_ws', 'DESKTOP_SESSION': 'ubuntu', 'ROS_PYTHON_VERSION': '3', 'GNOME_SHELL_SESSION_MODE': 'ubuntu', 'GTK_MODULES': 'gail:atk-bridge', 'SYSTEMD_EXEC_PID': '2617', 'GSM_SKIP_SSH_AGENT_WORKAROUND': 'true', 'DBUS_SESSION_BUS_ADDRESS': 'unix:path=/run/user/1000/bus', 'COLORTERM': 'truecolor', 'DEBUGINFOD_URLS': 'https://debuginfod.ubuntu.com', 'IM_CONFIG_PHASE': '1', 'WAYLAND_DISPLAY': 'wayland-0', 'COLCON_PREFIX_PATH': '/home/bot/ros2_ws/install', 'ROS_DISTRO': 'jazzy', 'LOGNAME': 'bot', '_': '/usr/bin/colcon', 'ROS_VERSION': '2', 'MEMORY_PRESSURE_WATCH': '/sys/fs/cgroup/user.slice/user-1000.slice/user@1000.service/session.slice/org.gnome.Shell@wayland.service/memory.pressure', 'XDG_SESSION_CLASS': 'user', 'USERNAME': 'bot', 'TERM': 'xterm-256color', 'GNOME_DESKTOP_SESSION_ID': 'this-is-deprecated', 'PATH': '/opt/ros/jazzy/opt/gz_tools_vendor/bin:/opt/ros/jazzy/bin:/usr/local/sbin:/usr/local/bin:/usr/sbin:/usr/bin:/sbin:/bin:/usr/games:/usr/local/games:/snap/bin:/snap/bin', 'SESSION_MANAGER': 'local/bot-desktop:@/tmp/.ICE-unix/2576,unix/bot-desktop:/tmp/.ICE-unix/2576', 'XDG_MENU_PREFIX': 'gnome-', 'GNOME_TERMINAL_SCREEN': '/org/gnome/Terminal/screen/3af69af4_558a_455a_946d_9d2d672ef67b', 'GNOME_SETUP_DISPLAY': ':1', 'XDG_RUNTIME_DIR': '/run/user/1000', 'DISPLAY': ':0', 'LANG': 'en_US.UTF-8', 'XDG_CURRENT_DESKTOP': 'ubuntu:GNOME', 'XMODIFIERS': '@im=ibus', 'XDG_SESSION_DESKTOP': 'ubuntu', 'XAUTHORITY': '/run/user/1000/.mutter-Xwaylandauth.VZBUI3', 'LS_COLORS': 'rs=0:di=01;34:ln=01;36:mh=00:pi=40;33:so=01;35:do=01;35:bd=40;33;01:cd=40;33;01:or=40;31;01:mi=00:su=37;41:sg=30;43:ca=00:tw=30;42:ow=34;42:st=37;44:ex=01;32:*.tar=01;31:*.tgz=01;31:*.arc=01;31:*.arj=01;31:*.taz=01;31:*.lha=01;31:*.lz4=01;31:*.lzh=01;31:*.lzma=01;31:*.tlz=01;31:*.txz=01;31:*.tzo=01;31:*.t7z=01;31:*.zip=01;31:*.z=01;31:*.dz=01;31:*.gz=01;31:*.lrz=01;31:*.lz=01;31:*.lzo=01;31:*.xz=01;31:*.zst=01;31:*.tzst=01;31:*.bz2=01;31:*.bz=01;31:*.tbz=01;31:*.tbz2=01;31:*.tz=01;31:*.deb=01;31:*.rpm=01;31:*.jar=01;31:*.war=01;31:*.ear=01;31:*.sar=01;31:*.rar=01;31:*.alz=01;31:*.ace=01;31:*.zoo=01;31:*.cpio=01;31:*.7z=01;31:*.rz=01;31:*.cab=01;31:*.wim=01;31:*.swm=01;31:*.dwm=01;31:*.esd=01;31:*.avif=01;35:*.jpg=01;35:*.jpeg=01;35:*.mjpg=01;35:*.mjpeg=01;35:*.gif=01;35:*.bmp=01;35:*.pbm=01;35:*.pgm=01;35:*.ppm=01;35:*.tga=01;35:*.xbm=01;35:*.xpm=01;35:*.tif=01;35:*.tiff=01;35:*.png=01;35:*.svg=01;35:*.svgz=01;35:*.mng=01;35:*.pcx=01;35:*.mov=01;35:*.mpg=01;35:*.mpeg=01;35:*.m2v=01;35:*.mkv=01;35:*.webm=01;35:*.webp=01;35:*.ogm=01;35:*.mp4=01;35:*.m4v=01;35:*.mp4v=01;35:*.vob=01;35:*.qt=01;35:*.nuv=01;35:*.wmv=01;35:*.asf=01;35:*.rm=01;35:*.rmvb=01;35:*.flc=01;35:*.avi=01;35:*.fli=01;35:*.flv=01;35:*.gl=01;35:*.dl=01;35:*.xcf=01;35:*.xwd=01;35:*.yuv=01;35:*.cgm=01;35:*.emf=01;35:*.ogv=01;35:*.ogx=01;35:*.aac=00;36:*.au=00;36:*.flac=00;36:*.m4a=00;36:*.mid=00;36:*.midi=00;36:*.mka=00;36:*.mp3=00;36:*.mpc=00;36:*.ogg=00;36:*.ra=00;36:*.wav=00;36:*.oga=00;36:*.opus=00;36:*.spx=00;36:*.xspf=00;36:*~=00;90:*#=00;90:*.bak=00;90:*.crdownload=00;90:*.dpkg-dist=00;90:*.dpkg-new=00;90:*.dpkg-old=00;90:*.dpkg-tmp=00;90:*.old=00;90:*.orig=00;90:*.part=00;90:*.rej=00;90:*.rpmnew=00;90:*.rpmorig=00;90:*.rpmsave=00;90:*.swp=00;90:*.tmp=00;90:*.ucf-dist=00;90:*.ucf-new=00;90:*.ucf-old=00;90:', 'GNOME_TERMINAL_SERVICE': ':1.138', 'SSH_AUTH_SOCK': '/run/user/1000/keyring/ssh', 'AMENT_PREFIX_PATH': '/home/bot/ros2_ws/install/mqtt_imu:/home/bot/ros2_ws/install/robotic_arm_v3_config:/home/bot/ros2_ws/install/robotic_arm_moveit:/home/bot/ros2_ws/install/robotic_arm_model_v3:/home/bot/ros2_ws/install/robotic_arm_config:/home/bot/ros2_ws/install/pose_printer:/home/bot/ros2_ws/install/moveit_controls:/home/bot/ros2_ws/install/move_program:/home/bot/ros2_ws/install/cpp_pubsub:/opt/ros/jazzy', 'SHELL': '/bin/bash', 'QT_ACCESSIBILITY': '1', 'GDMSESSION': 'ubuntu', 'LESSCLOSE': '/usr/bin/lesspipe %s %s', 'ROS_AUTOMATIC_DISCOVERY_RANGE': 'SUBNET', 'QT_IM_MODULE': 'ibus', 'PWD': '/home/bot/ros2_ws/build/robotic_arm_model_v3', 'LC_ALL': 'en_US.UTF-8', 'XDG_CONFIG_DIRS': '/etc/xdg/xdg-ubuntu:/etc/xdg', 'XDG_DATA_DIRS': '/usr/share/ubuntu:/usr/share/gnome:/usr/local/share/:/usr/share/:/var/lib/snapd/desktop', 'PYTHONPATH': '/home/bot/ros2_ws/install/mqtt_imu/lib/python3.12/site-packages:/home/bot/ros2_ws/install/pose_printer/lib/python3.12/site-packages:/home/bot/ros2_ws/install/moveit_controls/lib/python3.12/site-packages:/opt/ros/jazzy/lib/python3.12/site-packages', 'COLCON': '1', 'MEMORY_PRESSURE_WRITE': 'c29tZSAyMDAwMDAgMjAwMDAwMAA=', 'VTE_VERSION': '7600', 'CMAKE_PREFIX_PATH': '/home/bot/ros2_ws/install/robotic_arm_v3_config:/home/bot/ros2_ws/install/robotic_arm_moveit:/home/bot/ros2_ws/install/robotic_arm_model_v3:/home/bot/ros2_ws/install/robotic_arm_config:/home/bot/ros2_ws/install/move_program:/home/bot/ros2_ws/install/cpp_pubsub:/opt/ros/jazzy/opt/sdformat_vendor:/opt/ros/jazzy/opt/gz_math_vendor:/opt/ros/jazzy/opt/gz_utils_vendor:/opt/ros/jazzy/opt/gz_tools_vendor:/opt/ros/jazzy/opt/gz_cmake_vendor:/home/bot/ros2_ws/install/mqtt_imu:/home/bot/ros2_ws/install/pose_printer:/home/bot/ros2_ws/install/moveit_controls:/opt/ros/jazzy'}), 'shell': False}
[11.701207] (-) TimerEvent: {}
[11.801947] (-) TimerEvent: {}
[11.838900] (move_program) StdoutLine: {'line': b'-- Using all available rosidl_typesupport_c: rosidl_typesupport_fastrtps_c;rosidl_typesupport_introspection_c\n'}
[11.841369] (cpp_pubsub) StdoutLine: {'line': b'-- Using all available rosidl_typesupport_c: rosidl_typesupport_fastrtps_c;rosidl_typesupport_introspection_c\n'}
[11.903960] (-) TimerEvent: {}
[12.004687] (-) TimerEvent: {}
[12.042933] (robotic_arm_model_v3) CommandEnded: {'returncode': 0}
[12.048228] (robotic_arm_model_v3) JobProgress: {'identifier': 'robotic_arm_model_v3', 'progress': 'install'}
[12.104988] (-) TimerEvent: {}
[12.115175] (robotic_arm_model_v3) Command: {'cmd': ['/usr/bin/cmake', '--install', '/home/bot/ros2_ws/build/robotic_arm_model_v3'], 'cwd': '/home/bot/ros2_ws/build/robotic_arm_model_v3', 'env': OrderedDict({'LESSOPEN': '| /usr/bin/lesspipe %s', 'USER': 'bot', 'GZ_CONFIG_PATH': '/opt/ros/jazzy/opt/sdformat_vendor/share/gz', 'XDG_SESSION_TYPE': 'wayland', 'CLUTTER_DISABLE_MIPMAPPED_TEXT': '1', 'SHLVL': '1', 'LD_LIBRARY_PATH': '/opt/ros/jazzy/opt/sdformat_vendor/lib:/opt/ros/jazzy/opt/rviz_ogre_vendor/lib:/opt/ros/jazzy/lib/aarch64-linux-gnu:/opt/ros/jazzy/opt/gz_math_vendor/lib:/opt/ros/jazzy/opt/gz_utils_vendor/lib:/opt/ros/jazzy/opt/gz_tools_vendor/lib:/opt/ros/jazzy/opt/gz_cmake_vendor/lib:/opt/ros/jazzy/lib', 'HOME': '/home/bot', 'OLDPWD': '/home/bot/ros2_ws', 'DESKTOP_SESSION': 'ubuntu', 'ROS_PYTHON_VERSION': '3', 'GNOME_SHELL_SESSION_MODE': 'ubuntu', 'GTK_MODULES': 'gail:atk-bridge', 'SYSTEMD_EXEC_PID': '2617', 'GSM_SKIP_SSH_AGENT_WORKAROUND': 'true', 'DBUS_SESSION_BUS_ADDRESS': 'unix:path=/run/user/1000/bus', 'COLORTERM': 'truecolor', 'DEBUGINFOD_URLS': 'https://debuginfod.ubuntu.com', 'IM_CONFIG_PHASE': '1', 'WAYLAND_DISPLAY': 'wayland-0', 'COLCON_PREFIX_PATH': '/home/bot/ros2_ws/install', 'ROS_DISTRO': 'jazzy', 'LOGNAME': 'bot', '_': '/usr/bin/colcon', 'ROS_VERSION': '2', 'MEMORY_PRESSURE_WATCH': '/sys/fs/cgroup/user.slice/user-1000.slice/user@1000.service/session.slice/org.gnome.Shell@wayland.service/memory.pressure', 'XDG_SESSION_CLASS': 'user', 'USERNAME': 'bot', 'TERM': 'xterm-256color', 'GNOME_DESKTOP_SESSION_ID': 'this-is-deprecated', 'PATH': '/opt/ros/jazzy/opt/gz_tools_vendor/bin:/opt/ros/jazzy/bin:/usr/local/sbin:/usr/local/bin:/usr/sbin:/usr/bin:/sbin:/bin:/usr/games:/usr/local/games:/snap/bin:/snap/bin', 'SESSION_MANAGER': 'local/bot-desktop:@/tmp/.ICE-unix/2576,unix/bot-desktop:/tmp/.ICE-unix/2576', 'XDG_MENU_PREFIX': 'gnome-', 'GNOME_TERMINAL_SCREEN': '/org/gnome/Terminal/screen/3af69af4_558a_455a_946d_9d2d672ef67b', 'GNOME_SETUP_DISPLAY': ':1', 'XDG_RUNTIME_DIR': '/run/user/1000', 'DISPLAY': ':0', 'LANG': 'en_US.UTF-8', 'XDG_CURRENT_DESKTOP': 'ubuntu:GNOME', 'XMODIFIERS': '@im=ibus', 'XDG_SESSION_DESKTOP': 'ubuntu', 'XAUTHORITY': '/run/user/1000/.mutter-Xwaylandauth.VZBUI3', 'LS_COLORS': 'rs=0:di=01;34:ln=01;36:mh=00:pi=40;33:so=01;35:do=01;35:bd=40;33;01:cd=40;33;01:or=40;31;01:mi=00:su=37;41:sg=30;43:ca=00:tw=30;42:ow=34;42:st=37;44:ex=01;32:*.tar=01;31:*.tgz=01;31:*.arc=01;31:*.arj=01;31:*.taz=01;31:*.lha=01;31:*.lz4=01;31:*.lzh=01;31:*.lzma=01;31:*.tlz=01;31:*.txz=01;31:*.tzo=01;31:*.t7z=01;31:*.zip=01;31:*.z=01;31:*.dz=01;31:*.gz=01;31:*.lrz=01;31:*.lz=01;31:*.lzo=01;31:*.xz=01;31:*.zst=01;31:*.tzst=01;31:*.bz2=01;31:*.bz=01;31:*.tbz=01;31:*.tbz2=01;31:*.tz=01;31:*.deb=01;31:*.rpm=01;31:*.jar=01;31:*.war=01;31:*.ear=01;31:*.sar=01;31:*.rar=01;31:*.alz=01;31:*.ace=01;31:*.zoo=01;31:*.cpio=01;31:*.7z=01;31:*.rz=01;31:*.cab=01;31:*.wim=01;31:*.swm=01;31:*.dwm=01;31:*.esd=01;31:*.avif=01;35:*.jpg=01;35:*.jpeg=01;35:*.mjpg=01;35:*.mjpeg=01;35:*.gif=01;35:*.bmp=01;35:*.pbm=01;35:*.pgm=01;35:*.ppm=01;35:*.tga=01;35:*.xbm=01;35:*.xpm=01;35:*.tif=01;35:*.tiff=01;35:*.png=01;35:*.svg=01;35:*.svgz=01;35:*.mng=01;35:*.pcx=01;35:*.mov=01;35:*.mpg=01;35:*.mpeg=01;35:*.m2v=01;35:*.mkv=01;35:*.webm=01;35:*.webp=01;35:*.ogm=01;35:*.mp4=01;35:*.m4v=01;35:*.mp4v=01;35:*.vob=01;35:*.qt=01;35:*.nuv=01;35:*.wmv=01;35:*.asf=01;35:*.rm=01;35:*.rmvb=01;35:*.flc=01;35:*.avi=01;35:*.fli=01;35:*.flv=01;35:*.gl=01;35:*.dl=01;35:*.xcf=01;35:*.xwd=01;35:*.yuv=01;35:*.cgm=01;35:*.emf=01;35:*.ogv=01;35:*.ogx=01;35:*.aac=00;36:*.au=00;36:*.flac=00;36:*.m4a=00;36:*.mid=00;36:*.midi=00;36:*.mka=00;36:*.mp3=00;36:*.mpc=00;36:*.ogg=00;36:*.ra=00;36:*.wav=00;36:*.oga=00;36:*.opus=00;36:*.spx=00;36:*.xspf=00;36:*~=00;90:*#=00;90:*.bak=00;90:*.crdownload=00;90:*.dpkg-dist=00;90:*.dpkg-new=00;90:*.dpkg-old=00;90:*.dpkg-tmp=00;90:*.old=00;90:*.orig=00;90:*.part=00;90:*.rej=00;90:*.rpmnew=00;90:*.rpmorig=00;90:*.rpmsave=00;90:*.swp=00;90:*.tmp=00;90:*.ucf-dist=00;90:*.ucf-new=00;90:*.ucf-old=00;90:', 'GNOME_TERMINAL_SERVICE': ':1.138', 'SSH_AUTH_SOCK': '/run/user/1000/keyring/ssh', 'AMENT_PREFIX_PATH': '/home/bot/ros2_ws/install/mqtt_imu:/home/bot/ros2_ws/install/robotic_arm_v3_config:/home/bot/ros2_ws/install/robotic_arm_moveit:/home/bot/ros2_ws/install/robotic_arm_model_v3:/home/bot/ros2_ws/install/robotic_arm_config:/home/bot/ros2_ws/install/pose_printer:/home/bot/ros2_ws/install/moveit_controls:/home/bot/ros2_ws/install/move_program:/home/bot/ros2_ws/install/cpp_pubsub:/opt/ros/jazzy', 'SHELL': '/bin/bash', 'QT_ACCESSIBILITY': '1', 'GDMSESSION': 'ubuntu', 'LESSCLOSE': '/usr/bin/lesspipe %s %s', 'ROS_AUTOMATIC_DISCOVERY_RANGE': 'SUBNET', 'QT_IM_MODULE': 'ibus', 'PWD': '/home/bot/ros2_ws/build/robotic_arm_model_v3', 'LC_ALL': 'en_US.UTF-8', 'XDG_CONFIG_DIRS': '/etc/xdg/xdg-ubuntu:/etc/xdg', 'XDG_DATA_DIRS': '/usr/share/ubuntu:/usr/share/gnome:/usr/local/share/:/usr/share/:/var/lib/snapd/desktop', 'PYTHONPATH': '/home/bot/ros2_ws/install/mqtt_imu/lib/python3.12/site-packages:/home/bot/ros2_ws/install/pose_printer/lib/python3.12/site-packages:/home/bot/ros2_ws/install/moveit_controls/lib/python3.12/site-packages:/opt/ros/jazzy/lib/python3.12/site-packages', 'COLCON': '1', 'MEMORY_PRESSURE_WRITE': 'c29tZSAyMDAwMDAgMjAwMDAwMAA=', 'VTE_VERSION': '7600', 'CMAKE_PREFIX_PATH': '/home/bot/ros2_ws/install/robotic_arm_v3_config:/home/bot/ros2_ws/install/robotic_arm_moveit:/home/bot/ros2_ws/install/robotic_arm_model_v3:/home/bot/ros2_ws/install/robotic_arm_config:/home/bot/ros2_ws/install/move_program:/home/bot/ros2_ws/install/cpp_pubsub:/opt/ros/jazzy/opt/sdformat_vendor:/opt/ros/jazzy/opt/gz_math_vendor:/opt/ros/jazzy/opt/gz_utils_vendor:/opt/ros/jazzy/opt/gz_tools_vendor:/opt/ros/jazzy/opt/gz_cmake_vendor:/home/bot/ros2_ws/install/mqtt_imu:/home/bot/ros2_ws/install/pose_printer:/home/bot/ros2_ws/install/moveit_controls:/opt/ros/jazzy'}), 'shell': False}
[12.202708] (move_program) StdoutLine: {'line': b'-- Using all available rosidl_typesupport_cpp: rosidl_typesupport_fastrtps_cpp;rosidl_typesupport_introspection_cpp\n'}
[12.203850] (cpp_pubsub) StdoutLine: {'line': b'-- Using all available rosidl_typesupport_cpp: rosidl_typesupport_fastrtps_cpp;rosidl_typesupport_introspection_cpp\n'}
[12.205991] (-) TimerEvent: {}
[12.210624] (robotic_arm_model_v3) StdoutLine: {'line': b'-- Install configuration: ""\n'}
[12.216725] (robotic_arm_model_v3) StdoutLine: {'line': b'-- Installing: /home/bot/ros2_ws/install/robotic_arm_model_v3/share/robotic_arm_model_v3/urdf\n'}
[12.217346] (robotic_arm_model_v3) StdoutLine: {'line': b'-- Installing: /home/bot/ros2_ws/install/robotic_arm_model_v3/share/robotic_arm_model_v3/urdf/robotic_arm_model_v3.csv\n'}
[12.222637] (robotic_arm_model_v3) StdoutLine: {'line': b'-- Installing: /home/bot/ros2_ws/install/robotic_arm_model_v3/share/robotic_arm_model_v3/urdf/robotic_arm_model_v3.urdf\n'}
[12.231477] (robotic_arm_model_v3) StdoutLine: {'line': b'-- Installing: /home/bot/ros2_ws/install/robotic_arm_model_v3/share/robotic_arm_model_v3/urdf/robotic_arm_model_v3.sdf\n'}
[12.240874] (robotic_arm_model_v3) StdoutLine: {'line': b'-- Installing: /home/bot/ros2_ws/install/robotic_arm_model_v3/share/robotic_arm_model_v3/meshes\n'}
[12.244190] (robotic_arm_model_v3) StdoutLine: {'line': b'-- Installing: /home/bot/ros2_ws/install/robotic_arm_model_v3/share/robotic_arm_model_v3/meshes/link_2.STL\n'}
[12.254226] (robotic_arm_model_v3) StdoutLine: {'line': b'-- Installing: /home/bot/ros2_ws/install/robotic_arm_model_v3/share/robotic_arm_model_v3/meshes/end_effector_bottom.STL\n'}
[12.268929] (robotic_arm_model_v3) StdoutLine: {'line': b'-- Installing: /home/bot/ros2_ws/install/robotic_arm_model_v3/share/robotic_arm_model_v3/meshes/end_effector_link.STL\n'}
[12.278441] (robotic_arm_model_v3) StdoutLine: {'line': b'-- Installing: /home/bot/ros2_ws/install/robotic_arm_model_v3/share/robotic_arm_model_v3/meshes/link_4.STL\n'}
[12.296689] (robotic_arm_model_v3) StdoutLine: {'line': b'-- Installing: /home/bot/ros2_ws/install/robotic_arm_model_v3/share/robotic_arm_model_v3/meshes/link_1.STL\n'}
[12.306163] (-) TimerEvent: {}
[12.312050] (robotic_arm_model_v3) StdoutLine: {'line': b'-- Installing: /home/bot/ros2_ws/install/robotic_arm_model_v3/share/robotic_arm_model_v3/meshes/link_3.STL\n'}
[12.326263] (robotic_arm_model_v3) StdoutLine: {'line': b'-- Installing: /home/bot/ros2_ws/install/robotic_arm_model_v3/share/robotic_arm_model_v3/meshes/base_link.STL\n'}
[12.346570] (robotic_arm_model_v3) StdoutLine: {'line': b'-- Installing: /home/bot/ros2_ws/install/robotic_arm_model_v3/share/robotic_arm_model_v3/meshes/end_effector_top.STL\n'}
[12.358630] (robotic_arm_model_v3) StdoutLine: {'line': b'-- Installing: /home/bot/ros2_ws/install/robotic_arm_model_v3/share/ament_index/resource_index/package_run_dependencies/robotic_arm_model_v3\n'}
[12.362942] (robotic_arm_model_v3) StdoutLine: {'line': b'-- Installing: /home/bot/ros2_ws/install/robotic_arm_model_v3/share/ament_index/resource_index/parent_prefix_path/robotic_arm_model_v3\n'}
[12.365085] (robotic_arm_model_v3) StdoutLine: {'line': b'-- Installing: /home/bot/ros2_ws/install/robotic_arm_model_v3/share/robotic_arm_model_v3/environment/ament_prefix_path.sh\n'}
[12.369954] (robotic_arm_model_v3) StdoutLine: {'line': b'-- Installing: /home/bot/ros2_ws/install/robotic_arm_model_v3/share/robotic_arm_model_v3/environment/ament_prefix_path.dsv\n'}
[12.370926] (robotic_arm_model_v3) StdoutLine: {'line': b'-- Installing: /home/bot/ros2_ws/install/robotic_arm_model_v3/share/robotic_arm_model_v3/environment/path.sh\n'}
[12.372636] (robotic_arm_model_v3) StdoutLine: {'line': b'-- Installing: /home/bot/ros2_ws/install/robotic_arm_model_v3/share/robotic_arm_model_v3/environment/path.dsv\n'}
[12.375045] (robotic_arm_model_v3) StdoutLine: {'line': b'-- Installing: /home/bot/ros2_ws/install/robotic_arm_model_v3/share/robotic_arm_model_v3/local_setup.bash\n'}
[12.378005] (robotic_arm_model_v3) StdoutLine: {'line': b'-- Installing: /home/bot/ros2_ws/install/robotic_arm_model_v3/share/robotic_arm_model_v3/local_setup.sh\n'}
[12.380114] (robotic_arm_model_v3) StdoutLine: {'line': b'-- Installing: /home/bot/ros2_ws/install/robotic_arm_model_v3/share/robotic_arm_model_v3/local_setup.zsh\n'}
[12.383938] (robotic_arm_model_v3) StdoutLine: {'line': b'-- Installing: /home/bot/ros2_ws/install/robotic_arm_model_v3/share/robotic_arm_model_v3/local_setup.dsv\n'}
[12.384953] (robotic_arm_model_v3) StdoutLine: {'line': b'-- Installing: /home/bot/ros2_ws/install/robotic_arm_model_v3/share/robotic_arm_model_v3/package.dsv\n'}
[12.387708] (robotic_arm_model_v3) StdoutLine: {'line': b'-- Installing: /home/bot/ros2_ws/install/robotic_arm_model_v3/share/ament_index/resource_index/packages/robotic_arm_model_v3\n'}
[12.391550] (robotic_arm_model_v3) StdoutLine: {'line': b'-- Installing: /home/bot/ros2_ws/install/robotic_arm_model_v3/share/robotic_arm_model_v3/cmake/robotic_arm_model_v3Config.cmake\n'}
[12.392426] (robotic_arm_model_v3) StdoutLine: {'line': b'-- Installing: /home/bot/ros2_ws/install/robotic_arm_model_v3/share/robotic_arm_model_v3/cmake/robotic_arm_model_v3Config-version.cmake\n'}
[12.395940] (robotic_arm_model_v3) StdoutLine: {'line': b'-- Installing: /home/bot/ros2_ws/install/robotic_arm_model_v3/share/robotic_arm_model_v3/package.xml\n'}
[12.407335] (robotic_arm_model_v3) CommandEnded: {'returncode': 0}
[12.408605] (-) TimerEvent: {}
[12.515133] (-) TimerEvent: {}
[12.591495] (robotic_arm_model_v3) JobEnded: {'identifier': 'robotic_arm_model_v3', 'rc': 0}
[12.593272] (mqtt_imu) JobStarted: {'identifier': 'mqtt_imu'}
[12.617977] (-) TimerEvent: {}
[12.732627] (-) TimerEvent: {}
[12.838145] (-) TimerEvent: {}
[12.939113] (-) TimerEvent: {}
[13.040422] (-) TimerEvent: {}
[13.142955] (-) TimerEvent: {}
[13.148058] (moveit_controls) StdoutLine: {'line': b'running egg_info\n'}
[13.149963] (moveit_controls) StdoutLine: {'line': b'creating ../../build/moveit_controls/moveit_controls.egg-info\n'}
[13.244923] (-) TimerEvent: {}
[13.313173] (moveit_controls) StdoutLine: {'line': b'writing ../../build/moveit_controls/moveit_controls.egg-info/PKG-INFO\n'}
[13.313989] (moveit_controls) StdoutLine: {'line': b'writing dependency_links to ../../build/moveit_controls/moveit_controls.egg-info/dependency_links.txt\n'}
[13.314984] (moveit_controls) StdoutLine: {'line': b'writing entry points to ../../build/moveit_controls/moveit_controls.egg-info/entry_points.txt\n'}
[13.317725] (moveit_controls) StdoutLine: {'line': b'writing requirements to ../../build/moveit_controls/moveit_controls.egg-info/requires.txt\n'}
[13.318438] (moveit_controls) StdoutLine: {'line': b'writing top-level names to ../../build/moveit_controls/moveit_controls.egg-info/top_level.txt\n'}
[13.319159] (moveit_controls) StdoutLine: {'line': b"writing manifest file '../../build/moveit_controls/moveit_controls.egg-info/SOURCES.txt'\n"}
[13.333351] (move_program) StdoutLine: {'line': b'-- Found rmw_implementation_cmake: 7.3.2 (/opt/ros/jazzy/share/rmw_implementation_cmake/cmake)\n'}
[13.346934] (-) TimerEvent: {}
[13.356435] (cpp_pubsub) StdoutLine: {'line': b'-- Found rmw_implementation_cmake: 7.3.2 (/opt/ros/jazzy/share/rmw_implementation_cmake/cmake)\n'}
[13.392691] (move_program) StdoutLine: {'line': b'-- Found rmw_fastrtps_cpp: 8.4.3 (/opt/ros/jazzy/share/rmw_fastrtps_cpp/cmake)\n'}
[13.410050] (cpp_pubsub) StdoutLine: {'line': b'-- Found rmw_fastrtps_cpp: 8.4.3 (/opt/ros/jazzy/share/rmw_fastrtps_cpp/cmake)\n'}
[13.447944] (-) TimerEvent: {}
[13.551269] (-) TimerEvent: {}
[13.645931] (moveit_controls) StdoutLine: {'line': b"reading manifest file '../../build/moveit_controls/moveit_controls.egg-info/SOURCES.txt'\n"}
[13.646773] (moveit_controls) StdoutLine: {'line': b"writing manifest file '../../build/moveit_controls/moveit_controls.egg-info/SOURCES.txt'\n"}
[13.647711] (moveit_controls) StdoutLine: {'line': b'running build\n'}
[13.648434] (moveit_controls) StdoutLine: {'line': b'running build_py\n'}
[13.651093] (moveit_controls) StdoutLine: {'line': b'creating /home/bot/ros2_ws/build/moveit_controls/build\n'}
[13.651574] (-) TimerEvent: {}
[13.658103] (moveit_controls) StdoutLine: {'line': b'creating /home/bot/ros2_ws/build/moveit_controls/build/lib\n'}
[13.658676] (moveit_controls) StdoutLine: {'line': b'creating /home/bot/ros2_ws/build/moveit_controls/build/lib/moveit_controls\n'}
[13.659126] (moveit_controls) StdoutLine: {'line': b'copying moveit_controls/__init__.py -> /home/bot/ros2_ws/build/moveit_controls/build/lib/moveit_controls\n'}
[13.659511] (moveit_controls) StdoutLine: {'line': b'running install\n'}
[13.687948] (moveit_controls) StdoutLine: {'line': b'running install_lib\n'}
[13.751773] (-) TimerEvent: {}
[13.850108] (moveit_controls) StdoutLine: {'line': b'creating /home/bot/ros2_ws/install/moveit_controls/lib/python3.12/site-packages/moveit_controls\n'}
[13.850685] (moveit_controls) StdoutLine: {'line': b'copying /home/bot/ros2_ws/build/moveit_controls/build/lib/moveit_controls/__init__.py -> /home/bot/ros2_ws/install/moveit_controls/lib/python3.12/site-packages/moveit_controls\n'}
[13.851941] (-) TimerEvent: {}
[13.855585] (moveit_controls) StdoutLine: {'line': b'byte-compiling /home/bot/ros2_ws/install/moveit_controls/lib/python3.12/site-packages/moveit_controls/__init__.py to __init__.cpython-312.pyc\n'}
[13.857468] (moveit_controls) StdoutLine: {'line': b'running install_data\n'}
[13.858334] (moveit_controls) StdoutLine: {'line': b'creating /home/bot/ros2_ws/install/moveit_controls/share/ament_index\n'}
[13.862004] (moveit_controls) StdoutLine: {'line': b'creating /home/bot/ros2_ws/install/moveit_controls/share/ament_index/resource_index\n'}
[13.862635] (moveit_controls) StdoutLine: {'line': b'creating /home/bot/ros2_ws/install/moveit_controls/share/ament_index/resource_index/packages\n'}
[13.864790] (moveit_controls) StdoutLine: {'line': b'copying resource/moveit_controls -> /home/bot/ros2_ws/install/moveit_controls/share/ament_index/resource_index/packages\n'}
[13.867956] (moveit_controls) StdoutLine: {'line': b'copying package.xml -> /home/bot/ros2_ws/install/moveit_controls/share/moveit_controls\n'}
[13.868631] (moveit_controls) StdoutLine: {'line': b'running install_egg_info\n'}
[13.952113] (-) TimerEvent: {}
[14.034364] (moveit_controls) StdoutLine: {'line': b'Copying ../../build/moveit_controls/moveit_controls.egg-info to /home/bot/ros2_ws/install/moveit_controls/lib/python3.12/site-packages/moveit_controls-0.0.0-py3.12.egg-info\n'}
[14.042456] (moveit_controls) StdoutLine: {'line': b'running install_scripts\n'}
[14.054048] (-) TimerEvent: {}
[14.155497] (-) TimerEvent: {}
[14.256561] (-) TimerEvent: {}
[14.360186] (-) TimerEvent: {}
[14.366578] (move_program) StdoutLine: {'line': b'-- Found OpenSSL: /usr/lib/aarch64-linux-gnu/libcrypto.so (found version "3.0.13")  \n'}
[14.367561] (cpp_pubsub) StdoutLine: {'line': b'-- Found OpenSSL: /usr/lib/aarch64-linux-gnu/libcrypto.so (found version "3.0.13")  \n'}
[14.461945] (-) TimerEvent: {}
[14.518415] (cpp_pubsub) StdoutLine: {'line': b'-- Found FastRTPS: /opt/ros/jazzy/include (Required is at least version "2.13") \n'}
[14.539958] (move_program) StdoutLine: {'line': b'-- Found FastRTPS: /opt/ros/jazzy/include (Required is at least version "2.13") \n'}
[14.563052] (-) TimerEvent: {}
[14.655255] (cpp_pubsub) StdoutLine: {'line': b"-- Using RMW implementation 'rmw_fastrtps_cpp' as default\n"}
[14.666003] (-) TimerEvent: {}
[14.691194] (move_program) StdoutLine: {'line': b"-- Using RMW implementation 'rmw_fastrtps_cpp' as default\n"}
[14.766494] (-) TimerEvent: {}
[14.871316] (-) TimerEvent: {}
[14.972288] (-) TimerEvent: {}
[15.074195] (-) TimerEvent: {}
[15.179930] (-) TimerEvent: {}
[15.280633] (-) TimerEvent: {}
[15.306190] (moveit_controls) StdoutLine: {'line': b'Installing move_to_xyz script to /home/bot/ros2_ws/install/moveit_controls/lib/moveit_controls\n'}
[15.307511] (moveit_controls) StdoutLine: {'line': b'Installing target_listener script to /home/bot/ros2_ws/install/moveit_controls/lib/moveit_controls\n'}
[15.313732] (moveit_controls) StdoutLine: {'line': b"writing list of installed files to '/home/bot/ros2_ws/build/moveit_controls/install.log'\n"}
[15.380947] (-) TimerEvent: {}
[15.478689] (move_program) StdoutLine: {'line': b'-- Found moveit_ros_planning_interface: 2.12.3 (/opt/ros/jazzy/share/moveit_ros_planning_interface/cmake)\n'}
[15.479916] (cpp_pubsub) StdoutLine: {'line': b'-- Found std_msgs: 5.3.6 (/opt/ros/jazzy/share/std_msgs/cmake)\n'}
[15.481117] (-) TimerEvent: {}
[15.514076] (moveit_controls) CommandEnded: {'returncode': 0}
[15.552043] (moveit_controls) JobEnded: {'identifier': 'moveit_controls', 'rc': 0}
[15.556838] (pose_printer) JobStarted: {'identifier': 'pose_printer'}
[15.582749] (-) TimerEvent: {}
[15.683631] (-) TimerEvent: {}
[15.785946] (-) TimerEvent: {}
[15.886873] (-) TimerEvent: {}
[15.989327] (-) TimerEvent: {}
[16.090213] (-) TimerEvent: {}
[16.193776] (-) TimerEvent: {}
[16.294970] (-) TimerEvent: {}
[16.325093] (cpp_pubsub) StdoutLine: {'line': b'-- Configuring done (15.9s)\n'}
[16.395201] (-) TimerEvent: {}
[16.437685] (cpp_pubsub) StdoutLine: {'line': b'-- Generating done (0.1s)\n'}
[16.468543] (cpp_pubsub) StdoutLine: {'line': b'-- Build files have been written to: /home/bot/ros2_ws/build/cpp_pubsub\n'}
[16.495617] (-) TimerEvent: {}
[16.597280] (-) TimerEvent: {}
[16.698943] (-) TimerEvent: {}
[16.802125] (-) TimerEvent: {}
[16.847842] (move_program) StdoutLine: {'line': b'-- Found Boost: /usr/lib/aarch64-linux-gnu/cmake/Boost-1.83.0/BoostConfig.cmake (found version "1.83.0") found components: date_time filesystem program_options system thread \n'}
[16.902349] (-) TimerEvent: {}
[17.006232] (-) TimerEvent: {}
[17.107043] (-) TimerEvent: {}
[17.209051] (-) TimerEvent: {}
[17.247828] (cpp_pubsub) CommandEnded: {'returncode': 0}
[17.255781] (cpp_pubsub) JobProgress: {'identifier': 'cpp_pubsub', 'progress': 'build'}
[17.255989] (cpp_pubsub) Command: {'cmd': ['/usr/bin/cmake', '--build', '/home/bot/ros2_ws/build/cpp_pubsub', '--', '-j4', '-l4'], 'cwd': '/home/bot/ros2_ws/build/cpp_pubsub', 'env': OrderedDict({'LESSOPEN': '| /usr/bin/lesspipe %s', 'USER': 'bot', 'GZ_CONFIG_PATH': '/opt/ros/jazzy/opt/sdformat_vendor/share/gz', 'XDG_SESSION_TYPE': 'wayland', 'CLUTTER_DISABLE_MIPMAPPED_TEXT': '1', 'SHLVL': '1', 'LD_LIBRARY_PATH': '/opt/ros/jazzy/opt/sdformat_vendor/lib:/opt/ros/jazzy/opt/rviz_ogre_vendor/lib:/opt/ros/jazzy/lib/aarch64-linux-gnu:/opt/ros/jazzy/opt/gz_math_vendor/lib:/opt/ros/jazzy/opt/gz_utils_vendor/lib:/opt/ros/jazzy/opt/gz_tools_vendor/lib:/opt/ros/jazzy/opt/gz_cmake_vendor/lib:/opt/ros/jazzy/lib', 'HOME': '/home/bot', 'OLDPWD': '/home/bot/ros2_ws', 'DESKTOP_SESSION': 'ubuntu', 'ROS_PYTHON_VERSION': '3', 'GNOME_SHELL_SESSION_MODE': 'ubuntu', 'GTK_MODULES': 'gail:atk-bridge', 'SYSTEMD_EXEC_PID': '2617', 'GSM_SKIP_SSH_AGENT_WORKAROUND': 'true', 'DBUS_SESSION_BUS_ADDRESS': 'unix:path=/run/user/1000/bus', 'COLORTERM': 'truecolor', 'DEBUGINFOD_URLS': 'https://debuginfod.ubuntu.com', 'IM_CONFIG_PHASE': '1', 'WAYLAND_DISPLAY': 'wayland-0', 'COLCON_PREFIX_PATH': '/home/bot/ros2_ws/install', 'ROS_DISTRO': 'jazzy', 'LOGNAME': 'bot', '_': '/usr/bin/colcon', 'ROS_VERSION': '2', 'MEMORY_PRESSURE_WATCH': '/sys/fs/cgroup/user.slice/user-1000.slice/user@1000.service/session.slice/org.gnome.Shell@wayland.service/memory.pressure', 'XDG_SESSION_CLASS': 'user', 'USERNAME': 'bot', 'TERM': 'xterm-256color', 'GNOME_DESKTOP_SESSION_ID': 'this-is-deprecated', 'PATH': '/opt/ros/jazzy/opt/gz_tools_vendor/bin:/opt/ros/jazzy/bin:/usr/local/sbin:/usr/local/bin:/usr/sbin:/usr/bin:/sbin:/bin:/usr/games:/usr/local/games:/snap/bin:/snap/bin', 'SESSION_MANAGER': 'local/bot-desktop:@/tmp/.ICE-unix/2576,unix/bot-desktop:/tmp/.ICE-unix/2576', 'XDG_MENU_PREFIX': 'gnome-', 'GNOME_TERMINAL_SCREEN': '/org/gnome/Terminal/screen/3af69af4_558a_455a_946d_9d2d672ef67b', 'GNOME_SETUP_DISPLAY': ':1', 'XDG_RUNTIME_DIR': '/run/user/1000', 'DISPLAY': ':0', 'LANG': 'en_US.UTF-8', 'XDG_CURRENT_DESKTOP': 'ubuntu:GNOME', 'XMODIFIERS': '@im=ibus', 'XDG_SESSION_DESKTOP': 'ubuntu', 'XAUTHORITY': '/run/user/1000/.mutter-Xwaylandauth.VZBUI3', 'LS_COLORS': 'rs=0:di=01;34:ln=01;36:mh=00:pi=40;33:so=01;35:do=01;35:bd=40;33;01:cd=40;33;01:or=40;31;01:mi=00:su=37;41:sg=30;43:ca=00:tw=30;42:ow=34;42:st=37;44:ex=01;32:*.tar=01;31:*.tgz=01;31:*.arc=01;31:*.arj=01;31:*.taz=01;31:*.lha=01;31:*.lz4=01;31:*.lzh=01;31:*.lzma=01;31:*.tlz=01;31:*.txz=01;31:*.tzo=01;31:*.t7z=01;31:*.zip=01;31:*.z=01;31:*.dz=01;31:*.gz=01;31:*.lrz=01;31:*.lz=01;31:*.lzo=01;31:*.xz=01;31:*.zst=01;31:*.tzst=01;31:*.bz2=01;31:*.bz=01;31:*.tbz=01;31:*.tbz2=01;31:*.tz=01;31:*.deb=01;31:*.rpm=01;31:*.jar=01;31:*.war=01;31:*.ear=01;31:*.sar=01;31:*.rar=01;31:*.alz=01;31:*.ace=01;31:*.zoo=01;31:*.cpio=01;31:*.7z=01;31:*.rz=01;31:*.cab=01;31:*.wim=01;31:*.swm=01;31:*.dwm=01;31:*.esd=01;31:*.avif=01;35:*.jpg=01;35:*.jpeg=01;35:*.mjpg=01;35:*.mjpeg=01;35:*.gif=01;35:*.bmp=01;35:*.pbm=01;35:*.pgm=01;35:*.ppm=01;35:*.tga=01;35:*.xbm=01;35:*.xpm=01;35:*.tif=01;35:*.tiff=01;35:*.png=01;35:*.svg=01;35:*.svgz=01;35:*.mng=01;35:*.pcx=01;35:*.mov=01;35:*.mpg=01;35:*.mpeg=01;35:*.m2v=01;35:*.mkv=01;35:*.webm=01;35:*.webp=01;35:*.ogm=01;35:*.mp4=01;35:*.m4v=01;35:*.mp4v=01;35:*.vob=01;35:*.qt=01;35:*.nuv=01;35:*.wmv=01;35:*.asf=01;35:*.rm=01;35:*.rmvb=01;35:*.flc=01;35:*.avi=01;35:*.fli=01;35:*.flv=01;35:*.gl=01;35:*.dl=01;35:*.xcf=01;35:*.xwd=01;35:*.yuv=01;35:*.cgm=01;35:*.emf=01;35:*.ogv=01;35:*.ogx=01;35:*.aac=00;36:*.au=00;36:*.flac=00;36:*.m4a=00;36:*.mid=00;36:*.midi=00;36:*.mka=00;36:*.mp3=00;36:*.mpc=00;36:*.ogg=00;36:*.ra=00;36:*.wav=00;36:*.oga=00;36:*.opus=00;36:*.spx=00;36:*.xspf=00;36:*~=00;90:*#=00;90:*.bak=00;90:*.crdownload=00;90:*.dpkg-dist=00;90:*.dpkg-new=00;90:*.dpkg-old=00;90:*.dpkg-tmp=00;90:*.old=00;90:*.orig=00;90:*.part=00;90:*.rej=00;90:*.rpmnew=00;90:*.rpmorig=00;90:*.rpmsave=00;90:*.swp=00;90:*.tmp=00;90:*.ucf-dist=00;90:*.ucf-new=00;90:*.ucf-old=00;90:', 'GNOME_TERMINAL_SERVICE': ':1.138', 'SSH_AUTH_SOCK': '/run/user/1000/keyring/ssh', 'AMENT_PREFIX_PATH': '/home/bot/ros2_ws/install/mqtt_imu:/home/bot/ros2_ws/install/robotic_arm_v3_config:/home/bot/ros2_ws/install/robotic_arm_moveit:/home/bot/ros2_ws/install/robotic_arm_model_v3:/home/bot/ros2_ws/install/robotic_arm_config:/home/bot/ros2_ws/install/pose_printer:/home/bot/ros2_ws/install/moveit_controls:/home/bot/ros2_ws/install/move_program:/home/bot/ros2_ws/install/cpp_pubsub:/opt/ros/jazzy', 'SHELL': '/bin/bash', 'QT_ACCESSIBILITY': '1', 'GDMSESSION': 'ubuntu', 'LESSCLOSE': '/usr/bin/lesspipe %s %s', 'ROS_AUTOMATIC_DISCOVERY_RANGE': 'SUBNET', 'QT_IM_MODULE': 'ibus', 'PWD': '/home/bot/ros2_ws/build/cpp_pubsub', 'LC_ALL': 'en_US.UTF-8', 'XDG_CONFIG_DIRS': '/etc/xdg/xdg-ubuntu:/etc/xdg', 'XDG_DATA_DIRS': '/usr/share/ubuntu:/usr/share/gnome:/usr/local/share/:/usr/share/:/var/lib/snapd/desktop', 'PYTHONPATH': '/home/bot/ros2_ws/install/mqtt_imu/lib/python3.12/site-packages:/home/bot/ros2_ws/install/pose_printer/lib/python3.12/site-packages:/home/bot/ros2_ws/install/moveit_controls/lib/python3.12/site-packages:/opt/ros/jazzy/lib/python3.12/site-packages', 'COLCON': '1', 'MEMORY_PRESSURE_WRITE': 'c29tZSAyMDAwMDAgMjAwMDAwMAA=', 'VTE_VERSION': '7600', 'CMAKE_PREFIX_PATH': '/home/bot/ros2_ws/install/robotic_arm_v3_config:/home/bot/ros2_ws/install/robotic_arm_moveit:/home/bot/ros2_ws/install/robotic_arm_model_v3:/home/bot/ros2_ws/install/robotic_arm_config:/home/bot/ros2_ws/install/move_program:/home/bot/ros2_ws/install/cpp_pubsub:/opt/ros/jazzy/opt/sdformat_vendor:/opt/ros/jazzy/opt/gz_math_vendor:/opt/ros/jazzy/opt/gz_utils_vendor:/opt/ros/jazzy/opt/gz_tools_vendor:/opt/ros/jazzy/opt/gz_cmake_vendor:/home/bot/ros2_ws/install/mqtt_imu:/home/bot/ros2_ws/install/pose_printer:/home/bot/ros2_ws/install/moveit_controls:/opt/ros/jazzy'}), 'shell': False}
[17.309988] (-) TimerEvent: {}
[17.410858] (-) TimerEvent: {}
[17.515160] (-) TimerEvent: {}
[17.616064] (-) TimerEvent: {}
[17.717213] (cpp_pubsub) StdoutLine: {'line': b'[ 25%] \x1b[32mBuilding CXX object CMakeFiles/listener.dir/src/subscriber_lambda_function.cpp.o\x1b[0m\n'}
[17.718022] (-) TimerEvent: {}
[17.752866] (cpp_pubsub) StdoutLine: {'line': b'[ 50%] \x1b[32mBuilding CXX object CMakeFiles/talker.dir/src/publisher_lambda_function.cpp.o\x1b[0m\n'}
[17.820006] (-) TimerEvent: {}
[17.920917] (-) TimerEvent: {}
[18.023953] (-) TimerEvent: {}
[18.124897] (-) TimerEvent: {}
[18.229923] (-) TimerEvent: {}
[18.331951] (-) TimerEvent: {}
[18.432633] (-) TimerEvent: {}
[18.533398] (-) TimerEvent: {}
[18.639979] (-) TimerEvent: {}
[18.740757] (-) TimerEvent: {}
[18.841529] (-) TimerEvent: {}
[18.947050] (-) TimerEvent: {}
[19.048176] (-) TimerEvent: {}
[19.144759] (mqtt_imu) Command: {'cmd': ['/usr/bin/python3', '-W', 'ignore:setup.py install is deprecated', '-W', 'ignore:easy_install command is deprecated', 'setup.py', 'egg_info', '--egg-base', '../../build/mqtt_imu', 'build', '--build-base', '/home/bot/ros2_ws/build/mqtt_imu/build', 'install', '--record', '/home/bot/ros2_ws/build/mqtt_imu/install.log', '--single-version-externally-managed'], 'cwd': '/home/bot/ros2_ws/src/mqtt_imu', 'env': {'LESSOPEN': '| /usr/bin/lesspipe %s', 'USER': 'bot', 'GZ_CONFIG_PATH': '/opt/ros/jazzy/opt/sdformat_vendor/share/gz', 'XDG_SESSION_TYPE': 'wayland', 'CLUTTER_DISABLE_MIPMAPPED_TEXT': '1', 'SHLVL': '1', 'LD_LIBRARY_PATH': '/opt/ros/jazzy/opt/sdformat_vendor/lib:/opt/ros/jazzy/opt/rviz_ogre_vendor/lib:/opt/ros/jazzy/lib/aarch64-linux-gnu:/opt/ros/jazzy/opt/gz_math_vendor/lib:/opt/ros/jazzy/opt/gz_utils_vendor/lib:/opt/ros/jazzy/opt/gz_tools_vendor/lib:/opt/ros/jazzy/opt/gz_cmake_vendor/lib:/opt/ros/jazzy/lib', 'HOME': '/home/bot', 'OLDPWD': '/home/bot/ros2_ws', 'DESKTOP_SESSION': 'ubuntu', 'ROS_PYTHON_VERSION': '3', 'GNOME_SHELL_SESSION_MODE': 'ubuntu', 'GTK_MODULES': 'gail:atk-bridge', 'SYSTEMD_EXEC_PID': '2617', 'GSM_SKIP_SSH_AGENT_WORKAROUND': 'true', 'DBUS_SESSION_BUS_ADDRESS': 'unix:path=/run/user/1000/bus', 'COLORTERM': 'truecolor', 'DEBUGINFOD_URLS': 'https://debuginfod.ubuntu.com', 'IM_CONFIG_PHASE': '1', 'WAYLAND_DISPLAY': 'wayland-0', 'COLCON_PREFIX_PATH': '/home/bot/ros2_ws/install', 'ROS_DISTRO': 'jazzy', 'LOGNAME': 'bot', '_': '/usr/bin/colcon', 'ROS_VERSION': '2', 'MEMORY_PRESSURE_WATCH': '/sys/fs/cgroup/user.slice/user-1000.slice/user@1000.service/session.slice/org.gnome.Shell@wayland.service/memory.pressure', 'XDG_SESSION_CLASS': 'user', 'USERNAME': 'bot', 'TERM': 'xterm-256color', 'GNOME_DESKTOP_SESSION_ID': 'this-is-deprecated', 'PATH': '/opt/ros/jazzy/opt/gz_tools_vendor/bin:/opt/ros/jazzy/bin:/usr/local/sbin:/usr/local/bin:/usr/sbin:/usr/bin:/sbin:/bin:/usr/games:/usr/local/games:/snap/bin:/snap/bin', 'SESSION_MANAGER': 'local/bot-desktop:@/tmp/.ICE-unix/2576,unix/bot-desktop:/tmp/.ICE-unix/2576', 'XDG_MENU_PREFIX': 'gnome-', 'GNOME_TERMINAL_SCREEN': '/org/gnome/Terminal/screen/3af69af4_558a_455a_946d_9d2d672ef67b', 'GNOME_SETUP_DISPLAY': ':1', 'XDG_RUNTIME_DIR': '/run/user/1000', 'DISPLAY': ':0', 'LANG': 'en_US.UTF-8', 'XDG_CURRENT_DESKTOP': 'ubuntu:GNOME', 'XMODIFIERS': '@im=ibus', 'XDG_SESSION_DESKTOP': 'ubuntu', 'XAUTHORITY': '/run/user/1000/.mutter-Xwaylandauth.VZBUI3', 'LS_COLORS': 'rs=0:di=01;34:ln=01;36:mh=00:pi=40;33:so=01;35:do=01;35:bd=40;33;01:cd=40;33;01:or=40;31;01:mi=00:su=37;41:sg=30;43:ca=00:tw=30;42:ow=34;42:st=37;44:ex=01;32:*.tar=01;31:*.tgz=01;31:*.arc=01;31:*.arj=01;31:*.taz=01;31:*.lha=01;31:*.lz4=01;31:*.lzh=01;31:*.lzma=01;31:*.tlz=01;31:*.txz=01;31:*.tzo=01;31:*.t7z=01;31:*.zip=01;31:*.z=01;31:*.dz=01;31:*.gz=01;31:*.lrz=01;31:*.lz=01;31:*.lzo=01;31:*.xz=01;31:*.zst=01;31:*.tzst=01;31:*.bz2=01;31:*.bz=01;31:*.tbz=01;31:*.tbz2=01;31:*.tz=01;31:*.deb=01;31:*.rpm=01;31:*.jar=01;31:*.war=01;31:*.ear=01;31:*.sar=01;31:*.rar=01;31:*.alz=01;31:*.ace=01;31:*.zoo=01;31:*.cpio=01;31:*.7z=01;31:*.rz=01;31:*.cab=01;31:*.wim=01;31:*.swm=01;31:*.dwm=01;31:*.esd=01;31:*.avif=01;35:*.jpg=01;35:*.jpeg=01;35:*.mjpg=01;35:*.mjpeg=01;35:*.gif=01;35:*.bmp=01;35:*.pbm=01;35:*.pgm=01;35:*.ppm=01;35:*.tga=01;35:*.xbm=01;35:*.xpm=01;35:*.tif=01;35:*.tiff=01;35:*.png=01;35:*.svg=01;35:*.svgz=01;35:*.mng=01;35:*.pcx=01;35:*.mov=01;35:*.mpg=01;35:*.mpeg=01;35:*.m2v=01;35:*.mkv=01;35:*.webm=01;35:*.webp=01;35:*.ogm=01;35:*.mp4=01;35:*.m4v=01;35:*.mp4v=01;35:*.vob=01;35:*.qt=01;35:*.nuv=01;35:*.wmv=01;35:*.asf=01;35:*.rm=01;35:*.rmvb=01;35:*.flc=01;35:*.avi=01;35:*.fli=01;35:*.flv=01;35:*.gl=01;35:*.dl=01;35:*.xcf=01;35:*.xwd=01;35:*.yuv=01;35:*.cgm=01;35:*.emf=01;35:*.ogv=01;35:*.ogx=01;35:*.aac=00;36:*.au=00;36:*.flac=00;36:*.m4a=00;36:*.mid=00;36:*.midi=00;36:*.mka=00;36:*.mp3=00;36:*.mpc=00;36:*.ogg=00;36:*.ra=00;36:*.wav=00;36:*.oga=00;36:*.opus=00;36:*.spx=00;36:*.xspf=00;36:*~=00;90:*#=00;90:*.bak=00;90:*.crdownload=00;90:*.dpkg-dist=00;90:*.dpkg-new=00;90:*.dpkg-old=00;90:*.dpkg-tmp=00;90:*.old=00;90:*.orig=00;90:*.part=00;90:*.rej=00;90:*.rpmnew=00;90:*.rpmorig=00;90:*.rpmsave=00;90:*.swp=00;90:*.tmp=00;90:*.ucf-dist=00;90:*.ucf-new=00;90:*.ucf-old=00;90:', 'GNOME_TERMINAL_SERVICE': ':1.138', 'SSH_AUTH_SOCK': '/run/user/1000/keyring/ssh', 'AMENT_PREFIX_PATH': '/home/bot/ros2_ws/install/mqtt_imu:/home/bot/ros2_ws/install/robotic_arm_v3_config:/home/bot/ros2_ws/install/robotic_arm_moveit:/home/bot/ros2_ws/install/robotic_arm_model_v3:/home/bot/ros2_ws/install/robotic_arm_config:/home/bot/ros2_ws/install/pose_printer:/home/bot/ros2_ws/install/moveit_controls:/home/bot/ros2_ws/install/move_program:/home/bot/ros2_ws/install/cpp_pubsub:/opt/ros/jazzy', 'SHELL': '/bin/bash', 'QT_ACCESSIBILITY': '1', 'GDMSESSION': 'ubuntu', 'LESSCLOSE': '/usr/bin/lesspipe %s %s', 'ROS_AUTOMATIC_DISCOVERY_RANGE': 'SUBNET', 'QT_IM_MODULE': 'ibus', 'PWD': '/home/bot/ros2_ws/build/mqtt_imu', 'LC_ALL': 'en_US.UTF-8', 'XDG_CONFIG_DIRS': '/etc/xdg/xdg-ubuntu:/etc/xdg', 'XDG_DATA_DIRS': '/usr/share/ubuntu:/usr/share/gnome:/usr/local/share/:/usr/share/:/var/lib/snapd/desktop', 'PYTHONPATH': '/home/bot/ros2_ws/build/mqtt_imu/prefix_override:/usr/lib/python3/dist-packages/colcon_core/task/python/colcon_distutils_commands:/home/bot/ros2_ws/install/mqtt_imu/lib/python3.12/site-packages:/home/bot/ros2_ws/install/mqtt_imu/lib/python3.12/site-packages:/home/bot/ros2_ws/install/pose_printer/lib/python3.12/site-packages:/home/bot/ros2_ws/install/moveit_controls/lib/python3.12/site-packages:/opt/ros/jazzy/lib/python3.12/site-packages', 'COLCON': '1', 'MEMORY_PRESSURE_WRITE': 'c29tZSAyMDAwMDAgMjAwMDAwMAA=', 'VTE_VERSION': '7600', 'CMAKE_PREFIX_PATH': '/home/bot/ros2_ws/install/robotic_arm_v3_config:/home/bot/ros2_ws/install/robotic_arm_moveit:/home/bot/ros2_ws/install/robotic_arm_model_v3:/home/bot/ros2_ws/install/robotic_arm_config:/home/bot/ros2_ws/install/move_program:/home/bot/ros2_ws/install/cpp_pubsub:/opt/ros/jazzy/opt/sdformat_vendor:/opt/ros/jazzy/opt/gz_math_vendor:/opt/ros/jazzy/opt/gz_utils_vendor:/opt/ros/jazzy/opt/gz_tools_vendor:/opt/ros/jazzy/opt/gz_cmake_vendor'}, 'shell': False}
[19.151696] (-) TimerEvent: {}
[19.255253] (-) TimerEvent: {}
[19.356115] (-) TimerEvent: {}
[19.456964] (-) TimerEvent: {}
[19.562267] (-) TimerEvent: {}
[19.663022] (-) TimerEvent: {}
[19.764982] (-) TimerEvent: {}
[19.865749] (-) TimerEvent: {}
[19.872952] (move_program) StdoutLine: {'line': b'-- Found Boost: /usr/lib/aarch64-linux-gnu/cmake/Boost-1.83.0/BoostConfig.cmake (found version "1.83.0") found components: chrono date_time filesystem iostreams program_options regex serialization system thread \n'}
[19.965971] (-) TimerEvent: {}
[20.070946] (-) TimerEvent: {}
[20.171839] (-) TimerEvent: {}
[20.272632] (-) TimerEvent: {}
[20.379000] (-) TimerEvent: {}
[20.479795] (-) TimerEvent: {}
[20.580607] (-) TimerEvent: {}
[20.682964] (-) TimerEvent: {}
[20.786946] (-) TimerEvent: {}
[20.887675] (-) TimerEvent: {}
[20.988553] (-) TimerEvent: {}
[21.094923] (-) TimerEvent: {}
[21.195859] (-) TimerEvent: {}
[21.296867] (-) TimerEvent: {}
[21.317989] (move_program) StdoutLine: {'line': b'-- Found parameter_traits: 0.5.0 (/opt/ros/jazzy/share/parameter_traits/cmake)\n'}
[21.336470] (mqtt_imu) StdoutLine: {'line': b'running egg_info\n'}
[21.338528] (mqtt_imu) StdoutLine: {'line': b'creating ../../build/mqtt_imu/mqtt_imu.egg-info\n'}
[21.397023] (-) TimerEvent: {}
[21.501521] (-) TimerEvent: {}
[21.554501] (mqtt_imu) StdoutLine: {'line': b'writing ../../build/mqtt_imu/mqtt_imu.egg-info/PKG-INFO\n'}
[21.565783] (mqtt_imu) StdoutLine: {'line': b'writing dependency_links to ../../build/mqtt_imu/mqtt_imu.egg-info/dependency_links.txt\n'}
[21.566372] (mqtt_imu) StdoutLine: {'line': b'writing entry points to ../../build/mqtt_imu/mqtt_imu.egg-info/entry_points.txt\n'}
[21.566867] (mqtt_imu) StdoutLine: {'line': b'writing requirements to ../../build/mqtt_imu/mqtt_imu.egg-info/requires.txt\n'}
[21.567384] (mqtt_imu) StdoutLine: {'line': b'writing top-level names to ../../build/mqtt_imu/mqtt_imu.egg-info/top_level.txt\n'}
[21.575067] (mqtt_imu) StdoutLine: {'line': b"writing manifest file '../../build/mqtt_imu/mqtt_imu.egg-info/SOURCES.txt'\n"}
[21.601696] (-) TimerEvent: {}
[21.709928] (-) TimerEvent: {}
[21.757316] (move_program) StdoutLine: {'line': b'-- Found rclcpp_lifecycle: 28.1.13 (/opt/ros/jazzy/share/rclcpp_lifecycle/cmake)\n'}
[21.811551] (-) TimerEvent: {}
[21.915029] (-) TimerEvent: {}
[22.020056] (-) TimerEvent: {}
[22.046841] (pose_printer) Command: {'cmd': ['/usr/bin/python3', '-W', 'ignore:setup.py install is deprecated', '-W', 'ignore:easy_install command is deprecated', 'setup.py', 'egg_info', '--egg-base', '../../build/pose_printer', 'build', '--build-base', '/home/bot/ros2_ws/build/pose_printer/build', 'install', '--record', '/home/bot/ros2_ws/build/pose_printer/install.log', '--single-version-externally-managed', 'install_data'], 'cwd': '/home/bot/ros2_ws/src/pose_printer', 'env': {'LESSOPEN': '| /usr/bin/lesspipe %s', 'USER': 'bot', 'GZ_CONFIG_PATH': '/opt/ros/jazzy/opt/sdformat_vendor/share/gz', 'XDG_SESSION_TYPE': 'wayland', 'CLUTTER_DISABLE_MIPMAPPED_TEXT': '1', 'SHLVL': '1', 'LD_LIBRARY_PATH': '/opt/ros/jazzy/opt/sdformat_vendor/lib:/opt/ros/jazzy/opt/rviz_ogre_vendor/lib:/opt/ros/jazzy/lib/aarch64-linux-gnu:/opt/ros/jazzy/opt/gz_math_vendor/lib:/opt/ros/jazzy/opt/gz_utils_vendor/lib:/opt/ros/jazzy/opt/gz_tools_vendor/lib:/opt/ros/jazzy/opt/gz_cmake_vendor/lib:/opt/ros/jazzy/lib', 'HOME': '/home/bot', 'OLDPWD': '/home/bot/ros2_ws', 'DESKTOP_SESSION': 'ubuntu', 'ROS_PYTHON_VERSION': '3', 'GNOME_SHELL_SESSION_MODE': 'ubuntu', 'GTK_MODULES': 'gail:atk-bridge', 'SYSTEMD_EXEC_PID': '2617', 'GSM_SKIP_SSH_AGENT_WORKAROUND': 'true', 'DBUS_SESSION_BUS_ADDRESS': 'unix:path=/run/user/1000/bus', 'COLORTERM': 'truecolor', 'DEBUGINFOD_URLS': 'https://debuginfod.ubuntu.com', 'IM_CONFIG_PHASE': '1', 'WAYLAND_DISPLAY': 'wayland-0', 'COLCON_PREFIX_PATH': '/home/bot/ros2_ws/install', 'ROS_DISTRO': 'jazzy', 'LOGNAME': 'bot', '_': '/usr/bin/colcon', 'ROS_VERSION': '2', 'MEMORY_PRESSURE_WATCH': '/sys/fs/cgroup/user.slice/user-1000.slice/user@1000.service/session.slice/org.gnome.Shell@wayland.service/memory.pressure', 'XDG_SESSION_CLASS': 'user', 'USERNAME': 'bot', 'TERM': 'xterm-256color', 'GNOME_DESKTOP_SESSION_ID': 'this-is-deprecated', 'PATH': '/opt/ros/jazzy/opt/gz_tools_vendor/bin:/opt/ros/jazzy/bin:/usr/local/sbin:/usr/local/bin:/usr/sbin:/usr/bin:/sbin:/bin:/usr/games:/usr/local/games:/snap/bin:/snap/bin', 'SESSION_MANAGER': 'local/bot-desktop:@/tmp/.ICE-unix/2576,unix/bot-desktop:/tmp/.ICE-unix/2576', 'XDG_MENU_PREFIX': 'gnome-', 'GNOME_TERMINAL_SCREEN': '/org/gnome/Terminal/screen/3af69af4_558a_455a_946d_9d2d672ef67b', 'GNOME_SETUP_DISPLAY': ':1', 'XDG_RUNTIME_DIR': '/run/user/1000', 'DISPLAY': ':0', 'LANG': 'en_US.UTF-8', 'XDG_CURRENT_DESKTOP': 'ubuntu:GNOME', 'XMODIFIERS': '@im=ibus', 'XDG_SESSION_DESKTOP': 'ubuntu', 'XAUTHORITY': '/run/user/1000/.mutter-Xwaylandauth.VZBUI3', 'LS_COLORS': 'rs=0:di=01;34:ln=01;36:mh=00:pi=40;33:so=01;35:do=01;35:bd=40;33;01:cd=40;33;01:or=40;31;01:mi=00:su=37;41:sg=30;43:ca=00:tw=30;42:ow=34;42:st=37;44:ex=01;32:*.tar=01;31:*.tgz=01;31:*.arc=01;31:*.arj=01;31:*.taz=01;31:*.lha=01;31:*.lz4=01;31:*.lzh=01;31:*.lzma=01;31:*.tlz=01;31:*.txz=01;31:*.tzo=01;31:*.t7z=01;31:*.zip=01;31:*.z=01;31:*.dz=01;31:*.gz=01;31:*.lrz=01;31:*.lz=01;31:*.lzo=01;31:*.xz=01;31:*.zst=01;31:*.tzst=01;31:*.bz2=01;31:*.bz=01;31:*.tbz=01;31:*.tbz2=01;31:*.tz=01;31:*.deb=01;31:*.rpm=01;31:*.jar=01;31:*.war=01;31:*.ear=01;31:*.sar=01;31:*.rar=01;31:*.alz=01;31:*.ace=01;31:*.zoo=01;31:*.cpio=01;31:*.7z=01;31:*.rz=01;31:*.cab=01;31:*.wim=01;31:*.swm=01;31:*.dwm=01;31:*.esd=01;31:*.avif=01;35:*.jpg=01;35:*.jpeg=01;35:*.mjpg=01;35:*.mjpeg=01;35:*.gif=01;35:*.bmp=01;35:*.pbm=01;35:*.pgm=01;35:*.ppm=01;35:*.tga=01;35:*.xbm=01;35:*.xpm=01;35:*.tif=01;35:*.tiff=01;35:*.png=01;35:*.svg=01;35:*.svgz=01;35:*.mng=01;35:*.pcx=01;35:*.mov=01;35:*.mpg=01;35:*.mpeg=01;35:*.m2v=01;35:*.mkv=01;35:*.webm=01;35:*.webp=01;35:*.ogm=01;35:*.mp4=01;35:*.m4v=01;35:*.mp4v=01;35:*.vob=01;35:*.qt=01;35:*.nuv=01;35:*.wmv=01;35:*.asf=01;35:*.rm=01;35:*.rmvb=01;35:*.flc=01;35:*.avi=01;35:*.fli=01;35:*.flv=01;35:*.gl=01;35:*.dl=01;35:*.xcf=01;35:*.xwd=01;35:*.yuv=01;35:*.cgm=01;35:*.emf=01;35:*.ogv=01;35:*.ogx=01;35:*.aac=00;36:*.au=00;36:*.flac=00;36:*.m4a=00;36:*.mid=00;36:*.midi=00;36:*.mka=00;36:*.mp3=00;36:*.mpc=00;36:*.ogg=00;36:*.ra=00;36:*.wav=00;36:*.oga=00;36:*.opus=00;36:*.spx=00;36:*.xspf=00;36:*~=00;90:*#=00;90:*.bak=00;90:*.crdownload=00;90:*.dpkg-dist=00;90:*.dpkg-new=00;90:*.dpkg-old=00;90:*.dpkg-tmp=00;90:*.old=00;90:*.orig=00;90:*.part=00;90:*.rej=00;90:*.rpmnew=00;90:*.rpmorig=00;90:*.rpmsave=00;90:*.swp=00;90:*.tmp=00;90:*.ucf-dist=00;90:*.ucf-new=00;90:*.ucf-old=00;90:', 'GNOME_TERMINAL_SERVICE': ':1.138', 'SSH_AUTH_SOCK': '/run/user/1000/keyring/ssh', 'AMENT_PREFIX_PATH': '/home/bot/ros2_ws/install/mqtt_imu:/home/bot/ros2_ws/install/robotic_arm_v3_config:/home/bot/ros2_ws/install/robotic_arm_moveit:/home/bot/ros2_ws/install/robotic_arm_model_v3:/home/bot/ros2_ws/install/robotic_arm_config:/home/bot/ros2_ws/install/pose_printer:/home/bot/ros2_ws/install/moveit_controls:/home/bot/ros2_ws/install/move_program:/home/bot/ros2_ws/install/cpp_pubsub:/opt/ros/jazzy', 'SHELL': '/bin/bash', 'QT_ACCESSIBILITY': '1', 'GDMSESSION': 'ubuntu', 'LESSCLOSE': '/usr/bin/lesspipe %s %s', 'ROS_AUTOMATIC_DISCOVERY_RANGE': 'SUBNET', 'QT_IM_MODULE': 'ibus', 'PWD': '/home/bot/ros2_ws/build/pose_printer', 'LC_ALL': 'en_US.UTF-8', 'XDG_CONFIG_DIRS': '/etc/xdg/xdg-ubuntu:/etc/xdg', 'XDG_DATA_DIRS': '/usr/share/ubuntu:/usr/share/gnome:/usr/local/share/:/usr/share/:/var/lib/snapd/desktop', 'PYTHONPATH': '/home/bot/ros2_ws/build/pose_printer/prefix_override:/usr/lib/python3/dist-packages/colcon_core/task/python/colcon_distutils_commands:/home/bot/ros2_ws/install/pose_printer/lib/python3.12/site-packages:/home/bot/ros2_ws/install/mqtt_imu/lib/python3.12/site-packages:/home/bot/ros2_ws/install/pose_printer/lib/python3.12/site-packages:/home/bot/ros2_ws/install/moveit_controls/lib/python3.12/site-packages:/opt/ros/jazzy/lib/python3.12/site-packages', 'COLCON': '1', 'MEMORY_PRESSURE_WRITE': 'c29tZSAyMDAwMDAgMjAwMDAwMAA=', 'VTE_VERSION': '7600', 'CMAKE_PREFIX_PATH': '/home/bot/ros2_ws/install/robotic_arm_v3_config:/home/bot/ros2_ws/install/robotic_arm_moveit:/home/bot/ros2_ws/install/robotic_arm_model_v3:/home/bot/ros2_ws/install/robotic_arm_config:/home/bot/ros2_ws/install/move_program:/home/bot/ros2_ws/install/cpp_pubsub:/opt/ros/jazzy/opt/sdformat_vendor:/opt/ros/jazzy/opt/gz_math_vendor:/opt/ros/jazzy/opt/gz_utils_vendor:/opt/ros/jazzy/opt/gz_tools_vendor:/opt/ros/jazzy/opt/gz_cmake_vendor'}, 'shell': False}
[22.122989] (-) TimerEvent: {}
[22.185468] (mqtt_imu) StdoutLine: {'line': b"reading manifest file '../../build/mqtt_imu/mqtt_imu.egg-info/SOURCES.txt'\n"}
[22.196300] (mqtt_imu) StdoutLine: {'line': b"writing manifest file '../../build/mqtt_imu/mqtt_imu.egg-info/SOURCES.txt'\n"}
[22.200604] (mqtt_imu) StdoutLine: {'line': b'running build\n'}
[22.204551] (mqtt_imu) StdoutLine: {'line': b'running build_py\n'}
[22.205737] (mqtt_imu) StdoutLine: {'line': b'creating /home/bot/ros2_ws/build/mqtt_imu/build\n'}
[22.208336] (mqtt_imu) StdoutLine: {'line': b'creating /home/bot/ros2_ws/build/mqtt_imu/build/lib\n'}
[22.209507] (mqtt_imu) StdoutLine: {'line': b'creating /home/bot/ros2_ws/build/mqtt_imu/build/lib/mqtt_imu\n'}
[22.210685] (mqtt_imu) StdoutLine: {'line': b'copying mqtt_imu/__init__.py -> /home/bot/ros2_ws/build/mqtt_imu/build/lib/mqtt_imu\n'}
[22.213624] (mqtt_imu) StdoutLine: {'line': b'copying mqtt_imu/mqtt_imu_node.py -> /home/bot/ros2_ws/build/mqtt_imu/build/lib/mqtt_imu\n'}
[22.214415] (mqtt_imu) StdoutLine: {'line': b'running install\n'}
[22.226959] (-) TimerEvent: {}
[22.327893] (-) TimerEvent: {}
[22.335199] (mqtt_imu) StdoutLine: {'line': b'running install_lib\n'}
[22.430021] (-) TimerEvent: {}
[22.531091] (-) TimerEvent: {}
[22.538050] (move_program) StdoutLine: {'line': b'-- Found Boost: /usr/lib/aarch64-linux-gnu/cmake/Boost-1.83.0/BoostConfig.cmake (found version "1.83.0") found components: filesystem \n'}
[22.631274] (-) TimerEvent: {}
[22.737049] (-) TimerEvent: {}
[22.776989] (mqtt_imu) StdoutLine: {'line': b'creating /home/bot/ros2_ws/install/mqtt_imu/lib/python3.12/site-packages/mqtt_imu\n'}
[22.778275] (mqtt_imu) StdoutLine: {'line': b'copying /home/bot/ros2_ws/build/mqtt_imu/build/lib/mqtt_imu/__init__.py -> /home/bot/ros2_ws/install/mqtt_imu/lib/python3.12/site-packages/mqtt_imu\n'}
[22.779529] (mqtt_imu) StdoutLine: {'line': b'copying /home/bot/ros2_ws/build/mqtt_imu/build/lib/mqtt_imu/mqtt_imu_node.py -> /home/bot/ros2_ws/install/mqtt_imu/lib/python3.12/site-packages/mqtt_imu\n'}
[22.785044] (mqtt_imu) StdoutLine: {'line': b'byte-compiling /home/bot/ros2_ws/install/mqtt_imu/lib/python3.12/site-packages/mqtt_imu/__init__.py to __init__.cpython-312.pyc\n'}
[22.788147] (mqtt_imu) StdoutLine: {'line': b'byte-compiling /home/bot/ros2_ws/install/mqtt_imu/lib/python3.12/site-packages/mqtt_imu/mqtt_imu_node.py to mqtt_imu_node.cpython-312.pyc\n'}
[22.791476] (mqtt_imu) StdoutLine: {'line': b'running install_egg_info\n'}
[22.839430] (-) TimerEvent: {}
[22.940970] (-) TimerEvent: {}
[23.044393] (-) TimerEvent: {}
[23.104414] (mqtt_imu) StdoutLine: {'line': b'Copying ../../build/mqtt_imu/mqtt_imu.egg-info to /home/bot/ros2_ws/install/mqtt_imu/lib/python3.12/site-packages/mqtt_imu-0.0.1-py3.12.egg-info\n'}
[23.117088] (mqtt_imu) StdoutLine: {'line': b'running install_scripts\n'}
[23.144627] (-) TimerEvent: {}
[23.245638] (-) TimerEvent: {}
[23.349414] (-) TimerEvent: {}
[23.457973] (-) TimerEvent: {}
[23.561258] (-) TimerEvent: {}
[23.664971] (-) TimerEvent: {}
[23.765754] (-) TimerEvent: {}
[23.850243] (move_program) StdoutLine: {'line': b'-- Found Eigen3: TRUE (found version "3.4.0") \n'}
[23.851239] (move_program) StdoutLine: {'line': b'-- Ensuring Eigen3 include directory is part of orocos-kdl CMake target\n'}
[23.868105] (-) TimerEvent: {}
[23.969159] (-) TimerEvent: {}
[24.071034] (-) TimerEvent: {}
[24.174390] (-) TimerEvent: {}
[24.281347] (-) TimerEvent: {}
[24.383207] (-) TimerEvent: {}
[24.488531] (-) TimerEvent: {}
[24.589682] (-) TimerEvent: {}
[24.694351] (-) TimerEvent: {}
[24.798011] (-) TimerEvent: {}
[24.904982] (-) TimerEvent: {}
[25.005887] (-) TimerEvent: {}
[25.106909] (-) TimerEvent: {}
[25.193605] (mqtt_imu) StdoutLine: {'line': b'Installing mqtt_imu_node script to /home/bot/ros2_ws/install/mqtt_imu/lib/mqtt_imu\n'}
[25.197479] (mqtt_imu) StdoutLine: {'line': b"writing list of installed files to '/home/bot/ros2_ws/build/mqtt_imu/install.log'\n"}
[25.202008] (pose_printer) StdoutLine: {'line': b'running egg_info\n'}
[25.210037] (pose_printer) StdoutLine: {'line': b'creating ../../build/pose_printer/pose_printer.egg-info\n'}
[25.210948] (-) TimerEvent: {}
[25.312992] (-) TimerEvent: {}
[25.415986] (-) TimerEvent: {}
[25.479020] (mqtt_imu) CommandEnded: {'returncode': 0}
[25.530058] (-) TimerEvent: {}
[25.574907] (pose_printer) StdoutLine: {'line': b'writing ../../build/pose_printer/pose_printer.egg-info/PKG-INFO\n'}
[25.576550] (pose_printer) StdoutLine: {'line': b'writing dependency_links to ../../build/pose_printer/pose_printer.egg-info/dependency_links.txt\n'}
[25.584028] (pose_printer) StdoutLine: {'line': b'writing entry points to ../../build/pose_printer/pose_printer.egg-info/entry_points.txt\n'}
[25.587475] (pose_printer) StdoutLine: {'line': b'writing requirements to ../../build/pose_printer/pose_printer.egg-info/requires.txt\n'}
[25.588481] (pose_printer) StdoutLine: {'line': b'writing top-level names to ../../build/pose_printer/pose_printer.egg-info/top_level.txt\n'}
[25.589467] (pose_printer) StdoutLine: {'line': b"writing manifest file '../../build/pose_printer/pose_printer.egg-info/SOURCES.txt'\n"}
[25.594547] (mqtt_imu) JobEnded: {'identifier': 'mqtt_imu', 'rc': 0}
[25.598341] (robotic_arm_config) JobStarted: {'identifier': 'robotic_arm_config'}
[25.633319] (-) TimerEvent: {}
[25.649395] (robotic_arm_config) JobProgress: {'identifier': 'robotic_arm_config', 'progress': 'cmake'}
[25.658468] (robotic_arm_config) Command: {'cmd': ['/usr/bin/cmake', '/home/bot/ros2_ws/src/robotic_arm_config', '-DCMAKE_INSTALL_PREFIX=/home/bot/ros2_ws/install/robotic_arm_config'], 'cwd': '/home/bot/ros2_ws/build/robotic_arm_config', 'env': OrderedDict({'LESSOPEN': '| /usr/bin/lesspipe %s', 'USER': 'bot', 'GZ_CONFIG_PATH': '/opt/ros/jazzy/opt/sdformat_vendor/share/gz', 'XDG_SESSION_TYPE': 'wayland', 'CLUTTER_DISABLE_MIPMAPPED_TEXT': '1', 'SHLVL': '1', 'LD_LIBRARY_PATH': '/opt/ros/jazzy/opt/sdformat_vendor/lib:/opt/ros/jazzy/opt/rviz_ogre_vendor/lib:/opt/ros/jazzy/lib/aarch64-linux-gnu:/opt/ros/jazzy/opt/gz_math_vendor/lib:/opt/ros/jazzy/opt/gz_utils_vendor/lib:/opt/ros/jazzy/opt/gz_tools_vendor/lib:/opt/ros/jazzy/opt/gz_cmake_vendor/lib:/opt/ros/jazzy/lib', 'HOME': '/home/bot', 'OLDPWD': '/home/bot/ros2_ws', 'DESKTOP_SESSION': 'ubuntu', 'ROS_PYTHON_VERSION': '3', 'GNOME_SHELL_SESSION_MODE': 'ubuntu', 'GTK_MODULES': 'gail:atk-bridge', 'SYSTEMD_EXEC_PID': '2617', 'GSM_SKIP_SSH_AGENT_WORKAROUND': 'true', 'DBUS_SESSION_BUS_ADDRESS': 'unix:path=/run/user/1000/bus', 'COLORTERM': 'truecolor', 'DEBUGINFOD_URLS': 'https://debuginfod.ubuntu.com', 'IM_CONFIG_PHASE': '1', 'WAYLAND_DISPLAY': 'wayland-0', 'COLCON_PREFIX_PATH': '/home/bot/ros2_ws/install', 'ROS_DISTRO': 'jazzy', 'LOGNAME': 'bot', '_': '/usr/bin/colcon', 'ROS_VERSION': '2', 'MEMORY_PRESSURE_WATCH': '/sys/fs/cgroup/user.slice/user-1000.slice/user@1000.service/session.slice/org.gnome.Shell@wayland.service/memory.pressure', 'XDG_SESSION_CLASS': 'user', 'USERNAME': 'bot', 'TERM': 'xterm-256color', 'GNOME_DESKTOP_SESSION_ID': 'this-is-deprecated', 'PATH': '/opt/ros/jazzy/opt/gz_tools_vendor/bin:/opt/ros/jazzy/bin:/usr/local/sbin:/usr/local/bin:/usr/sbin:/usr/bin:/sbin:/bin:/usr/games:/usr/local/games:/snap/bin:/snap/bin', 'SESSION_MANAGER': 'local/bot-desktop:@/tmp/.ICE-unix/2576,unix/bot-desktop:/tmp/.ICE-unix/2576', 'XDG_MENU_PREFIX': 'gnome-', 'GNOME_TERMINAL_SCREEN': '/org/gnome/Terminal/screen/3af69af4_558a_455a_946d_9d2d672ef67b', 'GNOME_SETUP_DISPLAY': ':1', 'XDG_RUNTIME_DIR': '/run/user/1000', 'DISPLAY': ':0', 'LANG': 'en_US.UTF-8', 'XDG_CURRENT_DESKTOP': 'ubuntu:GNOME', 'XMODIFIERS': '@im=ibus', 'XDG_SESSION_DESKTOP': 'ubuntu', 'XAUTHORITY': '/run/user/1000/.mutter-Xwaylandauth.VZBUI3', 'LS_COLORS': 'rs=0:di=01;34:ln=01;36:mh=00:pi=40;33:so=01;35:do=01;35:bd=40;33;01:cd=40;33;01:or=40;31;01:mi=00:su=37;41:sg=30;43:ca=00:tw=30;42:ow=34;42:st=37;44:ex=01;32:*.tar=01;31:*.tgz=01;31:*.arc=01;31:*.arj=01;31:*.taz=01;31:*.lha=01;31:*.lz4=01;31:*.lzh=01;31:*.lzma=01;31:*.tlz=01;31:*.txz=01;31:*.tzo=01;31:*.t7z=01;31:*.zip=01;31:*.z=01;31:*.dz=01;31:*.gz=01;31:*.lrz=01;31:*.lz=01;31:*.lzo=01;31:*.xz=01;31:*.zst=01;31:*.tzst=01;31:*.bz2=01;31:*.bz=01;31:*.tbz=01;31:*.tbz2=01;31:*.tz=01;31:*.deb=01;31:*.rpm=01;31:*.jar=01;31:*.war=01;31:*.ear=01;31:*.sar=01;31:*.rar=01;31:*.alz=01;31:*.ace=01;31:*.zoo=01;31:*.cpio=01;31:*.7z=01;31:*.rz=01;31:*.cab=01;31:*.wim=01;31:*.swm=01;31:*.dwm=01;31:*.esd=01;31:*.avif=01;35:*.jpg=01;35:*.jpeg=01;35:*.mjpg=01;35:*.mjpeg=01;35:*.gif=01;35:*.bmp=01;35:*.pbm=01;35:*.pgm=01;35:*.ppm=01;35:*.tga=01;35:*.xbm=01;35:*.xpm=01;35:*.tif=01;35:*.tiff=01;35:*.png=01;35:*.svg=01;35:*.svgz=01;35:*.mng=01;35:*.pcx=01;35:*.mov=01;35:*.mpg=01;35:*.mpeg=01;35:*.m2v=01;35:*.mkv=01;35:*.webm=01;35:*.webp=01;35:*.ogm=01;35:*.mp4=01;35:*.m4v=01;35:*.mp4v=01;35:*.vob=01;35:*.qt=01;35:*.nuv=01;35:*.wmv=01;35:*.asf=01;35:*.rm=01;35:*.rmvb=01;35:*.flc=01;35:*.avi=01;35:*.fli=01;35:*.flv=01;35:*.gl=01;35:*.dl=01;35:*.xcf=01;35:*.xwd=01;35:*.yuv=01;35:*.cgm=01;35:*.emf=01;35:*.ogv=01;35:*.ogx=01;35:*.aac=00;36:*.au=00;36:*.flac=00;36:*.m4a=00;36:*.mid=00;36:*.midi=00;36:*.mka=00;36:*.mp3=00;36:*.mpc=00;36:*.ogg=00;36:*.ra=00;36:*.wav=00;36:*.oga=00;36:*.opus=00;36:*.spx=00;36:*.xspf=00;36:*~=00;90:*#=00;90:*.bak=00;90:*.crdownload=00;90:*.dpkg-dist=00;90:*.dpkg-new=00;90:*.dpkg-old=00;90:*.dpkg-tmp=00;90:*.old=00;90:*.orig=00;90:*.part=00;90:*.rej=00;90:*.rpmnew=00;90:*.rpmorig=00;90:*.rpmsave=00;90:*.swp=00;90:*.tmp=00;90:*.ucf-dist=00;90:*.ucf-new=00;90:*.ucf-old=00;90:', 'GNOME_TERMINAL_SERVICE': ':1.138', 'SSH_AUTH_SOCK': '/run/user/1000/keyring/ssh', 'AMENT_PREFIX_PATH': '/home/bot/ros2_ws/install/mqtt_imu:/home/bot/ros2_ws/install/robotic_arm_v3_config:/home/bot/ros2_ws/install/robotic_arm_moveit:/home/bot/ros2_ws/install/robotic_arm_model_v3:/home/bot/ros2_ws/install/robotic_arm_config:/home/bot/ros2_ws/install/pose_printer:/home/bot/ros2_ws/install/moveit_controls:/home/bot/ros2_ws/install/move_program:/home/bot/ros2_ws/install/cpp_pubsub:/opt/ros/jazzy', 'SHELL': '/bin/bash', 'QT_ACCESSIBILITY': '1', 'GDMSESSION': 'ubuntu', 'LESSCLOSE': '/usr/bin/lesspipe %s %s', 'ROS_AUTOMATIC_DISCOVERY_RANGE': 'SUBNET', 'QT_IM_MODULE': 'ibus', 'PWD': '/home/bot/ros2_ws/build/robotic_arm_config', 'LC_ALL': 'en_US.UTF-8', 'XDG_CONFIG_DIRS': '/etc/xdg/xdg-ubuntu:/etc/xdg', 'XDG_DATA_DIRS': '/usr/share/ubuntu:/usr/share/gnome:/usr/local/share/:/usr/share/:/var/lib/snapd/desktop', 'PYTHONPATH': '/home/bot/ros2_ws/install/mqtt_imu/lib/python3.12/site-packages:/home/bot/ros2_ws/install/pose_printer/lib/python3.12/site-packages:/home/bot/ros2_ws/install/moveit_controls/lib/python3.12/site-packages:/opt/ros/jazzy/lib/python3.12/site-packages', 'COLCON': '1', 'MEMORY_PRESSURE_WRITE': 'c29tZSAyMDAwMDAgMjAwMDAwMAA=', 'VTE_VERSION': '7600', 'CMAKE_PREFIX_PATH': '/home/bot/ros2_ws/install/robotic_arm_v3_config:/home/bot/ros2_ws/install/robotic_arm_moveit:/home/bot/ros2_ws/install/robotic_arm_model_v3:/home/bot/ros2_ws/install/robotic_arm_config:/home/bot/ros2_ws/install/move_program:/home/bot/ros2_ws/install/cpp_pubsub:/opt/ros/jazzy/opt/sdformat_vendor:/opt/ros/jazzy/opt/gz_math_vendor:/opt/ros/jazzy/opt/gz_utils_vendor:/opt/ros/jazzy/opt/gz_tools_vendor:/opt/ros/jazzy/opt/gz_cmake_vendor:/home/bot/ros2_ws/install/mqtt_imu:/home/bot/ros2_ws/install/pose_printer:/home/bot/ros2_ws/install/moveit_controls:/opt/ros/jazzy'}), 'shell': False}
[25.733532] (-) TimerEvent: {}
[25.837447] (-) TimerEvent: {}
[25.938401] (-) TimerEvent: {}
[26.041020] (-) TimerEvent: {}
[26.141966] (-) TimerEvent: {}
[26.247677] (-) TimerEvent: {}
[26.352407] (-) TimerEvent: {}
[26.459046] (-) TimerEvent: {}
[26.519888] (pose_printer) StdoutLine: {'line': b"reading manifest file '../../build/pose_printer/pose_printer.egg-info/SOURCES.txt'\n"}
[26.524369] (pose_printer) StdoutLine: {'line': b"writing manifest file '../../build/pose_printer/pose_printer.egg-info/SOURCES.txt'\n"}
[26.526331] (pose_printer) StdoutLine: {'line': b'running build\n'}
[26.529266] (pose_printer) StdoutLine: {'line': b'running build_py\n'}
[26.531600] (pose_printer) StdoutLine: {'line': b'creating /home/bot/ros2_ws/build/pose_printer/build\n'}
[26.532585] (pose_printer) StdoutLine: {'line': b'creating /home/bot/ros2_ws/build/pose_printer/build/lib\n'}
[26.533478] (pose_printer) StdoutLine: {'line': b'creating /home/bot/ros2_ws/build/pose_printer/build/lib/pose_printer\n'}
[26.540510] (pose_printer) StdoutLine: {'line': b'copying pose_printer/__init__.py -> /home/bot/ros2_ws/build/pose_printer/build/lib/pose_printer\n'}
[26.541365] (pose_printer) StdoutLine: {'line': b'copying pose_printer/pose_printer_node.py -> /home/bot/ros2_ws/build/pose_printer/build/lib/pose_printer\n'}
[26.544051] (pose_printer) StdoutLine: {'line': b'running install\n'}
[26.558097] (robotic_arm_config) StdoutLine: {'line': b'-- The C compiler identification is GNU 13.3.0\n'}
[26.559096] (-) TimerEvent: {}
[26.620420] (pose_printer) StdoutLine: {'line': b'running install_lib\n'}
[26.659339] (-) TimerEvent: {}
[26.760455] (-) TimerEvent: {}
[26.862119] (-) TimerEvent: {}
[26.964074] (-) TimerEvent: {}
[27.046192] (pose_printer) StdoutLine: {'line': b'creating /home/bot/ros2_ws/install/pose_printer/lib/python3.12/site-packages/pose_printer\n'}
[27.048903] (pose_printer) StdoutLine: {'line': b'copying /home/bot/ros2_ws/build/pose_printer/build/lib/pose_printer/__init__.py -> /home/bot/ros2_ws/install/pose_printer/lib/python3.12/site-packages/pose_printer\n'}
[27.049651] (pose_printer) StdoutLine: {'line': b'copying /home/bot/ros2_ws/build/pose_printer/build/lib/pose_printer/pose_printer_node.py -> /home/bot/ros2_ws/install/pose_printer/lib/python3.12/site-packages/pose_printer\n'}
[27.056043] (pose_printer) StdoutLine: {'line': b'byte-compiling /home/bot/ros2_ws/install/pose_printer/lib/python3.12/site-packages/pose_printer/__init__.py to __init__.cpython-312.pyc\n'}
[27.057150] (pose_printer) StdoutLine: {'line': b'byte-compiling /home/bot/ros2_ws/install/pose_printer/lib/python3.12/site-packages/pose_printer/pose_printer_node.py to pose_printer_node.cpython-312.pyc\n'}
[27.064293] (-) TimerEvent: {}
[27.072115] (pose_printer) StdoutLine: {'line': b'running install_data\n'}
[27.073320] (pose_printer) StdoutLine: {'line': b'creating /home/bot/ros2_ws/install/pose_printer/share/ament_index\n'}
[27.082284] (pose_printer) StdoutLine: {'line': b'creating /home/bot/ros2_ws/install/pose_printer/share/ament_index/resource_index\n'}
[27.087497] (pose_printer) StdoutLine: {'line': b'creating /home/bot/ros2_ws/install/pose_printer/share/ament_index/resource_index/packages\n'}
[27.090429] (pose_printer) StdoutLine: {'line': b'copying resource/pose_printer -> /home/bot/ros2_ws/install/pose_printer/share/ament_index/resource_index/packages\n'}
[27.091972] (pose_printer) StdoutLine: {'line': b'copying package.xml -> /home/bot/ros2_ws/install/pose_printer/share/pose_printer\n'}
[27.092642] (pose_printer) StdoutLine: {'line': b'running install_egg_info\n'}
[27.168110] (-) TimerEvent: {}
[27.269677] (-) TimerEvent: {}
[27.281995] (robotic_arm_config) StdoutLine: {'line': b'-- The CXX compiler identification is GNU 13.3.0\n'}
[27.370966] (-) TimerEvent: {}
[27.475401] (-) TimerEvent: {}
[27.476459] (pose_printer) StdoutLine: {'line': b'Copying ../../build/pose_printer/pose_printer.egg-info to /home/bot/ros2_ws/install/pose_printer/lib/python3.12/site-packages/pose_printer-0.0.0-py3.12.egg-info\n'}
[27.490006] (pose_printer) StdoutLine: {'line': b'running install_scripts\n'}
[27.507879] (robotic_arm_config) StdoutLine: {'line': b'-- Detecting C compiler ABI info\n'}
[27.575668] (-) TimerEvent: {}
[27.678886] (-) TimerEvent: {}
[27.780754] (-) TimerEvent: {}
[27.885977] (-) TimerEvent: {}
[27.986931] (-) TimerEvent: {}
[28.088021] (-) TimerEvent: {}
[28.193659] (-) TimerEvent: {}
[28.291022] (robotic_arm_config) StdoutLine: {'line': b'-- Detecting C compiler ABI info - done\n'}
[28.295016] (-) TimerEvent: {}
[28.310011] (move_program) StdoutLine: {'line': b'-- Found Boost: /usr/lib/aarch64-linux-gnu/cmake/Boost-1.83.0/BoostConfig.cmake (found version "1.83.0") found components: system filesystem date_time program_options thread chrono \n'}
[28.394527] (robotic_arm_config) StdoutLine: {'line': b'-- Check for working C compiler: /usr/bin/cc - skipped\n'}
[28.395278] (-) TimerEvent: {}
[28.399345] (robotic_arm_config) StdoutLine: {'line': b'-- Detecting C compile features\n'}
[28.400236] (robotic_arm_config) StdoutLine: {'line': b'-- Detecting C compile features - done\n'}
[28.465164] (robotic_arm_config) StdoutLine: {'line': b'-- Detecting CXX compiler ABI info\n'}
[28.497127] (-) TimerEvent: {}
[28.610707] (-) TimerEvent: {}
[28.712976] (-) TimerEvent: {}
[28.817147] (-) TimerEvent: {}
[28.920042] (-) TimerEvent: {}
[29.021054] (-) TimerEvent: {}
[29.121946] (-) TimerEvent: {}
[29.222842] (-) TimerEvent: {}
[29.325024] (-) TimerEvent: {}
[29.434071] (-) TimerEvent: {}
[29.445829] (pose_printer) StdoutLine: {'line': b'Installing pose_printer script to /home/bot/ros2_ws/install/pose_printer/lib/pose_printer\n'}
[29.453353] (pose_printer) StdoutLine: {'line': b"writing list of installed files to '/home/bot/ros2_ws/build/pose_printer/install.log'\n"}
[29.474386] (robotic_arm_config) StdoutLine: {'line': b'-- Detecting CXX compiler ABI info - done\n'}
[29.534408] (-) TimerEvent: {}
[29.542452] (robotic_arm_config) StdoutLine: {'line': b'-- Check for working CXX compiler: /usr/bin/c++ - skipped\n'}
[29.553069] (robotic_arm_config) StdoutLine: {'line': b'-- Detecting CXX compile features\n'}
[29.566660] (robotic_arm_config) StdoutLine: {'line': b'-- Detecting CXX compile features - done\n'}
[29.635988] (robotic_arm_config) StdoutLine: {'line': b'-- Found ament_cmake: 2.5.4 (/opt/ros/jazzy/share/ament_cmake/cmake)\n'}
[29.637164] (-) TimerEvent: {}
[29.739718] (-) TimerEvent: {}
[29.781768] (move_program) StdoutLine: {'line': b'-- Found Boost: /usr/lib/aarch64-linux-gnu/cmake/Boost-1.83.0/BoostConfig.cmake (found version "1.83.0") found components: thread system filesystem regex date_time program_options \n'}
[29.848026] (pose_printer) CommandEnded: {'returncode': 0}
[29.849635] (-) TimerEvent: {}
[29.928649] (pose_printer) JobEnded: {'identifier': 'pose_printer', 'rc': 0}
[29.936948] (robotic_arm_moveit) JobStarted: {'identifier': 'robotic_arm_moveit'}
[29.951954] (-) TimerEvent: {}
[30.000414] (robotic_arm_moveit) JobProgress: {'identifier': 'robotic_arm_moveit', 'progress': 'cmake'}
[30.008683] (robotic_arm_moveit) Command: {'cmd': ['/usr/bin/cmake', '/home/bot/ros2_ws/src/robotic_arm_moveit', '-DCMAKE_INSTALL_PREFIX=/home/bot/ros2_ws/install/robotic_arm_moveit'], 'cwd': '/home/bot/ros2_ws/build/robotic_arm_moveit', 'env': OrderedDict({'LESSOPEN': '| /usr/bin/lesspipe %s', 'USER': 'bot', 'GZ_CONFIG_PATH': '/opt/ros/jazzy/opt/sdformat_vendor/share/gz', 'XDG_SESSION_TYPE': 'wayland', 'CLUTTER_DISABLE_MIPMAPPED_TEXT': '1', 'SHLVL': '1', 'LD_LIBRARY_PATH': '/opt/ros/jazzy/opt/sdformat_vendor/lib:/opt/ros/jazzy/opt/rviz_ogre_vendor/lib:/opt/ros/jazzy/lib/aarch64-linux-gnu:/opt/ros/jazzy/opt/gz_math_vendor/lib:/opt/ros/jazzy/opt/gz_utils_vendor/lib:/opt/ros/jazzy/opt/gz_tools_vendor/lib:/opt/ros/jazzy/opt/gz_cmake_vendor/lib:/opt/ros/jazzy/lib', 'HOME': '/home/bot', 'OLDPWD': '/home/bot/ros2_ws', 'DESKTOP_SESSION': 'ubuntu', 'ROS_PYTHON_VERSION': '3', 'GNOME_SHELL_SESSION_MODE': 'ubuntu', 'GTK_MODULES': 'gail:atk-bridge', 'SYSTEMD_EXEC_PID': '2617', 'GSM_SKIP_SSH_AGENT_WORKAROUND': 'true', 'DBUS_SESSION_BUS_ADDRESS': 'unix:path=/run/user/1000/bus', 'COLORTERM': 'truecolor', 'DEBUGINFOD_URLS': 'https://debuginfod.ubuntu.com', 'IM_CONFIG_PHASE': '1', 'WAYLAND_DISPLAY': 'wayland-0', 'COLCON_PREFIX_PATH': '/home/bot/ros2_ws/install', 'ROS_DISTRO': 'jazzy', 'LOGNAME': 'bot', '_': '/usr/bin/colcon', 'ROS_VERSION': '2', 'MEMORY_PRESSURE_WATCH': '/sys/fs/cgroup/user.slice/user-1000.slice/user@1000.service/session.slice/org.gnome.Shell@wayland.service/memory.pressure', 'XDG_SESSION_CLASS': 'user', 'USERNAME': 'bot', 'TERM': 'xterm-256color', 'GNOME_DESKTOP_SESSION_ID': 'this-is-deprecated', 'PATH': '/opt/ros/jazzy/opt/gz_tools_vendor/bin:/opt/ros/jazzy/bin:/usr/local/sbin:/usr/local/bin:/usr/sbin:/usr/bin:/sbin:/bin:/usr/games:/usr/local/games:/snap/bin:/snap/bin', 'SESSION_MANAGER': 'local/bot-desktop:@/tmp/.ICE-unix/2576,unix/bot-desktop:/tmp/.ICE-unix/2576', 'XDG_MENU_PREFIX': 'gnome-', 'GNOME_TERMINAL_SCREEN': '/org/gnome/Terminal/screen/3af69af4_558a_455a_946d_9d2d672ef67b', 'GNOME_SETUP_DISPLAY': ':1', 'XDG_RUNTIME_DIR': '/run/user/1000', 'DISPLAY': ':0', 'LANG': 'en_US.UTF-8', 'XDG_CURRENT_DESKTOP': 'ubuntu:GNOME', 'XMODIFIERS': '@im=ibus', 'XDG_SESSION_DESKTOP': 'ubuntu', 'XAUTHORITY': '/run/user/1000/.mutter-Xwaylandauth.VZBUI3', 'LS_COLORS': 'rs=0:di=01;34:ln=01;36:mh=00:pi=40;33:so=01;35:do=01;35:bd=40;33;01:cd=40;33;01:or=40;31;01:mi=00:su=37;41:sg=30;43:ca=00:tw=30;42:ow=34;42:st=37;44:ex=01;32:*.tar=01;31:*.tgz=01;31:*.arc=01;31:*.arj=01;31:*.taz=01;31:*.lha=01;31:*.lz4=01;31:*.lzh=01;31:*.lzma=01;31:*.tlz=01;31:*.txz=01;31:*.tzo=01;31:*.t7z=01;31:*.zip=01;31:*.z=01;31:*.dz=01;31:*.gz=01;31:*.lrz=01;31:*.lz=01;31:*.lzo=01;31:*.xz=01;31:*.zst=01;31:*.tzst=01;31:*.bz2=01;31:*.bz=01;31:*.tbz=01;31:*.tbz2=01;31:*.tz=01;31:*.deb=01;31:*.rpm=01;31:*.jar=01;31:*.war=01;31:*.ear=01;31:*.sar=01;31:*.rar=01;31:*.alz=01;31:*.ace=01;31:*.zoo=01;31:*.cpio=01;31:*.7z=01;31:*.rz=01;31:*.cab=01;31:*.wim=01;31:*.swm=01;31:*.dwm=01;31:*.esd=01;31:*.avif=01;35:*.jpg=01;35:*.jpeg=01;35:*.mjpg=01;35:*.mjpeg=01;35:*.gif=01;35:*.bmp=01;35:*.pbm=01;35:*.pgm=01;35:*.ppm=01;35:*.tga=01;35:*.xbm=01;35:*.xpm=01;35:*.tif=01;35:*.tiff=01;35:*.png=01;35:*.svg=01;35:*.svgz=01;35:*.mng=01;35:*.pcx=01;35:*.mov=01;35:*.mpg=01;35:*.mpeg=01;35:*.m2v=01;35:*.mkv=01;35:*.webm=01;35:*.webp=01;35:*.ogm=01;35:*.mp4=01;35:*.m4v=01;35:*.mp4v=01;35:*.vob=01;35:*.qt=01;35:*.nuv=01;35:*.wmv=01;35:*.asf=01;35:*.rm=01;35:*.rmvb=01;35:*.flc=01;35:*.avi=01;35:*.fli=01;35:*.flv=01;35:*.gl=01;35:*.dl=01;35:*.xcf=01;35:*.xwd=01;35:*.yuv=01;35:*.cgm=01;35:*.emf=01;35:*.ogv=01;35:*.ogx=01;35:*.aac=00;36:*.au=00;36:*.flac=00;36:*.m4a=00;36:*.mid=00;36:*.midi=00;36:*.mka=00;36:*.mp3=00;36:*.mpc=00;36:*.ogg=00;36:*.ra=00;36:*.wav=00;36:*.oga=00;36:*.opus=00;36:*.spx=00;36:*.xspf=00;36:*~=00;90:*#=00;90:*.bak=00;90:*.crdownload=00;90:*.dpkg-dist=00;90:*.dpkg-new=00;90:*.dpkg-old=00;90:*.dpkg-tmp=00;90:*.old=00;90:*.orig=00;90:*.part=00;90:*.rej=00;90:*.rpmnew=00;90:*.rpmorig=00;90:*.rpmsave=00;90:*.swp=00;90:*.tmp=00;90:*.ucf-dist=00;90:*.ucf-new=00;90:*.ucf-old=00;90:', 'GNOME_TERMINAL_SERVICE': ':1.138', 'SSH_AUTH_SOCK': '/run/user/1000/keyring/ssh', 'AMENT_PREFIX_PATH': '/home/bot/ros2_ws/install/mqtt_imu:/home/bot/ros2_ws/install/robotic_arm_v3_config:/home/bot/ros2_ws/install/robotic_arm_moveit:/home/bot/ros2_ws/install/robotic_arm_model_v3:/home/bot/ros2_ws/install/robotic_arm_config:/home/bot/ros2_ws/install/pose_printer:/home/bot/ros2_ws/install/moveit_controls:/home/bot/ros2_ws/install/move_program:/home/bot/ros2_ws/install/cpp_pubsub:/opt/ros/jazzy', 'SHELL': '/bin/bash', 'QT_ACCESSIBILITY': '1', 'GDMSESSION': 'ubuntu', 'LESSCLOSE': '/usr/bin/lesspipe %s %s', 'ROS_AUTOMATIC_DISCOVERY_RANGE': 'SUBNET', 'QT_IM_MODULE': 'ibus', 'PWD': '/home/bot/ros2_ws/build/robotic_arm_moveit', 'LC_ALL': 'en_US.UTF-8', 'XDG_CONFIG_DIRS': '/etc/xdg/xdg-ubuntu:/etc/xdg', 'XDG_DATA_DIRS': '/usr/share/ubuntu:/usr/share/gnome:/usr/local/share/:/usr/share/:/var/lib/snapd/desktop', 'PYTHONPATH': '/home/bot/ros2_ws/install/mqtt_imu/lib/python3.12/site-packages:/home/bot/ros2_ws/install/pose_printer/lib/python3.12/site-packages:/home/bot/ros2_ws/install/moveit_controls/lib/python3.12/site-packages:/opt/ros/jazzy/lib/python3.12/site-packages', 'COLCON': '1', 'MEMORY_PRESSURE_WRITE': 'c29tZSAyMDAwMDAgMjAwMDAwMAA=', 'VTE_VERSION': '7600', 'CMAKE_PREFIX_PATH': '/home/bot/ros2_ws/install/robotic_arm_v3_config:/home/bot/ros2_ws/install/robotic_arm_moveit:/home/bot/ros2_ws/install/robotic_arm_model_v3:/home/bot/ros2_ws/install/robotic_arm_config:/home/bot/ros2_ws/install/move_program:/home/bot/ros2_ws/install/cpp_pubsub:/opt/ros/jazzy/opt/sdformat_vendor:/opt/ros/jazzy/opt/gz_math_vendor:/opt/ros/jazzy/opt/gz_utils_vendor:/opt/ros/jazzy/opt/gz_tools_vendor:/opt/ros/jazzy/opt/gz_cmake_vendor:/home/bot/ros2_ws/install/mqtt_imu:/home/bot/ros2_ws/install/pose_printer:/home/bot/ros2_ws/install/moveit_controls:/opt/ros/jazzy'}), 'shell': False}
[30.054021] (-) TimerEvent: {}
[30.155348] (-) TimerEvent: {}
[30.258948] (-) TimerEvent: {}
[30.360236] (-) TimerEvent: {}
[30.461197] (-) TimerEvent: {}
[30.567013] (-) TimerEvent: {}
[30.667883] (-) TimerEvent: {}
[30.773002] (-) TimerEvent: {}
[30.873866] (-) TimerEvent: {}
[30.978037] (-) TimerEvent: {}
[31.083048] (-) TimerEvent: {}
[31.100962] (move_program) StdoutLine: {'line': b'-- Found Boost: /usr/lib/aarch64-linux-gnu/cmake/Boost-1.83.0/BoostConfig.cmake (found version "1.83.0") found components: system filesystem date_time program_options thread \n'}
[31.187374] (-) TimerEvent: {}
[31.223220] (robotic_arm_moveit) StdoutLine: {'line': b'-- The C compiler identification is GNU 13.3.0\n'}
[31.292272] (-) TimerEvent: {}
[31.399995] (-) TimerEvent: {}
[31.505972] (-) TimerEvent: {}
[31.610988] (-) TimerEvent: {}
[31.711989] (-) TimerEvent: {}
[31.793190] (robotic_arm_moveit) StdoutLine: {'line': b'-- The CXX compiler identification is GNU 13.3.0\n'}
[31.815128] (-) TimerEvent: {}
[31.917977] (-) TimerEvent: {}
[32.019034] (-) TimerEvent: {}
[32.033254] (robotic_arm_moveit) StdoutLine: {'line': b'-- Detecting C compiler ABI info\n'}
[32.083004] (robotic_arm_config) StdoutLine: {'line': b'-- Found Python3: /usr/bin/python3 (found version "3.12.3") found components: Interpreter \n'}
[32.122034] (-) TimerEvent: {}
[32.236016] (-) TimerEvent: {}
[32.344086] (-) TimerEvent: {}
[32.463998] (-) TimerEvent: {}
[32.567975] (-) TimerEvent: {}
[32.670478] (-) TimerEvent: {}
[32.776000] (-) TimerEvent: {}
[32.879109] (-) TimerEvent: {}
[32.923309] (move_program) StdoutLine: {'line': b'-- Configuring done (32.5s)\n'}
[32.982540] (-) TimerEvent: {}
[33.083580] (-) TimerEvent: {}
[33.188521] (-) TimerEvent: {}
[33.269655] (robotic_arm_moveit) StdoutLine: {'line': b'-- Detecting C compiler ABI info - done\n'}
[33.288768] (-) TimerEvent: {}
[33.349111] (robotic_arm_moveit) StdoutLine: {'line': b'-- Check for working C compiler: /usr/bin/cc - skipped\n'}
[33.352980] (robotic_arm_moveit) StdoutLine: {'line': b'-- Detecting C compile features\n'}
[33.356249] (robotic_arm_moveit) StdoutLine: {'line': b'-- Detecting C compile features - done\n'}
[33.389985] (-) TimerEvent: {}
[33.476226] (robotic_arm_moveit) StdoutLine: {'line': b'-- Detecting CXX compiler ABI info\n'}
[33.490226] (-) TimerEvent: {}
[33.516108] (move_program) StdoutLine: {'line': b'-- Generating done (0.3s)\n'}
[33.593006] (-) TimerEvent: {}
[33.600003] (move_program) StdoutLine: {'line': b'-- Build files have been written to: /home/bot/ros2_ws/build/move_program\n'}
[33.693381] (-) TimerEvent: {}
[33.739939] (move_program) CommandEnded: {'returncode': 0}
[33.752451] (move_program) JobProgress: {'identifier': 'move_program', 'progress': 'build'}
[33.752608] (move_program) Command: {'cmd': ['/usr/bin/cmake', '--build', '/home/bot/ros2_ws/build/move_program', '--', '-j4', '-l4'], 'cwd': '/home/bot/ros2_ws/build/move_program', 'env': OrderedDict({'LESSOPEN': '| /usr/bin/lesspipe %s', 'USER': 'bot', 'GZ_CONFIG_PATH': '/opt/ros/jazzy/opt/sdformat_vendor/share/gz', 'XDG_SESSION_TYPE': 'wayland', 'CLUTTER_DISABLE_MIPMAPPED_TEXT': '1', 'SHLVL': '1', 'LD_LIBRARY_PATH': '/opt/ros/jazzy/opt/sdformat_vendor/lib:/opt/ros/jazzy/opt/rviz_ogre_vendor/lib:/opt/ros/jazzy/lib/aarch64-linux-gnu:/opt/ros/jazzy/opt/gz_math_vendor/lib:/opt/ros/jazzy/opt/gz_utils_vendor/lib:/opt/ros/jazzy/opt/gz_tools_vendor/lib:/opt/ros/jazzy/opt/gz_cmake_vendor/lib:/opt/ros/jazzy/lib', 'HOME': '/home/bot', 'OLDPWD': '/home/bot/ros2_ws', 'DESKTOP_SESSION': 'ubuntu', 'ROS_PYTHON_VERSION': '3', 'GNOME_SHELL_SESSION_MODE': 'ubuntu', 'GTK_MODULES': 'gail:atk-bridge', 'SYSTEMD_EXEC_PID': '2617', 'GSM_SKIP_SSH_AGENT_WORKAROUND': 'true', 'DBUS_SESSION_BUS_ADDRESS': 'unix:path=/run/user/1000/bus', 'COLORTERM': 'truecolor', 'DEBUGINFOD_URLS': 'https://debuginfod.ubuntu.com', 'IM_CONFIG_PHASE': '1', 'WAYLAND_DISPLAY': 'wayland-0', 'COLCON_PREFIX_PATH': '/home/bot/ros2_ws/install', 'ROS_DISTRO': 'jazzy', 'LOGNAME': 'bot', '_': '/usr/bin/colcon', 'ROS_VERSION': '2', 'MEMORY_PRESSURE_WATCH': '/sys/fs/cgroup/user.slice/user-1000.slice/user@1000.service/session.slice/org.gnome.Shell@wayland.service/memory.pressure', 'XDG_SESSION_CLASS': 'user', 'USERNAME': 'bot', 'TERM': 'xterm-256color', 'GNOME_DESKTOP_SESSION_ID': 'this-is-deprecated', 'PATH': '/opt/ros/jazzy/opt/gz_tools_vendor/bin:/opt/ros/jazzy/bin:/usr/local/sbin:/usr/local/bin:/usr/sbin:/usr/bin:/sbin:/bin:/usr/games:/usr/local/games:/snap/bin:/snap/bin', 'SESSION_MANAGER': 'local/bot-desktop:@/tmp/.ICE-unix/2576,unix/bot-desktop:/tmp/.ICE-unix/2576', 'XDG_MENU_PREFIX': 'gnome-', 'GNOME_TERMINAL_SCREEN': '/org/gnome/Terminal/screen/3af69af4_558a_455a_946d_9d2d672ef67b', 'GNOME_SETUP_DISPLAY': ':1', 'XDG_RUNTIME_DIR': '/run/user/1000', 'DISPLAY': ':0', 'LANG': 'en_US.UTF-8', 'XDG_CURRENT_DESKTOP': 'ubuntu:GNOME', 'XMODIFIERS': '@im=ibus', 'XDG_SESSION_DESKTOP': 'ubuntu', 'XAUTHORITY': '/run/user/1000/.mutter-Xwaylandauth.VZBUI3', 'LS_COLORS': 'rs=0:di=01;34:ln=01;36:mh=00:pi=40;33:so=01;35:do=01;35:bd=40;33;01:cd=40;33;01:or=40;31;01:mi=00:su=37;41:sg=30;43:ca=00:tw=30;42:ow=34;42:st=37;44:ex=01;32:*.tar=01;31:*.tgz=01;31:*.arc=01;31:*.arj=01;31:*.taz=01;31:*.lha=01;31:*.lz4=01;31:*.lzh=01;31:*.lzma=01;31:*.tlz=01;31:*.txz=01;31:*.tzo=01;31:*.t7z=01;31:*.zip=01;31:*.z=01;31:*.dz=01;31:*.gz=01;31:*.lrz=01;31:*.lz=01;31:*.lzo=01;31:*.xz=01;31:*.zst=01;31:*.tzst=01;31:*.bz2=01;31:*.bz=01;31:*.tbz=01;31:*.tbz2=01;31:*.tz=01;31:*.deb=01;31:*.rpm=01;31:*.jar=01;31:*.war=01;31:*.ear=01;31:*.sar=01;31:*.rar=01;31:*.alz=01;31:*.ace=01;31:*.zoo=01;31:*.cpio=01;31:*.7z=01;31:*.rz=01;31:*.cab=01;31:*.wim=01;31:*.swm=01;31:*.dwm=01;31:*.esd=01;31:*.avif=01;35:*.jpg=01;35:*.jpeg=01;35:*.mjpg=01;35:*.mjpeg=01;35:*.gif=01;35:*.bmp=01;35:*.pbm=01;35:*.pgm=01;35:*.ppm=01;35:*.tga=01;35:*.xbm=01;35:*.xpm=01;35:*.tif=01;35:*.tiff=01;35:*.png=01;35:*.svg=01;35:*.svgz=01;35:*.mng=01;35:*.pcx=01;35:*.mov=01;35:*.mpg=01;35:*.mpeg=01;35:*.m2v=01;35:*.mkv=01;35:*.webm=01;35:*.webp=01;35:*.ogm=01;35:*.mp4=01;35:*.m4v=01;35:*.mp4v=01;35:*.vob=01;35:*.qt=01;35:*.nuv=01;35:*.wmv=01;35:*.asf=01;35:*.rm=01;35:*.rmvb=01;35:*.flc=01;35:*.avi=01;35:*.fli=01;35:*.flv=01;35:*.gl=01;35:*.dl=01;35:*.xcf=01;35:*.xwd=01;35:*.yuv=01;35:*.cgm=01;35:*.emf=01;35:*.ogv=01;35:*.ogx=01;35:*.aac=00;36:*.au=00;36:*.flac=00;36:*.m4a=00;36:*.mid=00;36:*.midi=00;36:*.mka=00;36:*.mp3=00;36:*.mpc=00;36:*.ogg=00;36:*.ra=00;36:*.wav=00;36:*.oga=00;36:*.opus=00;36:*.spx=00;36:*.xspf=00;36:*~=00;90:*#=00;90:*.bak=00;90:*.crdownload=00;90:*.dpkg-dist=00;90:*.dpkg-new=00;90:*.dpkg-old=00;90:*.dpkg-tmp=00;90:*.old=00;90:*.orig=00;90:*.part=00;90:*.rej=00;90:*.rpmnew=00;90:*.rpmorig=00;90:*.rpmsave=00;90:*.swp=00;90:*.tmp=00;90:*.ucf-dist=00;90:*.ucf-new=00;90:*.ucf-old=00;90:', 'GNOME_TERMINAL_SERVICE': ':1.138', 'SSH_AUTH_SOCK': '/run/user/1000/keyring/ssh', 'AMENT_PREFIX_PATH': '/home/bot/ros2_ws/install/mqtt_imu:/home/bot/ros2_ws/install/robotic_arm_v3_config:/home/bot/ros2_ws/install/robotic_arm_moveit:/home/bot/ros2_ws/install/robotic_arm_model_v3:/home/bot/ros2_ws/install/robotic_arm_config:/home/bot/ros2_ws/install/pose_printer:/home/bot/ros2_ws/install/moveit_controls:/home/bot/ros2_ws/install/move_program:/home/bot/ros2_ws/install/cpp_pubsub:/opt/ros/jazzy', 'SHELL': '/bin/bash', 'QT_ACCESSIBILITY': '1', 'GDMSESSION': 'ubuntu', 'LESSCLOSE': '/usr/bin/lesspipe %s %s', 'ROS_AUTOMATIC_DISCOVERY_RANGE': 'SUBNET', 'QT_IM_MODULE': 'ibus', 'PWD': '/home/bot/ros2_ws/build/move_program', 'LC_ALL': 'en_US.UTF-8', 'XDG_CONFIG_DIRS': '/etc/xdg/xdg-ubuntu:/etc/xdg', 'XDG_DATA_DIRS': '/usr/share/ubuntu:/usr/share/gnome:/usr/local/share/:/usr/share/:/var/lib/snapd/desktop', 'PYTHONPATH': '/home/bot/ros2_ws/install/mqtt_imu/lib/python3.12/site-packages:/home/bot/ros2_ws/install/pose_printer/lib/python3.12/site-packages:/home/bot/ros2_ws/install/moveit_controls/lib/python3.12/site-packages:/opt/ros/jazzy/lib/python3.12/site-packages', 'COLCON': '1', 'MEMORY_PRESSURE_WRITE': 'c29tZSAyMDAwMDAgMjAwMDAwMAA=', 'VTE_VERSION': '7600', 'CMAKE_PREFIX_PATH': '/home/bot/ros2_ws/install/robotic_arm_v3_config:/home/bot/ros2_ws/install/robotic_arm_moveit:/home/bot/ros2_ws/install/robotic_arm_model_v3:/home/bot/ros2_ws/install/robotic_arm_config:/home/bot/ros2_ws/install/move_program:/home/bot/ros2_ws/install/cpp_pubsub:/opt/ros/jazzy/opt/sdformat_vendor:/opt/ros/jazzy/opt/gz_math_vendor:/opt/ros/jazzy/opt/gz_utils_vendor:/opt/ros/jazzy/opt/gz_tools_vendor:/opt/ros/jazzy/opt/gz_cmake_vendor:/home/bot/ros2_ws/install/mqtt_imu:/home/bot/ros2_ws/install/pose_printer:/home/bot/ros2_ws/install/moveit_controls:/opt/ros/jazzy'}), 'shell': False}
[33.793630] (-) TimerEvent: {}
[33.897461] (-) TimerEvent: {}
[34.000017] (-) TimerEvent: {}
[34.100919] (-) TimerEvent: {}
[34.204638] (-) TimerEvent: {}
[34.312431] (-) TimerEvent: {}
[34.415498] (-) TimerEvent: {}
[34.541436] (-) TimerEvent: {}
[34.604788] (move_program) StdoutLine: {'line': b'[ 50%] \x1b[32mBuilding CXX object CMakeFiles/move_program.dir/src/move_program.cpp.o\x1b[0m\n'}
[34.644032] (-) TimerEvent: {}
[34.747001] (-) TimerEvent: {}
[34.788519] (robotic_arm_moveit) StdoutLine: {'line': b'-- Detecting CXX compiler ABI info - done\n'}
[34.848006] (-) TimerEvent: {}
[34.861251] (robotic_arm_moveit) StdoutLine: {'line': b'-- Check for working CXX compiler: /usr/bin/c++ - skipped\n'}
[34.862740] (robotic_arm_moveit) StdoutLine: {'line': b'-- Detecting CXX compile features\n'}
[34.870591] (robotic_arm_moveit) StdoutLine: {'line': b'-- Detecting CXX compile features - done\n'}
[34.917071] (robotic_arm_moveit) StdoutLine: {'line': b'-- Found ament_cmake: 2.5.4 (/opt/ros/jazzy/share/ament_cmake/cmake)\n'}
[34.949006] (-) TimerEvent: {}
[34.968138] (robotic_arm_config) StdoutLine: {'line': b'-- Configuring done (9.2s)\n'}
[34.992156] (robotic_arm_config) StdoutLine: {'line': b'-- Generating done (0.0s)\n'}
[35.004024] (robotic_arm_config) StdoutLine: {'line': b'-- Build files have been written to: /home/bot/ros2_ws/build/robotic_arm_config\n'}
[35.034178] (robotic_arm_config) CommandEnded: {'returncode': 0}
[35.041049] (robotic_arm_config) JobProgress: {'identifier': 'robotic_arm_config', 'progress': 'build'}
[35.041259] (robotic_arm_config) Command: {'cmd': ['/usr/bin/cmake', '--build', '/home/bot/ros2_ws/build/robotic_arm_config', '--', '-j4', '-l4'], 'cwd': '/home/bot/ros2_ws/build/robotic_arm_config', 'env': OrderedDict({'LESSOPEN': '| /usr/bin/lesspipe %s', 'USER': 'bot', 'GZ_CONFIG_PATH': '/opt/ros/jazzy/opt/sdformat_vendor/share/gz', 'XDG_SESSION_TYPE': 'wayland', 'CLUTTER_DISABLE_MIPMAPPED_TEXT': '1', 'SHLVL': '1', 'LD_LIBRARY_PATH': '/opt/ros/jazzy/opt/sdformat_vendor/lib:/opt/ros/jazzy/opt/rviz_ogre_vendor/lib:/opt/ros/jazzy/lib/aarch64-linux-gnu:/opt/ros/jazzy/opt/gz_math_vendor/lib:/opt/ros/jazzy/opt/gz_utils_vendor/lib:/opt/ros/jazzy/opt/gz_tools_vendor/lib:/opt/ros/jazzy/opt/gz_cmake_vendor/lib:/opt/ros/jazzy/lib', 'HOME': '/home/bot', 'OLDPWD': '/home/bot/ros2_ws', 'DESKTOP_SESSION': 'ubuntu', 'ROS_PYTHON_VERSION': '3', 'GNOME_SHELL_SESSION_MODE': 'ubuntu', 'GTK_MODULES': 'gail:atk-bridge', 'SYSTEMD_EXEC_PID': '2617', 'GSM_SKIP_SSH_AGENT_WORKAROUND': 'true', 'DBUS_SESSION_BUS_ADDRESS': 'unix:path=/run/user/1000/bus', 'COLORTERM': 'truecolor', 'DEBUGINFOD_URLS': 'https://debuginfod.ubuntu.com', 'IM_CONFIG_PHASE': '1', 'WAYLAND_DISPLAY': 'wayland-0', 'COLCON_PREFIX_PATH': '/home/bot/ros2_ws/install', 'ROS_DISTRO': 'jazzy', 'LOGNAME': 'bot', '_': '/usr/bin/colcon', 'ROS_VERSION': '2', 'MEMORY_PRESSURE_WATCH': '/sys/fs/cgroup/user.slice/user-1000.slice/user@1000.service/session.slice/org.gnome.Shell@wayland.service/memory.pressure', 'XDG_SESSION_CLASS': 'user', 'USERNAME': 'bot', 'TERM': 'xterm-256color', 'GNOME_DESKTOP_SESSION_ID': 'this-is-deprecated', 'PATH': '/opt/ros/jazzy/opt/gz_tools_vendor/bin:/opt/ros/jazzy/bin:/usr/local/sbin:/usr/local/bin:/usr/sbin:/usr/bin:/sbin:/bin:/usr/games:/usr/local/games:/snap/bin:/snap/bin', 'SESSION_MANAGER': 'local/bot-desktop:@/tmp/.ICE-unix/2576,unix/bot-desktop:/tmp/.ICE-unix/2576', 'XDG_MENU_PREFIX': 'gnome-', 'GNOME_TERMINAL_SCREEN': '/org/gnome/Terminal/screen/3af69af4_558a_455a_946d_9d2d672ef67b', 'GNOME_SETUP_DISPLAY': ':1', 'XDG_RUNTIME_DIR': '/run/user/1000', 'DISPLAY': ':0', 'LANG': 'en_US.UTF-8', 'XDG_CURRENT_DESKTOP': 'ubuntu:GNOME', 'XMODIFIERS': '@im=ibus', 'XDG_SESSION_DESKTOP': 'ubuntu', 'XAUTHORITY': '/run/user/1000/.mutter-Xwaylandauth.VZBUI3', 'LS_COLORS': 'rs=0:di=01;34:ln=01;36:mh=00:pi=40;33:so=01;35:do=01;35:bd=40;33;01:cd=40;33;01:or=40;31;01:mi=00:su=37;41:sg=30;43:ca=00:tw=30;42:ow=34;42:st=37;44:ex=01;32:*.tar=01;31:*.tgz=01;31:*.arc=01;31:*.arj=01;31:*.taz=01;31:*.lha=01;31:*.lz4=01;31:*.lzh=01;31:*.lzma=01;31:*.tlz=01;31:*.txz=01;31:*.tzo=01;31:*.t7z=01;31:*.zip=01;31:*.z=01;31:*.dz=01;31:*.gz=01;31:*.lrz=01;31:*.lz=01;31:*.lzo=01;31:*.xz=01;31:*.zst=01;31:*.tzst=01;31:*.bz2=01;31:*.bz=01;31:*.tbz=01;31:*.tbz2=01;31:*.tz=01;31:*.deb=01;31:*.rpm=01;31:*.jar=01;31:*.war=01;31:*.ear=01;31:*.sar=01;31:*.rar=01;31:*.alz=01;31:*.ace=01;31:*.zoo=01;31:*.cpio=01;31:*.7z=01;31:*.rz=01;31:*.cab=01;31:*.wim=01;31:*.swm=01;31:*.dwm=01;31:*.esd=01;31:*.avif=01;35:*.jpg=01;35:*.jpeg=01;35:*.mjpg=01;35:*.mjpeg=01;35:*.gif=01;35:*.bmp=01;35:*.pbm=01;35:*.pgm=01;35:*.ppm=01;35:*.tga=01;35:*.xbm=01;35:*.xpm=01;35:*.tif=01;35:*.tiff=01;35:*.png=01;35:*.svg=01;35:*.svgz=01;35:*.mng=01;35:*.pcx=01;35:*.mov=01;35:*.mpg=01;35:*.mpeg=01;35:*.m2v=01;35:*.mkv=01;35:*.webm=01;35:*.webp=01;35:*.ogm=01;35:*.mp4=01;35:*.m4v=01;35:*.mp4v=01;35:*.vob=01;35:*.qt=01;35:*.nuv=01;35:*.wmv=01;35:*.asf=01;35:*.rm=01;35:*.rmvb=01;35:*.flc=01;35:*.avi=01;35:*.fli=01;35:*.flv=01;35:*.gl=01;35:*.dl=01;35:*.xcf=01;35:*.xwd=01;35:*.yuv=01;35:*.cgm=01;35:*.emf=01;35:*.ogv=01;35:*.ogx=01;35:*.aac=00;36:*.au=00;36:*.flac=00;36:*.m4a=00;36:*.mid=00;36:*.midi=00;36:*.mka=00;36:*.mp3=00;36:*.mpc=00;36:*.ogg=00;36:*.ra=00;36:*.wav=00;36:*.oga=00;36:*.opus=00;36:*.spx=00;36:*.xspf=00;36:*~=00;90:*#=00;90:*.bak=00;90:*.crdownload=00;90:*.dpkg-dist=00;90:*.dpkg-new=00;90:*.dpkg-old=00;90:*.dpkg-tmp=00;90:*.old=00;90:*.orig=00;90:*.part=00;90:*.rej=00;90:*.rpmnew=00;90:*.rpmorig=00;90:*.rpmsave=00;90:*.swp=00;90:*.tmp=00;90:*.ucf-dist=00;90:*.ucf-new=00;90:*.ucf-old=00;90:', 'GNOME_TERMINAL_SERVICE': ':1.138', 'SSH_AUTH_SOCK': '/run/user/1000/keyring/ssh', 'AMENT_PREFIX_PATH': '/home/bot/ros2_ws/install/mqtt_imu:/home/bot/ros2_ws/install/robotic_arm_v3_config:/home/bot/ros2_ws/install/robotic_arm_moveit:/home/bot/ros2_ws/install/robotic_arm_model_v3:/home/bot/ros2_ws/install/robotic_arm_config:/home/bot/ros2_ws/install/pose_printer:/home/bot/ros2_ws/install/moveit_controls:/home/bot/ros2_ws/install/move_program:/home/bot/ros2_ws/install/cpp_pubsub:/opt/ros/jazzy', 'SHELL': '/bin/bash', 'QT_ACCESSIBILITY': '1', 'GDMSESSION': 'ubuntu', 'LESSCLOSE': '/usr/bin/lesspipe %s %s', 'ROS_AUTOMATIC_DISCOVERY_RANGE': 'SUBNET', 'QT_IM_MODULE': 'ibus', 'PWD': '/home/bot/ros2_ws/build/robotic_arm_config', 'LC_ALL': 'en_US.UTF-8', 'XDG_CONFIG_DIRS': '/etc/xdg/xdg-ubuntu:/etc/xdg', 'XDG_DATA_DIRS': '/usr/share/ubuntu:/usr/share/gnome:/usr/local/share/:/usr/share/:/var/lib/snapd/desktop', 'PYTHONPATH': '/home/bot/ros2_ws/install/mqtt_imu/lib/python3.12/site-packages:/home/bot/ros2_ws/install/pose_printer/lib/python3.12/site-packages:/home/bot/ros2_ws/install/moveit_controls/lib/python3.12/site-packages:/opt/ros/jazzy/lib/python3.12/site-packages', 'COLCON': '1', 'MEMORY_PRESSURE_WRITE': 'c29tZSAyMDAwMDAgMjAwMDAwMAA=', 'VTE_VERSION': '7600', 'CMAKE_PREFIX_PATH': '/home/bot/ros2_ws/install/robotic_arm_v3_config:/home/bot/ros2_ws/install/robotic_arm_moveit:/home/bot/ros2_ws/install/robotic_arm_model_v3:/home/bot/ros2_ws/install/robotic_arm_config:/home/bot/ros2_ws/install/move_program:/home/bot/ros2_ws/install/cpp_pubsub:/opt/ros/jazzy/opt/sdformat_vendor:/opt/ros/jazzy/opt/gz_math_vendor:/opt/ros/jazzy/opt/gz_utils_vendor:/opt/ros/jazzy/opt/gz_tools_vendor:/opt/ros/jazzy/opt/gz_cmake_vendor:/home/bot/ros2_ws/install/mqtt_imu:/home/bot/ros2_ws/install/pose_printer:/home/bot/ros2_ws/install/moveit_controls:/opt/ros/jazzy'}), 'shell': False}
[35.049380] (-) TimerEvent: {}
[35.152342] (-) TimerEvent: {}
[35.256008] (-) TimerEvent: {}
[35.359987] (-) TimerEvent: {}
[35.439617] (robotic_arm_config) CommandEnded: {'returncode': 0}
[35.443982] (robotic_arm_config) JobProgress: {'identifier': 'robotic_arm_config', 'progress': 'install'}
[35.448529] (robotic_arm_config) Command: {'cmd': ['/usr/bin/cmake', '--install', '/home/bot/ros2_ws/build/robotic_arm_config'], 'cwd': '/home/bot/ros2_ws/build/robotic_arm_config', 'env': OrderedDict({'LESSOPEN': '| /usr/bin/lesspipe %s', 'USER': 'bot', 'GZ_CONFIG_PATH': '/opt/ros/jazzy/opt/sdformat_vendor/share/gz', 'XDG_SESSION_TYPE': 'wayland', 'CLUTTER_DISABLE_MIPMAPPED_TEXT': '1', 'SHLVL': '1', 'LD_LIBRARY_PATH': '/opt/ros/jazzy/opt/sdformat_vendor/lib:/opt/ros/jazzy/opt/rviz_ogre_vendor/lib:/opt/ros/jazzy/lib/aarch64-linux-gnu:/opt/ros/jazzy/opt/gz_math_vendor/lib:/opt/ros/jazzy/opt/gz_utils_vendor/lib:/opt/ros/jazzy/opt/gz_tools_vendor/lib:/opt/ros/jazzy/opt/gz_cmake_vendor/lib:/opt/ros/jazzy/lib', 'HOME': '/home/bot', 'OLDPWD': '/home/bot/ros2_ws', 'DESKTOP_SESSION': 'ubuntu', 'ROS_PYTHON_VERSION': '3', 'GNOME_SHELL_SESSION_MODE': 'ubuntu', 'GTK_MODULES': 'gail:atk-bridge', 'SYSTEMD_EXEC_PID': '2617', 'GSM_SKIP_SSH_AGENT_WORKAROUND': 'true', 'DBUS_SESSION_BUS_ADDRESS': 'unix:path=/run/user/1000/bus', 'COLORTERM': 'truecolor', 'DEBUGINFOD_URLS': 'https://debuginfod.ubuntu.com', 'IM_CONFIG_PHASE': '1', 'WAYLAND_DISPLAY': 'wayland-0', 'COLCON_PREFIX_PATH': '/home/bot/ros2_ws/install', 'ROS_DISTRO': 'jazzy', 'LOGNAME': 'bot', '_': '/usr/bin/colcon', 'ROS_VERSION': '2', 'MEMORY_PRESSURE_WATCH': '/sys/fs/cgroup/user.slice/user-1000.slice/user@1000.service/session.slice/org.gnome.Shell@wayland.service/memory.pressure', 'XDG_SESSION_CLASS': 'user', 'USERNAME': 'bot', 'TERM': 'xterm-256color', 'GNOME_DESKTOP_SESSION_ID': 'this-is-deprecated', 'PATH': '/opt/ros/jazzy/opt/gz_tools_vendor/bin:/opt/ros/jazzy/bin:/usr/local/sbin:/usr/local/bin:/usr/sbin:/usr/bin:/sbin:/bin:/usr/games:/usr/local/games:/snap/bin:/snap/bin', 'SESSION_MANAGER': 'local/bot-desktop:@/tmp/.ICE-unix/2576,unix/bot-desktop:/tmp/.ICE-unix/2576', 'XDG_MENU_PREFIX': 'gnome-', 'GNOME_TERMINAL_SCREEN': '/org/gnome/Terminal/screen/3af69af4_558a_455a_946d_9d2d672ef67b', 'GNOME_SETUP_DISPLAY': ':1', 'XDG_RUNTIME_DIR': '/run/user/1000', 'DISPLAY': ':0', 'LANG': 'en_US.UTF-8', 'XDG_CURRENT_DESKTOP': 'ubuntu:GNOME', 'XMODIFIERS': '@im=ibus', 'XDG_SESSION_DESKTOP': 'ubuntu', 'XAUTHORITY': '/run/user/1000/.mutter-Xwaylandauth.VZBUI3', 'LS_COLORS': 'rs=0:di=01;34:ln=01;36:mh=00:pi=40;33:so=01;35:do=01;35:bd=40;33;01:cd=40;33;01:or=40;31;01:mi=00:su=37;41:sg=30;43:ca=00:tw=30;42:ow=34;42:st=37;44:ex=01;32:*.tar=01;31:*.tgz=01;31:*.arc=01;31:*.arj=01;31:*.taz=01;31:*.lha=01;31:*.lz4=01;31:*.lzh=01;31:*.lzma=01;31:*.tlz=01;31:*.txz=01;31:*.tzo=01;31:*.t7z=01;31:*.zip=01;31:*.z=01;31:*.dz=01;31:*.gz=01;31:*.lrz=01;31:*.lz=01;31:*.lzo=01;31:*.xz=01;31:*.zst=01;31:*.tzst=01;31:*.bz2=01;31:*.bz=01;31:*.tbz=01;31:*.tbz2=01;31:*.tz=01;31:*.deb=01;31:*.rpm=01;31:*.jar=01;31:*.war=01;31:*.ear=01;31:*.sar=01;31:*.rar=01;31:*.alz=01;31:*.ace=01;31:*.zoo=01;31:*.cpio=01;31:*.7z=01;31:*.rz=01;31:*.cab=01;31:*.wim=01;31:*.swm=01;31:*.dwm=01;31:*.esd=01;31:*.avif=01;35:*.jpg=01;35:*.jpeg=01;35:*.mjpg=01;35:*.mjpeg=01;35:*.gif=01;35:*.bmp=01;35:*.pbm=01;35:*.pgm=01;35:*.ppm=01;35:*.tga=01;35:*.xbm=01;35:*.xpm=01;35:*.tif=01;35:*.tiff=01;35:*.png=01;35:*.svg=01;35:*.svgz=01;35:*.mng=01;35:*.pcx=01;35:*.mov=01;35:*.mpg=01;35:*.mpeg=01;35:*.m2v=01;35:*.mkv=01;35:*.webm=01;35:*.webp=01;35:*.ogm=01;35:*.mp4=01;35:*.m4v=01;35:*.mp4v=01;35:*.vob=01;35:*.qt=01;35:*.nuv=01;35:*.wmv=01;35:*.asf=01;35:*.rm=01;35:*.rmvb=01;35:*.flc=01;35:*.avi=01;35:*.fli=01;35:*.flv=01;35:*.gl=01;35:*.dl=01;35:*.xcf=01;35:*.xwd=01;35:*.yuv=01;35:*.cgm=01;35:*.emf=01;35:*.ogv=01;35:*.ogx=01;35:*.aac=00;36:*.au=00;36:*.flac=00;36:*.m4a=00;36:*.mid=00;36:*.midi=00;36:*.mka=00;36:*.mp3=00;36:*.mpc=00;36:*.ogg=00;36:*.ra=00;36:*.wav=00;36:*.oga=00;36:*.opus=00;36:*.spx=00;36:*.xspf=00;36:*~=00;90:*#=00;90:*.bak=00;90:*.crdownload=00;90:*.dpkg-dist=00;90:*.dpkg-new=00;90:*.dpkg-old=00;90:*.dpkg-tmp=00;90:*.old=00;90:*.orig=00;90:*.part=00;90:*.rej=00;90:*.rpmnew=00;90:*.rpmorig=00;90:*.rpmsave=00;90:*.swp=00;90:*.tmp=00;90:*.ucf-dist=00;90:*.ucf-new=00;90:*.ucf-old=00;90:', 'GNOME_TERMINAL_SERVICE': ':1.138', 'SSH_AUTH_SOCK': '/run/user/1000/keyring/ssh', 'AMENT_PREFIX_PATH': '/home/bot/ros2_ws/install/mqtt_imu:/home/bot/ros2_ws/install/robotic_arm_v3_config:/home/bot/ros2_ws/install/robotic_arm_moveit:/home/bot/ros2_ws/install/robotic_arm_model_v3:/home/bot/ros2_ws/install/robotic_arm_config:/home/bot/ros2_ws/install/pose_printer:/home/bot/ros2_ws/install/moveit_controls:/home/bot/ros2_ws/install/move_program:/home/bot/ros2_ws/install/cpp_pubsub:/opt/ros/jazzy', 'SHELL': '/bin/bash', 'QT_ACCESSIBILITY': '1', 'GDMSESSION': 'ubuntu', 'LESSCLOSE': '/usr/bin/lesspipe %s %s', 'ROS_AUTOMATIC_DISCOVERY_RANGE': 'SUBNET', 'QT_IM_MODULE': 'ibus', 'PWD': '/home/bot/ros2_ws/build/robotic_arm_config', 'LC_ALL': 'en_US.UTF-8', 'XDG_CONFIG_DIRS': '/etc/xdg/xdg-ubuntu:/etc/xdg', 'XDG_DATA_DIRS': '/usr/share/ubuntu:/usr/share/gnome:/usr/local/share/:/usr/share/:/var/lib/snapd/desktop', 'PYTHONPATH': '/home/bot/ros2_ws/install/mqtt_imu/lib/python3.12/site-packages:/home/bot/ros2_ws/install/pose_printer/lib/python3.12/site-packages:/home/bot/ros2_ws/install/moveit_controls/lib/python3.12/site-packages:/opt/ros/jazzy/lib/python3.12/site-packages', 'COLCON': '1', 'MEMORY_PRESSURE_WRITE': 'c29tZSAyMDAwMDAgMjAwMDAwMAA=', 'VTE_VERSION': '7600', 'CMAKE_PREFIX_PATH': '/home/bot/ros2_ws/install/robotic_arm_v3_config:/home/bot/ros2_ws/install/robotic_arm_moveit:/home/bot/ros2_ws/install/robotic_arm_model_v3:/home/bot/ros2_ws/install/robotic_arm_config:/home/bot/ros2_ws/install/move_program:/home/bot/ros2_ws/install/cpp_pubsub:/opt/ros/jazzy/opt/sdformat_vendor:/opt/ros/jazzy/opt/gz_math_vendor:/opt/ros/jazzy/opt/gz_utils_vendor:/opt/ros/jazzy/opt/gz_tools_vendor:/opt/ros/jazzy/opt/gz_cmake_vendor:/home/bot/ros2_ws/install/mqtt_imu:/home/bot/ros2_ws/install/pose_printer:/home/bot/ros2_ws/install/moveit_controls:/opt/ros/jazzy'}), 'shell': False}
[35.460181] (-) TimerEvent: {}
[35.560991] (robotic_arm_config) StdoutLine: {'line': b'-- Install configuration: ""\n'}
[35.561762] (-) TimerEvent: {}
[35.564172] (robotic_arm_config) StdoutLine: {'line': b'-- Installing: /home/bot/ros2_ws/install/robotic_arm_config/share/ament_index/resource_index/package_run_dependencies/robotic_arm_config\n'}
[35.567200] (robotic_arm_config) StdoutLine: {'line': b'-- Installing: /home/bot/ros2_ws/install/robotic_arm_config/share/ament_index/resource_index/parent_prefix_path/robotic_arm_config\n'}
[35.571610] (robotic_arm_config) StdoutLine: {'line': b'-- Installing: /home/bot/ros2_ws/install/robotic_arm_config/share/robotic_arm_config/environment/ament_prefix_path.sh\n'}
[35.575965] (robotic_arm_config) StdoutLine: {'line': b'-- Installing: /home/bot/ros2_ws/install/robotic_arm_config/share/robotic_arm_config/environment/ament_prefix_path.dsv\n'}
[35.581989] (robotic_arm_config) StdoutLine: {'line': b'-- Installing: /home/bot/ros2_ws/install/robotic_arm_config/share/robotic_arm_config/environment/path.sh\n'}
[35.587171] (robotic_arm_config) StdoutLine: {'line': b'-- Installing: /home/bot/ros2_ws/install/robotic_arm_config/share/robotic_arm_config/environment/path.dsv\n'}
[35.588574] (robotic_arm_config) StdoutLine: {'line': b'-- Installing: /home/bot/ros2_ws/install/robotic_arm_config/share/robotic_arm_config/local_setup.bash\n'}
[35.593150] (robotic_arm_config) StdoutLine: {'line': b'-- Installing: /home/bot/ros2_ws/install/robotic_arm_config/share/robotic_arm_config/local_setup.sh\n'}
[35.593964] (robotic_arm_config) StdoutLine: {'line': b'-- Installing: /home/bot/ros2_ws/install/robotic_arm_config/share/robotic_arm_config/local_setup.zsh\n'}
[35.597978] (robotic_arm_config) StdoutLine: {'line': b'-- Installing: /home/bot/ros2_ws/install/robotic_arm_config/share/robotic_arm_config/local_setup.dsv\n'}
[35.601013] (robotic_arm_config) StdoutLine: {'line': b'-- Installing: /home/bot/ros2_ws/install/robotic_arm_config/share/robotic_arm_config/package.dsv\n'}
[35.602942] (robotic_arm_config) StdoutLine: {'line': b'-- Installing: /home/bot/ros2_ws/install/robotic_arm_config/share/ament_index/resource_index/packages/robotic_arm_config\n'}
[35.606950] (robotic_arm_config) StdoutLine: {'line': b'-- Installing: /home/bot/ros2_ws/install/robotic_arm_config/share/robotic_arm_config/cmake/robotic_arm_configConfig.cmake\n'}
[35.608937] (robotic_arm_config) StdoutLine: {'line': b'-- Installing: /home/bot/ros2_ws/install/robotic_arm_config/share/robotic_arm_config/cmake/robotic_arm_configConfig-version.cmake\n'}
[35.613312] (robotic_arm_config) StdoutLine: {'line': b'-- Installing: /home/bot/ros2_ws/install/robotic_arm_config/share/robotic_arm_config/package.xml\n'}
[35.614006] (robotic_arm_config) StdoutLine: {'line': b'-- Installing: /home/bot/ros2_ws/install/robotic_arm_config/share/robotic_arm_config/launch\n'}
[35.620380] (robotic_arm_config) StdoutLine: {'line': b'-- Installing: /home/bot/ros2_ws/install/robotic_arm_config/share/robotic_arm_config/launch/moveit_rviz.launch.py\n'}
[35.625274] (robotic_arm_config) StdoutLine: {'line': b'-- Installing: /home/bot/ros2_ws/install/robotic_arm_config/share/robotic_arm_config/launch/static_virtual_joint_tfs.launch.py\n'}
[35.629228] (robotic_arm_config) StdoutLine: {'line': b'-- Installing: /home/bot/ros2_ws/install/robotic_arm_config/share/robotic_arm_config/launch/setup_assistant.launch.py\n'}
[35.631972] (robotic_arm_config) StdoutLine: {'line': b'-- Installing: /home/bot/ros2_ws/install/robotic_arm_config/share/robotic_arm_config/launch/move_group.launch.py\n'}
[35.634770] (robotic_arm_config) StdoutLine: {'line': b'-- Installing: /home/bot/ros2_ws/install/robotic_arm_config/share/robotic_arm_config/launch/rsp.launch.py\n'}
[35.637499] (robotic_arm_config) StdoutLine: {'line': b'-- Installing: /home/bot/ros2_ws/install/robotic_arm_config/share/robotic_arm_config/launch/warehouse_db.launch.py\n'}
[35.640305] (robotic_arm_config) StdoutLine: {'line': b'-- Installing: /home/bot/ros2_ws/install/robotic_arm_config/share/robotic_arm_config/launch/spawn_controllers.launch.py\n'}
[35.642162] (robotic_arm_config) StdoutLine: {'line': b'-- Installing: /home/bot/ros2_ws/install/robotic_arm_config/share/robotic_arm_config/launch/demo.launch.py\n'}
[35.653005] (robotic_arm_config) StdoutLine: {'line': b'-- Installing: /home/bot/ros2_ws/install/robotic_arm_config/share/robotic_arm_config/config\n'}
[35.661912] (robotic_arm_config) StdoutLine: {'line': b'-- Installing: /home/bot/ros2_ws/install/robotic_arm_config/share/robotic_arm_config/config/robotic_arm.srdf\n'}
[35.662671] (-) TimerEvent: {}
[35.663254] (robotic_arm_config) StdoutLine: {'line': b'-- Installing: /home/bot/ros2_ws/install/robotic_arm_config/share/robotic_arm_config/config/joint_limits.yaml\n'}
[35.700018] (robotic_arm_config) StdoutLine: {'line': b'-- Installing: /home/bot/ros2_ws/install/robotic_arm_config/share/robotic_arm_config/config/kinematics.yaml\n'}
[35.700966] (robotic_arm_config) StdoutLine: {'line': b'-- Installing: /home/bot/ros2_ws/install/robotic_arm_config/share/robotic_arm_config/config/initial_positions.yaml\n'}
[35.701662] (robotic_arm_config) StdoutLine: {'line': b'-- Installing: /home/bot/ros2_ws/install/robotic_arm_config/share/robotic_arm_config/config/robotic_arm.urdf.xacro\n'}
[35.702446] (robotic_arm_config) StdoutLine: {'line': b'-- Installing: /home/bot/ros2_ws/install/robotic_arm_config/share/robotic_arm_config/config/moveit_controllers.yaml\n'}
[35.709415] (robotic_arm_config) StdoutLine: {'line': b'-- Installing: /home/bot/ros2_ws/install/robotic_arm_config/share/robotic_arm_config/config/ros2_controllers.yaml\n'}
[35.710477] (robotic_arm_config) StdoutLine: {'line': b'-- Installing: /home/bot/ros2_ws/install/robotic_arm_config/share/robotic_arm_config/config/pilz_cartesian_limits.yaml\n'}
[35.711150] (robotic_arm_config) StdoutLine: {'line': b'-- Installing: /home/bot/ros2_ws/install/robotic_arm_config/share/robotic_arm_config/config/robotic_arm.ros2_control.xacro\n'}
[35.711689] (robotic_arm_config) StdoutLine: {'line': b'-- Installing: /home/bot/ros2_ws/install/robotic_arm_config/share/robotic_arm_config/config/moveit.rviz\n'}
[35.719604] (robotic_arm_config) StdoutLine: {'line': b'-- Installing: /home/bot/ros2_ws/install/robotic_arm_config/share/robotic_arm_config/.setup_assistant\n'}
[35.734291] (robotic_arm_config) CommandEnded: {'returncode': 0}
[35.770226] (-) TimerEvent: {}
[35.871769] (-) TimerEvent: {}
[35.911931] (robotic_arm_config) JobEnded: {'identifier': 'robotic_arm_config', 'rc': 0}
[35.933624] (robotic_arm_v3_config) JobStarted: {'identifier': 'robotic_arm_v3_config'}
[35.972010] (-) TimerEvent: {}
[36.003425] (robotic_arm_v3_config) JobProgress: {'identifier': 'robotic_arm_v3_config', 'progress': 'cmake'}
[36.017144] (robotic_arm_v3_config) Command: {'cmd': ['/usr/bin/cmake', '/home/bot/ros2_ws/src/robotic_arm_v3_config', '-DCMAKE_INSTALL_PREFIX=/home/bot/ros2_ws/install/robotic_arm_v3_config'], 'cwd': '/home/bot/ros2_ws/build/robotic_arm_v3_config', 'env': OrderedDict({'LESSOPEN': '| /usr/bin/lesspipe %s', 'USER': 'bot', 'GZ_CONFIG_PATH': '/opt/ros/jazzy/opt/sdformat_vendor/share/gz', 'XDG_SESSION_TYPE': 'wayland', 'CLUTTER_DISABLE_MIPMAPPED_TEXT': '1', 'SHLVL': '1', 'LD_LIBRARY_PATH': '/opt/ros/jazzy/opt/sdformat_vendor/lib:/opt/ros/jazzy/opt/rviz_ogre_vendor/lib:/opt/ros/jazzy/lib/aarch64-linux-gnu:/opt/ros/jazzy/opt/gz_math_vendor/lib:/opt/ros/jazzy/opt/gz_utils_vendor/lib:/opt/ros/jazzy/opt/gz_tools_vendor/lib:/opt/ros/jazzy/opt/gz_cmake_vendor/lib:/opt/ros/jazzy/lib', 'HOME': '/home/bot', 'OLDPWD': '/home/bot/ros2_ws', 'DESKTOP_SESSION': 'ubuntu', 'ROS_PYTHON_VERSION': '3', 'GNOME_SHELL_SESSION_MODE': 'ubuntu', 'GTK_MODULES': 'gail:atk-bridge', 'SYSTEMD_EXEC_PID': '2617', 'GSM_SKIP_SSH_AGENT_WORKAROUND': 'true', 'DBUS_SESSION_BUS_ADDRESS': 'unix:path=/run/user/1000/bus', 'COLORTERM': 'truecolor', 'DEBUGINFOD_URLS': 'https://debuginfod.ubuntu.com', 'IM_CONFIG_PHASE': '1', 'WAYLAND_DISPLAY': 'wayland-0', 'COLCON_PREFIX_PATH': '/home/bot/ros2_ws/install', 'ROS_DISTRO': 'jazzy', 'LOGNAME': 'bot', '_': '/usr/bin/colcon', 'ROS_VERSION': '2', 'MEMORY_PRESSURE_WATCH': '/sys/fs/cgroup/user.slice/user-1000.slice/user@1000.service/session.slice/org.gnome.Shell@wayland.service/memory.pressure', 'XDG_SESSION_CLASS': 'user', 'USERNAME': 'bot', 'TERM': 'xterm-256color', 'GNOME_DESKTOP_SESSION_ID': 'this-is-deprecated', 'PATH': '/opt/ros/jazzy/opt/gz_tools_vendor/bin:/opt/ros/jazzy/bin:/usr/local/sbin:/usr/local/bin:/usr/sbin:/usr/bin:/sbin:/bin:/usr/games:/usr/local/games:/snap/bin:/snap/bin', 'SESSION_MANAGER': 'local/bot-desktop:@/tmp/.ICE-unix/2576,unix/bot-desktop:/tmp/.ICE-unix/2576', 'XDG_MENU_PREFIX': 'gnome-', 'GNOME_TERMINAL_SCREEN': '/org/gnome/Terminal/screen/3af69af4_558a_455a_946d_9d2d672ef67b', 'GNOME_SETUP_DISPLAY': ':1', 'XDG_RUNTIME_DIR': '/run/user/1000', 'DISPLAY': ':0', 'LANG': 'en_US.UTF-8', 'XDG_CURRENT_DESKTOP': 'ubuntu:GNOME', 'XMODIFIERS': '@im=ibus', 'XDG_SESSION_DESKTOP': 'ubuntu', 'XAUTHORITY': '/run/user/1000/.mutter-Xwaylandauth.VZBUI3', 'LS_COLORS': 'rs=0:di=01;34:ln=01;36:mh=00:pi=40;33:so=01;35:do=01;35:bd=40;33;01:cd=40;33;01:or=40;31;01:mi=00:su=37;41:sg=30;43:ca=00:tw=30;42:ow=34;42:st=37;44:ex=01;32:*.tar=01;31:*.tgz=01;31:*.arc=01;31:*.arj=01;31:*.taz=01;31:*.lha=01;31:*.lz4=01;31:*.lzh=01;31:*.lzma=01;31:*.tlz=01;31:*.txz=01;31:*.tzo=01;31:*.t7z=01;31:*.zip=01;31:*.z=01;31:*.dz=01;31:*.gz=01;31:*.lrz=01;31:*.lz=01;31:*.lzo=01;31:*.xz=01;31:*.zst=01;31:*.tzst=01;31:*.bz2=01;31:*.bz=01;31:*.tbz=01;31:*.tbz2=01;31:*.tz=01;31:*.deb=01;31:*.rpm=01;31:*.jar=01;31:*.war=01;31:*.ear=01;31:*.sar=01;31:*.rar=01;31:*.alz=01;31:*.ace=01;31:*.zoo=01;31:*.cpio=01;31:*.7z=01;31:*.rz=01;31:*.cab=01;31:*.wim=01;31:*.swm=01;31:*.dwm=01;31:*.esd=01;31:*.avif=01;35:*.jpg=01;35:*.jpeg=01;35:*.mjpg=01;35:*.mjpeg=01;35:*.gif=01;35:*.bmp=01;35:*.pbm=01;35:*.pgm=01;35:*.ppm=01;35:*.tga=01;35:*.xbm=01;35:*.xpm=01;35:*.tif=01;35:*.tiff=01;35:*.png=01;35:*.svg=01;35:*.svgz=01;35:*.mng=01;35:*.pcx=01;35:*.mov=01;35:*.mpg=01;35:*.mpeg=01;35:*.m2v=01;35:*.mkv=01;35:*.webm=01;35:*.webp=01;35:*.ogm=01;35:*.mp4=01;35:*.m4v=01;35:*.mp4v=01;35:*.vob=01;35:*.qt=01;35:*.nuv=01;35:*.wmv=01;35:*.asf=01;35:*.rm=01;35:*.rmvb=01;35:*.flc=01;35:*.avi=01;35:*.fli=01;35:*.flv=01;35:*.gl=01;35:*.dl=01;35:*.xcf=01;35:*.xwd=01;35:*.yuv=01;35:*.cgm=01;35:*.emf=01;35:*.ogv=01;35:*.ogx=01;35:*.aac=00;36:*.au=00;36:*.flac=00;36:*.m4a=00;36:*.mid=00;36:*.midi=00;36:*.mka=00;36:*.mp3=00;36:*.mpc=00;36:*.ogg=00;36:*.ra=00;36:*.wav=00;36:*.oga=00;36:*.opus=00;36:*.spx=00;36:*.xspf=00;36:*~=00;90:*#=00;90:*.bak=00;90:*.crdownload=00;90:*.dpkg-dist=00;90:*.dpkg-new=00;90:*.dpkg-old=00;90:*.dpkg-tmp=00;90:*.old=00;90:*.orig=00;90:*.part=00;90:*.rej=00;90:*.rpmnew=00;90:*.rpmorig=00;90:*.rpmsave=00;90:*.swp=00;90:*.tmp=00;90:*.ucf-dist=00;90:*.ucf-new=00;90:*.ucf-old=00;90:', 'GNOME_TERMINAL_SERVICE': ':1.138', 'SSH_AUTH_SOCK': '/run/user/1000/keyring/ssh', 'AMENT_PREFIX_PATH': '/home/bot/ros2_ws/install/mqtt_imu:/home/bot/ros2_ws/install/robotic_arm_v3_config:/home/bot/ros2_ws/install/robotic_arm_moveit:/home/bot/ros2_ws/install/robotic_arm_model_v3:/home/bot/ros2_ws/install/robotic_arm_config:/home/bot/ros2_ws/install/pose_printer:/home/bot/ros2_ws/install/moveit_controls:/home/bot/ros2_ws/install/move_program:/home/bot/ros2_ws/install/cpp_pubsub:/opt/ros/jazzy', 'SHELL': '/bin/bash', 'QT_ACCESSIBILITY': '1', 'GDMSESSION': 'ubuntu', 'LESSCLOSE': '/usr/bin/lesspipe %s %s', 'ROS_AUTOMATIC_DISCOVERY_RANGE': 'SUBNET', 'QT_IM_MODULE': 'ibus', 'PWD': '/home/bot/ros2_ws/build/robotic_arm_v3_config', 'LC_ALL': 'en_US.UTF-8', 'XDG_CONFIG_DIRS': '/etc/xdg/xdg-ubuntu:/etc/xdg', 'XDG_DATA_DIRS': '/usr/share/ubuntu:/usr/share/gnome:/usr/local/share/:/usr/share/:/var/lib/snapd/desktop', 'PYTHONPATH': '/home/bot/ros2_ws/install/mqtt_imu/lib/python3.12/site-packages:/home/bot/ros2_ws/install/pose_printer/lib/python3.12/site-packages:/home/bot/ros2_ws/install/moveit_controls/lib/python3.12/site-packages:/opt/ros/jazzy/lib/python3.12/site-packages', 'COLCON': '1', 'MEMORY_PRESSURE_WRITE': 'c29tZSAyMDAwMDAgMjAwMDAwMAA=', 'VTE_VERSION': '7600', 'CMAKE_PREFIX_PATH': '/home/bot/ros2_ws/install/robotic_arm_model_v3:/home/bot/ros2_ws/install/robotic_arm_v3_config:/home/bot/ros2_ws/install/robotic_arm_moveit:/home/bot/ros2_ws/install/robotic_arm_config:/home/bot/ros2_ws/install/move_program:/home/bot/ros2_ws/install/cpp_pubsub:/opt/ros/jazzy/opt/sdformat_vendor:/opt/ros/jazzy/opt/gz_math_vendor:/opt/ros/jazzy/opt/gz_utils_vendor:/opt/ros/jazzy/opt/gz_tools_vendor:/opt/ros/jazzy/opt/gz_cmake_vendor:/home/bot/ros2_ws/install/mqtt_imu:/home/bot/ros2_ws/install/pose_printer:/home/bot/ros2_ws/install/moveit_controls:/opt/ros/jazzy'}), 'shell': False}
[36.072216] (-) TimerEvent: {}
[36.173082] (-) TimerEvent: {}
[36.278091] (-) TimerEvent: {}
[36.379380] (-) TimerEvent: {}
[36.480360] (-) TimerEvent: {}
[36.584057] (-) TimerEvent: {}
[36.688016] (-) TimerEvent: {}
[36.788861] (-) TimerEvent: {}
[36.874047] (robotic_arm_moveit) StdoutLine: {'line': b'-- Found Python3: /usr/bin/python3 (found version "3.12.3") found components: Interpreter \n'}
[36.884007] (robotic_arm_v3_config) StdoutLine: {'line': b'-- The C compiler identification is GNU 13.3.0\n'}
[36.890621] (-) TimerEvent: {}
[36.993985] (-) TimerEvent: {}
[37.094853] (-) TimerEvent: {}
[37.196951] (-) TimerEvent: {}
[37.298968] (-) TimerEvent: {}
[37.404003] (-) TimerEvent: {}
[37.505274] (-) TimerEvent: {}
[37.557734] (robotic_arm_v3_config) StdoutLine: {'line': b'-- The CXX compiler identification is GNU 13.3.0\n'}
[37.607995] (-) TimerEvent: {}
[37.711950] (-) TimerEvent: {}
[37.799202] (robotic_arm_v3_config) StdoutLine: {'line': b'-- Detecting C compiler ABI info\n'}
[37.829024] (-) TimerEvent: {}
[37.932990] (-) TimerEvent: {}
[38.033979] (-) TimerEvent: {}
[38.137063] (-) TimerEvent: {}
[38.238086] (-) TimerEvent: {}
[38.340033] (-) TimerEvent: {}
[38.444372] (-) TimerEvent: {}
[38.545780] (-) TimerEvent: {}
[38.654991] (-) TimerEvent: {}
[38.755962] (-) TimerEvent: {}
[38.857564] (-) TimerEvent: {}
[38.960994] (-) TimerEvent: {}
[39.061290] (robotic_arm_moveit) StdoutLine: {'line': b'-- Found moveit_ros_planning_interface: 2.12.3 (/opt/ros/jazzy/share/moveit_ros_planning_interface/cmake)\n'}
[39.063531] (-) TimerEvent: {}
[39.073173] (robotic_arm_v3_config) StdoutLine: {'line': b'-- Detecting C compiler ABI info - done\n'}
[39.167495] (-) TimerEvent: {}
[39.174859] (robotic_arm_v3_config) StdoutLine: {'line': b'-- Check for working C compiler: /usr/bin/cc - skipped\n'}
[39.177792] (robotic_arm_v3_config) StdoutLine: {'line': b'-- Detecting C compile features\n'}
[39.185208] (robotic_arm_v3_config) StdoutLine: {'line': b'-- Detecting C compile features - done\n'}
[39.281575] (-) TimerEvent: {}
[39.320865] (robotic_arm_v3_config) StdoutLine: {'line': b'-- Detecting CXX compiler ABI info\n'}
[39.387044] (-) TimerEvent: {}
[39.488001] (-) TimerEvent: {}
[39.589152] (-) TimerEvent: {}
[39.694031] (-) TimerEvent: {}
[39.795382] (-) TimerEvent: {}
[39.899446] (-) TimerEvent: {}
[40.004356] (-) TimerEvent: {}
[40.105278] (-) TimerEvent: {}
[40.209368] (-) TimerEvent: {}
[40.257125] (robotic_arm_v3_config) StdoutLine: {'line': b'-- Detecting CXX compiler ABI info - done\n'}
[40.309702] (-) TimerEvent: {}
[40.342411] (robotic_arm_v3_config) StdoutLine: {'line': b'-- Check for working CXX compiler: /usr/bin/c++ - skipped\n'}
[40.344859] (robotic_arm_v3_config) StdoutLine: {'line': b'-- Detecting CXX compile features\n'}
[40.349267] (robotic_arm_v3_config) StdoutLine: {'line': b'-- Detecting CXX compile features - done\n'}
[40.401835] (robotic_arm_v3_config) StdoutLine: {'line': b'-- Found ament_cmake: 2.5.4 (/opt/ros/jazzy/share/ament_cmake/cmake)\n'}
[40.411991] (-) TimerEvent: {}
[40.513853] (-) TimerEvent: {}
[40.621675] (-) TimerEvent: {}
[40.725403] (-) TimerEvent: {}
[40.747036] (robotic_arm_moveit) StdoutLine: {'line': b'-- Found Boost: /usr/lib/aarch64-linux-gnu/cmake/Boost-1.83.0/BoostConfig.cmake (found version "1.83.0") found components: date_time filesystem program_options system thread \n'}
[40.828023] (-) TimerEvent: {}
[40.943687] (-) TimerEvent: {}
[41.058045] (-) TimerEvent: {}
[41.159461] (-) TimerEvent: {}
[41.265045] (-) TimerEvent: {}
[41.366143] (-) TimerEvent: {}
[41.470495] (-) TimerEvent: {}
[41.580620] (-) TimerEvent: {}
[41.685975] (-) TimerEvent: {}
[41.786948] (-) TimerEvent: {}
[41.887909] (-) TimerEvent: {}
[41.990231] (-) TimerEvent: {}
[42.094354] (-) TimerEvent: {}
[42.197598] (-) TimerEvent: {}
[42.301379] (-) TimerEvent: {}
[42.405228] (-) TimerEvent: {}
[42.510859] (-) TimerEvent: {}
[42.524578] (robotic_arm_v3_config) StdoutLine: {'line': b'-- Found Python3: /usr/bin/python3 (found version "3.12.3") found components: Interpreter \n'}
[42.549427] (robotic_arm_moveit) StdoutLine: {'line': b'-- Found rosidl_generator_c: 4.6.6 (/opt/ros/jazzy/share/rosidl_generator_c/cmake)\n'}
[42.614117] (-) TimerEvent: {}
[42.724985] (-) TimerEvent: {}
[42.838758] (-) TimerEvent: {}
[42.942310] (-) TimerEvent: {}
[43.048039] (-) TimerEvent: {}
[43.094740] (robotic_arm_moveit) StdoutLine: {'line': b'-- Found rosidl_generator_cpp: 4.6.6 (/opt/ros/jazzy/share/rosidl_generator_cpp/cmake)\n'}
[43.163042] (-) TimerEvent: {}
[43.279260] (-) TimerEvent: {}
[43.384079] (-) TimerEvent: {}
[43.491442] (-) TimerEvent: {}
[43.593032] (-) TimerEvent: {}
[43.694420] (-) TimerEvent: {}
[43.797472] (-) TimerEvent: {}
[43.816095] (robotic_arm_moveit) StdoutLine: {'line': b'-- Using all available rosidl_typesupport_c: rosidl_typesupport_fastrtps_c;rosidl_typesupport_introspection_c\n'}
[43.900473] (-) TimerEvent: {}
[44.004331] (-) TimerEvent: {}
[44.105403] (-) TimerEvent: {}
[44.207240] (-) TimerEvent: {}
[44.311453] (-) TimerEvent: {}
[44.377011] (robotic_arm_moveit) StdoutLine: {'line': b'-- Using all available rosidl_typesupport_cpp: rosidl_typesupport_fastrtps_cpp;rosidl_typesupport_introspection_cpp\n'}
[44.414101] (-) TimerEvent: {}
[44.515026] (-) TimerEvent: {}
[44.618415] (-) TimerEvent: {}
[44.719449] (-) TimerEvent: {}
[44.826151] (-) TimerEvent: {}
[44.939055] (-) TimerEvent: {}
[45.043372] (-) TimerEvent: {}
[45.144836] (-) TimerEvent: {}
[45.246966] (-) TimerEvent: {}
[45.349056] (-) TimerEvent: {}
[45.453332] (-) TimerEvent: {}
[45.554267] (-) TimerEvent: {}
[45.663011] (-) TimerEvent: {}
[45.764069] (-) TimerEvent: {}
[45.881070] (-) TimerEvent: {}
[45.982011] (-) TimerEvent: {}
[46.083988] (robotic_arm_v3_config) StdoutLine: {'line': b'-- Configuring done (9.9s)\n'}
[46.084958] (-) TimerEvent: {}
[46.163130] (robotic_arm_v3_config) StdoutLine: {'line': b'-- Generating done (0.1s)\n'}
[46.185389] (-) TimerEvent: {}
[46.190215] (robotic_arm_v3_config) StdoutLine: {'line': b'-- Build files have been written to: /home/bot/ros2_ws/build/robotic_arm_v3_config\n'}
[46.248429] (robotic_arm_v3_config) CommandEnded: {'returncode': 0}
[46.250339] (robotic_arm_v3_config) JobProgress: {'identifier': 'robotic_arm_v3_config', 'progress': 'build'}
[46.260058] (robotic_arm_v3_config) Command: {'cmd': ['/usr/bin/cmake', '--build', '/home/bot/ros2_ws/build/robotic_arm_v3_config', '--', '-j4', '-l4'], 'cwd': '/home/bot/ros2_ws/build/robotic_arm_v3_config', 'env': OrderedDict({'LESSOPEN': '| /usr/bin/lesspipe %s', 'USER': 'bot', 'GZ_CONFIG_PATH': '/opt/ros/jazzy/opt/sdformat_vendor/share/gz', 'XDG_SESSION_TYPE': 'wayland', 'CLUTTER_DISABLE_MIPMAPPED_TEXT': '1', 'SHLVL': '1', 'LD_LIBRARY_PATH': '/opt/ros/jazzy/opt/sdformat_vendor/lib:/opt/ros/jazzy/opt/rviz_ogre_vendor/lib:/opt/ros/jazzy/lib/aarch64-linux-gnu:/opt/ros/jazzy/opt/gz_math_vendor/lib:/opt/ros/jazzy/opt/gz_utils_vendor/lib:/opt/ros/jazzy/opt/gz_tools_vendor/lib:/opt/ros/jazzy/opt/gz_cmake_vendor/lib:/opt/ros/jazzy/lib', 'HOME': '/home/bot', 'OLDPWD': '/home/bot/ros2_ws', 'DESKTOP_SESSION': 'ubuntu', 'ROS_PYTHON_VERSION': '3', 'GNOME_SHELL_SESSION_MODE': 'ubuntu', 'GTK_MODULES': 'gail:atk-bridge', 'SYSTEMD_EXEC_PID': '2617', 'GSM_SKIP_SSH_AGENT_WORKAROUND': 'true', 'DBUS_SESSION_BUS_ADDRESS': 'unix:path=/run/user/1000/bus', 'COLORTERM': 'truecolor', 'DEBUGINFOD_URLS': 'https://debuginfod.ubuntu.com', 'IM_CONFIG_PHASE': '1', 'WAYLAND_DISPLAY': 'wayland-0', 'COLCON_PREFIX_PATH': '/home/bot/ros2_ws/install', 'ROS_DISTRO': 'jazzy', 'LOGNAME': 'bot', '_': '/usr/bin/colcon', 'ROS_VERSION': '2', 'MEMORY_PRESSURE_WATCH': '/sys/fs/cgroup/user.slice/user-1000.slice/user@1000.service/session.slice/org.gnome.Shell@wayland.service/memory.pressure', 'XDG_SESSION_CLASS': 'user', 'USERNAME': 'bot', 'TERM': 'xterm-256color', 'GNOME_DESKTOP_SESSION_ID': 'this-is-deprecated', 'PATH': '/opt/ros/jazzy/opt/gz_tools_vendor/bin:/opt/ros/jazzy/bin:/usr/local/sbin:/usr/local/bin:/usr/sbin:/usr/bin:/sbin:/bin:/usr/games:/usr/local/games:/snap/bin:/snap/bin', 'SESSION_MANAGER': 'local/bot-desktop:@/tmp/.ICE-unix/2576,unix/bot-desktop:/tmp/.ICE-unix/2576', 'XDG_MENU_PREFIX': 'gnome-', 'GNOME_TERMINAL_SCREEN': '/org/gnome/Terminal/screen/3af69af4_558a_455a_946d_9d2d672ef67b', 'GNOME_SETUP_DISPLAY': ':1', 'XDG_RUNTIME_DIR': '/run/user/1000', 'DISPLAY': ':0', 'LANG': 'en_US.UTF-8', 'XDG_CURRENT_DESKTOP': 'ubuntu:GNOME', 'XMODIFIERS': '@im=ibus', 'XDG_SESSION_DESKTOP': 'ubuntu', 'XAUTHORITY': '/run/user/1000/.mutter-Xwaylandauth.VZBUI3', 'LS_COLORS': 'rs=0:di=01;34:ln=01;36:mh=00:pi=40;33:so=01;35:do=01;35:bd=40;33;01:cd=40;33;01:or=40;31;01:mi=00:su=37;41:sg=30;43:ca=00:tw=30;42:ow=34;42:st=37;44:ex=01;32:*.tar=01;31:*.tgz=01;31:*.arc=01;31:*.arj=01;31:*.taz=01;31:*.lha=01;31:*.lz4=01;31:*.lzh=01;31:*.lzma=01;31:*.tlz=01;31:*.txz=01;31:*.tzo=01;31:*.t7z=01;31:*.zip=01;31:*.z=01;31:*.dz=01;31:*.gz=01;31:*.lrz=01;31:*.lz=01;31:*.lzo=01;31:*.xz=01;31:*.zst=01;31:*.tzst=01;31:*.bz2=01;31:*.bz=01;31:*.tbz=01;31:*.tbz2=01;31:*.tz=01;31:*.deb=01;31:*.rpm=01;31:*.jar=01;31:*.war=01;31:*.ear=01;31:*.sar=01;31:*.rar=01;31:*.alz=01;31:*.ace=01;31:*.zoo=01;31:*.cpio=01;31:*.7z=01;31:*.rz=01;31:*.cab=01;31:*.wim=01;31:*.swm=01;31:*.dwm=01;31:*.esd=01;31:*.avif=01;35:*.jpg=01;35:*.jpeg=01;35:*.mjpg=01;35:*.mjpeg=01;35:*.gif=01;35:*.bmp=01;35:*.pbm=01;35:*.pgm=01;35:*.ppm=01;35:*.tga=01;35:*.xbm=01;35:*.xpm=01;35:*.tif=01;35:*.tiff=01;35:*.png=01;35:*.svg=01;35:*.svgz=01;35:*.mng=01;35:*.pcx=01;35:*.mov=01;35:*.mpg=01;35:*.mpeg=01;35:*.m2v=01;35:*.mkv=01;35:*.webm=01;35:*.webp=01;35:*.ogm=01;35:*.mp4=01;35:*.m4v=01;35:*.mp4v=01;35:*.vob=01;35:*.qt=01;35:*.nuv=01;35:*.wmv=01;35:*.asf=01;35:*.rm=01;35:*.rmvb=01;35:*.flc=01;35:*.avi=01;35:*.fli=01;35:*.flv=01;35:*.gl=01;35:*.dl=01;35:*.xcf=01;35:*.xwd=01;35:*.yuv=01;35:*.cgm=01;35:*.emf=01;35:*.ogv=01;35:*.ogx=01;35:*.aac=00;36:*.au=00;36:*.flac=00;36:*.m4a=00;36:*.mid=00;36:*.midi=00;36:*.mka=00;36:*.mp3=00;36:*.mpc=00;36:*.ogg=00;36:*.ra=00;36:*.wav=00;36:*.oga=00;36:*.opus=00;36:*.spx=00;36:*.xspf=00;36:*~=00;90:*#=00;90:*.bak=00;90:*.crdownload=00;90:*.dpkg-dist=00;90:*.dpkg-new=00;90:*.dpkg-old=00;90:*.dpkg-tmp=00;90:*.old=00;90:*.orig=00;90:*.part=00;90:*.rej=00;90:*.rpmnew=00;90:*.rpmorig=00;90:*.rpmsave=00;90:*.swp=00;90:*.tmp=00;90:*.ucf-dist=00;90:*.ucf-new=00;90:*.ucf-old=00;90:', 'GNOME_TERMINAL_SERVICE': ':1.138', 'SSH_AUTH_SOCK': '/run/user/1000/keyring/ssh', 'AMENT_PREFIX_PATH': '/home/bot/ros2_ws/install/mqtt_imu:/home/bot/ros2_ws/install/robotic_arm_v3_config:/home/bot/ros2_ws/install/robotic_arm_moveit:/home/bot/ros2_ws/install/robotic_arm_model_v3:/home/bot/ros2_ws/install/robotic_arm_config:/home/bot/ros2_ws/install/pose_printer:/home/bot/ros2_ws/install/moveit_controls:/home/bot/ros2_ws/install/move_program:/home/bot/ros2_ws/install/cpp_pubsub:/opt/ros/jazzy', 'SHELL': '/bin/bash', 'QT_ACCESSIBILITY': '1', 'GDMSESSION': 'ubuntu', 'LESSCLOSE': '/usr/bin/lesspipe %s %s', 'ROS_AUTOMATIC_DISCOVERY_RANGE': 'SUBNET', 'QT_IM_MODULE': 'ibus', 'PWD': '/home/bot/ros2_ws/build/robotic_arm_v3_config', 'LC_ALL': 'en_US.UTF-8', 'XDG_CONFIG_DIRS': '/etc/xdg/xdg-ubuntu:/etc/xdg', 'XDG_DATA_DIRS': '/usr/share/ubuntu:/usr/share/gnome:/usr/local/share/:/usr/share/:/var/lib/snapd/desktop', 'PYTHONPATH': '/home/bot/ros2_ws/install/mqtt_imu/lib/python3.12/site-packages:/home/bot/ros2_ws/install/pose_printer/lib/python3.12/site-packages:/home/bot/ros2_ws/install/moveit_controls/lib/python3.12/site-packages:/opt/ros/jazzy/lib/python3.12/site-packages', 'COLCON': '1', 'MEMORY_PRESSURE_WRITE': 'c29tZSAyMDAwMDAgMjAwMDAwMAA=', 'VTE_VERSION': '7600', 'CMAKE_PREFIX_PATH': '/home/bot/ros2_ws/install/robotic_arm_model_v3:/home/bot/ros2_ws/install/robotic_arm_v3_config:/home/bot/ros2_ws/install/robotic_arm_moveit:/home/bot/ros2_ws/install/robotic_arm_config:/home/bot/ros2_ws/install/move_program:/home/bot/ros2_ws/install/cpp_pubsub:/opt/ros/jazzy/opt/sdformat_vendor:/opt/ros/jazzy/opt/gz_math_vendor:/opt/ros/jazzy/opt/gz_utils_vendor:/opt/ros/jazzy/opt/gz_tools_vendor:/opt/ros/jazzy/opt/gz_cmake_vendor:/home/bot/ros2_ws/install/mqtt_imu:/home/bot/ros2_ws/install/pose_printer:/home/bot/ros2_ws/install/moveit_controls:/opt/ros/jazzy'}), 'shell': False}
[46.288245] (-) TimerEvent: {}
[46.389323] (-) TimerEvent: {}
[46.493057] (-) TimerEvent: {}
[46.594230] (-) TimerEvent: {}
[46.700711] (-) TimerEvent: {}
[46.801787] (-) TimerEvent: {}
[46.848950] (robotic_arm_v3_config) CommandEnded: {'returncode': 0}
[46.857440] (robotic_arm_v3_config) JobProgress: {'identifier': 'robotic_arm_v3_config', 'progress': 'install'}
[46.857683] (robotic_arm_v3_config) Command: {'cmd': ['/usr/bin/cmake', '--install', '/home/bot/ros2_ws/build/robotic_arm_v3_config'], 'cwd': '/home/bot/ros2_ws/build/robotic_arm_v3_config', 'env': OrderedDict({'LESSOPEN': '| /usr/bin/lesspipe %s', 'USER': 'bot', 'GZ_CONFIG_PATH': '/opt/ros/jazzy/opt/sdformat_vendor/share/gz', 'XDG_SESSION_TYPE': 'wayland', 'CLUTTER_DISABLE_MIPMAPPED_TEXT': '1', 'SHLVL': '1', 'LD_LIBRARY_PATH': '/opt/ros/jazzy/opt/sdformat_vendor/lib:/opt/ros/jazzy/opt/rviz_ogre_vendor/lib:/opt/ros/jazzy/lib/aarch64-linux-gnu:/opt/ros/jazzy/opt/gz_math_vendor/lib:/opt/ros/jazzy/opt/gz_utils_vendor/lib:/opt/ros/jazzy/opt/gz_tools_vendor/lib:/opt/ros/jazzy/opt/gz_cmake_vendor/lib:/opt/ros/jazzy/lib', 'HOME': '/home/bot', 'OLDPWD': '/home/bot/ros2_ws', 'DESKTOP_SESSION': 'ubuntu', 'ROS_PYTHON_VERSION': '3', 'GNOME_SHELL_SESSION_MODE': 'ubuntu', 'GTK_MODULES': 'gail:atk-bridge', 'SYSTEMD_EXEC_PID': '2617', 'GSM_SKIP_SSH_AGENT_WORKAROUND': 'true', 'DBUS_SESSION_BUS_ADDRESS': 'unix:path=/run/user/1000/bus', 'COLORTERM': 'truecolor', 'DEBUGINFOD_URLS': 'https://debuginfod.ubuntu.com', 'IM_CONFIG_PHASE': '1', 'WAYLAND_DISPLAY': 'wayland-0', 'COLCON_PREFIX_PATH': '/home/bot/ros2_ws/install', 'ROS_DISTRO': 'jazzy', 'LOGNAME': 'bot', '_': '/usr/bin/colcon', 'ROS_VERSION': '2', 'MEMORY_PRESSURE_WATCH': '/sys/fs/cgroup/user.slice/user-1000.slice/user@1000.service/session.slice/org.gnome.Shell@wayland.service/memory.pressure', 'XDG_SESSION_CLASS': 'user', 'USERNAME': 'bot', 'TERM': 'xterm-256color', 'GNOME_DESKTOP_SESSION_ID': 'this-is-deprecated', 'PATH': '/opt/ros/jazzy/opt/gz_tools_vendor/bin:/opt/ros/jazzy/bin:/usr/local/sbin:/usr/local/bin:/usr/sbin:/usr/bin:/sbin:/bin:/usr/games:/usr/local/games:/snap/bin:/snap/bin', 'SESSION_MANAGER': 'local/bot-desktop:@/tmp/.ICE-unix/2576,unix/bot-desktop:/tmp/.ICE-unix/2576', 'XDG_MENU_PREFIX': 'gnome-', 'GNOME_TERMINAL_SCREEN': '/org/gnome/Terminal/screen/3af69af4_558a_455a_946d_9d2d672ef67b', 'GNOME_SETUP_DISPLAY': ':1', 'XDG_RUNTIME_DIR': '/run/user/1000', 'DISPLAY': ':0', 'LANG': 'en_US.UTF-8', 'XDG_CURRENT_DESKTOP': 'ubuntu:GNOME', 'XMODIFIERS': '@im=ibus', 'XDG_SESSION_DESKTOP': 'ubuntu', 'XAUTHORITY': '/run/user/1000/.mutter-Xwaylandauth.VZBUI3', 'LS_COLORS': 'rs=0:di=01;34:ln=01;36:mh=00:pi=40;33:so=01;35:do=01;35:bd=40;33;01:cd=40;33;01:or=40;31;01:mi=00:su=37;41:sg=30;43:ca=00:tw=30;42:ow=34;42:st=37;44:ex=01;32:*.tar=01;31:*.tgz=01;31:*.arc=01;31:*.arj=01;31:*.taz=01;31:*.lha=01;31:*.lz4=01;31:*.lzh=01;31:*.lzma=01;31:*.tlz=01;31:*.txz=01;31:*.tzo=01;31:*.t7z=01;31:*.zip=01;31:*.z=01;31:*.dz=01;31:*.gz=01;31:*.lrz=01;31:*.lz=01;31:*.lzo=01;31:*.xz=01;31:*.zst=01;31:*.tzst=01;31:*.bz2=01;31:*.bz=01;31:*.tbz=01;31:*.tbz2=01;31:*.tz=01;31:*.deb=01;31:*.rpm=01;31:*.jar=01;31:*.war=01;31:*.ear=01;31:*.sar=01;31:*.rar=01;31:*.alz=01;31:*.ace=01;31:*.zoo=01;31:*.cpio=01;31:*.7z=01;31:*.rz=01;31:*.cab=01;31:*.wim=01;31:*.swm=01;31:*.dwm=01;31:*.esd=01;31:*.avif=01;35:*.jpg=01;35:*.jpeg=01;35:*.mjpg=01;35:*.mjpeg=01;35:*.gif=01;35:*.bmp=01;35:*.pbm=01;35:*.pgm=01;35:*.ppm=01;35:*.tga=01;35:*.xbm=01;35:*.xpm=01;35:*.tif=01;35:*.tiff=01;35:*.png=01;35:*.svg=01;35:*.svgz=01;35:*.mng=01;35:*.pcx=01;35:*.mov=01;35:*.mpg=01;35:*.mpeg=01;35:*.m2v=01;35:*.mkv=01;35:*.webm=01;35:*.webp=01;35:*.ogm=01;35:*.mp4=01;35:*.m4v=01;35:*.mp4v=01;35:*.vob=01;35:*.qt=01;35:*.nuv=01;35:*.wmv=01;35:*.asf=01;35:*.rm=01;35:*.rmvb=01;35:*.flc=01;35:*.avi=01;35:*.fli=01;35:*.flv=01;35:*.gl=01;35:*.dl=01;35:*.xcf=01;35:*.xwd=01;35:*.yuv=01;35:*.cgm=01;35:*.emf=01;35:*.ogv=01;35:*.ogx=01;35:*.aac=00;36:*.au=00;36:*.flac=00;36:*.m4a=00;36:*.mid=00;36:*.midi=00;36:*.mka=00;36:*.mp3=00;36:*.mpc=00;36:*.ogg=00;36:*.ra=00;36:*.wav=00;36:*.oga=00;36:*.opus=00;36:*.spx=00;36:*.xspf=00;36:*~=00;90:*#=00;90:*.bak=00;90:*.crdownload=00;90:*.dpkg-dist=00;90:*.dpkg-new=00;90:*.dpkg-old=00;90:*.dpkg-tmp=00;90:*.old=00;90:*.orig=00;90:*.part=00;90:*.rej=00;90:*.rpmnew=00;90:*.rpmorig=00;90:*.rpmsave=00;90:*.swp=00;90:*.tmp=00;90:*.ucf-dist=00;90:*.ucf-new=00;90:*.ucf-old=00;90:', 'GNOME_TERMINAL_SERVICE': ':1.138', 'SSH_AUTH_SOCK': '/run/user/1000/keyring/ssh', 'AMENT_PREFIX_PATH': '/home/bot/ros2_ws/install/mqtt_imu:/home/bot/ros2_ws/install/robotic_arm_v3_config:/home/bot/ros2_ws/install/robotic_arm_moveit:/home/bot/ros2_ws/install/robotic_arm_model_v3:/home/bot/ros2_ws/install/robotic_arm_config:/home/bot/ros2_ws/install/pose_printer:/home/bot/ros2_ws/install/moveit_controls:/home/bot/ros2_ws/install/move_program:/home/bot/ros2_ws/install/cpp_pubsub:/opt/ros/jazzy', 'SHELL': '/bin/bash', 'QT_ACCESSIBILITY': '1', 'GDMSESSION': 'ubuntu', 'LESSCLOSE': '/usr/bin/lesspipe %s %s', 'ROS_AUTOMATIC_DISCOVERY_RANGE': 'SUBNET', 'QT_IM_MODULE': 'ibus', 'PWD': '/home/bot/ros2_ws/build/robotic_arm_v3_config', 'LC_ALL': 'en_US.UTF-8', 'XDG_CONFIG_DIRS': '/etc/xdg/xdg-ubuntu:/etc/xdg', 'XDG_DATA_DIRS': '/usr/share/ubuntu:/usr/share/gnome:/usr/local/share/:/usr/share/:/var/lib/snapd/desktop', 'PYTHONPATH': '/home/bot/ros2_ws/install/mqtt_imu/lib/python3.12/site-packages:/home/bot/ros2_ws/install/pose_printer/lib/python3.12/site-packages:/home/bot/ros2_ws/install/moveit_controls/lib/python3.12/site-packages:/opt/ros/jazzy/lib/python3.12/site-packages', 'COLCON': '1', 'MEMORY_PRESSURE_WRITE': 'c29tZSAyMDAwMDAgMjAwMDAwMAA=', 'VTE_VERSION': '7600', 'CMAKE_PREFIX_PATH': '/home/bot/ros2_ws/install/robotic_arm_model_v3:/home/bot/ros2_ws/install/robotic_arm_v3_config:/home/bot/ros2_ws/install/robotic_arm_moveit:/home/bot/ros2_ws/install/robotic_arm_config:/home/bot/ros2_ws/install/move_program:/home/bot/ros2_ws/install/cpp_pubsub:/opt/ros/jazzy/opt/sdformat_vendor:/opt/ros/jazzy/opt/gz_math_vendor:/opt/ros/jazzy/opt/gz_utils_vendor:/opt/ros/jazzy/opt/gz_tools_vendor:/opt/ros/jazzy/opt/gz_cmake_vendor:/home/bot/ros2_ws/install/mqtt_imu:/home/bot/ros2_ws/install/pose_printer:/home/bot/ros2_ws/install/moveit_controls:/opt/ros/jazzy'}), 'shell': False}
[46.903146] (-) TimerEvent: {}
[46.932608] (robotic_arm_v3_config) StdoutLine: {'line': b'-- Install configuration: ""\n'}
[46.934300] (robotic_arm_v3_config) StdoutLine: {'line': b'-- Installing: /home/bot/ros2_ws/install/robotic_arm_v3_config/share/ament_index/resource_index/package_run_dependencies/robotic_arm_v3_config\n'}
[46.936685] (robotic_arm_v3_config) StdoutLine: {'line': b'-- Installing: /home/bot/ros2_ws/install/robotic_arm_v3_config/share/ament_index/resource_index/parent_prefix_path/robotic_arm_v3_config\n'}
[46.939075] (robotic_arm_v3_config) StdoutLine: {'line': b'-- Installing: /home/bot/ros2_ws/install/robotic_arm_v3_config/share/robotic_arm_v3_config/environment/ament_prefix_path.sh\n'}
[46.940685] (robotic_arm_v3_config) StdoutLine: {'line': b'-- Installing: /home/bot/ros2_ws/install/robotic_arm_v3_config/share/robotic_arm_v3_config/environment/ament_prefix_path.dsv\n'}
[46.942540] (robotic_arm_v3_config) StdoutLine: {'line': b'-- Installing: /home/bot/ros2_ws/install/robotic_arm_v3_config/share/robotic_arm_v3_config/environment/path.sh\n'}
[46.944166] (robotic_arm_v3_config) StdoutLine: {'line': b'-- Installing: /home/bot/ros2_ws/install/robotic_arm_v3_config/share/robotic_arm_v3_config/environment/path.dsv\n'}
[46.945679] (robotic_arm_v3_config) StdoutLine: {'line': b'-- Installing: /home/bot/ros2_ws/install/robotic_arm_v3_config/share/robotic_arm_v3_config/local_setup.bash\n'}
[46.947411] (robotic_arm_v3_config) StdoutLine: {'line': b'-- Installing: /home/bot/ros2_ws/install/robotic_arm_v3_config/share/robotic_arm_v3_config/local_setup.sh\n'}
[46.949316] (robotic_arm_v3_config) StdoutLine: {'line': b'-- Installing: /home/bot/ros2_ws/install/robotic_arm_v3_config/share/robotic_arm_v3_config/local_setup.zsh\n'}
[46.951178] (robotic_arm_v3_config) StdoutLine: {'line': b'-- Installing: /home/bot/ros2_ws/install/robotic_arm_v3_config/share/robotic_arm_v3_config/local_setup.dsv\n'}
[46.952908] (robotic_arm_v3_config) StdoutLine: {'line': b'-- Installing: /home/bot/ros2_ws/install/robotic_arm_v3_config/share/robotic_arm_v3_config/package.dsv\n'}
[46.954995] (robotic_arm_v3_config) StdoutLine: {'line': b'-- Installing: /home/bot/ros2_ws/install/robotic_arm_v3_config/share/ament_index/resource_index/packages/robotic_arm_v3_config\n'}
[46.957054] (robotic_arm_v3_config) StdoutLine: {'line': b'-- Installing: /home/bot/ros2_ws/install/robotic_arm_v3_config/share/robotic_arm_v3_config/cmake/robotic_arm_v3_configConfig.cmake\n'}
[46.958611] (robotic_arm_v3_config) StdoutLine: {'line': b'-- Installing: /home/bot/ros2_ws/install/robotic_arm_v3_config/share/robotic_arm_v3_config/cmake/robotic_arm_v3_configConfig-version.cmake\n'}
[46.960283] (robotic_arm_v3_config) StdoutLine: {'line': b'-- Installing: /home/bot/ros2_ws/install/robotic_arm_v3_config/share/robotic_arm_v3_config/package.xml\n'}
[46.961696] (robotic_arm_v3_config) StdoutLine: {'line': b'-- Installing: /home/bot/ros2_ws/install/robotic_arm_v3_config/share/robotic_arm_v3_config/launch\n'}
[47.003212] (-) TimerEvent: {}
[47.104191] (-) TimerEvent: {}
[47.205114] (-) TimerEvent: {}
[47.305995] (-) TimerEvent: {}
[47.340201] (robotic_arm_v3_config) StdoutLine: {'line': b'-- Installing: /home/bot/ros2_ws/install/robotic_arm_v3_config/share/robotic_arm_v3_config/launch/moveit_rviz.launch.py\n'}
[47.406226] (-) TimerEvent: {}
[47.507142] (-) TimerEvent: {}
[47.608073] (-) TimerEvent: {}
[47.708927] (-) TimerEvent: {}
[47.803926] (robotic_arm_v3_config) StdoutLine: {'line': b'-- Installing: /home/bot/ros2_ws/install/robotic_arm_v3_config/share/robotic_arm_v3_config/launch/static_virtual_joint_tfs.launch.py\n'}
[47.811024] (-) TimerEvent: {}
[47.911935] (-) TimerEvent: {}
[48.013039] (-) TimerEvent: {}
[48.511268] (robotic_arm_v3_config) StdoutLine: {'line': b'-- Installing: /home/bot/ros2_ws/install/robotic_arm_v3_config/share/robotic_arm_v3_config/launch/setup_assistant.launch.py\n'}
[48.516359] (-) TimerEvent: {}
[48.624016] (-) TimerEvent: {}
[48.727396] (-) TimerEvent: {}
[48.732990] (robotic_arm_v3_config) StdoutLine: {'line': b'-- Installing: /home/bot/ros2_ws/install/robotic_arm_v3_config/share/robotic_arm_v3_config/launch/move_group.launch.py\n'}
[48.827700] (-) TimerEvent: {}
[48.934424] (-) TimerEvent: {}
[49.035322] (-) TimerEvent: {}
[49.136158] (-) TimerEvent: {}
[49.236966] (-) TimerEvent: {}
[49.337834] (-) TimerEvent: {}
[49.438636] (-) TimerEvent: {}
[49.539489] (-) TimerEvent: {}
[49.640263] (-) TimerEvent: {}
[49.740997] (-) TimerEvent: {}
[49.841999] (-) TimerEvent: {}
[49.943349] (-) TimerEvent: {}
[50.044745] (-) TimerEvent: {}
[50.107739] (robotic_arm_v3_config) StdoutLine: {'line': b'-- Installing: /home/bot/ros2_ws/install/robotic_arm_v3_config/share/robotic_arm_v3_config/launch/rsp.launch.py\n'}
[50.144959] (-) TimerEvent: {}
[50.245665] (-) TimerEvent: {}
[50.346505] (-) TimerEvent: {}
[50.447968] (-) TimerEvent: {}
[50.549180] (-) TimerEvent: {}
[50.649924] (-) TimerEvent: {}
[50.752992] (-) TimerEvent: {}
[50.855136] (-) TimerEvent: {}
[50.860756] (robotic_arm_v3_config) StdoutLine: {'line': b'-- Installing: /home/bot/ros2_ws/install/robotic_arm_v3_config/share/robotic_arm_v3_config/launch/warehouse_db.launch.py\n'}
[50.955201] (-) TimerEvent: {}
[51.058506] (-) TimerEvent: {}
[51.159455] (-) TimerEvent: {}
[51.260367] (-) TimerEvent: {}
[51.361189] (-) TimerEvent: {}
[51.461970] (-) TimerEvent: {}
[51.562743] (-) TimerEvent: {}
[51.663562] (-) TimerEvent: {}
[51.764679] (-) TimerEvent: {}
[51.865978] (-) TimerEvent: {}
[51.966765] (-) TimerEvent: {}
[52.005899] (robotic_arm_v3_config) StdoutLine: {'line': b'-- Installing: /home/bot/ros2_ws/install/robotic_arm_v3_config/share/robotic_arm_v3_config/launch/spawn_controllers.launch.py\n'}
[52.021132] (robotic_arm_v3_config) StdoutLine: {'line': b'-- Installing: /home/bot/ros2_ws/install/robotic_arm_v3_config/share/robotic_arm_v3_config/launch/spawn_moveit\n'}
[52.022138] (robotic_arm_v3_config) StdoutLine: {'line': b'-- Installing: /home/bot/ros2_ws/install/robotic_arm_v3_config/share/robotic_arm_v3_config/launch/demo_with_controllers.launch.py\n'}
[52.067034] (-) TimerEvent: {}
[52.167892] (-) TimerEvent: {}
[52.268753] (-) TimerEvent: {}
[52.369544] (-) TimerEvent: {}
[52.470411] (-) TimerEvent: {}
[52.571226] (-) TimerEvent: {}
[52.671965] (-) TimerEvent: {}
[52.772725] (-) TimerEvent: {}
[52.873531] (-) TimerEvent: {}
[52.974415] (-) TimerEvent: {}
[53.075322] (-) TimerEvent: {}
[53.657372] (robotic_arm_v3_config) StdoutLine: {'line': b'-- Installing: /home/bot/ros2_ws/install/robotic_arm_v3_config/share/robotic_arm_v3_config/launch/demo.launch.py\n'}
[53.671532] (-) TimerEvent: {}
[53.691879] (robotic_arm_v3_config) StdoutLine: {'line': b'-- Installing: /home/bot/ros2_ws/install/robotic_arm_v3_config/share/robotic_arm_v3_config/config\n'}
[53.699080] (robotic_arm_v3_config) StdoutLine: {'line': b'-- Installing: /home/bot/ros2_ws/install/robotic_arm_v3_config/share/robotic_arm_v3_config/config/robotic_arm_model_v3.srdf\n'}
[53.702614] (robotic_arm_v3_config) StdoutLine: {'line': b'-- Installing: /home/bot/ros2_ws/install/robotic_arm_v3_config/share/robotic_arm_v3_config/config/joint_limits.yaml\n'}
[53.712683] (robotic_arm_v3_config) StdoutLine: {'line': b'-- Installing: /home/bot/ros2_ws/install/robotic_arm_v3_config/share/robotic_arm_v3_config/config/ros_gz_bridge.yaml\n'}
[53.730021] (robotic_arm_v3_config) StdoutLine: {'line': b'-- Installing: /home/bot/ros2_ws/install/robotic_arm_v3_config/share/robotic_arm_v3_config/config/kinematics.yaml\n'}
[53.749342] (robotic_arm_v3_config) StdoutLine: {'line': b'-- Installing: /home/bot/ros2_ws/install/robotic_arm_v3_config/share/robotic_arm_v3_config/config/initial_positions.yaml\n'}
[53.752162] (robotic_arm_v3_config) StdoutLine: {'line': b'-- Installing: /home/bot/ros2_ws/install/robotic_arm_v3_config/share/robotic_arm_v3_config/config/bridge.yaml\n'}
[53.758943] (robotic_arm_v3_config) StdoutLine: {'line': b'-- Installing: /home/bot/ros2_ws/install/robotic_arm_v3_config/share/robotic_arm_v3_config/config/robotic_arm_model_v3.ros2_control.xacro\n'}
[53.762658] (robotic_arm_v3_config) StdoutLine: {'line': b'-- Installing: /home/bot/ros2_ws/install/robotic_arm_v3_config/share/robotic_arm_v3_config/config/moveit_controllers.yaml\n'}
[53.774162] (-) TimerEvent: {}
[53.780208] (robotic_arm_v3_config) StdoutLine: {'line': b'-- Installing: /home/bot/ros2_ws/install/robotic_arm_v3_config/share/robotic_arm_v3_config/config/ros2_controllers.yaml\n'}
[53.786950] (robotic_arm_v3_config) StdoutLine: {'line': b'-- Installing: /home/bot/ros2_ws/install/robotic_arm_v3_config/share/robotic_arm_v3_config/config/pilz_cartesian_limits.yaml\n'}
[53.787664] (robotic_arm_v3_config) StdoutLine: {'line': b'-- Installing: /home/bot/ros2_ws/install/robotic_arm_v3_config/share/robotic_arm_v3_config/config/moveit.rviz\n'}
[53.812011] (robotic_arm_v3_config) StdoutLine: {'line': b'-- Installing: /home/bot/ros2_ws/install/robotic_arm_v3_config/share/robotic_arm_v3_config/config/robotic_arm_model_v3.urdf.xacro\n'}
[53.835262] (robotic_arm_v3_config) StdoutLine: {'line': b'-- Installing: /home/bot/ros2_ws/install/robotic_arm_v3_config/share/robotic_arm_v3_config/.setup_assistant\n'}
[53.886205] (-) TimerEvent: {}
[53.924099] (robotic_arm_v3_config) CommandEnded: {'returncode': 0}
[53.990446] (-) TimerEvent: {}
[54.099658] (-) TimerEvent: {}
[54.222341] (-) TimerEvent: {}
[54.248467] (robotic_arm_v3_config) JobEnded: {'identifier': 'robotic_arm_v3_config', 'rc': 0}
[54.322710] (-) TimerEvent: {}
[54.429104] (-) TimerEvent: {}
[54.531571] (-) TimerEvent: {}
[54.637366] (-) TimerEvent: {}
[54.763923] (-) TimerEvent: {}
[54.878214] (-) TimerEvent: {}
[54.979067] (-) TimerEvent: {}
[55.080067] (-) TimerEvent: {}
[55.183987] (-) TimerEvent: {}
[55.284960] (-) TimerEvent: {}
[55.386959] (-) TimerEvent: {}
[55.488106] (-) TimerEvent: {}
[55.611576] (-) TimerEvent: {}
[55.715357] (-) TimerEvent: {}
[55.820068] (-) TimerEvent: {}
[55.876697] (robotic_arm_moveit) StdoutLine: {'line': b'-- Found Boost: /usr/lib/aarch64-linux-gnu/cmake/Boost-1.83.0/BoostConfig.cmake (found version "1.83.0") found components: chrono date_time filesystem iostreams program_options regex serialization system thread \n'}
[55.922995] (-) TimerEvent: {}
[56.035722] (-) TimerEvent: {}
[56.140004] (-) TimerEvent: {}
[56.240921] (-) TimerEvent: {}
[56.344038] (-) TimerEvent: {}
[56.455346] (-) TimerEvent: {}
[56.557986] (-) TimerEvent: {}
[56.658898] (-) TimerEvent: {}
[56.763100] (-) TimerEvent: {}
[56.863995] (-) TimerEvent: {}
[56.978709] (-) TimerEvent: {}
[57.079865] (-) TimerEvent: {}
[57.153748] (robotic_arm_moveit) StdoutLine: {'line': b'-- Found parameter_traits: 0.5.0 (/opt/ros/jazzy/share/parameter_traits/cmake)\n'}
[57.181049] (-) TimerEvent: {}
[57.282086] (-) TimerEvent: {}
[57.385766] (-) TimerEvent: {}
[57.490430] (-) TimerEvent: {}
[57.593885] (-) TimerEvent: {}
[57.694894] (-) TimerEvent: {}
[57.795844] (-) TimerEvent: {}
[57.899747] (-) TimerEvent: {}
[58.001125] (-) TimerEvent: {}
[58.104091] (-) TimerEvent: {}
[58.202485] (robotic_arm_moveit) StdoutLine: {'line': b'-- Found rmw_implementation_cmake: 7.3.2 (/opt/ros/jazzy/share/rmw_implementation_cmake/cmake)\n'}
[58.204641] (-) TimerEvent: {}
[58.274760] (robotic_arm_moveit) StdoutLine: {'line': b'-- Found rmw_fastrtps_cpp: 8.4.3 (/opt/ros/jazzy/share/rmw_fastrtps_cpp/cmake)\n'}
[58.306043] (-) TimerEvent: {}
[58.407012] (-) TimerEvent: {}
[58.513434] (-) TimerEvent: {}
[58.614483] (-) TimerEvent: {}
[58.718248] (-) TimerEvent: {}
[58.822284] (-) TimerEvent: {}
[58.926451] (-) TimerEvent: {}
[59.027750] (-) TimerEvent: {}
[59.132595] (-) TimerEvent: {}
[59.233937] (-) TimerEvent: {}
[59.340006] (-) TimerEvent: {}
[59.441012] (-) TimerEvent: {}
[59.456161] (robotic_arm_moveit) StdoutLine: {'line': b'-- Found OpenSSL: /usr/lib/aarch64-linux-gnu/libcrypto.so (found version "3.0.13")  \n'}
[59.543033] (-) TimerEvent: {}
[59.644023] (-) TimerEvent: {}
[59.651468] (robotic_arm_moveit) StdoutLine: {'line': b'-- Found FastRTPS: /opt/ros/jazzy/include (Required is at least version "2.13") \n'}
[59.747024] (-) TimerEvent: {}
[59.843131] (robotic_arm_moveit) StdoutLine: {'line': b"-- Using RMW implementation 'rmw_fastrtps_cpp' as default\n"}
[59.847473] (-) TimerEvent: {}
[59.951018] (-) TimerEvent: {}
[60.055458] (-) TimerEvent: {}
[60.156627] (-) TimerEvent: {}
[60.264021] (-) TimerEvent: {}
[60.367918] (-) TimerEvent: {}
[60.473867] (-) TimerEvent: {}
[60.574683] (-) TimerEvent: {}
[60.677998] (-) TimerEvent: {}
[60.778995] (-) TimerEvent: {}
[60.883295] (-) TimerEvent: {}
[60.984288] (-) TimerEvent: {}
[61.086363] (-) TimerEvent: {}
[61.188107] (-) TimerEvent: {}
[61.289622] (-) TimerEvent: {}
[61.391026] (-) TimerEvent: {}
[61.495273] (-) TimerEvent: {}
[61.596270] (-) TimerEvent: {}
[61.697116] (-) TimerEvent: {}
[61.799346] (-) TimerEvent: {}
[61.903438] (-) TimerEvent: {}
[62.015139] (-) TimerEvent: {}
[62.124998] (-) TimerEvent: {}
[62.189245] (robotic_arm_moveit) StdoutLine: {'line': b'-- Found rclcpp_lifecycle: 28.1.13 (/opt/ros/jazzy/share/rclcpp_lifecycle/cmake)\n'}
[62.225205] (-) TimerEvent: {}
[62.335004] (-) TimerEvent: {}
[62.435909] (-) TimerEvent: {}
[62.536892] (-) TimerEvent: {}
[62.637966] (-) TimerEvent: {}
[62.734189] (cpp_pubsub) StdoutLine: {'line': b'[ 75%] \x1b[32m\x1b[1mLinking CXX executable talker\x1b[0m\n'}
[62.739321] (-) TimerEvent: {}
[62.787855] (robotic_arm_moveit) StdoutLine: {'line': b'-- Found Boost: /usr/lib/aarch64-linux-gnu/cmake/Boost-1.83.0/BoostConfig.cmake (found version "1.83.0") found components: filesystem \n'}
[62.840063] (-) TimerEvent: {}
[62.942041] (-) TimerEvent: {}
[63.046506] (-) TimerEvent: {}
[63.149048] (-) TimerEvent: {}
[63.249995] (-) TimerEvent: {}
[63.354414] (-) TimerEvent: {}
[63.455700] (-) TimerEvent: {}
[63.565920] (-) TimerEvent: {}
[63.670194] (-) TimerEvent: {}
[63.742602] (robotic_arm_moveit) StdoutLine: {'line': b'-- Found Eigen3: TRUE (found version "3.4.0") \n'}
[63.746365] (robotic_arm_moveit) StdoutLine: {'line': b'-- Ensuring Eigen3 include directory is part of orocos-kdl CMake target\n'}
[63.772987] (-) TimerEvent: {}
[63.874018] (-) TimerEvent: {}
[63.975248] (-) TimerEvent: {}
[64.076513] (-) TimerEvent: {}
[64.180041] (-) TimerEvent: {}
[64.281053] (-) TimerEvent: {}
[64.382170] (-) TimerEvent: {}
[64.485370] (-) TimerEvent: {}
[64.531569] (cpp_pubsub) StdoutLine: {'line': b'[ 75%] Built target talker\n'}
[64.585778] (-) TimerEvent: {}
[64.686735] (-) TimerEvent: {}
[64.787920] (-) TimerEvent: {}
[64.888957] (-) TimerEvent: {}
[64.989767] (-) TimerEvent: {}
[65.093128] (-) TimerEvent: {}
[65.193987] (-) TimerEvent: {}
[65.298558] (-) TimerEvent: {}
[65.402414] (-) TimerEvent: {}
[65.503403] (-) TimerEvent: {}
[65.544478] (robotic_arm_moveit) StdoutLine: {'line': b'-- Found Boost: /usr/lib/aarch64-linux-gnu/cmake/Boost-1.83.0/BoostConfig.cmake (found version "1.83.0") found components: system filesystem date_time program_options thread chrono \n'}
[65.603611] (-) TimerEvent: {}
[65.704418] (-) TimerEvent: {}
[65.805357] (-) TimerEvent: {}
[65.834252] (robotic_arm_moveit) StdoutLine: {'line': b'-- Found Boost: /usr/lib/aarch64-linux-gnu/cmake/Boost-1.83.0/BoostConfig.cmake (found version "1.83.0") found components: thread system filesystem regex date_time program_options \n'}
[65.905584] (-) TimerEvent: {}
[66.006529] (-) TimerEvent: {}
[66.041735] (robotic_arm_moveit) StdoutLine: {'line': b'-- Found Boost: /usr/lib/aarch64-linux-gnu/cmake/Boost-1.83.0/BoostConfig.cmake (found version "1.83.0") found components: system filesystem date_time program_options thread \n'}
[66.106721] (-) TimerEvent: {}
[66.207580] (-) TimerEvent: {}
[66.308492] (-) TimerEvent: {}
[66.324172] (robotic_arm_moveit) StdoutLine: {'line': b'-- Found ament_lint_auto: 0.17.3 (/opt/ros/jazzy/share/ament_lint_auto/cmake)\n'}
[66.408722] (-) TimerEvent: {}
[66.509716] (-) TimerEvent: {}
[66.611267] (-) TimerEvent: {}
[66.712331] (-) TimerEvent: {}
[66.813330] (-) TimerEvent: {}
[66.914334] (-) TimerEvent: {}
[67.015605] (-) TimerEvent: {}
[67.116636] (-) TimerEvent: {}
[67.220261] (-) TimerEvent: {}
[67.321120] (-) TimerEvent: {}
[67.390596] (robotic_arm_moveit) StdoutLine: {'line': b"-- Added test 'cppcheck' to perform static code analysis on C / C++ code\n"}
[67.392001] (robotic_arm_moveit) StdoutLine: {'line': b'-- Configured cppcheck include dirs: $<BUILD_INTERFACE:/home/bot/ros2_ws/src/robotic_arm_moveit/include>\n'}
[67.392756] (robotic_arm_moveit) StdoutLine: {'line': b'-- Configured cppcheck exclude dirs and/or files: \n'}
[67.400229] (robotic_arm_moveit) StdoutLine: {'line': b"-- Added test 'lint_cmake' to check CMake code style\n"}
[67.410644] (robotic_arm_moveit) StdoutLine: {'line': b"-- Added test 'uncrustify' to check C / C++ code style\n"}
[67.411951] (robotic_arm_moveit) StdoutLine: {'line': b'-- Configured uncrustify additional arguments: \n'}
[67.421331] (-) TimerEvent: {}
[67.425059] (robotic_arm_moveit) StdoutLine: {'line': b"-- Added test 'xmllint' to check XML markup files\n"}
[67.444610] (robotic_arm_moveit) StdoutLine: {'line': b'-- Configuring done (37.4s)\n'}
[67.521592] (-) TimerEvent: {}
[67.622624] (-) TimerEvent: {}
[67.687926] (robotic_arm_moveit) StdoutLine: {'line': b'-- Generating done (0.1s)\n'}
[67.722878] (robotic_arm_moveit) StdoutLine: {'line': b'-- Build files have been written to: /home/bot/ros2_ws/build/robotic_arm_moveit\n'}
[67.723678] (-) TimerEvent: {}
[67.816604] (robotic_arm_moveit) CommandEnded: {'returncode': 0}
[67.818980] (robotic_arm_moveit) JobProgress: {'identifier': 'robotic_arm_moveit', 'progress': 'build'}
[67.819144] (robotic_arm_moveit) Command: {'cmd': ['/usr/bin/cmake', '--build', '/home/bot/ros2_ws/build/robotic_arm_moveit', '--', '-j4', '-l4'], 'cwd': '/home/bot/ros2_ws/build/robotic_arm_moveit', 'env': OrderedDict({'LESSOPEN': '| /usr/bin/lesspipe %s', 'USER': 'bot', 'GZ_CONFIG_PATH': '/opt/ros/jazzy/opt/sdformat_vendor/share/gz', 'XDG_SESSION_TYPE': 'wayland', 'CLUTTER_DISABLE_MIPMAPPED_TEXT': '1', 'SHLVL': '1', 'LD_LIBRARY_PATH': '/opt/ros/jazzy/opt/sdformat_vendor/lib:/opt/ros/jazzy/opt/rviz_ogre_vendor/lib:/opt/ros/jazzy/lib/aarch64-linux-gnu:/opt/ros/jazzy/opt/gz_math_vendor/lib:/opt/ros/jazzy/opt/gz_utils_vendor/lib:/opt/ros/jazzy/opt/gz_tools_vendor/lib:/opt/ros/jazzy/opt/gz_cmake_vendor/lib:/opt/ros/jazzy/lib', 'HOME': '/home/bot', 'OLDPWD': '/home/bot/ros2_ws', 'DESKTOP_SESSION': 'ubuntu', 'ROS_PYTHON_VERSION': '3', 'GNOME_SHELL_SESSION_MODE': 'ubuntu', 'GTK_MODULES': 'gail:atk-bridge', 'SYSTEMD_EXEC_PID': '2617', 'GSM_SKIP_SSH_AGENT_WORKAROUND': 'true', 'DBUS_SESSION_BUS_ADDRESS': 'unix:path=/run/user/1000/bus', 'COLORTERM': 'truecolor', 'DEBUGINFOD_URLS': 'https://debuginfod.ubuntu.com', 'IM_CONFIG_PHASE': '1', 'WAYLAND_DISPLAY': 'wayland-0', 'COLCON_PREFIX_PATH': '/home/bot/ros2_ws/install', 'ROS_DISTRO': 'jazzy', 'LOGNAME': 'bot', '_': '/usr/bin/colcon', 'ROS_VERSION': '2', 'MEMORY_PRESSURE_WATCH': '/sys/fs/cgroup/user.slice/user-1000.slice/user@1000.service/session.slice/org.gnome.Shell@wayland.service/memory.pressure', 'XDG_SESSION_CLASS': 'user', 'USERNAME': 'bot', 'TERM': 'xterm-256color', 'GNOME_DESKTOP_SESSION_ID': 'this-is-deprecated', 'PATH': '/opt/ros/jazzy/opt/gz_tools_vendor/bin:/opt/ros/jazzy/bin:/usr/local/sbin:/usr/local/bin:/usr/sbin:/usr/bin:/sbin:/bin:/usr/games:/usr/local/games:/snap/bin:/snap/bin', 'SESSION_MANAGER': 'local/bot-desktop:@/tmp/.ICE-unix/2576,unix/bot-desktop:/tmp/.ICE-unix/2576', 'XDG_MENU_PREFIX': 'gnome-', 'GNOME_TERMINAL_SCREEN': '/org/gnome/Terminal/screen/3af69af4_558a_455a_946d_9d2d672ef67b', 'GNOME_SETUP_DISPLAY': ':1', 'XDG_RUNTIME_DIR': '/run/user/1000', 'DISPLAY': ':0', 'LANG': 'en_US.UTF-8', 'XDG_CURRENT_DESKTOP': 'ubuntu:GNOME', 'XMODIFIERS': '@im=ibus', 'XDG_SESSION_DESKTOP': 'ubuntu', 'XAUTHORITY': '/run/user/1000/.mutter-Xwaylandauth.VZBUI3', 'LS_COLORS': 'rs=0:di=01;34:ln=01;36:mh=00:pi=40;33:so=01;35:do=01;35:bd=40;33;01:cd=40;33;01:or=40;31;01:mi=00:su=37;41:sg=30;43:ca=00:tw=30;42:ow=34;42:st=37;44:ex=01;32:*.tar=01;31:*.tgz=01;31:*.arc=01;31:*.arj=01;31:*.taz=01;31:*.lha=01;31:*.lz4=01;31:*.lzh=01;31:*.lzma=01;31:*.tlz=01;31:*.txz=01;31:*.tzo=01;31:*.t7z=01;31:*.zip=01;31:*.z=01;31:*.dz=01;31:*.gz=01;31:*.lrz=01;31:*.lz=01;31:*.lzo=01;31:*.xz=01;31:*.zst=01;31:*.tzst=01;31:*.bz2=01;31:*.bz=01;31:*.tbz=01;31:*.tbz2=01;31:*.tz=01;31:*.deb=01;31:*.rpm=01;31:*.jar=01;31:*.war=01;31:*.ear=01;31:*.sar=01;31:*.rar=01;31:*.alz=01;31:*.ace=01;31:*.zoo=01;31:*.cpio=01;31:*.7z=01;31:*.rz=01;31:*.cab=01;31:*.wim=01;31:*.swm=01;31:*.dwm=01;31:*.esd=01;31:*.avif=01;35:*.jpg=01;35:*.jpeg=01;35:*.mjpg=01;35:*.mjpeg=01;35:*.gif=01;35:*.bmp=01;35:*.pbm=01;35:*.pgm=01;35:*.ppm=01;35:*.tga=01;35:*.xbm=01;35:*.xpm=01;35:*.tif=01;35:*.tiff=01;35:*.png=01;35:*.svg=01;35:*.svgz=01;35:*.mng=01;35:*.pcx=01;35:*.mov=01;35:*.mpg=01;35:*.mpeg=01;35:*.m2v=01;35:*.mkv=01;35:*.webm=01;35:*.webp=01;35:*.ogm=01;35:*.mp4=01;35:*.m4v=01;35:*.mp4v=01;35:*.vob=01;35:*.qt=01;35:*.nuv=01;35:*.wmv=01;35:*.asf=01;35:*.rm=01;35:*.rmvb=01;35:*.flc=01;35:*.avi=01;35:*.fli=01;35:*.flv=01;35:*.gl=01;35:*.dl=01;35:*.xcf=01;35:*.xwd=01;35:*.yuv=01;35:*.cgm=01;35:*.emf=01;35:*.ogv=01;35:*.ogx=01;35:*.aac=00;36:*.au=00;36:*.flac=00;36:*.m4a=00;36:*.mid=00;36:*.midi=00;36:*.mka=00;36:*.mp3=00;36:*.mpc=00;36:*.ogg=00;36:*.ra=00;36:*.wav=00;36:*.oga=00;36:*.opus=00;36:*.spx=00;36:*.xspf=00;36:*~=00;90:*#=00;90:*.bak=00;90:*.crdownload=00;90:*.dpkg-dist=00;90:*.dpkg-new=00;90:*.dpkg-old=00;90:*.dpkg-tmp=00;90:*.old=00;90:*.orig=00;90:*.part=00;90:*.rej=00;90:*.rpmnew=00;90:*.rpmorig=00;90:*.rpmsave=00;90:*.swp=00;90:*.tmp=00;90:*.ucf-dist=00;90:*.ucf-new=00;90:*.ucf-old=00;90:', 'GNOME_TERMINAL_SERVICE': ':1.138', 'SSH_AUTH_SOCK': '/run/user/1000/keyring/ssh', 'AMENT_PREFIX_PATH': '/home/bot/ros2_ws/install/mqtt_imu:/home/bot/ros2_ws/install/robotic_arm_v3_config:/home/bot/ros2_ws/install/robotic_arm_moveit:/home/bot/ros2_ws/install/robotic_arm_model_v3:/home/bot/ros2_ws/install/robotic_arm_config:/home/bot/ros2_ws/install/pose_printer:/home/bot/ros2_ws/install/moveit_controls:/home/bot/ros2_ws/install/move_program:/home/bot/ros2_ws/install/cpp_pubsub:/opt/ros/jazzy', 'SHELL': '/bin/bash', 'QT_ACCESSIBILITY': '1', 'GDMSESSION': 'ubuntu', 'LESSCLOSE': '/usr/bin/lesspipe %s %s', 'ROS_AUTOMATIC_DISCOVERY_RANGE': 'SUBNET', 'QT_IM_MODULE': 'ibus', 'PWD': '/home/bot/ros2_ws/build/robotic_arm_moveit', 'LC_ALL': 'en_US.UTF-8', 'XDG_CONFIG_DIRS': '/etc/xdg/xdg-ubuntu:/etc/xdg', 'XDG_DATA_DIRS': '/usr/share/ubuntu:/usr/share/gnome:/usr/local/share/:/usr/share/:/var/lib/snapd/desktop', 'PYTHONPATH': '/home/bot/ros2_ws/install/mqtt_imu/lib/python3.12/site-packages:/home/bot/ros2_ws/install/pose_printer/lib/python3.12/site-packages:/home/bot/ros2_ws/install/moveit_controls/lib/python3.12/site-packages:/opt/ros/jazzy/lib/python3.12/site-packages', 'COLCON': '1', 'MEMORY_PRESSURE_WRITE': 'c29tZSAyMDAwMDAgMjAwMDAwMAA=', 'VTE_VERSION': '7600', 'CMAKE_PREFIX_PATH': '/home/bot/ros2_ws/install/robotic_arm_v3_config:/home/bot/ros2_ws/install/robotic_arm_moveit:/home/bot/ros2_ws/install/robotic_arm_model_v3:/home/bot/ros2_ws/install/robotic_arm_config:/home/bot/ros2_ws/install/move_program:/home/bot/ros2_ws/install/cpp_pubsub:/opt/ros/jazzy/opt/sdformat_vendor:/opt/ros/jazzy/opt/gz_math_vendor:/opt/ros/jazzy/opt/gz_utils_vendor:/opt/ros/jazzy/opt/gz_tools_vendor:/opt/ros/jazzy/opt/gz_cmake_vendor:/home/bot/ros2_ws/install/mqtt_imu:/home/bot/ros2_ws/install/pose_printer:/home/bot/ros2_ws/install/moveit_controls:/opt/ros/jazzy'}), 'shell': False}
[67.824218] (-) TimerEvent: {}
[67.925253] (-) TimerEvent: {}
[68.028344] (-) TimerEvent: {}
[68.130533] (-) TimerEvent: {}
[68.234095] (-) TimerEvent: {}
[68.238196] (robotic_arm_moveit) StdoutLine: {'line': b'[ 50%] \x1b[32mBuilding CXX object CMakeFiles/robotic_arm_moveit.dir/src/robotic_arm_moveit.cpp.o\x1b[0m\n'}
[68.334355] (-) TimerEvent: {}
[68.435945] (-) TimerEvent: {}
[68.536750] (-) TimerEvent: {}
[68.637659] (-) TimerEvent: {}
[68.741235] (-) TimerEvent: {}
[68.845453] (-) TimerEvent: {}
[68.946305] (-) TimerEvent: {}
[69.047175] (-) TimerEvent: {}
[69.148058] (-) TimerEvent: {}
[69.248927] (-) TimerEvent: {}
[69.349779] (-) TimerEvent: {}
[69.450936] (-) TimerEvent: {}
[69.551853] (-) TimerEvent: {}
[69.652698] (-) TimerEvent: {}
[69.756237] (-) TimerEvent: {}
[69.857231] (-) TimerEvent: {}
[69.959005] (-) TimerEvent: {}
[70.072250] (-) TimerEvent: {}
[70.173324] (-) TimerEvent: {}
[70.275943] (-) TimerEvent: {}
[70.376887] (-) TimerEvent: {}
[70.480395] (-) TimerEvent: {}
[70.583337] (-) TimerEvent: {}
[70.688343] (-) TimerEvent: {}
[70.792370] (-) TimerEvent: {}
[70.896357] (-) TimerEvent: {}
[70.997240] (-) TimerEvent: {}
[71.098182] (-) TimerEvent: {}
[71.199422] (-) TimerEvent: {}
[71.302062] (-) TimerEvent: {}
[71.403067] (-) TimerEvent: {}
[71.507422] (-) TimerEvent: {}
[71.611233] (-) TimerEvent: {}
[71.712248] (-) TimerEvent: {}
[71.815007] (-) TimerEvent: {}
[71.918442] (-) TimerEvent: {}
[72.020983] (-) TimerEvent: {}
[72.121921] (-) TimerEvent: {}
[72.222867] (-) TimerEvent: {}
[72.324993] (-) TimerEvent: {}
[72.427981] (-) TimerEvent: {}
[72.528875] (-) TimerEvent: {}
[72.629875] (-) TimerEvent: {}
[72.733183] (-) TimerEvent: {}
[72.833962] (-) TimerEvent: {}
[72.934718] (-) TimerEvent: {}
[73.035643] (-) TimerEvent: {}
[73.137365] (-) TimerEvent: {}
[73.239022] (-) TimerEvent: {}
[73.339971] (-) TimerEvent: {}
[73.442996] (-) TimerEvent: {}
[73.544004] (-) TimerEvent: {}
[73.648992] (-) TimerEvent: {}
[73.749847] (-) TimerEvent: {}
[73.850667] (-) TimerEvent: {}
[73.955980] (-) TimerEvent: {}
[74.057982] (-) TimerEvent: {}
[74.165415] (-) TimerEvent: {}
[74.270238] (-) TimerEvent: {}
[74.375040] (-) TimerEvent: {}
[74.479077] (-) TimerEvent: {}
[74.583218] (-) TimerEvent: {}
[74.684082] (-) TimerEvent: {}
[74.785234] (-) TimerEvent: {}
[74.886136] (-) TimerEvent: {}
[74.986980] (-) TimerEvent: {}
[75.115551] (-) TimerEvent: {}
[75.221476] (-) TimerEvent: {}
[75.325416] (-) TimerEvent: {}
[75.427525] (-) TimerEvent: {}
[75.531325] (-) TimerEvent: {}
[75.634027] (-) TimerEvent: {}
[75.735105] (-) TimerEvent: {}
[75.835962] (-) TimerEvent: {}
[75.936783] (-) TimerEvent: {}
[76.037643] (-) TimerEvent: {}
[76.138443] (-) TimerEvent: {}
[76.239183] (-) TimerEvent: {}
[76.339988] (-) TimerEvent: {}
[76.440890] (-) TimerEvent: {}
[76.541753] (-) TimerEvent: {}
[76.642644] (-) TimerEvent: {}
[76.743512] (-) TimerEvent: {}
[76.844279] (-) TimerEvent: {}
[76.946983] (-) TimerEvent: {}
[77.048004] (-) TimerEvent: {}
[77.150785] (-) TimerEvent: {}
[77.251704] (-) TimerEvent: {}
[77.352685] (-) TimerEvent: {}
[77.453668] (-) TimerEvent: {}
[77.554886] (-) TimerEvent: {}
[77.655965] (-) TimerEvent: {}
[77.757610] (-) TimerEvent: {}
[77.862378] (-) TimerEvent: {}
[77.963306] (-) TimerEvent: {}
[78.064171] (-) TimerEvent: {}
[78.168254] (-) TimerEvent: {}
[78.272211] (-) TimerEvent: {}
[78.374136] (-) TimerEvent: {}
[78.475278] (-) TimerEvent: {}
[78.576128] (-) TimerEvent: {}
[78.677020] (-) TimerEvent: {}
[78.777993] (-) TimerEvent: {}
[78.879130] (-) TimerEvent: {}
[78.982715] (-) TimerEvent: {}
[79.083709] (-) TimerEvent: {}
[79.187251] (-) TimerEvent: {}
[79.288307] (-) TimerEvent: {}
[79.392274] (-) TimerEvent: {}
[79.493146] (-) TimerEvent: {}
[79.594154] (-) TimerEvent: {}
[79.663481] (cpp_pubsub) StdoutLine: {'line': b'[100%] \x1b[32m\x1b[1mLinking CXX executable listener\x1b[0m\n'}
[79.697178] (-) TimerEvent: {}
[79.798241] (-) TimerEvent: {}
[79.899231] (-) TimerEvent: {}
[80.004968] (-) TimerEvent: {}
[80.108749] (-) TimerEvent: {}
[80.212546] (-) TimerEvent: {}
[80.314330] (-) TimerEvent: {}
[80.416894] (-) TimerEvent: {}
[80.524055] (-) TimerEvent: {}
[80.625297] (-) TimerEvent: {}
[80.729986] (-) TimerEvent: {}
[80.835112] (-) TimerEvent: {}
[80.939011] (-) TimerEvent: {}
[81.040014] (-) TimerEvent: {}
[81.140958] (-) TimerEvent: {}
[81.241891] (-) TimerEvent: {}
[81.343464] (-) TimerEvent: {}
[81.447399] (-) TimerEvent: {}
[81.550986] (-) TimerEvent: {}
[81.651892] (-) TimerEvent: {}
[81.755433] (-) TimerEvent: {}
[81.860258] (-) TimerEvent: {}
[81.961240] (-) TimerEvent: {}
[82.065556] (-) TimerEvent: {}
[82.118758] (cpp_pubsub) StdoutLine: {'line': b'[100%] Built target listener\n'}
[82.165775] (-) TimerEvent: {}
[82.258964] (cpp_pubsub) CommandEnded: {'returncode': 0}
[82.265161] (cpp_pubsub) JobProgress: {'identifier': 'cpp_pubsub', 'progress': 'install'}
[82.265991] (-) TimerEvent: {}
[82.276121] (cpp_pubsub) Command: {'cmd': ['/usr/bin/cmake', '--install', '/home/bot/ros2_ws/build/cpp_pubsub'], 'cwd': '/home/bot/ros2_ws/build/cpp_pubsub', 'env': OrderedDict({'LESSOPEN': '| /usr/bin/lesspipe %s', 'USER': 'bot', 'GZ_CONFIG_PATH': '/opt/ros/jazzy/opt/sdformat_vendor/share/gz', 'XDG_SESSION_TYPE': 'wayland', 'CLUTTER_DISABLE_MIPMAPPED_TEXT': '1', 'SHLVL': '1', 'LD_LIBRARY_PATH': '/opt/ros/jazzy/opt/sdformat_vendor/lib:/opt/ros/jazzy/opt/rviz_ogre_vendor/lib:/opt/ros/jazzy/lib/aarch64-linux-gnu:/opt/ros/jazzy/opt/gz_math_vendor/lib:/opt/ros/jazzy/opt/gz_utils_vendor/lib:/opt/ros/jazzy/opt/gz_tools_vendor/lib:/opt/ros/jazzy/opt/gz_cmake_vendor/lib:/opt/ros/jazzy/lib', 'HOME': '/home/bot', 'OLDPWD': '/home/bot/ros2_ws', 'DESKTOP_SESSION': 'ubuntu', 'ROS_PYTHON_VERSION': '3', 'GNOME_SHELL_SESSION_MODE': 'ubuntu', 'GTK_MODULES': 'gail:atk-bridge', 'SYSTEMD_EXEC_PID': '2617', 'GSM_SKIP_SSH_AGENT_WORKAROUND': 'true', 'DBUS_SESSION_BUS_ADDRESS': 'unix:path=/run/user/1000/bus', 'COLORTERM': 'truecolor', 'DEBUGINFOD_URLS': 'https://debuginfod.ubuntu.com', 'IM_CONFIG_PHASE': '1', 'WAYLAND_DISPLAY': 'wayland-0', 'COLCON_PREFIX_PATH': '/home/bot/ros2_ws/install', 'ROS_DISTRO': 'jazzy', 'LOGNAME': 'bot', '_': '/usr/bin/colcon', 'ROS_VERSION': '2', 'MEMORY_PRESSURE_WATCH': '/sys/fs/cgroup/user.slice/user-1000.slice/user@1000.service/session.slice/org.gnome.Shell@wayland.service/memory.pressure', 'XDG_SESSION_CLASS': 'user', 'USERNAME': 'bot', 'TERM': 'xterm-256color', 'GNOME_DESKTOP_SESSION_ID': 'this-is-deprecated', 'PATH': '/opt/ros/jazzy/opt/gz_tools_vendor/bin:/opt/ros/jazzy/bin:/usr/local/sbin:/usr/local/bin:/usr/sbin:/usr/bin:/sbin:/bin:/usr/games:/usr/local/games:/snap/bin:/snap/bin', 'SESSION_MANAGER': 'local/bot-desktop:@/tmp/.ICE-unix/2576,unix/bot-desktop:/tmp/.ICE-unix/2576', 'XDG_MENU_PREFIX': 'gnome-', 'GNOME_TERMINAL_SCREEN': '/org/gnome/Terminal/screen/3af69af4_558a_455a_946d_9d2d672ef67b', 'GNOME_SETUP_DISPLAY': ':1', 'XDG_RUNTIME_DIR': '/run/user/1000', 'DISPLAY': ':0', 'LANG': 'en_US.UTF-8', 'XDG_CURRENT_DESKTOP': 'ubuntu:GNOME', 'XMODIFIERS': '@im=ibus', 'XDG_SESSION_DESKTOP': 'ubuntu', 'XAUTHORITY': '/run/user/1000/.mutter-Xwaylandauth.VZBUI3', 'LS_COLORS': 'rs=0:di=01;34:ln=01;36:mh=00:pi=40;33:so=01;35:do=01;35:bd=40;33;01:cd=40;33;01:or=40;31;01:mi=00:su=37;41:sg=30;43:ca=00:tw=30;42:ow=34;42:st=37;44:ex=01;32:*.tar=01;31:*.tgz=01;31:*.arc=01;31:*.arj=01;31:*.taz=01;31:*.lha=01;31:*.lz4=01;31:*.lzh=01;31:*.lzma=01;31:*.tlz=01;31:*.txz=01;31:*.tzo=01;31:*.t7z=01;31:*.zip=01;31:*.z=01;31:*.dz=01;31:*.gz=01;31:*.lrz=01;31:*.lz=01;31:*.lzo=01;31:*.xz=01;31:*.zst=01;31:*.tzst=01;31:*.bz2=01;31:*.bz=01;31:*.tbz=01;31:*.tbz2=01;31:*.tz=01;31:*.deb=01;31:*.rpm=01;31:*.jar=01;31:*.war=01;31:*.ear=01;31:*.sar=01;31:*.rar=01;31:*.alz=01;31:*.ace=01;31:*.zoo=01;31:*.cpio=01;31:*.7z=01;31:*.rz=01;31:*.cab=01;31:*.wim=01;31:*.swm=01;31:*.dwm=01;31:*.esd=01;31:*.avif=01;35:*.jpg=01;35:*.jpeg=01;35:*.mjpg=01;35:*.mjpeg=01;35:*.gif=01;35:*.bmp=01;35:*.pbm=01;35:*.pgm=01;35:*.ppm=01;35:*.tga=01;35:*.xbm=01;35:*.xpm=01;35:*.tif=01;35:*.tiff=01;35:*.png=01;35:*.svg=01;35:*.svgz=01;35:*.mng=01;35:*.pcx=01;35:*.mov=01;35:*.mpg=01;35:*.mpeg=01;35:*.m2v=01;35:*.mkv=01;35:*.webm=01;35:*.webp=01;35:*.ogm=01;35:*.mp4=01;35:*.m4v=01;35:*.mp4v=01;35:*.vob=01;35:*.qt=01;35:*.nuv=01;35:*.wmv=01;35:*.asf=01;35:*.rm=01;35:*.rmvb=01;35:*.flc=01;35:*.avi=01;35:*.fli=01;35:*.flv=01;35:*.gl=01;35:*.dl=01;35:*.xcf=01;35:*.xwd=01;35:*.yuv=01;35:*.cgm=01;35:*.emf=01;35:*.ogv=01;35:*.ogx=01;35:*.aac=00;36:*.au=00;36:*.flac=00;36:*.m4a=00;36:*.mid=00;36:*.midi=00;36:*.mka=00;36:*.mp3=00;36:*.mpc=00;36:*.ogg=00;36:*.ra=00;36:*.wav=00;36:*.oga=00;36:*.opus=00;36:*.spx=00;36:*.xspf=00;36:*~=00;90:*#=00;90:*.bak=00;90:*.crdownload=00;90:*.dpkg-dist=00;90:*.dpkg-new=00;90:*.dpkg-old=00;90:*.dpkg-tmp=00;90:*.old=00;90:*.orig=00;90:*.part=00;90:*.rej=00;90:*.rpmnew=00;90:*.rpmorig=00;90:*.rpmsave=00;90:*.swp=00;90:*.tmp=00;90:*.ucf-dist=00;90:*.ucf-new=00;90:*.ucf-old=00;90:', 'GNOME_TERMINAL_SERVICE': ':1.138', 'SSH_AUTH_SOCK': '/run/user/1000/keyring/ssh', 'AMENT_PREFIX_PATH': '/home/bot/ros2_ws/install/mqtt_imu:/home/bot/ros2_ws/install/robotic_arm_v3_config:/home/bot/ros2_ws/install/robotic_arm_moveit:/home/bot/ros2_ws/install/robotic_arm_model_v3:/home/bot/ros2_ws/install/robotic_arm_config:/home/bot/ros2_ws/install/pose_printer:/home/bot/ros2_ws/install/moveit_controls:/home/bot/ros2_ws/install/move_program:/home/bot/ros2_ws/install/cpp_pubsub:/opt/ros/jazzy', 'SHELL': '/bin/bash', 'QT_ACCESSIBILITY': '1', 'GDMSESSION': 'ubuntu', 'LESSCLOSE': '/usr/bin/lesspipe %s %s', 'ROS_AUTOMATIC_DISCOVERY_RANGE': 'SUBNET', 'QT_IM_MODULE': 'ibus', 'PWD': '/home/bot/ros2_ws/build/cpp_pubsub', 'LC_ALL': 'en_US.UTF-8', 'XDG_CONFIG_DIRS': '/etc/xdg/xdg-ubuntu:/etc/xdg', 'XDG_DATA_DIRS': '/usr/share/ubuntu:/usr/share/gnome:/usr/local/share/:/usr/share/:/var/lib/snapd/desktop', 'PYTHONPATH': '/home/bot/ros2_ws/install/mqtt_imu/lib/python3.12/site-packages:/home/bot/ros2_ws/install/pose_printer/lib/python3.12/site-packages:/home/bot/ros2_ws/install/moveit_controls/lib/python3.12/site-packages:/opt/ros/jazzy/lib/python3.12/site-packages', 'COLCON': '1', 'MEMORY_PRESSURE_WRITE': 'c29tZSAyMDAwMDAgMjAwMDAwMAA=', 'VTE_VERSION': '7600', 'CMAKE_PREFIX_PATH': '/home/bot/ros2_ws/install/robotic_arm_v3_config:/home/bot/ros2_ws/install/robotic_arm_moveit:/home/bot/ros2_ws/install/robotic_arm_model_v3:/home/bot/ros2_ws/install/robotic_arm_config:/home/bot/ros2_ws/install/move_program:/home/bot/ros2_ws/install/cpp_pubsub:/opt/ros/jazzy/opt/sdformat_vendor:/opt/ros/jazzy/opt/gz_math_vendor:/opt/ros/jazzy/opt/gz_utils_vendor:/opt/ros/jazzy/opt/gz_tools_vendor:/opt/ros/jazzy/opt/gz_cmake_vendor:/home/bot/ros2_ws/install/mqtt_imu:/home/bot/ros2_ws/install/pose_printer:/home/bot/ros2_ws/install/moveit_controls:/opt/ros/jazzy'}), 'shell': False}
[82.358061] (cpp_pubsub) StdoutLine: {'line': b'-- Install configuration: ""\n'}
[82.359220] (cpp_pubsub) StdoutLine: {'line': b'-- Installing: /home/bot/ros2_ws/install/cpp_pubsub/lib/cpp_pubsub/talker\n'}
[82.366252] (-) TimerEvent: {}
[82.373053] (cpp_pubsub) StdoutLine: {'line': b'-- Set non-toolchain portion of runtime path of "/home/bot/ros2_ws/install/cpp_pubsub/lib/cpp_pubsub/talker" to ""\n'}
[82.374210] (cpp_pubsub) StdoutLine: {'line': b'-- Installing: /home/bot/ros2_ws/install/cpp_pubsub/lib/cpp_pubsub/listener\n'}
[82.428550] (cpp_pubsub) StdoutLine: {'line': b'-- Set non-toolchain portion of runtime path of "/home/bot/ros2_ws/install/cpp_pubsub/lib/cpp_pubsub/listener" to ""\n'}
[82.431896] (cpp_pubsub) StdoutLine: {'line': b'-- Up-to-date: /home/bot/ros2_ws/install/cpp_pubsub/lib/cpp_pubsub/talker\n'}
[82.436550] (cpp_pubsub) StdoutLine: {'line': b'-- Installing: /home/bot/ros2_ws/install/cpp_pubsub/share/ament_index/resource_index/package_run_dependencies/cpp_pubsub\n'}
[82.444962] (cpp_pubsub) StdoutLine: {'line': b'-- Installing: /home/bot/ros2_ws/install/cpp_pubsub/share/ament_index/resource_index/parent_prefix_path/cpp_pubsub\n'}
[82.449048] (cpp_pubsub) StdoutLine: {'line': b'-- Installing: /home/bot/ros2_ws/install/cpp_pubsub/share/cpp_pubsub/environment/ament_prefix_path.sh\n'}
[82.450556] (cpp_pubsub) StdoutLine: {'line': b'-- Installing: /home/bot/ros2_ws/install/cpp_pubsub/share/cpp_pubsub/environment/ament_prefix_path.dsv\n'}
[82.456091] (cpp_pubsub) StdoutLine: {'line': b'-- Installing: /home/bot/ros2_ws/install/cpp_pubsub/share/cpp_pubsub/environment/path.sh\n'}
[82.457400] (cpp_pubsub) StdoutLine: {'line': b'-- Installing: /home/bot/ros2_ws/install/cpp_pubsub/share/cpp_pubsub/environment/path.dsv\n'}
[82.462774] (cpp_pubsub) StdoutLine: {'line': b'-- Installing: /home/bot/ros2_ws/install/cpp_pubsub/share/cpp_pubsub/local_setup.bash\n'}
[82.466227] (cpp_pubsub) StdoutLine: {'line': b'-- Installing: /home/bot/ros2_ws/install/cpp_pubsub/share/cpp_pubsub/local_setup.sh\n'}
[82.467394] (-) TimerEvent: {}
[82.470904] (cpp_pubsub) StdoutLine: {'line': b'-- Installing: /home/bot/ros2_ws/install/cpp_pubsub/share/cpp_pubsub/local_setup.zsh\n'}
[82.474995] (cpp_pubsub) StdoutLine: {'line': b'-- Installing: /home/bot/ros2_ws/install/cpp_pubsub/share/cpp_pubsub/local_setup.dsv\n'}
[82.484994] (cpp_pubsub) StdoutLine: {'line': b'-- Installing: /home/bot/ros2_ws/install/cpp_pubsub/share/cpp_pubsub/package.dsv\n'}
[82.495035] (cpp_pubsub) StdoutLine: {'line': b'-- Installing: /home/bot/ros2_ws/install/cpp_pubsub/share/ament_index/resource_index/packages/cpp_pubsub\n'}
[82.498832] (cpp_pubsub) StdoutLine: {'line': b'-- Installing: /home/bot/ros2_ws/install/cpp_pubsub/share/cpp_pubsub/cmake/cpp_pubsubConfig.cmake\n'}
[82.503242] (cpp_pubsub) StdoutLine: {'line': b'-- Installing: /home/bot/ros2_ws/install/cpp_pubsub/share/cpp_pubsub/cmake/cpp_pubsubConfig-version.cmake\n'}
[82.504795] (cpp_pubsub) StdoutLine: {'line': b'-- Installing: /home/bot/ros2_ws/install/cpp_pubsub/share/cpp_pubsub/package.xml\n'}
[82.516008] (cpp_pubsub) CommandEnded: {'returncode': 0}
[82.567888] (-) TimerEvent: {}
[82.635210] (cpp_pubsub) JobEnded: {'identifier': 'cpp_pubsub', 'rc': 0}
[82.670114] (-) TimerEvent: {}
[82.771250] (-) TimerEvent: {}
[82.872216] (-) TimerEvent: {}
[82.973242] (-) TimerEvent: {}
[83.076411] (-) TimerEvent: {}
[83.177270] (-) TimerEvent: {}
[83.278073] (-) TimerEvent: {}
[83.378882] (-) TimerEvent: {}
[83.479674] (-) TimerEvent: {}
[83.580708] (-) TimerEvent: {}
[83.684650] (-) TimerEvent: {}
[83.785603] (-) TimerEvent: {}
[83.886440] (-) TimerEvent: {}
[83.990261] (-) TimerEvent: {}
[84.091219] (-) TimerEvent: {}
[84.192171] (-) TimerEvent: {}
[84.293122] (-) TimerEvent: {}
[84.394069] (-) TimerEvent: {}
[84.497007] (-) TimerEvent: {}
[84.597913] (-) TimerEvent: {}
[84.698684] (-) TimerEvent: {}
[84.799664] (-) TimerEvent: {}
[84.900464] (-) TimerEvent: {}
[85.001286] (-) TimerEvent: {}
[85.102109] (-) TimerEvent: {}
[85.205947] (-) TimerEvent: {}
[85.310213] (-) TimerEvent: {}
[85.415551] (-) TimerEvent: {}
[85.517283] (-) TimerEvent: {}
[85.619071] (-) TimerEvent: {}
[85.719981] (-) TimerEvent: {}
[85.821287] (-) TimerEvent: {}
[85.922792] (-) TimerEvent: {}
[86.023709] (-) TimerEvent: {}
[86.126030] (-) TimerEvent: {}
[86.230312] (-) TimerEvent: {}
[86.331433] (-) TimerEvent: {}
[86.432350] (-) TimerEvent: {}
[86.533283] (-) TimerEvent: {}
[86.634293] (-) TimerEvent: {}
[86.735694] (-) TimerEvent: {}
[86.836739] (-) TimerEvent: {}
[86.937722] (-) TimerEvent: {}
[87.038569] (-) TimerEvent: {}
[87.139676] (-) TimerEvent: {}
[87.240605] (-) TimerEvent: {}
[87.341529] (-) TimerEvent: {}
[87.445248] (-) TimerEvent: {}
[87.546102] (-) TimerEvent: {}
[87.647070] (-) TimerEvent: {}
[87.748402] (-) TimerEvent: {}
[87.849577] (-) TimerEvent: {}
[87.954359] (-) TimerEvent: {}
[88.055617] (-) TimerEvent: {}
[88.162745] (-) TimerEvent: {}
[88.268028] (-) TimerEvent: {}
[88.369022] (-) TimerEvent: {}
[88.472321] (-) TimerEvent: {}
[88.573134] (-) TimerEvent: {}
[88.676402] (-) TimerEvent: {}
[88.777235] (-) TimerEvent: {}
[88.881259] (-) TimerEvent: {}
[88.982053] (-) TimerEvent: {}
[89.082971] (-) TimerEvent: {}
[89.183855] (-) TimerEvent: {}
[89.284649] (-) TimerEvent: {}
[89.385506] (-) TimerEvent: {}
[89.486398] (-) TimerEvent: {}
[89.590245] (-) TimerEvent: {}
[89.693992] (-) TimerEvent: {}
[89.794741] (-) TimerEvent: {}
[89.909037] (-) TimerEvent: {}
[90.013791] (-) TimerEvent: {}
[90.116206] (-) TimerEvent: {}
[90.220084] (-) TimerEvent: {}
[90.320965] (-) TimerEvent: {}
[90.421989] (-) TimerEvent: {}
[90.522768] (-) TimerEvent: {}
[90.625547] (-) TimerEvent: {}
[90.729292] (-) TimerEvent: {}
[90.830273] (-) TimerEvent: {}
[90.931985] (-) TimerEvent: {}
[91.032724] (-) TimerEvent: {}
[91.135982] (-) TimerEvent: {}
[91.236724] (-) TimerEvent: {}
[91.337600] (-) TimerEvent: {}
[91.440666] (-) TimerEvent: {}
[91.542376] (-) TimerEvent: {}
[91.646227] (-) TimerEvent: {}
[91.747061] (-) TimerEvent: {}
[91.847921] (-) TimerEvent: {}
[91.949756] (-) TimerEvent: {}
[92.050630] (-) TimerEvent: {}
[92.151570] (-) TimerEvent: {}
[92.252585] (-) TimerEvent: {}
[92.356265] (-) TimerEvent: {}
[92.457146] (-) TimerEvent: {}
[92.557969] (-) TimerEvent: {}
[92.658764] (-) TimerEvent: {}
[92.762293] (-) TimerEvent: {}
[92.870996] (-) TimerEvent: {}
[92.971140] (robotic_arm_moveit) StderrLine: {'line': b'In file included from \x1b[01m\x1b[K/home/bot/ros2_ws/src/robotic_arm_moveit/src/robotic_arm_moveit.cpp:4\x1b[m\x1b[K:\n'}
[92.972326] (-) TimerEvent: {}
[92.973030] (robotic_arm_moveit) StderrLine: {'line': b'\x1b[01m\x1b[K/opt/ros/jazzy/include/moveit_ros_planning_interface/moveit/move_group_interface/move_group_interface.h:51:77:\x1b[m\x1b[K \x1b[01;36m\x1b[Knote: \x1b[m\x1b[K\xe2\x80\x98\x1b[01m\x1b[K#pragma message: .h header is obsolete. Please use the .hpp header instead.\x1b[m\x1b[K\xe2\x80\x99\n'}
[92.974090] (robotic_arm_moveit) StderrLine: {'line': b'   51 | #pragma message(".h header is obsolete. Please use the .hpp header instead."\x1b[01;36m\x1b[K)\x1b[m\x1b[K\n'}
[92.974948] (robotic_arm_moveit) StderrLine: {'line': b'      |                                                                             \x1b[01;36m\x1b[K^\x1b[m\x1b[K\n'}
[93.072595] (-) TimerEvent: {}
[93.173452] (-) TimerEvent: {}
[93.274548] (-) TimerEvent: {}
[93.375613] (-) TimerEvent: {}
[93.476754] (-) TimerEvent: {}
[93.577604] (-) TimerEvent: {}
[93.681045] (-) TimerEvent: {}
[93.781895] (-) TimerEvent: {}
[93.885245] (-) TimerEvent: {}
[93.986060] (-) TimerEvent: {}
[94.086862] (-) TimerEvent: {}
[94.187629] (-) TimerEvent: {}
[94.290053] (-) TimerEvent: {}
[94.390952] (-) TimerEvent: {}
[94.491722] (-) TimerEvent: {}
[94.593029] (-) TimerEvent: {}
[94.693962] (-) TimerEvent: {}
[94.794884] (-) TimerEvent: {}
[94.895938] (-) TimerEvent: {}
[94.996740] (-) TimerEvent: {}
[95.097551] (-) TimerEvent: {}
[95.198389] (-) TimerEvent: {}
[95.299230] (-) TimerEvent: {}
[95.400003] (-) TimerEvent: {}
[95.501104] (-) TimerEvent: {}
[95.602372] (-) TimerEvent: {}
[95.703336] (-) TimerEvent: {}
[95.804331] (-) TimerEvent: {}
[95.905307] (-) TimerEvent: {}
[96.006241] (-) TimerEvent: {}
[96.107193] (-) TimerEvent: {}
[96.208030] (-) TimerEvent: {}
[96.308968] (-) TimerEvent: {}
[96.409766] (-) TimerEvent: {}
[96.510655] (-) TimerEvent: {}
[96.611572] (-) TimerEvent: {}
[96.712412] (-) TimerEvent: {}
[96.813223] (-) TimerEvent: {}
[96.914009] (-) TimerEvent: {}
[97.014778] (-) TimerEvent: {}
[97.118266] (-) TimerEvent: {}
[97.219154] (-) TimerEvent: {}
[97.319993] (-) TimerEvent: {}
[97.420881] (-) TimerEvent: {}
[97.521635] (-) TimerEvent: {}
[97.622468] (-) TimerEvent: {}
[97.723468] (-) TimerEvent: {}
[97.824525] (-) TimerEvent: {}
[97.929448] (-) TimerEvent: {}
[98.033294] (-) TimerEvent: {}
[98.134221] (-) TimerEvent: {}
[98.235224] (-) TimerEvent: {}
[98.336178] (-) TimerEvent: {}
[98.437050] (-) TimerEvent: {}
[98.537979] (-) TimerEvent: {}
[98.639569] (-) TimerEvent: {}
[98.793506] (-) TimerEvent: {}
[98.894525] (-) TimerEvent: {}
[98.995400] (-) TimerEvent: {}
[99.096238] (-) TimerEvent: {}
[99.196987] (-) TimerEvent: {}
[99.297698] (-) TimerEvent: {}
[99.398513] (-) TimerEvent: {}
[99.499262] (-) TimerEvent: {}
[99.600152] (-) TimerEvent: {}
[99.701038] (-) TimerEvent: {}
[99.804675] (-) TimerEvent: {}
[99.907976] (-) TimerEvent: {}
[100.008839] (-) TimerEvent: {}
[100.113398] (-) TimerEvent: {}
[100.216417] (-) TimerEvent: {}
[100.317471] (-) TimerEvent: {}
[100.420445] (-) TimerEvent: {}
[100.524987] (-) TimerEvent: {}
[100.625927] (-) TimerEvent: {}
[100.729344] (-) TimerEvent: {}
[100.832341] (-) TimerEvent: {}
[100.933180] (-) TimerEvent: {}
[101.033969] (-) TimerEvent: {}
[101.134751] (-) TimerEvent: {}
[101.235615] (-) TimerEvent: {}
[101.339229] (-) TimerEvent: {}
[101.440112] (-) TimerEvent: {}
[101.543271] (-) TimerEvent: {}
[101.653270] (-) TimerEvent: {}
[101.754465] (-) TimerEvent: {}
[101.855391] (-) TimerEvent: {}
[101.960042] (-) TimerEvent: {}
[102.060922] (-) TimerEvent: {}
[102.161709] (-) TimerEvent: {}
[102.265022] (-) TimerEvent: {}
[102.368053] (-) TimerEvent: {}
[102.468981] (-) TimerEvent: {}
[102.572110] (-) TimerEvent: {}
[102.674987] (-) TimerEvent: {}
[102.775722] (-) TimerEvent: {}
[102.879221] (-) TimerEvent: {}
[102.979979] (-) TimerEvent: {}
[103.080751] (-) TimerEvent: {}
[103.181607] (-) TimerEvent: {}
[103.282424] (-) TimerEvent: {}
[103.383251] (-) TimerEvent: {}
[103.484007] (-) TimerEvent: {}
[103.584891] (-) TimerEvent: {}
[103.685703] (-) TimerEvent: {}
[103.786743] (-) TimerEvent: {}
[103.888586] (-) TimerEvent: {}
[103.989489] (-) TimerEvent: {}
[104.090339] (-) TimerEvent: {}
[104.191195] (-) TimerEvent: {}
[104.291972] (-) TimerEvent: {}
[104.392875] (-) TimerEvent: {}
[104.493673] (-) TimerEvent: {}
[104.594536] (-) TimerEvent: {}
[104.695355] (-) TimerEvent: {}
[104.796091] (-) TimerEvent: {}
[104.896879] (-) TimerEvent: {}
[104.997642] (-) TimerEvent: {}
[105.098461] (-) TimerEvent: {}
[105.199241] (-) TimerEvent: {}
[105.300027] (-) TimerEvent: {}
[105.400906] (-) TimerEvent: {}
[105.501644] (-) TimerEvent: {}
[105.602369] (-) TimerEvent: {}
[105.703129] (-) TimerEvent: {}
[105.803964] (-) TimerEvent: {}
[105.904850] (-) TimerEvent: {}
[106.005863] (-) TimerEvent: {}
[106.024070] (move_program) StdoutLine: {'line': b'[100%] \x1b[32m\x1b[1mLinking CXX executable move_program\x1b[0m\n'}
[106.106026] (-) TimerEvent: {}
[106.206771] (-) TimerEvent: {}
[106.307607] (-) TimerEvent: {}
[106.408429] (-) TimerEvent: {}
[106.509285] (-) TimerEvent: {}
[106.610021] (-) TimerEvent: {}
[106.710787] (-) TimerEvent: {}
[106.811600] (-) TimerEvent: {}
[106.912388] (-) TimerEvent: {}
[107.013278] (-) TimerEvent: {}
[107.114008] (-) TimerEvent: {}
[107.214678] (-) TimerEvent: {}
[107.315476] (-) TimerEvent: {}
[107.416561] (-) TimerEvent: {}
[107.517594] (-) TimerEvent: {}
[107.618698] (-) TimerEvent: {}
[107.719775] (-) TimerEvent: {}
[107.820656] (-) TimerEvent: {}
[107.921617] (-) TimerEvent: {}
[108.022440] (-) TimerEvent: {}
[108.123396] (-) TimerEvent: {}
[108.224401] (-) TimerEvent: {}
[108.325318] (-) TimerEvent: {}
[108.429002] (-) TimerEvent: {}
[108.529911] (-) TimerEvent: {}
[108.630697] (-) TimerEvent: {}
[108.731552] (-) TimerEvent: {}
[108.833034] (-) TimerEvent: {}
[108.933982] (-) TimerEvent: {}
[109.034862] (-) TimerEvent: {}
[109.048015] (move_program) StdoutLine: {'line': b'[100%] Built target move_program\n'}
[109.111430] (move_program) CommandEnded: {'returncode': 0}
[109.117308] (move_program) JobProgress: {'identifier': 'move_program', 'progress': 'install'}
[109.123161] (move_program) Command: {'cmd': ['/usr/bin/cmake', '--install', '/home/bot/ros2_ws/build/move_program'], 'cwd': '/home/bot/ros2_ws/build/move_program', 'env': OrderedDict({'LESSOPEN': '| /usr/bin/lesspipe %s', 'USER': 'bot', 'GZ_CONFIG_PATH': '/opt/ros/jazzy/opt/sdformat_vendor/share/gz', 'XDG_SESSION_TYPE': 'wayland', 'CLUTTER_DISABLE_MIPMAPPED_TEXT': '1', 'SHLVL': '1', 'LD_LIBRARY_PATH': '/opt/ros/jazzy/opt/sdformat_vendor/lib:/opt/ros/jazzy/opt/rviz_ogre_vendor/lib:/opt/ros/jazzy/lib/aarch64-linux-gnu:/opt/ros/jazzy/opt/gz_math_vendor/lib:/opt/ros/jazzy/opt/gz_utils_vendor/lib:/opt/ros/jazzy/opt/gz_tools_vendor/lib:/opt/ros/jazzy/opt/gz_cmake_vendor/lib:/opt/ros/jazzy/lib', 'HOME': '/home/bot', 'OLDPWD': '/home/bot/ros2_ws', 'DESKTOP_SESSION': 'ubuntu', 'ROS_PYTHON_VERSION': '3', 'GNOME_SHELL_SESSION_MODE': 'ubuntu', 'GTK_MODULES': 'gail:atk-bridge', 'SYSTEMD_EXEC_PID': '2617', 'GSM_SKIP_SSH_AGENT_WORKAROUND': 'true', 'DBUS_SESSION_BUS_ADDRESS': 'unix:path=/run/user/1000/bus', 'COLORTERM': 'truecolor', 'DEBUGINFOD_URLS': 'https://debuginfod.ubuntu.com', 'IM_CONFIG_PHASE': '1', 'WAYLAND_DISPLAY': 'wayland-0', 'COLCON_PREFIX_PATH': '/home/bot/ros2_ws/install', 'ROS_DISTRO': 'jazzy', 'LOGNAME': 'bot', '_': '/usr/bin/colcon', 'ROS_VERSION': '2', 'MEMORY_PRESSURE_WATCH': '/sys/fs/cgroup/user.slice/user-1000.slice/user@1000.service/session.slice/org.gnome.Shell@wayland.service/memory.pressure', 'XDG_SESSION_CLASS': 'user', 'USERNAME': 'bot', 'TERM': 'xterm-256color', 'GNOME_DESKTOP_SESSION_ID': 'this-is-deprecated', 'PATH': '/opt/ros/jazzy/opt/gz_tools_vendor/bin:/opt/ros/jazzy/bin:/usr/local/sbin:/usr/local/bin:/usr/sbin:/usr/bin:/sbin:/bin:/usr/games:/usr/local/games:/snap/bin:/snap/bin', 'SESSION_MANAGER': 'local/bot-desktop:@/tmp/.ICE-unix/2576,unix/bot-desktop:/tmp/.ICE-unix/2576', 'XDG_MENU_PREFIX': 'gnome-', 'GNOME_TERMINAL_SCREEN': '/org/gnome/Terminal/screen/3af69af4_558a_455a_946d_9d2d672ef67b', 'GNOME_SETUP_DISPLAY': ':1', 'XDG_RUNTIME_DIR': '/run/user/1000', 'DISPLAY': ':0', 'LANG': 'en_US.UTF-8', 'XDG_CURRENT_DESKTOP': 'ubuntu:GNOME', 'XMODIFIERS': '@im=ibus', 'XDG_SESSION_DESKTOP': 'ubuntu', 'XAUTHORITY': '/run/user/1000/.mutter-Xwaylandauth.VZBUI3', 'LS_COLORS': 'rs=0:di=01;34:ln=01;36:mh=00:pi=40;33:so=01;35:do=01;35:bd=40;33;01:cd=40;33;01:or=40;31;01:mi=00:su=37;41:sg=30;43:ca=00:tw=30;42:ow=34;42:st=37;44:ex=01;32:*.tar=01;31:*.tgz=01;31:*.arc=01;31:*.arj=01;31:*.taz=01;31:*.lha=01;31:*.lz4=01;31:*.lzh=01;31:*.lzma=01;31:*.tlz=01;31:*.txz=01;31:*.tzo=01;31:*.t7z=01;31:*.zip=01;31:*.z=01;31:*.dz=01;31:*.gz=01;31:*.lrz=01;31:*.lz=01;31:*.lzo=01;31:*.xz=01;31:*.zst=01;31:*.tzst=01;31:*.bz2=01;31:*.bz=01;31:*.tbz=01;31:*.tbz2=01;31:*.tz=01;31:*.deb=01;31:*.rpm=01;31:*.jar=01;31:*.war=01;31:*.ear=01;31:*.sar=01;31:*.rar=01;31:*.alz=01;31:*.ace=01;31:*.zoo=01;31:*.cpio=01;31:*.7z=01;31:*.rz=01;31:*.cab=01;31:*.wim=01;31:*.swm=01;31:*.dwm=01;31:*.esd=01;31:*.avif=01;35:*.jpg=01;35:*.jpeg=01;35:*.mjpg=01;35:*.mjpeg=01;35:*.gif=01;35:*.bmp=01;35:*.pbm=01;35:*.pgm=01;35:*.ppm=01;35:*.tga=01;35:*.xbm=01;35:*.xpm=01;35:*.tif=01;35:*.tiff=01;35:*.png=01;35:*.svg=01;35:*.svgz=01;35:*.mng=01;35:*.pcx=01;35:*.mov=01;35:*.mpg=01;35:*.mpeg=01;35:*.m2v=01;35:*.mkv=01;35:*.webm=01;35:*.webp=01;35:*.ogm=01;35:*.mp4=01;35:*.m4v=01;35:*.mp4v=01;35:*.vob=01;35:*.qt=01;35:*.nuv=01;35:*.wmv=01;35:*.asf=01;35:*.rm=01;35:*.rmvb=01;35:*.flc=01;35:*.avi=01;35:*.fli=01;35:*.flv=01;35:*.gl=01;35:*.dl=01;35:*.xcf=01;35:*.xwd=01;35:*.yuv=01;35:*.cgm=01;35:*.emf=01;35:*.ogv=01;35:*.ogx=01;35:*.aac=00;36:*.au=00;36:*.flac=00;36:*.m4a=00;36:*.mid=00;36:*.midi=00;36:*.mka=00;36:*.mp3=00;36:*.mpc=00;36:*.ogg=00;36:*.ra=00;36:*.wav=00;36:*.oga=00;36:*.opus=00;36:*.spx=00;36:*.xspf=00;36:*~=00;90:*#=00;90:*.bak=00;90:*.crdownload=00;90:*.dpkg-dist=00;90:*.dpkg-new=00;90:*.dpkg-old=00;90:*.dpkg-tmp=00;90:*.old=00;90:*.orig=00;90:*.part=00;90:*.rej=00;90:*.rpmnew=00;90:*.rpmorig=00;90:*.rpmsave=00;90:*.swp=00;90:*.tmp=00;90:*.ucf-dist=00;90:*.ucf-new=00;90:*.ucf-old=00;90:', 'GNOME_TERMINAL_SERVICE': ':1.138', 'SSH_AUTH_SOCK': '/run/user/1000/keyring/ssh', 'AMENT_PREFIX_PATH': '/home/bot/ros2_ws/install/mqtt_imu:/home/bot/ros2_ws/install/robotic_arm_v3_config:/home/bot/ros2_ws/install/robotic_arm_moveit:/home/bot/ros2_ws/install/robotic_arm_model_v3:/home/bot/ros2_ws/install/robotic_arm_config:/home/bot/ros2_ws/install/pose_printer:/home/bot/ros2_ws/install/moveit_controls:/home/bot/ros2_ws/install/move_program:/home/bot/ros2_ws/install/cpp_pubsub:/opt/ros/jazzy', 'SHELL': '/bin/bash', 'QT_ACCESSIBILITY': '1', 'GDMSESSION': 'ubuntu', 'LESSCLOSE': '/usr/bin/lesspipe %s %s', 'ROS_AUTOMATIC_DISCOVERY_RANGE': 'SUBNET', 'QT_IM_MODULE': 'ibus', 'PWD': '/home/bot/ros2_ws/build/move_program', 'LC_ALL': 'en_US.UTF-8', 'XDG_CONFIG_DIRS': '/etc/xdg/xdg-ubuntu:/etc/xdg', 'XDG_DATA_DIRS': '/usr/share/ubuntu:/usr/share/gnome:/usr/local/share/:/usr/share/:/var/lib/snapd/desktop', 'PYTHONPATH': '/home/bot/ros2_ws/install/mqtt_imu/lib/python3.12/site-packages:/home/bot/ros2_ws/install/pose_printer/lib/python3.12/site-packages:/home/bot/ros2_ws/install/moveit_controls/lib/python3.12/site-packages:/opt/ros/jazzy/lib/python3.12/site-packages', 'COLCON': '1', 'MEMORY_PRESSURE_WRITE': 'c29tZSAyMDAwMDAgMjAwMDAwMAA=', 'VTE_VERSION': '7600', 'CMAKE_PREFIX_PATH': '/home/bot/ros2_ws/install/robotic_arm_v3_config:/home/bot/ros2_ws/install/robotic_arm_moveit:/home/bot/ros2_ws/install/robotic_arm_model_v3:/home/bot/ros2_ws/install/robotic_arm_config:/home/bot/ros2_ws/install/move_program:/home/bot/ros2_ws/install/cpp_pubsub:/opt/ros/jazzy/opt/sdformat_vendor:/opt/ros/jazzy/opt/gz_math_vendor:/opt/ros/jazzy/opt/gz_utils_vendor:/opt/ros/jazzy/opt/gz_tools_vendor:/opt/ros/jazzy/opt/gz_cmake_vendor:/home/bot/ros2_ws/install/mqtt_imu:/home/bot/ros2_ws/install/pose_printer:/home/bot/ros2_ws/install/moveit_controls:/opt/ros/jazzy'}), 'shell': False}
[109.135002] (-) TimerEvent: {}
[109.174976] (move_program) StdoutLine: {'line': b'-- Install configuration: ""\n'}
[109.176071] (move_program) StdoutLine: {'line': b'-- Installing: /home/bot/ros2_ws/install/move_program/lib/move_program/move_program\n'}
[109.181972] (move_program) StdoutLine: {'line': b'-- Set non-toolchain portion of runtime path of "/home/bot/ros2_ws/install/move_program/lib/move_program/move_program" to ""\n'}
[109.191431] (move_program) StdoutLine: {'line': b'-- Installing: /home/bot/ros2_ws/install/move_program/share/ament_index/resource_index/package_run_dependencies/move_program\n'}
[109.194414] (move_program) StdoutLine: {'line': b'-- Installing: /home/bot/ros2_ws/install/move_program/share/ament_index/resource_index/parent_prefix_path/move_program\n'}
[109.196854] (move_program) StdoutLine: {'line': b'-- Installing: /home/bot/ros2_ws/install/move_program/share/move_program/environment/ament_prefix_path.sh\n'}
[109.198244] (move_program) StdoutLine: {'line': b'-- Installing: /home/bot/ros2_ws/install/move_program/share/move_program/environment/ament_prefix_path.dsv\n'}
[109.200070] (move_program) StdoutLine: {'line': b'-- Installing: /home/bot/ros2_ws/install/move_program/share/move_program/environment/path.sh\n'}
[109.202123] (move_program) StdoutLine: {'line': b'-- Installing: /home/bot/ros2_ws/install/move_program/share/move_program/environment/path.dsv\n'}
[109.203934] (move_program) StdoutLine: {'line': b'-- Installing: /home/bot/ros2_ws/install/move_program/share/move_program/local_setup.bash\n'}
[109.205756] (move_program) StdoutLine: {'line': b'-- Installing: /home/bot/ros2_ws/install/move_program/share/move_program/local_setup.sh\n'}
[109.207790] (move_program) StdoutLine: {'line': b'-- Installing: /home/bot/ros2_ws/install/move_program/share/move_program/local_setup.zsh\n'}
[109.209934] (move_program) StdoutLine: {'line': b'-- Installing: /home/bot/ros2_ws/install/move_program/share/move_program/local_setup.dsv\n'}
[109.211826] (move_program) StdoutLine: {'line': b'-- Installing: /home/bot/ros2_ws/install/move_program/share/move_program/package.dsv\n'}
[109.214592] (move_program) StdoutLine: {'line': b'-- Installing: /home/bot/ros2_ws/install/move_program/share/ament_index/resource_index/packages/move_program\n'}
[109.216758] (move_program) StdoutLine: {'line': b'-- Installing: /home/bot/ros2_ws/install/move_program/share/move_program/cmake/move_programConfig.cmake\n'}
[109.218533] (move_program) StdoutLine: {'line': b'-- Installing: /home/bot/ros2_ws/install/move_program/share/move_program/cmake/move_programConfig-version.cmake\n'}
[109.221755] (move_program) StdoutLine: {'line': b'-- Installing: /home/bot/ros2_ws/install/move_program/share/move_program/package.xml\n'}
[109.230004] (move_program) CommandEnded: {'returncode': 0}
[109.235330] (-) TimerEvent: {}
[109.324007] (move_program) JobEnded: {'identifier': 'move_program', 'rc': 0}
[109.335588] (-) TimerEvent: {}
[109.436403] (-) TimerEvent: {}
[109.537142] (-) TimerEvent: {}
[109.637959] (-) TimerEvent: {}
[109.738766] (-) TimerEvent: {}
[109.839509] (-) TimerEvent: {}
[109.940254] (-) TimerEvent: {}
[110.040980] (-) TimerEvent: {}
[110.141691] (-) TimerEvent: {}
[110.242421] (-) TimerEvent: {}
[110.343142] (-) TimerEvent: {}
[110.443877] (-) TimerEvent: {}
[110.544562] (-) TimerEvent: {}
[110.645307] (-) TimerEvent: {}
[110.746026] (-) TimerEvent: {}
[110.846755] (-) TimerEvent: {}
[110.947487] (-) TimerEvent: {}
[111.048243] (-) TimerEvent: {}
[111.148964] (-) TimerEvent: {}
[111.249623] (-) TimerEvent: {}
[111.350428] (-) TimerEvent: {}
[111.451200] (-) TimerEvent: {}
[111.551963] (-) TimerEvent: {}
[111.652610] (-) TimerEvent: {}
[111.753337] (-) TimerEvent: {}
[111.853996] (-) TimerEvent: {}
[111.954711] (-) TimerEvent: {}
[112.055563] (-) TimerEvent: {}
[112.156321] (-) TimerEvent: {}
[112.257018] (-) TimerEvent: {}
[112.357681] (-) TimerEvent: {}
[112.458413] (-) TimerEvent: {}
[112.559199] (-) TimerEvent: {}
[112.659902] (-) TimerEvent: {}
[112.760570] (-) TimerEvent: {}
[112.861321] (-) TimerEvent: {}
[112.961987] (-) TimerEvent: {}
[113.062654] (-) TimerEvent: {}
[113.163412] (-) TimerEvent: {}
[113.264111] (-) TimerEvent: {}
[113.364760] (-) TimerEvent: {}
[113.465489] (-) TimerEvent: {}
[113.566206] (-) TimerEvent: {}
[113.666924] (-) TimerEvent: {}
[113.767633] (-) TimerEvent: {}
[113.868391] (-) TimerEvent: {}
[113.969252] (-) TimerEvent: {}
[114.069984] (-) TimerEvent: {}
[114.170675] (-) TimerEvent: {}
[114.271421] (-) TimerEvent: {}
[114.372143] (-) TimerEvent: {}
[114.472873] (-) TimerEvent: {}
[114.573534] (-) TimerEvent: {}
[114.674258] (-) TimerEvent: {}
[114.774992] (-) TimerEvent: {}
[114.875656] (-) TimerEvent: {}
[114.976417] (-) TimerEvent: {}
[115.077127] (-) TimerEvent: {}
[115.177793] (-) TimerEvent: {}
[115.278515] (-) TimerEvent: {}
[115.379266] (-) TimerEvent: {}
[115.479959] (-) TimerEvent: {}
[115.580692] (-) TimerEvent: {}
[115.681410] (-) TimerEvent: {}
[115.782130] (-) TimerEvent: {}
[115.882788] (-) TimerEvent: {}
[115.983465] (-) TimerEvent: {}
[116.084208] (-) TimerEvent: {}
[116.185090] (-) TimerEvent: {}
[116.286568] (-) TimerEvent: {}
[116.387637] (-) TimerEvent: {}
[116.488433] (-) TimerEvent: {}
[116.589168] (-) TimerEvent: {}
[116.689957] (-) TimerEvent: {}
[116.790958] (-) TimerEvent: {}
[116.891758] (-) TimerEvent: {}
[116.993113] (-) TimerEvent: {}
[117.094034] (-) TimerEvent: {}
[117.117225] (robotic_arm_moveit) StdoutLine: {'line': b'[100%] \x1b[32m\x1b[1mLinking CXX executable robotic_arm_moveit\x1b[0m\n'}
[117.194294] (-) TimerEvent: {}
[117.295168] (-) TimerEvent: {}
[117.398033] (-) TimerEvent: {}
[117.499025] (-) TimerEvent: {}
[117.599717] (-) TimerEvent: {}
[117.700549] (-) TimerEvent: {}
[117.801519] (-) TimerEvent: {}
[117.902609] (-) TimerEvent: {}
[118.003444] (-) TimerEvent: {}
[118.104096] (-) TimerEvent: {}
[118.204720] (-) TimerEvent: {}
[118.305452] (-) TimerEvent: {}
[118.406418] (-) TimerEvent: {}
[118.507365] (-) TimerEvent: {}
[118.609647] (-) TimerEvent: {}
[118.710617] (-) TimerEvent: {}
[118.811539] (-) TimerEvent: {}
[118.912464] (-) TimerEvent: {}
[119.013289] (-) TimerEvent: {}
[119.114123] (-) TimerEvent: {}
[119.214954] (-) TimerEvent: {}
[119.315648] (-) TimerEvent: {}
[119.416351] (-) TimerEvent: {}
[119.516934] (-) TimerEvent: {}
[119.618971] (-) TimerEvent: {}
[119.722238] (-) TimerEvent: {}
[119.822889] (-) TimerEvent: {}
[119.923580] (-) TimerEvent: {}
[120.024245] (-) TimerEvent: {}
[120.124989] (-) TimerEvent: {}
[120.225828] (-) TimerEvent: {}
[120.326499] (-) TimerEvent: {}
[120.430192] (-) TimerEvent: {}
[120.530860] (-) TimerEvent: {}
[120.631486] (-) TimerEvent: {}
[120.732209] (-) TimerEvent: {}
[120.836230] (-) TimerEvent: {}
[120.936919] (-) TimerEvent: {}
[121.037662] (-) TimerEvent: {}
[121.139235] (-) TimerEvent: {}
[121.239887] (-) TimerEvent: {}
[121.340475] (-) TimerEvent: {}
[121.441109] (-) TimerEvent: {}
[121.541690] (-) TimerEvent: {}
[121.642300] (-) TimerEvent: {}
[121.742907] (-) TimerEvent: {}
[121.843484] (-) TimerEvent: {}
[121.944109] (-) TimerEvent: {}
[122.044732] (-) TimerEvent: {}
[122.145411] (-) TimerEvent: {}
[122.246141] (-) TimerEvent: {}
[122.340069] (robotic_arm_moveit) StdoutLine: {'line': b'[100%] Built target robotic_arm_moveit\n'}
[122.346326] (-) TimerEvent: {}
[122.400373] (robotic_arm_moveit) CommandEnded: {'returncode': 0}
[122.403378] (robotic_arm_moveit) JobProgress: {'identifier': 'robotic_arm_moveit', 'progress': 'install'}
[122.408171] (robotic_arm_moveit) Command: {'cmd': ['/usr/bin/cmake', '--install', '/home/bot/ros2_ws/build/robotic_arm_moveit'], 'cwd': '/home/bot/ros2_ws/build/robotic_arm_moveit', 'env': OrderedDict({'LESSOPEN': '| /usr/bin/lesspipe %s', 'USER': 'bot', 'GZ_CONFIG_PATH': '/opt/ros/jazzy/opt/sdformat_vendor/share/gz', 'XDG_SESSION_TYPE': 'wayland', 'CLUTTER_DISABLE_MIPMAPPED_TEXT': '1', 'SHLVL': '1', 'LD_LIBRARY_PATH': '/opt/ros/jazzy/opt/sdformat_vendor/lib:/opt/ros/jazzy/opt/rviz_ogre_vendor/lib:/opt/ros/jazzy/lib/aarch64-linux-gnu:/opt/ros/jazzy/opt/gz_math_vendor/lib:/opt/ros/jazzy/opt/gz_utils_vendor/lib:/opt/ros/jazzy/opt/gz_tools_vendor/lib:/opt/ros/jazzy/opt/gz_cmake_vendor/lib:/opt/ros/jazzy/lib', 'HOME': '/home/bot', 'OLDPWD': '/home/bot/ros2_ws', 'DESKTOP_SESSION': 'ubuntu', 'ROS_PYTHON_VERSION': '3', 'GNOME_SHELL_SESSION_MODE': 'ubuntu', 'GTK_MODULES': 'gail:atk-bridge', 'SYSTEMD_EXEC_PID': '2617', 'GSM_SKIP_SSH_AGENT_WORKAROUND': 'true', 'DBUS_SESSION_BUS_ADDRESS': 'unix:path=/run/user/1000/bus', 'COLORTERM': 'truecolor', 'DEBUGINFOD_URLS': 'https://debuginfod.ubuntu.com', 'IM_CONFIG_PHASE': '1', 'WAYLAND_DISPLAY': 'wayland-0', 'COLCON_PREFIX_PATH': '/home/bot/ros2_ws/install', 'ROS_DISTRO': 'jazzy', 'LOGNAME': 'bot', '_': '/usr/bin/colcon', 'ROS_VERSION': '2', 'MEMORY_PRESSURE_WATCH': '/sys/fs/cgroup/user.slice/user-1000.slice/user@1000.service/session.slice/org.gnome.Shell@wayland.service/memory.pressure', 'XDG_SESSION_CLASS': 'user', 'USERNAME': 'bot', 'TERM': 'xterm-256color', 'GNOME_DESKTOP_SESSION_ID': 'this-is-deprecated', 'PATH': '/opt/ros/jazzy/opt/gz_tools_vendor/bin:/opt/ros/jazzy/bin:/usr/local/sbin:/usr/local/bin:/usr/sbin:/usr/bin:/sbin:/bin:/usr/games:/usr/local/games:/snap/bin:/snap/bin', 'SESSION_MANAGER': 'local/bot-desktop:@/tmp/.ICE-unix/2576,unix/bot-desktop:/tmp/.ICE-unix/2576', 'XDG_MENU_PREFIX': 'gnome-', 'GNOME_TERMINAL_SCREEN': '/org/gnome/Terminal/screen/3af69af4_558a_455a_946d_9d2d672ef67b', 'GNOME_SETUP_DISPLAY': ':1', 'XDG_RUNTIME_DIR': '/run/user/1000', 'DISPLAY': ':0', 'LANG': 'en_US.UTF-8', 'XDG_CURRENT_DESKTOP': 'ubuntu:GNOME', 'XMODIFIERS': '@im=ibus', 'XDG_SESSION_DESKTOP': 'ubuntu', 'XAUTHORITY': '/run/user/1000/.mutter-Xwaylandauth.VZBUI3', 'LS_COLORS': 'rs=0:di=01;34:ln=01;36:mh=00:pi=40;33:so=01;35:do=01;35:bd=40;33;01:cd=40;33;01:or=40;31;01:mi=00:su=37;41:sg=30;43:ca=00:tw=30;42:ow=34;42:st=37;44:ex=01;32:*.tar=01;31:*.tgz=01;31:*.arc=01;31:*.arj=01;31:*.taz=01;31:*.lha=01;31:*.lz4=01;31:*.lzh=01;31:*.lzma=01;31:*.tlz=01;31:*.txz=01;31:*.tzo=01;31:*.t7z=01;31:*.zip=01;31:*.z=01;31:*.dz=01;31:*.gz=01;31:*.lrz=01;31:*.lz=01;31:*.lzo=01;31:*.xz=01;31:*.zst=01;31:*.tzst=01;31:*.bz2=01;31:*.bz=01;31:*.tbz=01;31:*.tbz2=01;31:*.tz=01;31:*.deb=01;31:*.rpm=01;31:*.jar=01;31:*.war=01;31:*.ear=01;31:*.sar=01;31:*.rar=01;31:*.alz=01;31:*.ace=01;31:*.zoo=01;31:*.cpio=01;31:*.7z=01;31:*.rz=01;31:*.cab=01;31:*.wim=01;31:*.swm=01;31:*.dwm=01;31:*.esd=01;31:*.avif=01;35:*.jpg=01;35:*.jpeg=01;35:*.mjpg=01;35:*.mjpeg=01;35:*.gif=01;35:*.bmp=01;35:*.pbm=01;35:*.pgm=01;35:*.ppm=01;35:*.tga=01;35:*.xbm=01;35:*.xpm=01;35:*.tif=01;35:*.tiff=01;35:*.png=01;35:*.svg=01;35:*.svgz=01;35:*.mng=01;35:*.pcx=01;35:*.mov=01;35:*.mpg=01;35:*.mpeg=01;35:*.m2v=01;35:*.mkv=01;35:*.webm=01;35:*.webp=01;35:*.ogm=01;35:*.mp4=01;35:*.m4v=01;35:*.mp4v=01;35:*.vob=01;35:*.qt=01;35:*.nuv=01;35:*.wmv=01;35:*.asf=01;35:*.rm=01;35:*.rmvb=01;35:*.flc=01;35:*.avi=01;35:*.fli=01;35:*.flv=01;35:*.gl=01;35:*.dl=01;35:*.xcf=01;35:*.xwd=01;35:*.yuv=01;35:*.cgm=01;35:*.emf=01;35:*.ogv=01;35:*.ogx=01;35:*.aac=00;36:*.au=00;36:*.flac=00;36:*.m4a=00;36:*.mid=00;36:*.midi=00;36:*.mka=00;36:*.mp3=00;36:*.mpc=00;36:*.ogg=00;36:*.ra=00;36:*.wav=00;36:*.oga=00;36:*.opus=00;36:*.spx=00;36:*.xspf=00;36:*~=00;90:*#=00;90:*.bak=00;90:*.crdownload=00;90:*.dpkg-dist=00;90:*.dpkg-new=00;90:*.dpkg-old=00;90:*.dpkg-tmp=00;90:*.old=00;90:*.orig=00;90:*.part=00;90:*.rej=00;90:*.rpmnew=00;90:*.rpmorig=00;90:*.rpmsave=00;90:*.swp=00;90:*.tmp=00;90:*.ucf-dist=00;90:*.ucf-new=00;90:*.ucf-old=00;90:', 'GNOME_TERMINAL_SERVICE': ':1.138', 'SSH_AUTH_SOCK': '/run/user/1000/keyring/ssh', 'AMENT_PREFIX_PATH': '/home/bot/ros2_ws/install/mqtt_imu:/home/bot/ros2_ws/install/robotic_arm_v3_config:/home/bot/ros2_ws/install/robotic_arm_moveit:/home/bot/ros2_ws/install/robotic_arm_model_v3:/home/bot/ros2_ws/install/robotic_arm_config:/home/bot/ros2_ws/install/pose_printer:/home/bot/ros2_ws/install/moveit_controls:/home/bot/ros2_ws/install/move_program:/home/bot/ros2_ws/install/cpp_pubsub:/opt/ros/jazzy', 'SHELL': '/bin/bash', 'QT_ACCESSIBILITY': '1', 'GDMSESSION': 'ubuntu', 'LESSCLOSE': '/usr/bin/lesspipe %s %s', 'ROS_AUTOMATIC_DISCOVERY_RANGE': 'SUBNET', 'QT_IM_MODULE': 'ibus', 'PWD': '/home/bot/ros2_ws/build/robotic_arm_moveit', 'LC_ALL': 'en_US.UTF-8', 'XDG_CONFIG_DIRS': '/etc/xdg/xdg-ubuntu:/etc/xdg', 'XDG_DATA_DIRS': '/usr/share/ubuntu:/usr/share/gnome:/usr/local/share/:/usr/share/:/var/lib/snapd/desktop', 'PYTHONPATH': '/home/bot/ros2_ws/install/mqtt_imu/lib/python3.12/site-packages:/home/bot/ros2_ws/install/pose_printer/lib/python3.12/site-packages:/home/bot/ros2_ws/install/moveit_controls/lib/python3.12/site-packages:/opt/ros/jazzy/lib/python3.12/site-packages', 'COLCON': '1', 'MEMORY_PRESSURE_WRITE': 'c29tZSAyMDAwMDAgMjAwMDAwMAA=', 'VTE_VERSION': '7600', 'CMAKE_PREFIX_PATH': '/home/bot/ros2_ws/install/robotic_arm_v3_config:/home/bot/ros2_ws/install/robotic_arm_moveit:/home/bot/ros2_ws/install/robotic_arm_model_v3:/home/bot/ros2_ws/install/robotic_arm_config:/home/bot/ros2_ws/install/move_program:/home/bot/ros2_ws/install/cpp_pubsub:/opt/ros/jazzy/opt/sdformat_vendor:/opt/ros/jazzy/opt/gz_math_vendor:/opt/ros/jazzy/opt/gz_utils_vendor:/opt/ros/jazzy/opt/gz_tools_vendor:/opt/ros/jazzy/opt/gz_cmake_vendor:/home/bot/ros2_ws/install/mqtt_imu:/home/bot/ros2_ws/install/pose_printer:/home/bot/ros2_ws/install/moveit_controls:/opt/ros/jazzy'}), 'shell': False}
[122.446511] (-) TimerEvent: {}
[122.451654] (robotic_arm_moveit) StdoutLine: {'line': b'-- Install configuration: ""\n'}
[122.452837] (robotic_arm_moveit) StdoutLine: {'line': b'-- Installing: /home/bot/ros2_ws/install/robotic_arm_moveit/lib/robotic_arm_moveit/robotic_arm_moveit\n'}
[122.458893] (robotic_arm_moveit) StdoutLine: {'line': b'-- Set non-toolchain portion of runtime path of "/home/bot/ros2_ws/install/robotic_arm_moveit/lib/robotic_arm_moveit/robotic_arm_moveit" to ""\n'}
[122.460691] (robotic_arm_moveit) StdoutLine: {'line': b'-- Installing: /home/bot/ros2_ws/install/robotic_arm_moveit/share/ament_index/resource_index/package_run_dependencies/robotic_arm_moveit\n'}
[122.463203] (robotic_arm_moveit) StdoutLine: {'line': b'-- Installing: /home/bot/ros2_ws/install/robotic_arm_moveit/share/ament_index/resource_index/parent_prefix_path/robotic_arm_moveit\n'}
[122.464965] (robotic_arm_moveit) StdoutLine: {'line': b'-- Installing: /home/bot/ros2_ws/install/robotic_arm_moveit/share/robotic_arm_moveit/environment/ament_prefix_path.sh\n'}
[122.466426] (robotic_arm_moveit) StdoutLine: {'line': b'-- Installing: /home/bot/ros2_ws/install/robotic_arm_moveit/share/robotic_arm_moveit/environment/ament_prefix_path.dsv\n'}
[122.467603] (robotic_arm_moveit) StdoutLine: {'line': b'-- Installing: /home/bot/ros2_ws/install/robotic_arm_moveit/share/robotic_arm_moveit/environment/path.sh\n'}
[122.468756] (robotic_arm_moveit) StdoutLine: {'line': b'-- Installing: /home/bot/ros2_ws/install/robotic_arm_moveit/share/robotic_arm_moveit/environment/path.dsv\n'}
[122.469883] (robotic_arm_moveit) StdoutLine: {'line': b'-- Installing: /home/bot/ros2_ws/install/robotic_arm_moveit/share/robotic_arm_moveit/local_setup.bash\n'}
[122.471021] (robotic_arm_moveit) StdoutLine: {'line': b'-- Installing: /home/bot/ros2_ws/install/robotic_arm_moveit/share/robotic_arm_moveit/local_setup.sh\n'}
[122.472172] (robotic_arm_moveit) StdoutLine: {'line': b'-- Installing: /home/bot/ros2_ws/install/robotic_arm_moveit/share/robotic_arm_moveit/local_setup.zsh\n'}
[122.473271] (robotic_arm_moveit) StdoutLine: {'line': b'-- Installing: /home/bot/ros2_ws/install/robotic_arm_moveit/share/robotic_arm_moveit/local_setup.dsv\n'}
[122.474360] (robotic_arm_moveit) StdoutLine: {'line': b'-- Installing: /home/bot/ros2_ws/install/robotic_arm_moveit/share/robotic_arm_moveit/package.dsv\n'}
[122.475983] (robotic_arm_moveit) StdoutLine: {'line': b'-- Installing: /home/bot/ros2_ws/install/robotic_arm_moveit/share/ament_index/resource_index/packages/robotic_arm_moveit\n'}
[122.477387] (robotic_arm_moveit) StdoutLine: {'line': b'-- Installing: /home/bot/ros2_ws/install/robotic_arm_moveit/share/robotic_arm_moveit/cmake/robotic_arm_moveitConfig.cmake\n'}
[122.478429] (robotic_arm_moveit) StdoutLine: {'line': b'-- Installing: /home/bot/ros2_ws/install/robotic_arm_moveit/share/robotic_arm_moveit/cmake/robotic_arm_moveitConfig-version.cmake\n'}
[122.479611] (robotic_arm_moveit) StdoutLine: {'line': b'-- Installing: /home/bot/ros2_ws/install/robotic_arm_moveit/share/robotic_arm_moveit/package.xml\n'}
[122.486563] (robotic_arm_moveit) CommandEnded: {'returncode': 0}
[122.541697] (robotic_arm_moveit) JobEnded: {'identifier': 'robotic_arm_moveit', 'rc': 0}
[122.548870] (-) TimerEvent: {}
[122.549396] (-) EventReactorShutdown: {}
