[0.000000] (-) TimerEvent: {}
[0.000950] (-) JobUnselected: {'identifier': 'cpp_pubsub'}
[0.001792] (-) JobUnselected: {'identifier': 'esp32_controller'}
[0.002727] (-) JobUnselected: {'identifier': 'imu_controller'}
[0.002906] (-) JobUnselected: {'identifier': 'move_program'}
[0.003209] (-) JobUnselected: {'identifier': 'moveit_controls'}
[0.003307] (-) JobUnselected: {'identifier': 'mqtt_imu'}
[0.003378] (-) JobUnselected: {'identifier': 'pose_printer'}
[0.003525] (-) JobUnselected: {'identifier': 'realsense2_description'}
[0.003598] (-) JobUnselected: {'identifier': 'realsense2_ros_mqtt_bridge'}
[0.003667] (-) JobUnselected: {'identifier': 'realsense2_rviz_plugin'}
[0.003735] (-) JobUnselected: {'identifier': 'robotic_arm_config'}
[0.003804] (-) JobUnselected: {'identifier': 'robotic_arm_model_v3'}
[0.003869] (-) JobUnselected: {'identifier': 'robotic_arm_moveit'}
[0.003935] (-) JobUnselected: {'identifier': 'robotic_arm_v3_config'}
[0.004012] (realsense2_camera_msgs) JobQueued: {'identifier': 'realsense2_camera_msgs', 'dependencies': OrderedDict()}
[0.004094] (realsense2_camera) JobQueued: {'identifier': 'realsense2_camera', 'dependencies': OrderedDict({'realsense2_camera_msgs': '/home/bot/ros2_ws/install/realsense2_camera_msgs'})}
[0.004182] (realsense2_camera_msgs) JobStarted: {'identifier': 'realsense2_camera_msgs'}
[0.069849] (realsense2_camera_msgs) JobProgress: {'identifier': 'realsense2_camera_msgs', 'progress': 'cmake'}
[0.087962] (realsense2_camera_msgs) JobProgress: {'identifier': 'realsense2_camera_msgs', 'progress': 'build'}
[0.092327] (realsense2_camera_msgs) Command: {'cmd': ['/usr/bin/cmake', '--build', '/home/bot/ros2_ws/build/realsense2_camera_msgs', '--', '-j4', '-l4'], 'cwd': '/home/bot/ros2_ws/build/realsense2_camera_msgs', 'env': OrderedDict({'LESSOPEN': '| /usr/bin/lesspipe %s', 'USER': 'bot', 'SSH_CLIENT': '192.168.1.199 58490 22', 'GZ_CONFIG_PATH': '/opt/ros/jazzy/opt/sdformat_vendor/share/gz', 'XDG_SESSION_TYPE': 'tty', 'SHLVL': '1', 'LD_LIBRARY_PATH': '/opt/ros/jazzy/opt/sdformat_vendor/lib:/opt/ros/jazzy/opt/rviz_ogre_vendor/lib:/opt/ros/jazzy/lib/aarch64-linux-gnu:/opt/ros/jazzy/opt/gz_math_vendor/lib:/opt/ros/jazzy/opt/gz_utils_vendor/lib:/opt/ros/jazzy/opt/gz_tools_vendor/lib:/opt/ros/jazzy/opt/gz_cmake_vendor/lib:/opt/ros/jazzy/lib', 'HOME': '/home/bot', 'OLDPWD': '/home/bot/ros2_ws/src', 'SSH_TTY': '/dev/pts/4', 'ROS_PYTHON_VERSION': '3', 'DBUS_SESSION_BUS_ADDRESS': 'unix:path=/run/user/1000/bus', 'DEBUGINFOD_URLS': 'https://debuginfod.ubuntu.com', 'COLCON_PREFIX_PATH': '/home/bot/ros2_ws/install', 'ROS_DISTRO': 'jazzy', 'LOGNAME': 'bot', '_': '/usr/bin/colcon', 'ROS_VERSION': '2', 'XDG_SESSION_CLASS': 'user', 'TERM': 'xterm-256color', 'XDG_SESSION_ID': '6', 'PATH': '/opt/ros/jazzy/opt/gz_tools_vendor/bin:/opt/ros/jazzy/bin:/usr/local/sbin:/usr/local/bin:/usr/sbin:/usr/bin:/sbin:/bin:/usr/games:/usr/local/games:/snap/bin', 'XDG_RUNTIME_DIR': '/run/user/1000', 'LANG': 'en_US.UTF-8', 'LS_COLORS': 'rs=0:di=01;34:ln=01;36:mh=00:pi=40;33:so=01;35:do=01;35:bd=40;33;01:cd=40;33;01:or=40;31;01:mi=00:su=37;41:sg=30;43:ca=00:tw=30;42:ow=34;42:st=37;44:ex=01;32:*.tar=01;31:*.tgz=01;31:*.arc=01;31:*.arj=01;31:*.taz=01;31:*.lha=01;31:*.lz4=01;31:*.lzh=01;31:*.lzma=01;31:*.tlz=01;31:*.txz=01;31:*.tzo=01;31:*.t7z=01;31:*.zip=01;31:*.z=01;31:*.dz=01;31:*.gz=01;31:*.lrz=01;31:*.lz=01;31:*.lzo=01;31:*.xz=01;31:*.zst=01;31:*.tzst=01;31:*.bz2=01;31:*.bz=01;31:*.tbz=01;31:*.tbz2=01;31:*.tz=01;31:*.deb=01;31:*.rpm=01;31:*.jar=01;31:*.war=01;31:*.ear=01;31:*.sar=01;31:*.rar=01;31:*.alz=01;31:*.ace=01;31:*.zoo=01;31:*.cpio=01;31:*.7z=01;31:*.rz=01;31:*.cab=01;31:*.wim=01;31:*.swm=01;31:*.dwm=01;31:*.esd=01;31:*.avif=01;35:*.jpg=01;35:*.jpeg=01;35:*.mjpg=01;35:*.mjpeg=01;35:*.gif=01;35:*.bmp=01;35:*.pbm=01;35:*.pgm=01;35:*.ppm=01;35:*.tga=01;35:*.xbm=01;35:*.xpm=01;35:*.tif=01;35:*.tiff=01;35:*.png=01;35:*.svg=01;35:*.svgz=01;35:*.mng=01;35:*.pcx=01;35:*.mov=01;35:*.mpg=01;35:*.mpeg=01;35:*.m2v=01;35:*.mkv=01;35:*.webm=01;35:*.webp=01;35:*.ogm=01;35:*.mp4=01;35:*.m4v=01;35:*.mp4v=01;35:*.vob=01;35:*.qt=01;35:*.nuv=01;35:*.wmv=01;35:*.asf=01;35:*.rm=01;35:*.rmvb=01;35:*.flc=01;35:*.avi=01;35:*.fli=01;35:*.flv=01;35:*.gl=01;35:*.dl=01;35:*.xcf=01;35:*.xwd=01;35:*.yuv=01;35:*.cgm=01;35:*.emf=01;35:*.ogv=01;35:*.ogx=01;35:*.aac=00;36:*.au=00;36:*.flac=00;36:*.m4a=00;36:*.mid=00;36:*.midi=00;36:*.mka=00;36:*.mp3=00;36:*.mpc=00;36:*.ogg=00;36:*.ra=00;36:*.wav=00;36:*.oga=00;36:*.opus=00;36:*.spx=00;36:*.xspf=00;36:*~=00;90:*#=00;90:*.bak=00;90:*.crdownload=00;90:*.dpkg-dist=00;90:*.dpkg-new=00;90:*.dpkg-old=00;90:*.dpkg-tmp=00;90:*.old=00;90:*.orig=00;90:*.part=00;90:*.rej=00;90:*.rpmnew=00;90:*.rpmorig=00;90:*.rpmsave=00;90:*.swp=00;90:*.tmp=00;90:*.ucf-dist=00;90:*.ucf-new=00;90:*.ucf-old=00;90:', 'AMENT_PREFIX_PATH': '/home/bot/ros2_ws/install/robotic_arm_v3_config:/home/bot/ros2_ws/install/robotic_arm_moveit:/home/bot/ros2_ws/install/robotic_arm_model_v3:/home/bot/ros2_ws/install/robotic_arm_config:/home/bot/ros2_ws/install/pose_printer:/home/bot/ros2_ws/install/mqtt_imu:/home/bot/ros2_ws/install/moveit_controls:/home/bot/ros2_ws/install/move_program:/home/bot/ros2_ws/install/imu_controller:/home/bot/ros2_ws/install/esp32_controller:/home/bot/ros2_ws/install/cpp_pubsub:/opt/ros/jazzy', 'SHELL': '/bin/bash', 'LESSCLOSE': '/usr/bin/lesspipe %s %s', 'ROS_AUTOMATIC_DISCOVERY_RANGE': 'SUBNET', 'PWD': '/home/bot/ros2_ws/build/realsense2_camera_msgs', 'LC_ALL': 'en_US.UTF-8', 'SSH_CONNECTION': '192.168.1.199 58490 192.168.1.224 22', 'XDG_DATA_DIRS': '/usr/share/gnome:/usr/local/share:/usr/share:/var/lib/snapd/desktop', 'PYTHONPATH': '/home/bot/ros2_ws/install/pose_printer/lib/python3.12/site-packages:/home/bot/ros2_ws/install/mqtt_imu/lib/python3.12/site-packages:/home/bot/ros2_ws/install/moveit_controls/lib/python3.12/site-packages:/opt/ros/jazzy/lib/python3.12/site-packages', 'COLCON': '1', 'CMAKE_PREFIX_PATH': '/home/bot/ros2_ws/install/robotic_arm_v3_config:/home/bot/ros2_ws/install/robotic_arm_moveit:/home/bot/ros2_ws/install/robotic_arm_model_v3:/home/bot/ros2_ws/install/robotic_arm_config:/home/bot/ros2_ws/install/move_program:/home/bot/ros2_ws/install/imu_controller:/home/bot/ros2_ws/install/esp32_controller:/home/bot/ros2_ws/install/cpp_pubsub:/opt/ros/jazzy/opt/sdformat_vendor:/opt/ros/jazzy/opt/gz_math_vendor:/opt/ros/jazzy/opt/gz_utils_vendor:/opt/ros/jazzy/opt/gz_tools_vendor:/opt/ros/jazzy/opt/gz_cmake_vendor:/home/bot/ros2_ws/install/pose_printer:/home/bot/ros2_ws/install/mqtt_imu:/home/bot/ros2_ws/install/moveit_controls:/opt/ros/jazzy'}), 'shell': False}
[0.099117] (-) TimerEvent: {}
[0.199844] (-) TimerEvent: {}
[0.300585] (-) TimerEvent: {}
[0.401323] (-) TimerEvent: {}
[0.502073] (-) TimerEvent: {}
[0.547763] (realsense2_camera_msgs) StdoutLine: {'line': b'[  0%] Built target realsense2_camera_msgs__rosidl_generator_type_description\n'}
[0.602264] (-) TimerEvent: {}
[0.650985] (realsense2_camera_msgs) StdoutLine: {'line': b'[  0%] Built target ament_cmake_python_copy_realsense2_camera_msgs\n'}
[0.695102] (realsense2_camera_msgs) StdoutLine: {'line': b'[  0%] Built target realsense2_camera_msgs__cpp\n'}
[0.702552] (-) TimerEvent: {}
[0.804273] (-) TimerEvent: {}
[0.879938] (realsense2_camera_msgs) StdoutLine: {'line': b'[ 27%] Built target realsense2_camera_msgs__rosidl_generator_c\n'}
[0.907541] (-) TimerEvent: {}
[1.008320] (-) TimerEvent: {}
[1.110902] (-) TimerEvent: {}
[1.209259] (realsense2_camera_msgs) StdoutLine: {'line': b'[ 36%] Built target realsense2_camera_msgs__rosidl_typesupport_introspection_c\n'}
[1.211821] (-) TimerEvent: {}
[1.218834] (realsense2_camera_msgs) StdoutLine: {'line': b'[ 46%] Built target realsense2_camera_msgs__rosidl_typesupport_cpp\n'}
[1.235553] (realsense2_camera_msgs) StdoutLine: {'line': b'[ 56%] Built target realsense2_camera_msgs__rosidl_typesupport_fastrtps_c\n'}
[1.311996] (-) TimerEvent: {}
[1.416518] (-) TimerEvent: {}
[1.454144] (realsense2_camera_msgs) StdoutLine: {'line': b'[ 66%] Built target realsense2_camera_msgs__rosidl_typesupport_c\n'}
[1.517639] (-) TimerEvent: {}
[1.537774] (realsense2_camera_msgs) StdoutLine: {'line': b'[ 76%] Built target realsense2_camera_msgs__rosidl_typesupport_introspection_cpp\n'}
[1.613116] (realsense2_camera_msgs) StdoutLine: {'line': b'[ 86%] Built target realsense2_camera_msgs__rosidl_typesupport_fastrtps_cpp\n'}
[1.618543] (-) TimerEvent: {}
[1.721531] (-) TimerEvent: {}
[1.746679] (realsense2_camera_msgs) StdoutLine: {'line': b'[ 86%] Built target realsense2_camera_msgs\n'}
[1.821689] (-) TimerEvent: {}
[1.884488] (realsense2_camera_msgs) StdoutLine: {'line': b'[ 87%] Built target realsense2_camera_msgs__py\n'}
[1.921848] (-) TimerEvent: {}
[2.005446] (realsense2_camera_msgs) StdoutLine: {'line': b'running egg_info\n'}
[2.021995] (-) TimerEvent: {}
[2.118920] (realsense2_camera_msgs) StdoutLine: {'line': b'writing realsense2_camera_msgs.egg-info/PKG-INFO\n'}
[2.120375] (realsense2_camera_msgs) StdoutLine: {'line': b'writing dependency_links to realsense2_camera_msgs.egg-info/dependency_links.txt\n'}
[2.122164] (-) TimerEvent: {}
[2.130845] (realsense2_camera_msgs) StdoutLine: {'line': b'[ 96%] Built target realsense2_camera_msgs__rosidl_generator_py\n'}
[2.134484] (realsense2_camera_msgs) StdoutLine: {'line': b'writing top-level names to realsense2_camera_msgs.egg-info/top_level.txt\n'}
[2.223162] (-) TimerEvent: {}
[2.295534] (realsense2_camera_msgs) StdoutLine: {'line': b'[ 97%] Built target realsense2_camera_msgs_s__rosidl_typesupport_fastrtps_c\n'}
[2.325582] (-) TimerEvent: {}
[2.368708] (realsense2_camera_msgs) StdoutLine: {'line': b'[ 98%] Built target realsense2_camera_msgs_s__rosidl_typesupport_c\n'}
[2.372743] (realsense2_camera_msgs) StdoutLine: {'line': b'[100%] Built target realsense2_camera_msgs_s__rosidl_typesupport_introspection_c\n'}
[2.425760] (-) TimerEvent: {}
[2.526357] (-) TimerEvent: {}
[2.536226] (realsense2_camera_msgs) StdoutLine: {'line': b"reading manifest file 'realsense2_camera_msgs.egg-info/SOURCES.txt'\n"}
[2.540332] (realsense2_camera_msgs) StdoutLine: {'line': b"writing manifest file 'realsense2_camera_msgs.egg-info/SOURCES.txt'\n"}
[2.626627] (-) TimerEvent: {}
[2.690793] (realsense2_camera_msgs) StdoutLine: {'line': b'[100%] Built target ament_cmake_python_build_realsense2_camera_msgs_egg\n'}
[2.726840] (-) TimerEvent: {}
[2.760477] (realsense2_camera_msgs) CommandEnded: {'returncode': 0}
[2.765754] (realsense2_camera_msgs) JobProgress: {'identifier': 'realsense2_camera_msgs', 'progress': 'install'}
[2.819184] (realsense2_camera_msgs) Command: {'cmd': ['/usr/bin/cmake', '--install', '/home/bot/ros2_ws/build/realsense2_camera_msgs'], 'cwd': '/home/bot/ros2_ws/build/realsense2_camera_msgs', 'env': OrderedDict({'LESSOPEN': '| /usr/bin/lesspipe %s', 'USER': 'bot', 'SSH_CLIENT': '192.168.1.199 58490 22', 'GZ_CONFIG_PATH': '/opt/ros/jazzy/opt/sdformat_vendor/share/gz', 'XDG_SESSION_TYPE': 'tty', 'SHLVL': '1', 'LD_LIBRARY_PATH': '/opt/ros/jazzy/opt/sdformat_vendor/lib:/opt/ros/jazzy/opt/rviz_ogre_vendor/lib:/opt/ros/jazzy/lib/aarch64-linux-gnu:/opt/ros/jazzy/opt/gz_math_vendor/lib:/opt/ros/jazzy/opt/gz_utils_vendor/lib:/opt/ros/jazzy/opt/gz_tools_vendor/lib:/opt/ros/jazzy/opt/gz_cmake_vendor/lib:/opt/ros/jazzy/lib', 'HOME': '/home/bot', 'OLDPWD': '/home/bot/ros2_ws/src', 'SSH_TTY': '/dev/pts/4', 'ROS_PYTHON_VERSION': '3', 'DBUS_SESSION_BUS_ADDRESS': 'unix:path=/run/user/1000/bus', 'DEBUGINFOD_URLS': 'https://debuginfod.ubuntu.com', 'COLCON_PREFIX_PATH': '/home/bot/ros2_ws/install', 'ROS_DISTRO': 'jazzy', 'LOGNAME': 'bot', '_': '/usr/bin/colcon', 'ROS_VERSION': '2', 'XDG_SESSION_CLASS': 'user', 'TERM': 'xterm-256color', 'XDG_SESSION_ID': '6', 'PATH': '/opt/ros/jazzy/opt/gz_tools_vendor/bin:/opt/ros/jazzy/bin:/usr/local/sbin:/usr/local/bin:/usr/sbin:/usr/bin:/sbin:/bin:/usr/games:/usr/local/games:/snap/bin', 'XDG_RUNTIME_DIR': '/run/user/1000', 'LANG': 'en_US.UTF-8', 'LS_COLORS': 'rs=0:di=01;34:ln=01;36:mh=00:pi=40;33:so=01;35:do=01;35:bd=40;33;01:cd=40;33;01:or=40;31;01:mi=00:su=37;41:sg=30;43:ca=00:tw=30;42:ow=34;42:st=37;44:ex=01;32:*.tar=01;31:*.tgz=01;31:*.arc=01;31:*.arj=01;31:*.taz=01;31:*.lha=01;31:*.lz4=01;31:*.lzh=01;31:*.lzma=01;31:*.tlz=01;31:*.txz=01;31:*.tzo=01;31:*.t7z=01;31:*.zip=01;31:*.z=01;31:*.dz=01;31:*.gz=01;31:*.lrz=01;31:*.lz=01;31:*.lzo=01;31:*.xz=01;31:*.zst=01;31:*.tzst=01;31:*.bz2=01;31:*.bz=01;31:*.tbz=01;31:*.tbz2=01;31:*.tz=01;31:*.deb=01;31:*.rpm=01;31:*.jar=01;31:*.war=01;31:*.ear=01;31:*.sar=01;31:*.rar=01;31:*.alz=01;31:*.ace=01;31:*.zoo=01;31:*.cpio=01;31:*.7z=01;31:*.rz=01;31:*.cab=01;31:*.wim=01;31:*.swm=01;31:*.dwm=01;31:*.esd=01;31:*.avif=01;35:*.jpg=01;35:*.jpeg=01;35:*.mjpg=01;35:*.mjpeg=01;35:*.gif=01;35:*.bmp=01;35:*.pbm=01;35:*.pgm=01;35:*.ppm=01;35:*.tga=01;35:*.xbm=01;35:*.xpm=01;35:*.tif=01;35:*.tiff=01;35:*.png=01;35:*.svg=01;35:*.svgz=01;35:*.mng=01;35:*.pcx=01;35:*.mov=01;35:*.mpg=01;35:*.mpeg=01;35:*.m2v=01;35:*.mkv=01;35:*.webm=01;35:*.webp=01;35:*.ogm=01;35:*.mp4=01;35:*.m4v=01;35:*.mp4v=01;35:*.vob=01;35:*.qt=01;35:*.nuv=01;35:*.wmv=01;35:*.asf=01;35:*.rm=01;35:*.rmvb=01;35:*.flc=01;35:*.avi=01;35:*.fli=01;35:*.flv=01;35:*.gl=01;35:*.dl=01;35:*.xcf=01;35:*.xwd=01;35:*.yuv=01;35:*.cgm=01;35:*.emf=01;35:*.ogv=01;35:*.ogx=01;35:*.aac=00;36:*.au=00;36:*.flac=00;36:*.m4a=00;36:*.mid=00;36:*.midi=00;36:*.mka=00;36:*.mp3=00;36:*.mpc=00;36:*.ogg=00;36:*.ra=00;36:*.wav=00;36:*.oga=00;36:*.opus=00;36:*.spx=00;36:*.xspf=00;36:*~=00;90:*#=00;90:*.bak=00;90:*.crdownload=00;90:*.dpkg-dist=00;90:*.dpkg-new=00;90:*.dpkg-old=00;90:*.dpkg-tmp=00;90:*.old=00;90:*.orig=00;90:*.part=00;90:*.rej=00;90:*.rpmnew=00;90:*.rpmorig=00;90:*.rpmsave=00;90:*.swp=00;90:*.tmp=00;90:*.ucf-dist=00;90:*.ucf-new=00;90:*.ucf-old=00;90:', 'AMENT_PREFIX_PATH': '/home/bot/ros2_ws/install/robotic_arm_v3_config:/home/bot/ros2_ws/install/robotic_arm_moveit:/home/bot/ros2_ws/install/robotic_arm_model_v3:/home/bot/ros2_ws/install/robotic_arm_config:/home/bot/ros2_ws/install/pose_printer:/home/bot/ros2_ws/install/mqtt_imu:/home/bot/ros2_ws/install/moveit_controls:/home/bot/ros2_ws/install/move_program:/home/bot/ros2_ws/install/imu_controller:/home/bot/ros2_ws/install/esp32_controller:/home/bot/ros2_ws/install/cpp_pubsub:/opt/ros/jazzy', 'SHELL': '/bin/bash', 'LESSCLOSE': '/usr/bin/lesspipe %s %s', 'ROS_AUTOMATIC_DISCOVERY_RANGE': 'SUBNET', 'PWD': '/home/bot/ros2_ws/build/realsense2_camera_msgs', 'LC_ALL': 'en_US.UTF-8', 'SSH_CONNECTION': '192.168.1.199 58490 192.168.1.224 22', 'XDG_DATA_DIRS': '/usr/share/gnome:/usr/local/share:/usr/share:/var/lib/snapd/desktop', 'PYTHONPATH': '/home/bot/ros2_ws/install/pose_printer/lib/python3.12/site-packages:/home/bot/ros2_ws/install/mqtt_imu/lib/python3.12/site-packages:/home/bot/ros2_ws/install/moveit_controls/lib/python3.12/site-packages:/opt/ros/jazzy/lib/python3.12/site-packages', 'COLCON': '1', 'CMAKE_PREFIX_PATH': '/home/bot/ros2_ws/install/robotic_arm_v3_config:/home/bot/ros2_ws/install/robotic_arm_moveit:/home/bot/ros2_ws/install/robotic_arm_model_v3:/home/bot/ros2_ws/install/robotic_arm_config:/home/bot/ros2_ws/install/move_program:/home/bot/ros2_ws/install/imu_controller:/home/bot/ros2_ws/install/esp32_controller:/home/bot/ros2_ws/install/cpp_pubsub:/opt/ros/jazzy/opt/sdformat_vendor:/opt/ros/jazzy/opt/gz_math_vendor:/opt/ros/jazzy/opt/gz_utils_vendor:/opt/ros/jazzy/opt/gz_tools_vendor:/opt/ros/jazzy/opt/gz_cmake_vendor:/home/bot/ros2_ws/install/pose_printer:/home/bot/ros2_ws/install/mqtt_imu:/home/bot/ros2_ws/install/moveit_controls:/opt/ros/jazzy'}), 'shell': False}
[2.826998] (-) TimerEvent: {}
[2.866092] (realsense2_camera_msgs) StdoutLine: {'line': b'-- Install configuration: "Release"\n'}
[2.867427] (realsense2_camera_msgs) StdoutLine: {'line': b'-- Installing: /home/bot/ros2_ws/install/realsense2_camera_msgs/share/ament_index/resource_index/rosidl_interfaces/realsense2_camera_msgs\n'}
[2.870004] (realsense2_camera_msgs) StdoutLine: {'line': b'-- Installing: /home/bot/ros2_ws/install/realsense2_camera_msgs/share/realsense2_camera_msgs/msg/IMUInfo.json\n'}
[2.871941] (realsense2_camera_msgs) StdoutLine: {'line': b'-- Installing: /home/bot/ros2_ws/install/realsense2_camera_msgs/share/realsense2_camera_msgs/msg/Extrinsics.json\n'}
[2.873781] (realsense2_camera_msgs) StdoutLine: {'line': b'-- Installing: /home/bot/ros2_ws/install/realsense2_camera_msgs/share/realsense2_camera_msgs/msg/Metadata.json\n'}
[2.875561] (realsense2_camera_msgs) StdoutLine: {'line': b'-- Installing: /home/bot/ros2_ws/install/realsense2_camera_msgs/share/realsense2_camera_msgs/msg/RGBD.json\n'}
[2.877987] (realsense2_camera_msgs) StdoutLine: {'line': b'-- Installing: /home/bot/ros2_ws/install/realsense2_camera_msgs/share/realsense2_camera_msgs/srv/DeviceInfo.json\n'}
[2.879971] (realsense2_camera_msgs) StdoutLine: {'line': b'-- Installing: /home/bot/ros2_ws/install/realsense2_camera_msgs/share/realsense2_camera_msgs/srv/SafetyPresetRead.json\n'}
[2.881941] (realsense2_camera_msgs) StdoutLine: {'line': b'-- Installing: /home/bot/ros2_ws/install/realsense2_camera_msgs/share/realsense2_camera_msgs/srv/SafetyPresetWrite.json\n'}
[2.883954] (realsense2_camera_msgs) StdoutLine: {'line': b'-- Installing: /home/bot/ros2_ws/install/realsense2_camera_msgs/share/realsense2_camera_msgs/srv/SafetyInterfaceConfigRead.json\n'}
[2.886015] (realsense2_camera_msgs) StdoutLine: {'line': b'-- Installing: /home/bot/ros2_ws/install/realsense2_camera_msgs/share/realsense2_camera_msgs/srv/SafetyInterfaceConfigWrite.json\n'}
[2.888066] (realsense2_camera_msgs) StdoutLine: {'line': b'-- Installing: /home/bot/ros2_ws/install/realsense2_camera_msgs/share/realsense2_camera_msgs/srv/CalibConfigRead.json\n'}
[2.890070] (realsense2_camera_msgs) StdoutLine: {'line': b'-- Installing: /home/bot/ros2_ws/install/realsense2_camera_msgs/share/realsense2_camera_msgs/srv/CalibConfigWrite.json\n'}
[2.892077] (realsense2_camera_msgs) StdoutLine: {'line': b'-- Installing: /home/bot/ros2_ws/install/realsense2_camera_msgs/share/realsense2_camera_msgs/srv/ApplicationConfigRead.json\n'}
[2.894094] (realsense2_camera_msgs) StdoutLine: {'line': b'-- Installing: /home/bot/ros2_ws/install/realsense2_camera_msgs/share/realsense2_camera_msgs/srv/ApplicationConfigWrite.json\n'}
[2.896126] (realsense2_camera_msgs) StdoutLine: {'line': b'-- Installing: /home/bot/ros2_ws/install/realsense2_camera_msgs/share/realsense2_camera_msgs/srv/HardwareMonitorCommandSend.json\n'}
[2.898541] (realsense2_camera_msgs) StdoutLine: {'line': b'-- Installing: /home/bot/ros2_ws/install/realsense2_camera_msgs/share/realsense2_camera_msgs/action/TriggeredCalibration.json\n'}
[2.900972] (realsense2_camera_msgs) StdoutLine: {'line': b'-- Installing: /home/bot/ros2_ws/install/realsense2_camera_msgs/include/realsense2_camera_msgs/realsense2_camera_msgs\n'}
[2.901943] (realsense2_camera_msgs) StdoutLine: {'line': b'-- Installing: /home/bot/ros2_ws/install/realsense2_camera_msgs/include/realsense2_camera_msgs/realsense2_camera_msgs/srv\n'}
[2.902831] (realsense2_camera_msgs) StdoutLine: {'line': b'-- Installing: /home/bot/ros2_ws/install/realsense2_camera_msgs/include/realsense2_camera_msgs/realsense2_camera_msgs/srv/safety_preset_write.h\n'}
[2.904184] (realsense2_camera_msgs) StdoutLine: {'line': b'-- Installing: /home/bot/ros2_ws/install/realsense2_camera_msgs/include/realsense2_camera_msgs/realsense2_camera_msgs/srv/safety_interface_config_read.h\n'}
[2.905446] (realsense2_camera_msgs) StdoutLine: {'line': b'-- Installing: /home/bot/ros2_ws/install/realsense2_camera_msgs/include/realsense2_camera_msgs/realsense2_camera_msgs/srv/hardware_monitor_command_send.h\n'}
[2.906738] (realsense2_camera_msgs) StdoutLine: {'line': b'-- Installing: /home/bot/ros2_ws/install/realsense2_camera_msgs/include/realsense2_camera_msgs/realsense2_camera_msgs/srv/device_info.h\n'}
[2.907943] (realsense2_camera_msgs) StdoutLine: {'line': b'-- Installing: /home/bot/ros2_ws/install/realsense2_camera_msgs/include/realsense2_camera_msgs/realsense2_camera_msgs/srv/application_config_read.h\n'}
[2.909172] (realsense2_camera_msgs) StdoutLine: {'line': b'-- Installing: /home/bot/ros2_ws/install/realsense2_camera_msgs/include/realsense2_camera_msgs/realsense2_camera_msgs/srv/calib_config_read.h\n'}
[2.910371] (realsense2_camera_msgs) StdoutLine: {'line': b'-- Installing: /home/bot/ros2_ws/install/realsense2_camera_msgs/include/realsense2_camera_msgs/realsense2_camera_msgs/srv/application_config_write.h\n'}
[2.911706] (realsense2_camera_msgs) StdoutLine: {'line': b'-- Installing: /home/bot/ros2_ws/install/realsense2_camera_msgs/include/realsense2_camera_msgs/realsense2_camera_msgs/srv/calib_config_write.h\n'}
[2.912795] (realsense2_camera_msgs) StdoutLine: {'line': b'-- Installing: /home/bot/ros2_ws/install/realsense2_camera_msgs/include/realsense2_camera_msgs/realsense2_camera_msgs/srv/detail\n'}
[2.914258] (realsense2_camera_msgs) StdoutLine: {'line': b'-- Installing: /home/bot/ros2_ws/install/realsense2_camera_msgs/include/realsense2_camera_msgs/realsense2_camera_msgs/srv/detail/calib_config_read__functions.h\n'}
[2.915898] (realsense2_camera_msgs) StdoutLine: {'line': b'-- Installing: /home/bot/ros2_ws/install/realsense2_camera_msgs/include/realsense2_camera_msgs/realsense2_camera_msgs/srv/detail/safety_preset_write__functions.c\n'}
[2.919167] (realsense2_camera_msgs) StdoutLine: {'line': b'-- Installing: /home/bot/ros2_ws/install/realsense2_camera_msgs/include/realsense2_camera_msgs/realsense2_camera_msgs/srv/detail/hardware_monitor_command_send__functions.c\n'}
[2.921974] (realsense2_camera_msgs) StdoutLine: {'line': b'-- Installing: /home/bot/ros2_ws/install/realsense2_camera_msgs/include/realsense2_camera_msgs/realsense2_camera_msgs/srv/detail/safety_preset_write__struct.h\n'}
[2.923370] (realsense2_camera_msgs) StdoutLine: {'line': b'-- Installing: /home/bot/ros2_ws/install/realsense2_camera_msgs/include/realsense2_camera_msgs/realsense2_camera_msgs/srv/detail/safety_preset_write__type_support.c\n'}
[2.925211] (realsense2_camera_msgs) StdoutLine: {'line': b'-- Installing: /home/bot/ros2_ws/install/realsense2_camera_msgs/include/realsense2_camera_msgs/realsense2_camera_msgs/srv/detail/device_info__functions.c\n'}
[2.927120] (-) TimerEvent: {}
[2.928029] (realsense2_camera_msgs) StdoutLine: {'line': b'-- Installing: /home/bot/ros2_ws/install/realsense2_camera_msgs/include/realsense2_camera_msgs/realsense2_camera_msgs/srv/detail/hardware_monitor_command_send__struct.h\n'}
[2.929523] (realsense2_camera_msgs) StdoutLine: {'line': b'-- Installing: /home/bot/ros2_ws/install/realsense2_camera_msgs/include/realsense2_camera_msgs/realsense2_camera_msgs/srv/detail/hardware_monitor_command_send__description.c\n'}
[2.932210] (realsense2_camera_msgs) StdoutLine: {'line': b'-- Installing: /home/bot/ros2_ws/install/realsense2_camera_msgs/include/realsense2_camera_msgs/realsense2_camera_msgs/srv/detail/calib_config_read__type_support.h\n'}
[2.933556] (realsense2_camera_msgs) StdoutLine: {'line': b'-- Installing: /home/bot/ros2_ws/install/realsense2_camera_msgs/include/realsense2_camera_msgs/realsense2_camera_msgs/srv/detail/safety_interface_config_read__struct.h\n'}
[2.934950] (realsense2_camera_msgs) StdoutLine: {'line': b'-- Installing: /home/bot/ros2_ws/install/realsense2_camera_msgs/include/realsense2_camera_msgs/realsense2_camera_msgs/srv/detail/application_config_write__functions.c\n'}
[2.937787] (realsense2_camera_msgs) StdoutLine: {'line': b'-- Installing: /home/bot/ros2_ws/install/realsense2_camera_msgs/include/realsense2_camera_msgs/realsense2_camera_msgs/srv/detail/calib_config_read__struct.h\n'}
[2.939078] (realsense2_camera_msgs) StdoutLine: {'line': b'-- Installing: /home/bot/ros2_ws/install/realsense2_camera_msgs/include/realsense2_camera_msgs/realsense2_camera_msgs/srv/detail/device_info__type_support.h\n'}
[2.940390] (realsense2_camera_msgs) StdoutLine: {'line': b'-- Installing: /home/bot/ros2_ws/install/realsense2_camera_msgs/include/realsense2_camera_msgs/realsense2_camera_msgs/srv/detail/application_config_write__functions.h\n'}
[2.941984] (realsense2_camera_msgs) StdoutLine: {'line': b'-- Installing: /home/bot/ros2_ws/install/realsense2_camera_msgs/include/realsense2_camera_msgs/realsense2_camera_msgs/srv/detail/safety_interface_config_write__struct.h\n'}
[2.943350] (realsense2_camera_msgs) StdoutLine: {'line': b'-- Installing: /home/bot/ros2_ws/install/realsense2_camera_msgs/include/realsense2_camera_msgs/realsense2_camera_msgs/srv/detail/safety_interface_config_write__functions.c\n'}
[2.946125] (realsense2_camera_msgs) StdoutLine: {'line': b'-- Installing: /home/bot/ros2_ws/install/realsense2_camera_msgs/include/realsense2_camera_msgs/realsense2_camera_msgs/srv/detail/device_info__description.c\n'}
[2.948749] (realsense2_camera_msgs) StdoutLine: {'line': b'-- Installing: /home/bot/ros2_ws/install/realsense2_camera_msgs/include/realsense2_camera_msgs/realsense2_camera_msgs/srv/detail/safety_preset_read__type_support.c\n'}
[2.950571] (realsense2_camera_msgs) StdoutLine: {'line': b'-- Installing: /home/bot/ros2_ws/install/realsense2_camera_msgs/include/realsense2_camera_msgs/realsense2_camera_msgs/srv/detail/safety_interface_config_read__type_support.h\n'}
[2.951946] (realsense2_camera_msgs) StdoutLine: {'line': b'-- Installing: /home/bot/ros2_ws/install/realsense2_camera_msgs/include/realsense2_camera_msgs/realsense2_camera_msgs/srv/detail/device_info__type_support.c\n'}
[2.953775] (realsense2_camera_msgs) StdoutLine: {'line': b'-- Installing: /home/bot/ros2_ws/install/realsense2_camera_msgs/include/realsense2_camera_msgs/realsense2_camera_msgs/srv/detail/safety_preset_read__struct.h\n'}
[2.955115] (realsense2_camera_msgs) StdoutLine: {'line': b'-- Installing: /home/bot/ros2_ws/install/realsense2_camera_msgs/include/realsense2_camera_msgs/realsense2_camera_msgs/srv/detail/safety_interface_config_read__type_support.c\n'}
[2.957049] (realsense2_camera_msgs) StdoutLine: {'line': b'-- Installing: /home/bot/ros2_ws/install/realsense2_camera_msgs/include/realsense2_camera_msgs/realsense2_camera_msgs/srv/detail/safety_interface_config_write__description.c\n'}
[2.959643] (realsense2_camera_msgs) StdoutLine: {'line': b'-- Installing: /home/bot/ros2_ws/install/realsense2_camera_msgs/include/realsense2_camera_msgs/realsense2_camera_msgs/srv/detail/calib_config_write__functions.h\n'}
[2.961203] (realsense2_camera_msgs) StdoutLine: {'line': b'-- Installing: /home/bot/ros2_ws/install/realsense2_camera_msgs/include/realsense2_camera_msgs/realsense2_camera_msgs/srv/detail/safety_interface_config_read__functions.c\n'}
[2.964093] (realsense2_camera_msgs) StdoutLine: {'line': b'-- Installing: /home/bot/ros2_ws/install/realsense2_camera_msgs/include/realsense2_camera_msgs/realsense2_camera_msgs/srv/detail/application_config_write__struct.h\n'}
[2.965419] (realsense2_camera_msgs) StdoutLine: {'line': b'-- Installing: /home/bot/ros2_ws/install/realsense2_camera_msgs/include/realsense2_camera_msgs/realsense2_camera_msgs/srv/detail/calib_config_read__type_support.c\n'}
[2.967238] (realsense2_camera_msgs) StdoutLine: {'line': b'-- Installing: /home/bot/ros2_ws/install/realsense2_camera_msgs/include/realsense2_camera_msgs/realsense2_camera_msgs/srv/detail/safety_preset_write__functions.h\n'}
[2.968844] (realsense2_camera_msgs) StdoutLine: {'line': b'-- Installing: /home/bot/ros2_ws/install/realsense2_camera_msgs/include/realsense2_camera_msgs/realsense2_camera_msgs/srv/detail/calib_config_read__functions.c\n'}
[2.971622] (realsense2_camera_msgs) StdoutLine: {'line': b'-- Installing: /home/bot/ros2_ws/install/realsense2_camera_msgs/include/realsense2_camera_msgs/realsense2_camera_msgs/srv/detail/safety_interface_config_write__type_support.c\n'}
[2.973456] (realsense2_camera_msgs) StdoutLine: {'line': b'-- Installing: /home/bot/ros2_ws/install/realsense2_camera_msgs/include/realsense2_camera_msgs/realsense2_camera_msgs/srv/detail/calib_config_write__functions.c\n'}
[2.976251] (realsense2_camera_msgs) StdoutLine: {'line': b'-- Installing: /home/bot/ros2_ws/install/realsense2_camera_msgs/include/realsense2_camera_msgs/realsense2_camera_msgs/srv/detail/calib_config_read__description.c\n'}
[2.978761] (realsense2_camera_msgs) StdoutLine: {'line': b'-- Installing: /home/bot/ros2_ws/install/realsense2_camera_msgs/include/realsense2_camera_msgs/realsense2_camera_msgs/srv/detail/safety_interface_config_read__functions.h\n'}
[2.980374] (realsense2_camera_msgs) StdoutLine: {'line': b'-- Installing: /home/bot/ros2_ws/install/realsense2_camera_msgs/include/realsense2_camera_msgs/realsense2_camera_msgs/srv/detail/application_config_write__type_support.c\n'}
[2.982244] (realsense2_camera_msgs) StdoutLine: {'line': b'-- Installing: /home/bot/ros2_ws/install/realsense2_camera_msgs/include/realsense2_camera_msgs/realsense2_camera_msgs/srv/detail/application_config_read__type_support.c\n'}
[2.984126] (realsense2_camera_msgs) StdoutLine: {'line': b'-- Installing: /home/bot/ros2_ws/install/realsense2_camera_msgs/include/realsense2_camera_msgs/realsense2_camera_msgs/srv/detail/safety_interface_config_write__functions.h\n'}
[2.985773] (realsense2_camera_msgs) StdoutLine: {'line': b'-- Installing: /home/bot/ros2_ws/install/realsense2_camera_msgs/include/realsense2_camera_msgs/realsense2_camera_msgs/srv/detail/hardware_monitor_command_send__type_support.c\n'}
[2.987613] (realsense2_camera_msgs) StdoutLine: {'line': b'-- Installing: /home/bot/ros2_ws/install/realsense2_camera_msgs/include/realsense2_camera_msgs/realsense2_camera_msgs/srv/detail/safety_preset_read__functions.h\n'}
[2.989135] (realsense2_camera_msgs) StdoutLine: {'line': b'-- Installing: /home/bot/ros2_ws/install/realsense2_camera_msgs/include/realsense2_camera_msgs/realsense2_camera_msgs/srv/detail/calib_config_write__struct.h\n'}
[2.990493] (realsense2_camera_msgs) StdoutLine: {'line': b'-- Installing: /home/bot/ros2_ws/install/realsense2_camera_msgs/include/realsense2_camera_msgs/realsense2_camera_msgs/srv/detail/calib_config_write__description.c\n'}
[2.992962] (realsense2_camera_msgs) StdoutLine: {'line': b'-- Installing: /home/bot/ros2_ws/install/realsense2_camera_msgs/include/realsense2_camera_msgs/realsense2_camera_msgs/srv/detail/safety_preset_write__type_support.h\n'}
[2.994292] (realsense2_camera_msgs) StdoutLine: {'line': b'-- Installing: /home/bot/ros2_ws/install/realsense2_camera_msgs/include/realsense2_camera_msgs/realsense2_camera_msgs/srv/detail/application_config_write__description.c\n'}
[2.996859] (realsense2_camera_msgs) StdoutLine: {'line': b'-- Installing: /home/bot/ros2_ws/install/realsense2_camera_msgs/include/realsense2_camera_msgs/realsense2_camera_msgs/srv/detail/device_info__functions.h\n'}
[2.998381] (realsense2_camera_msgs) StdoutLine: {'line': b'-- Installing: /home/bot/ros2_ws/install/realsense2_camera_msgs/include/realsense2_camera_msgs/realsense2_camera_msgs/srv/detail/safety_interface_config_read__description.c\n'}
[3.001016] (realsense2_camera_msgs) StdoutLine: {'line': b'-- Installing: /home/bot/ros2_ws/install/realsense2_camera_msgs/include/realsense2_camera_msgs/realsense2_camera_msgs/srv/detail/device_info__struct.h\n'}
[3.002309] (realsense2_camera_msgs) StdoutLine: {'line': b'-- Installing: /home/bot/ros2_ws/install/realsense2_camera_msgs/include/realsense2_camera_msgs/realsense2_camera_msgs/srv/detail/safety_interface_config_write__type_support.h\n'}
[3.003721] (realsense2_camera_msgs) StdoutLine: {'line': b'-- Installing: /home/bot/ros2_ws/install/realsense2_camera_msgs/include/realsense2_camera_msgs/realsense2_camera_msgs/srv/detail/application_config_read__functions.h\n'}
[3.005262] (realsense2_camera_msgs) StdoutLine: {'line': b'-- Installing: /home/bot/ros2_ws/install/realsense2_camera_msgs/include/realsense2_camera_msgs/realsense2_camera_msgs/srv/detail/calib_config_write__type_support.h\n'}
[3.006614] (realsense2_camera_msgs) StdoutLine: {'line': b'-- Installing: /home/bot/ros2_ws/install/realsense2_camera_msgs/include/realsense2_camera_msgs/realsense2_camera_msgs/srv/detail/safety_preset_write__description.c\n'}
[3.009282] (realsense2_camera_msgs) StdoutLine: {'line': b'-- Installing: /home/bot/ros2_ws/install/realsense2_camera_msgs/include/realsense2_camera_msgs/realsense2_camera_msgs/srv/detail/application_config_read__struct.h\n'}
[3.010625] (realsense2_camera_msgs) StdoutLine: {'line': b'-- Installing: /home/bot/ros2_ws/install/realsense2_camera_msgs/include/realsense2_camera_msgs/realsense2_camera_msgs/srv/detail/application_config_read__type_support.h\n'}
[3.011997] (realsense2_camera_msgs) StdoutLine: {'line': b'-- Installing: /home/bot/ros2_ws/install/realsense2_camera_msgs/include/realsense2_camera_msgs/realsense2_camera_msgs/srv/detail/hardware_monitor_command_send__functions.h\n'}
[3.013611] (realsense2_camera_msgs) StdoutLine: {'line': b'-- Installing: /home/bot/ros2_ws/install/realsense2_camera_msgs/include/realsense2_camera_msgs/realsense2_camera_msgs/srv/detail/calib_config_write__type_support.c\n'}
[3.015430] (realsense2_camera_msgs) StdoutLine: {'line': b'-- Installing: /home/bot/ros2_ws/install/realsense2_camera_msgs/include/realsense2_camera_msgs/realsense2_camera_msgs/srv/detail/hardware_monitor_command_send__type_support.h\n'}
[3.016801] (realsense2_camera_msgs) StdoutLine: {'line': b'-- Installing: /home/bot/ros2_ws/install/realsense2_camera_msgs/include/realsense2_camera_msgs/realsense2_camera_msgs/srv/detail/safety_preset_read__type_support.h\n'}
[3.018127] (realsense2_camera_msgs) StdoutLine: {'line': b'-- Installing: /home/bot/ros2_ws/install/realsense2_camera_msgs/include/realsense2_camera_msgs/realsense2_camera_msgs/srv/detail/application_config_read__description.c\n'}
[3.020806] (realsense2_camera_msgs) StdoutLine: {'line': b'-- Installing: /home/bot/ros2_ws/install/realsense2_camera_msgs/include/realsense2_camera_msgs/realsense2_camera_msgs/srv/detail/safety_preset_read__description.c\n'}
[3.023328] (realsense2_camera_msgs) StdoutLine: {'line': b'-- Installing: /home/bot/ros2_ws/install/realsense2_camera_msgs/include/realsense2_camera_msgs/realsense2_camera_msgs/srv/detail/safety_preset_read__functions.c\n'}
[3.026115] (realsense2_camera_msgs) StdoutLine: {'line': b'-- Installing: /home/bot/ros2_ws/install/realsense2_camera_msgs/include/realsense2_camera_msgs/realsense2_camera_msgs/srv/detail/application_config_write__type_support.h\n'}
[3.027240] (-) TimerEvent: {}
[3.028277] (realsense2_camera_msgs) StdoutLine: {'line': b'-- Installing: /home/bot/ros2_ws/install/realsense2_camera_msgs/include/realsense2_camera_msgs/realsense2_camera_msgs/srv/detail/application_config_read__functions.c\n'}
[3.030563] (realsense2_camera_msgs) StdoutLine: {'line': b'-- Installing: /home/bot/ros2_ws/install/realsense2_camera_msgs/include/realsense2_camera_msgs/realsense2_camera_msgs/srv/safety_interface_config_write.h\n'}
[3.031852] (realsense2_camera_msgs) StdoutLine: {'line': b'-- Installing: /home/bot/ros2_ws/install/realsense2_camera_msgs/include/realsense2_camera_msgs/realsense2_camera_msgs/srv/safety_preset_read.h\n'}
[3.033056] (realsense2_camera_msgs) StdoutLine: {'line': b'-- Installing: /home/bot/ros2_ws/install/realsense2_camera_msgs/include/realsense2_camera_msgs/realsense2_camera_msgs/action\n'}
[3.033893] (realsense2_camera_msgs) StdoutLine: {'line': b'-- Installing: /home/bot/ros2_ws/install/realsense2_camera_msgs/include/realsense2_camera_msgs/realsense2_camera_msgs/action/triggered_calibration.h\n'}
[3.035088] (realsense2_camera_msgs) StdoutLine: {'line': b'-- Installing: /home/bot/ros2_ws/install/realsense2_camera_msgs/include/realsense2_camera_msgs/realsense2_camera_msgs/action/detail\n'}
[3.035959] (realsense2_camera_msgs) StdoutLine: {'line': b'-- Installing: /home/bot/ros2_ws/install/realsense2_camera_msgs/include/realsense2_camera_msgs/realsense2_camera_msgs/action/detail/triggered_calibration__functions.h\n'}
[3.038077] (realsense2_camera_msgs) StdoutLine: {'line': b'-- Installing: /home/bot/ros2_ws/install/realsense2_camera_msgs/include/realsense2_camera_msgs/realsense2_camera_msgs/action/detail/triggered_calibration__type_support.c\n'}
[3.040472] (realsense2_camera_msgs) StdoutLine: {'line': b'-- Installing: /home/bot/ros2_ws/install/realsense2_camera_msgs/include/realsense2_camera_msgs/realsense2_camera_msgs/action/detail/triggered_calibration__functions.c\n'}
[3.045320] (realsense2_camera_msgs) StdoutLine: {'line': b'-- Installing: /home/bot/ros2_ws/install/realsense2_camera_msgs/include/realsense2_camera_msgs/realsense2_camera_msgs/action/detail/triggered_calibration__struct.h\n'}
[3.046732] (realsense2_camera_msgs) StdoutLine: {'line': b'-- Installing: /home/bot/ros2_ws/install/realsense2_camera_msgs/include/realsense2_camera_msgs/realsense2_camera_msgs/action/detail/triggered_calibration__type_support.h\n'}
[3.048252] (realsense2_camera_msgs) StdoutLine: {'line': b'-- Installing: /home/bot/ros2_ws/install/realsense2_camera_msgs/include/realsense2_camera_msgs/realsense2_camera_msgs/action/detail/triggered_calibration__description.c\n'}
[3.052719] (realsense2_camera_msgs) StdoutLine: {'line': b'-- Installing: /home/bot/ros2_ws/install/realsense2_camera_msgs/include/realsense2_camera_msgs/realsense2_camera_msgs/msg\n'}
[3.053522] (realsense2_camera_msgs) StdoutLine: {'line': b'-- Installing: /home/bot/ros2_ws/install/realsense2_camera_msgs/include/realsense2_camera_msgs/realsense2_camera_msgs/msg/imu_info.h\n'}
[3.055227] (realsense2_camera_msgs) StdoutLine: {'line': b'-- Installing: /home/bot/ros2_ws/install/realsense2_camera_msgs/include/realsense2_camera_msgs/realsense2_camera_msgs/msg/rgbd.h\n'}
[3.056894] (realsense2_camera_msgs) StdoutLine: {'line': b'-- Installing: /home/bot/ros2_ws/install/realsense2_camera_msgs/include/realsense2_camera_msgs/realsense2_camera_msgs/msg/metadata.h\n'}
[3.058560] (realsense2_camera_msgs) StdoutLine: {'line': b'-- Installing: /home/bot/ros2_ws/install/realsense2_camera_msgs/include/realsense2_camera_msgs/realsense2_camera_msgs/msg/extrinsics.h\n'}
[3.060294] (realsense2_camera_msgs) StdoutLine: {'line': b'-- Installing: /home/bot/ros2_ws/install/realsense2_camera_msgs/include/realsense2_camera_msgs/realsense2_camera_msgs/msg/rosidl_generator_c__visibility_control.h\n'}
[3.061549] (realsense2_camera_msgs) StdoutLine: {'line': b'-- Installing: /home/bot/ros2_ws/install/realsense2_camera_msgs/include/realsense2_camera_msgs/realsense2_camera_msgs/msg/detail\n'}
[3.062669] (realsense2_camera_msgs) StdoutLine: {'line': b'-- Installing: /home/bot/ros2_ws/install/realsense2_camera_msgs/include/realsense2_camera_msgs/realsense2_camera_msgs/msg/detail/rgbd__type_support.c\n'}
[3.064430] (realsense2_camera_msgs) StdoutLine: {'line': b'-- Installing: /home/bot/ros2_ws/install/realsense2_camera_msgs/include/realsense2_camera_msgs/realsense2_camera_msgs/msg/detail/extrinsics__description.c\n'}
[3.066182] (realsense2_camera_msgs) StdoutLine: {'line': b'-- Installing: /home/bot/ros2_ws/install/realsense2_camera_msgs/include/realsense2_camera_msgs/realsense2_camera_msgs/msg/detail/extrinsics__type_support.h\n'}
[3.067480] (realsense2_camera_msgs) StdoutLine: {'line': b'-- Installing: /home/bot/ros2_ws/install/realsense2_camera_msgs/include/realsense2_camera_msgs/realsense2_camera_msgs/msg/detail/extrinsics__functions.h\n'}
[3.068834] (realsense2_camera_msgs) StdoutLine: {'line': b'-- Installing: /home/bot/ros2_ws/install/realsense2_camera_msgs/include/realsense2_camera_msgs/realsense2_camera_msgs/msg/detail/metadata__struct.h\n'}
[3.070100] (realsense2_camera_msgs) StdoutLine: {'line': b'-- Installing: /home/bot/ros2_ws/install/realsense2_camera_msgs/include/realsense2_camera_msgs/realsense2_camera_msgs/msg/detail/metadata__functions.c\n'}
[3.072019] (realsense2_camera_msgs) StdoutLine: {'line': b'-- Installing: /home/bot/ros2_ws/install/realsense2_camera_msgs/include/realsense2_camera_msgs/realsense2_camera_msgs/msg/detail/rgbd__description.c\n'}
[3.074030] (realsense2_camera_msgs) StdoutLine: {'line': b'-- Installing: /home/bot/ros2_ws/install/realsense2_camera_msgs/include/realsense2_camera_msgs/realsense2_camera_msgs/msg/detail/imu_info__description.c\n'}
[3.075980] (realsense2_camera_msgs) StdoutLine: {'line': b'-- Installing: /home/bot/ros2_ws/install/realsense2_camera_msgs/include/realsense2_camera_msgs/realsense2_camera_msgs/msg/detail/metadata__type_support.h\n'}
[3.077272] (realsense2_camera_msgs) StdoutLine: {'line': b'-- Installing: /home/bot/ros2_ws/install/realsense2_camera_msgs/include/realsense2_camera_msgs/realsense2_camera_msgs/msg/detail/imu_info__struct.h\n'}
[3.078543] (realsense2_camera_msgs) StdoutLine: {'line': b'-- Installing: /home/bot/ros2_ws/install/realsense2_camera_msgs/include/realsense2_camera_msgs/realsense2_camera_msgs/msg/detail/rgbd__functions.c\n'}
[3.080572] (realsense2_camera_msgs) StdoutLine: {'line': b'-- Installing: /home/bot/ros2_ws/install/realsense2_camera_msgs/include/realsense2_camera_msgs/realsense2_camera_msgs/msg/detail/extrinsics__type_support.c\n'}
[3.082266] (realsense2_camera_msgs) StdoutLine: {'line': b'-- Installing: /home/bot/ros2_ws/install/realsense2_camera_msgs/include/realsense2_camera_msgs/realsense2_camera_msgs/msg/detail/rgbd__struct.h\n'}
[3.083545] (realsense2_camera_msgs) StdoutLine: {'line': b'-- Installing: /home/bot/ros2_ws/install/realsense2_camera_msgs/include/realsense2_camera_msgs/realsense2_camera_msgs/msg/detail/metadata__type_support.c\n'}
[3.085283] (realsense2_camera_msgs) StdoutLine: {'line': b'-- Installing: /home/bot/ros2_ws/install/realsense2_camera_msgs/include/realsense2_camera_msgs/realsense2_camera_msgs/msg/detail/extrinsics__struct.h\n'}
[3.086589] (realsense2_camera_msgs) StdoutLine: {'line': b'-- Installing: /home/bot/ros2_ws/install/realsense2_camera_msgs/include/realsense2_camera_msgs/realsense2_camera_msgs/msg/detail/imu_info__type_support.h\n'}
[3.087843] (realsense2_camera_msgs) StdoutLine: {'line': b'-- Installing: /home/bot/ros2_ws/install/realsense2_camera_msgs/include/realsense2_camera_msgs/realsense2_camera_msgs/msg/detail/imu_info__functions.h\n'}
[3.089215] (realsense2_camera_msgs) StdoutLine: {'line': b'-- Installing: /home/bot/ros2_ws/install/realsense2_camera_msgs/include/realsense2_camera_msgs/realsense2_camera_msgs/msg/detail/imu_info__functions.c\n'}
[3.091121] (realsense2_camera_msgs) StdoutLine: {'line': b'-- Installing: /home/bot/ros2_ws/install/realsense2_camera_msgs/include/realsense2_camera_msgs/realsense2_camera_msgs/msg/detail/rgbd__functions.h\n'}
[3.092460] (realsense2_camera_msgs) StdoutLine: {'line': b'-- Installing: /home/bot/ros2_ws/install/realsense2_camera_msgs/include/realsense2_camera_msgs/realsense2_camera_msgs/msg/detail/extrinsics__functions.c\n'}
[3.094551] (realsense2_camera_msgs) StdoutLine: {'line': b'-- Installing: /home/bot/ros2_ws/install/realsense2_camera_msgs/include/realsense2_camera_msgs/realsense2_camera_msgs/msg/detail/metadata__description.c\n'}
[3.096452] (realsense2_camera_msgs) StdoutLine: {'line': b'-- Installing: /home/bot/ros2_ws/install/realsense2_camera_msgs/include/realsense2_camera_msgs/realsense2_camera_msgs/msg/detail/imu_info__type_support.c\n'}
[3.098195] (realsense2_camera_msgs) StdoutLine: {'line': b'-- Installing: /home/bot/ros2_ws/install/realsense2_camera_msgs/include/realsense2_camera_msgs/realsense2_camera_msgs/msg/detail/metadata__functions.h\n'}
[3.099558] (realsense2_camera_msgs) StdoutLine: {'line': b'-- Installing: /home/bot/ros2_ws/install/realsense2_camera_msgs/include/realsense2_camera_msgs/realsense2_camera_msgs/msg/detail/rgbd__type_support.h\n'}
[3.101519] (realsense2_camera_msgs) StdoutLine: {'line': b'-- Installing: /home/bot/ros2_ws/install/realsense2_camera_msgs/share/realsense2_camera_msgs/environment/library_path.sh\n'}
[3.103579] (realsense2_camera_msgs) StdoutLine: {'line': b'-- Installing: /home/bot/ros2_ws/install/realsense2_camera_msgs/share/realsense2_camera_msgs/environment/library_path.dsv\n'}
[3.105810] (realsense2_camera_msgs) StdoutLine: {'line': b'-- Installing: /home/bot/ros2_ws/install/realsense2_camera_msgs/lib/librealsense2_camera_msgs__rosidl_generator_c.so\n'}
[3.115101] (realsense2_camera_msgs) StdoutLine: {'line': b'-- Set non-toolchain portion of runtime path of "/home/bot/ros2_ws/install/realsense2_camera_msgs/lib/librealsense2_camera_msgs__rosidl_generator_c.so" to ""\n'}
[3.115756] (realsense2_camera_msgs) StdoutLine: {'line': b'-- Up-to-date: /home/bot/ros2_ws/install/realsense2_camera_msgs/include/realsense2_camera_msgs/realsense2_camera_msgs\n'}
[3.116265] (realsense2_camera_msgs) StdoutLine: {'line': b'-- Up-to-date: /home/bot/ros2_ws/install/realsense2_camera_msgs/include/realsense2_camera_msgs/realsense2_camera_msgs/srv\n'}
[3.116745] (realsense2_camera_msgs) StdoutLine: {'line': b'-- Up-to-date: /home/bot/ros2_ws/install/realsense2_camera_msgs/include/realsense2_camera_msgs/realsense2_camera_msgs/srv/detail\n'}
[3.117310] (realsense2_camera_msgs) StdoutLine: {'line': b'-- Installing: /home/bot/ros2_ws/install/realsense2_camera_msgs/include/realsense2_camera_msgs/realsense2_camera_msgs/srv/detail/application_config_read__rosidl_typesupport_fastrtps_c.h\n'}
[3.118866] (realsense2_camera_msgs) StdoutLine: {'line': b'-- Installing: /home/bot/ros2_ws/install/realsense2_camera_msgs/include/realsense2_camera_msgs/realsense2_camera_msgs/srv/detail/safety_preset_read__rosidl_typesupport_fastrtps_c.h\n'}
[3.120438] (realsense2_camera_msgs) StdoutLine: {'line': b'-- Installing: /home/bot/ros2_ws/install/realsense2_camera_msgs/include/realsense2_camera_msgs/realsense2_camera_msgs/srv/detail/safety_preset_write__rosidl_typesupport_fastrtps_c.h\n'}
[3.121910] (realsense2_camera_msgs) StdoutLine: {'line': b'-- Installing: /home/bot/ros2_ws/install/realsense2_camera_msgs/include/realsense2_camera_msgs/realsense2_camera_msgs/srv/detail/calib_config_read__rosidl_typesupport_fastrtps_c.h\n'}
[3.123450] (realsense2_camera_msgs) StdoutLine: {'line': b'-- Installing: /home/bot/ros2_ws/install/realsense2_camera_msgs/include/realsense2_camera_msgs/realsense2_camera_msgs/srv/detail/calib_config_write__rosidl_typesupport_fastrtps_c.h\n'}
[3.124941] (realsense2_camera_msgs) StdoutLine: {'line': b'-- Installing: /home/bot/ros2_ws/install/realsense2_camera_msgs/include/realsense2_camera_msgs/realsense2_camera_msgs/srv/detail/hardware_monitor_command_send__rosidl_typesupport_fastrtps_c.h\n'}
[3.126599] (realsense2_camera_msgs) StdoutLine: {'line': b'-- Installing: /home/bot/ros2_ws/install/realsense2_camera_msgs/include/realsense2_camera_msgs/realsense2_camera_msgs/srv/detail/application_config_write__rosidl_typesupport_fastrtps_c.h\n'}
[3.127363] (-) TimerEvent: {}
[3.128155] (realsense2_camera_msgs) StdoutLine: {'line': b'-- Installing: /home/bot/ros2_ws/install/realsense2_camera_msgs/include/realsense2_camera_msgs/realsense2_camera_msgs/srv/detail/device_info__rosidl_typesupport_fastrtps_c.h\n'}
[3.129718] (realsense2_camera_msgs) StdoutLine: {'line': b'-- Installing: /home/bot/ros2_ws/install/realsense2_camera_msgs/include/realsense2_camera_msgs/realsense2_camera_msgs/srv/detail/safety_interface_config_read__rosidl_typesupport_fastrtps_c.h\n'}
[3.131291] (realsense2_camera_msgs) StdoutLine: {'line': b'-- Installing: /home/bot/ros2_ws/install/realsense2_camera_msgs/include/realsense2_camera_msgs/realsense2_camera_msgs/srv/detail/safety_interface_config_write__rosidl_typesupport_fastrtps_c.h\n'}
[3.132779] (realsense2_camera_msgs) StdoutLine: {'line': b'-- Up-to-date: /home/bot/ros2_ws/install/realsense2_camera_msgs/include/realsense2_camera_msgs/realsense2_camera_msgs/action\n'}
[3.133371] (realsense2_camera_msgs) StdoutLine: {'line': b'-- Up-to-date: /home/bot/ros2_ws/install/realsense2_camera_msgs/include/realsense2_camera_msgs/realsense2_camera_msgs/action/detail\n'}
[3.133978] (realsense2_camera_msgs) StdoutLine: {'line': b'-- Installing: /home/bot/ros2_ws/install/realsense2_camera_msgs/include/realsense2_camera_msgs/realsense2_camera_msgs/action/detail/triggered_calibration__rosidl_typesupport_fastrtps_c.h\n'}
[3.135527] (realsense2_camera_msgs) StdoutLine: {'line': b'-- Up-to-date: /home/bot/ros2_ws/install/realsense2_camera_msgs/include/realsense2_camera_msgs/realsense2_camera_msgs/msg\n'}
[3.136097] (realsense2_camera_msgs) StdoutLine: {'line': b'-- Installing: /home/bot/ros2_ws/install/realsense2_camera_msgs/include/realsense2_camera_msgs/realsense2_camera_msgs/msg/rosidl_typesupport_fastrtps_c__visibility_control.h\n'}
[3.137544] (realsense2_camera_msgs) StdoutLine: {'line': b'-- Up-to-date: /home/bot/ros2_ws/install/realsense2_camera_msgs/include/realsense2_camera_msgs/realsense2_camera_msgs/msg/detail\n'}
[3.138149] (realsense2_camera_msgs) StdoutLine: {'line': b'-- Installing: /home/bot/ros2_ws/install/realsense2_camera_msgs/include/realsense2_camera_msgs/realsense2_camera_msgs/msg/detail/metadata__rosidl_typesupport_fastrtps_c.h\n'}
[3.139684] (realsense2_camera_msgs) StdoutLine: {'line': b'-- Installing: /home/bot/ros2_ws/install/realsense2_camera_msgs/include/realsense2_camera_msgs/realsense2_camera_msgs/msg/detail/imu_info__rosidl_typesupport_fastrtps_c.h\n'}
[3.141055] (realsense2_camera_msgs) StdoutLine: {'line': b'-- Installing: /home/bot/ros2_ws/install/realsense2_camera_msgs/include/realsense2_camera_msgs/realsense2_camera_msgs/msg/detail/rgbd__rosidl_typesupport_fastrtps_c.h\n'}
[3.142442] (realsense2_camera_msgs) StdoutLine: {'line': b'-- Installing: /home/bot/ros2_ws/install/realsense2_camera_msgs/include/realsense2_camera_msgs/realsense2_camera_msgs/msg/detail/extrinsics__rosidl_typesupport_fastrtps_c.h\n'}
[3.144263] (realsense2_camera_msgs) StdoutLine: {'line': b'-- Installing: /home/bot/ros2_ws/install/realsense2_camera_msgs/lib/librealsense2_camera_msgs__rosidl_typesupport_fastrtps_c.so\n'}
[3.149933] (realsense2_camera_msgs) StdoutLine: {'line': b'-- Set non-toolchain portion of runtime path of "/home/bot/ros2_ws/install/realsense2_camera_msgs/lib/librealsense2_camera_msgs__rosidl_typesupport_fastrtps_c.so" to ""\n'}
[3.150596] (realsense2_camera_msgs) StdoutLine: {'line': b'-- Up-to-date: /home/bot/ros2_ws/install/realsense2_camera_msgs/include/realsense2_camera_msgs/realsense2_camera_msgs\n'}
[3.151234] (realsense2_camera_msgs) StdoutLine: {'line': b'-- Up-to-date: /home/bot/ros2_ws/install/realsense2_camera_msgs/include/realsense2_camera_msgs/realsense2_camera_msgs/srv\n'}
[3.151693] (realsense2_camera_msgs) StdoutLine: {'line': b'-- Up-to-date: /home/bot/ros2_ws/install/realsense2_camera_msgs/include/realsense2_camera_msgs/realsense2_camera_msgs/srv/detail\n'}
[3.152166] (realsense2_camera_msgs) StdoutLine: {'line': b'-- Installing: /home/bot/ros2_ws/install/realsense2_camera_msgs/include/realsense2_camera_msgs/realsense2_camera_msgs/srv/detail/application_config_write__rosidl_typesupport_introspection_c.h\n'}
[3.153750] (realsense2_camera_msgs) StdoutLine: {'line': b'-- Installing: /home/bot/ros2_ws/install/realsense2_camera_msgs/include/realsense2_camera_msgs/realsense2_camera_msgs/srv/detail/device_info__rosidl_typesupport_introspection_c.h\n'}
[3.155143] (realsense2_camera_msgs) StdoutLine: {'line': b'-- Installing: /home/bot/ros2_ws/install/realsense2_camera_msgs/include/realsense2_camera_msgs/realsense2_camera_msgs/srv/detail/safety_preset_write__type_support.c\n'}
[3.156919] (realsense2_camera_msgs) StdoutLine: {'line': b'-- Installing: /home/bot/ros2_ws/install/realsense2_camera_msgs/include/realsense2_camera_msgs/realsense2_camera_msgs/srv/detail/safety_interface_config_read__rosidl_typesupport_introspection_c.h\n'}
[3.158444] (realsense2_camera_msgs) StdoutLine: {'line': b'-- Installing: /home/bot/ros2_ws/install/realsense2_camera_msgs/include/realsense2_camera_msgs/realsense2_camera_msgs/srv/detail/hardware_monitor_command_send__rosidl_typesupport_introspection_c.h\n'}
[3.159947] (realsense2_camera_msgs) StdoutLine: {'line': b'-- Installing: /home/bot/ros2_ws/install/realsense2_camera_msgs/include/realsense2_camera_msgs/realsense2_camera_msgs/srv/detail/application_config_read__rosidl_typesupport_introspection_c.h\n'}
[3.161390] (realsense2_camera_msgs) StdoutLine: {'line': b'-- Installing: /home/bot/ros2_ws/install/realsense2_camera_msgs/include/realsense2_camera_msgs/realsense2_camera_msgs/srv/detail/safety_preset_read__type_support.c\n'}
[3.163202] (realsense2_camera_msgs) StdoutLine: {'line': b'-- Installing: /home/bot/ros2_ws/install/realsense2_camera_msgs/include/realsense2_camera_msgs/realsense2_camera_msgs/srv/detail/safety_preset_read__rosidl_typesupport_introspection_c.h\n'}
[3.164627] (realsense2_camera_msgs) StdoutLine: {'line': b'-- Installing: /home/bot/ros2_ws/install/realsense2_camera_msgs/include/realsense2_camera_msgs/realsense2_camera_msgs/srv/detail/device_info__type_support.c\n'}
[3.166369] (realsense2_camera_msgs) StdoutLine: {'line': b'-- Installing: /home/bot/ros2_ws/install/realsense2_camera_msgs/include/realsense2_camera_msgs/realsense2_camera_msgs/srv/detail/safety_preset_write__rosidl_typesupport_introspection_c.h\n'}
[3.167866] (realsense2_camera_msgs) StdoutLine: {'line': b'-- Installing: /home/bot/ros2_ws/install/realsense2_camera_msgs/include/realsense2_camera_msgs/realsense2_camera_msgs/srv/detail/safety_interface_config_read__type_support.c\n'}
[3.169653] (realsense2_camera_msgs) StdoutLine: {'line': b'-- Installing: /home/bot/ros2_ws/install/realsense2_camera_msgs/include/realsense2_camera_msgs/realsense2_camera_msgs/srv/detail/calib_config_read__type_support.c\n'}
[3.171323] (realsense2_camera_msgs) StdoutLine: {'line': b'-- Installing: /home/bot/ros2_ws/install/realsense2_camera_msgs/include/realsense2_camera_msgs/realsense2_camera_msgs/srv/detail/safety_interface_config_write__type_support.c\n'}
[3.173122] (realsense2_camera_msgs) StdoutLine: {'line': b'-- Installing: /home/bot/ros2_ws/install/realsense2_camera_msgs/include/realsense2_camera_msgs/realsense2_camera_msgs/srv/detail/safety_interface_config_write__rosidl_typesupport_introspection_c.h\n'}
[3.174676] (realsense2_camera_msgs) StdoutLine: {'line': b'-- Installing: /home/bot/ros2_ws/install/realsense2_camera_msgs/include/realsense2_camera_msgs/realsense2_camera_msgs/srv/detail/calib_config_write__rosidl_typesupport_introspection_c.h\n'}
[3.176136] (realsense2_camera_msgs) StdoutLine: {'line': b'-- Installing: /home/bot/ros2_ws/install/realsense2_camera_msgs/include/realsense2_camera_msgs/realsense2_camera_msgs/srv/detail/application_config_write__type_support.c\n'}
[3.177894] (realsense2_camera_msgs) StdoutLine: {'line': b'-- Installing: /home/bot/ros2_ws/install/realsense2_camera_msgs/include/realsense2_camera_msgs/realsense2_camera_msgs/srv/detail/application_config_read__type_support.c\n'}
[3.179671] (realsense2_camera_msgs) StdoutLine: {'line': b'-- Installing: /home/bot/ros2_ws/install/realsense2_camera_msgs/include/realsense2_camera_msgs/realsense2_camera_msgs/srv/detail/hardware_monitor_command_send__type_support.c\n'}
[3.181550] (realsense2_camera_msgs) StdoutLine: {'line': b'-- Installing: /home/bot/ros2_ws/install/realsense2_camera_msgs/include/realsense2_camera_msgs/realsense2_camera_msgs/srv/detail/calib_config_read__rosidl_typesupport_introspection_c.h\n'}
[3.183006] (realsense2_camera_msgs) StdoutLine: {'line': b'-- Installing: /home/bot/ros2_ws/install/realsense2_camera_msgs/include/realsense2_camera_msgs/realsense2_camera_msgs/srv/detail/calib_config_write__type_support.c\n'}
[3.184646] (realsense2_camera_msgs) StdoutLine: {'line': b'-- Up-to-date: /home/bot/ros2_ws/install/realsense2_camera_msgs/include/realsense2_camera_msgs/realsense2_camera_msgs/action\n'}
[3.185177] (realsense2_camera_msgs) StdoutLine: {'line': b'-- Up-to-date: /home/bot/ros2_ws/install/realsense2_camera_msgs/include/realsense2_camera_msgs/realsense2_camera_msgs/action/detail\n'}
[3.185684] (realsense2_camera_msgs) StdoutLine: {'line': b'-- Installing: /home/bot/ros2_ws/install/realsense2_camera_msgs/include/realsense2_camera_msgs/realsense2_camera_msgs/action/detail/triggered_calibration__type_support.c\n'}
[3.188047] (realsense2_camera_msgs) StdoutLine: {'line': b'-- Installing: /home/bot/ros2_ws/install/realsense2_camera_msgs/include/realsense2_camera_msgs/realsense2_camera_msgs/action/detail/triggered_calibration__rosidl_typesupport_introspection_c.h\n'}
[3.189479] (realsense2_camera_msgs) StdoutLine: {'line': b'-- Up-to-date: /home/bot/ros2_ws/install/realsense2_camera_msgs/include/realsense2_camera_msgs/realsense2_camera_msgs/msg\n'}
[3.190031] (realsense2_camera_msgs) StdoutLine: {'line': b'-- Installing: /home/bot/ros2_ws/install/realsense2_camera_msgs/include/realsense2_camera_msgs/realsense2_camera_msgs/msg/rosidl_typesupport_introspection_c__visibility_control.h\n'}
[3.191426] (realsense2_camera_msgs) StdoutLine: {'line': b'-- Up-to-date: /home/bot/ros2_ws/install/realsense2_camera_msgs/include/realsense2_camera_msgs/realsense2_camera_msgs/msg/detail\n'}
[3.192034] (realsense2_camera_msgs) StdoutLine: {'line': b'-- Installing: /home/bot/ros2_ws/install/realsense2_camera_msgs/include/realsense2_camera_msgs/realsense2_camera_msgs/msg/detail/rgbd__type_support.c\n'}
[3.193576] (realsense2_camera_msgs) StdoutLine: {'line': b'-- Installing: /home/bot/ros2_ws/install/realsense2_camera_msgs/include/realsense2_camera_msgs/realsense2_camera_msgs/msg/detail/rgbd__rosidl_typesupport_introspection_c.h\n'}
[3.194984] (realsense2_camera_msgs) StdoutLine: {'line': b'-- Installing: /home/bot/ros2_ws/install/realsense2_camera_msgs/include/realsense2_camera_msgs/realsense2_camera_msgs/msg/detail/extrinsics__rosidl_typesupport_introspection_c.h\n'}
[3.196367] (realsense2_camera_msgs) StdoutLine: {'line': b'-- Installing: /home/bot/ros2_ws/install/realsense2_camera_msgs/include/realsense2_camera_msgs/realsense2_camera_msgs/msg/detail/extrinsics__type_support.c\n'}
[3.197892] (realsense2_camera_msgs) StdoutLine: {'line': b'-- Installing: /home/bot/ros2_ws/install/realsense2_camera_msgs/include/realsense2_camera_msgs/realsense2_camera_msgs/msg/detail/metadata__type_support.c\n'}
[3.199351] (realsense2_camera_msgs) StdoutLine: {'line': b'-- Installing: /home/bot/ros2_ws/install/realsense2_camera_msgs/include/realsense2_camera_msgs/realsense2_camera_msgs/msg/detail/imu_info__rosidl_typesupport_introspection_c.h\n'}
[3.200789] (realsense2_camera_msgs) StdoutLine: {'line': b'-- Installing: /home/bot/ros2_ws/install/realsense2_camera_msgs/include/realsense2_camera_msgs/realsense2_camera_msgs/msg/detail/metadata__rosidl_typesupport_introspection_c.h\n'}
[3.202188] (realsense2_camera_msgs) StdoutLine: {'line': b'-- Installing: /home/bot/ros2_ws/install/realsense2_camera_msgs/include/realsense2_camera_msgs/realsense2_camera_msgs/msg/detail/imu_info__type_support.c\n'}
[3.204056] (realsense2_camera_msgs) StdoutLine: {'line': b'-- Installing: /home/bot/ros2_ws/install/realsense2_camera_msgs/lib/librealsense2_camera_msgs__rosidl_typesupport_introspection_c.so\n'}
[3.209367] (realsense2_camera_msgs) StdoutLine: {'line': b'-- Set non-toolchain portion of runtime path of "/home/bot/ros2_ws/install/realsense2_camera_msgs/lib/librealsense2_camera_msgs__rosidl_typesupport_introspection_c.so" to ""\n'}
[3.210176] (realsense2_camera_msgs) StdoutLine: {'line': b'-- Installing: /home/bot/ros2_ws/install/realsense2_camera_msgs/lib/librealsense2_camera_msgs__rosidl_typesupport_c.so\n'}
[3.214115] (realsense2_camera_msgs) StdoutLine: {'line': b'-- Set non-toolchain portion of runtime path of "/home/bot/ros2_ws/install/realsense2_camera_msgs/lib/librealsense2_camera_msgs__rosidl_typesupport_c.so" to ""\n'}
[3.214777] (realsense2_camera_msgs) StdoutLine: {'line': b'-- Up-to-date: /home/bot/ros2_ws/install/realsense2_camera_msgs/include/realsense2_camera_msgs/realsense2_camera_msgs\n'}
[3.215280] (realsense2_camera_msgs) StdoutLine: {'line': b'-- Up-to-date: /home/bot/ros2_ws/install/realsense2_camera_msgs/include/realsense2_camera_msgs/realsense2_camera_msgs/srv\n'}
[3.215781] (realsense2_camera_msgs) StdoutLine: {'line': b'-- Installing: /home/bot/ros2_ws/install/realsense2_camera_msgs/include/realsense2_camera_msgs/realsense2_camera_msgs/srv/application_config_read.hpp\n'}
[3.217558] (realsense2_camera_msgs) StdoutLine: {'line': b'-- Installing: /home/bot/ros2_ws/install/realsense2_camera_msgs/include/realsense2_camera_msgs/realsense2_camera_msgs/srv/calib_config_read.hpp\n'}
[3.219320] (realsense2_camera_msgs) StdoutLine: {'line': b'-- Installing: /home/bot/ros2_ws/install/realsense2_camera_msgs/include/realsense2_camera_msgs/realsense2_camera_msgs/srv/calib_config_write.hpp\n'}
[3.221083] (realsense2_camera_msgs) StdoutLine: {'line': b'-- Installing: /home/bot/ros2_ws/install/realsense2_camera_msgs/include/realsense2_camera_msgs/realsense2_camera_msgs/srv/safety_preset_read.hpp\n'}
[3.222859] (realsense2_camera_msgs) StdoutLine: {'line': b'-- Installing: /home/bot/ros2_ws/install/realsense2_camera_msgs/include/realsense2_camera_msgs/realsense2_camera_msgs/srv/safety_interface_config_write.hpp\n'}
[3.224699] (realsense2_camera_msgs) StdoutLine: {'line': b'-- Installing: /home/bot/ros2_ws/install/realsense2_camera_msgs/include/realsense2_camera_msgs/realsense2_camera_msgs/srv/safety_interface_config_read.hpp\n'}
[3.226443] (realsense2_camera_msgs) StdoutLine: {'line': b'-- Installing: /home/bot/ros2_ws/install/realsense2_camera_msgs/include/realsense2_camera_msgs/realsense2_camera_msgs/srv/device_info.hpp\n'}
[3.227481] (-) TimerEvent: {}
[3.228201] (realsense2_camera_msgs) StdoutLine: {'line': b'-- Installing: /home/bot/ros2_ws/install/realsense2_camera_msgs/include/realsense2_camera_msgs/realsense2_camera_msgs/srv/hardware_monitor_command_send.hpp\n'}
[3.230190] (realsense2_camera_msgs) StdoutLine: {'line': b'-- Installing: /home/bot/ros2_ws/install/realsense2_camera_msgs/include/realsense2_camera_msgs/realsense2_camera_msgs/srv/application_config_write.hpp\n'}
[3.231907] (realsense2_camera_msgs) StdoutLine: {'line': b'-- Up-to-date: /home/bot/ros2_ws/install/realsense2_camera_msgs/include/realsense2_camera_msgs/realsense2_camera_msgs/srv/detail\n'}
[3.232879] (realsense2_camera_msgs) StdoutLine: {'line': b'-- Installing: /home/bot/ros2_ws/install/realsense2_camera_msgs/include/realsense2_camera_msgs/realsense2_camera_msgs/srv/detail/application_config_read__builder.hpp\n'}
[3.235129] (realsense2_camera_msgs) StdoutLine: {'line': b'-- Installing: /home/bot/ros2_ws/install/realsense2_camera_msgs/include/realsense2_camera_msgs/realsense2_camera_msgs/srv/detail/safety_preset_write__type_support.hpp\n'}
[3.236992] (realsense2_camera_msgs) StdoutLine: {'line': b'-- Installing: /home/bot/ros2_ws/install/realsense2_camera_msgs/include/realsense2_camera_msgs/realsense2_camera_msgs/srv/detail/application_config_read__type_support.hpp\n'}
[3.239327] (realsense2_camera_msgs) StdoutLine: {'line': b'-- Installing: /home/bot/ros2_ws/install/realsense2_camera_msgs/include/realsense2_camera_msgs/realsense2_camera_msgs/srv/detail/calib_config_write__traits.hpp\n'}
[3.241492] (realsense2_camera_msgs) StdoutLine: {'line': b'-- Installing: /home/bot/ros2_ws/install/realsense2_camera_msgs/include/realsense2_camera_msgs/realsense2_camera_msgs/srv/detail/safety_interface_config_write__traits.hpp\n'}
[3.243631] (realsense2_camera_msgs) StdoutLine: {'line': b'-- Installing: /home/bot/ros2_ws/install/realsense2_camera_msgs/include/realsense2_camera_msgs/realsense2_camera_msgs/srv/detail/safety_interface_config_write__struct.hpp\n'}
[3.245131] (realsense2_camera_msgs) StdoutLine: {'line': b'-- Installing: /home/bot/ros2_ws/install/realsense2_camera_msgs/include/realsense2_camera_msgs/realsense2_camera_msgs/srv/detail/device_info__traits.hpp\n'}
[3.247385] (realsense2_camera_msgs) StdoutLine: {'line': b'-- Installing: /home/bot/ros2_ws/install/realsense2_camera_msgs/include/realsense2_camera_msgs/realsense2_camera_msgs/srv/detail/safety_preset_read__builder.hpp\n'}
[3.249350] (realsense2_camera_msgs) StdoutLine: {'line': b'-- Installing: /home/bot/ros2_ws/install/realsense2_camera_msgs/include/realsense2_camera_msgs/realsense2_camera_msgs/srv/detail/device_info__struct.hpp\n'}
[3.250893] (realsense2_camera_msgs) StdoutLine: {'line': b'-- Installing: /home/bot/ros2_ws/install/realsense2_camera_msgs/include/realsense2_camera_msgs/realsense2_camera_msgs/srv/detail/calib_config_write__struct.hpp\n'}
[3.252380] (realsense2_camera_msgs) StdoutLine: {'line': b'-- Installing: /home/bot/ros2_ws/install/realsense2_camera_msgs/include/realsense2_camera_msgs/realsense2_camera_msgs/srv/detail/safety_preset_read__type_support.hpp\n'}
[3.254258] (realsense2_camera_msgs) StdoutLine: {'line': b'-- Installing: /home/bot/ros2_ws/install/realsense2_camera_msgs/include/realsense2_camera_msgs/realsense2_camera_msgs/srv/detail/safety_interface_config_read__traits.hpp\n'}
[3.256427] (realsense2_camera_msgs) StdoutLine: {'line': b'-- Installing: /home/bot/ros2_ws/install/realsense2_camera_msgs/include/realsense2_camera_msgs/realsense2_camera_msgs/srv/detail/safety_preset_write__traits.hpp\n'}
[3.258539] (realsense2_camera_msgs) StdoutLine: {'line': b'-- Installing: /home/bot/ros2_ws/install/realsense2_camera_msgs/include/realsense2_camera_msgs/realsense2_camera_msgs/srv/detail/safety_interface_config_write__type_support.hpp\n'}
[3.260427] (realsense2_camera_msgs) StdoutLine: {'line': b'-- Installing: /home/bot/ros2_ws/install/realsense2_camera_msgs/include/realsense2_camera_msgs/realsense2_camera_msgs/srv/detail/safety_preset_write__struct.hpp\n'}
[3.261855] (realsense2_camera_msgs) StdoutLine: {'line': b'-- Installing: /home/bot/ros2_ws/install/realsense2_camera_msgs/include/realsense2_camera_msgs/realsense2_camera_msgs/srv/detail/calib_config_read__builder.hpp\n'}
[3.263864] (realsense2_camera_msgs) StdoutLine: {'line': b'-- Installing: /home/bot/ros2_ws/install/realsense2_camera_msgs/include/realsense2_camera_msgs/realsense2_camera_msgs/srv/detail/hardware_monitor_command_send__type_support.hpp\n'}
[3.265834] (realsense2_camera_msgs) StdoutLine: {'line': b'-- Installing: /home/bot/ros2_ws/install/realsense2_camera_msgs/include/realsense2_camera_msgs/realsense2_camera_msgs/srv/detail/hardware_monitor_command_send__struct.hpp\n'}
[3.267381] (realsense2_camera_msgs) StdoutLine: {'line': b'-- Installing: /home/bot/ros2_ws/install/realsense2_camera_msgs/include/realsense2_camera_msgs/realsense2_camera_msgs/srv/detail/application_config_read__traits.hpp\n'}
[3.269532] (realsense2_camera_msgs) StdoutLine: {'line': b'-- Installing: /home/bot/ros2_ws/install/realsense2_camera_msgs/include/realsense2_camera_msgs/realsense2_camera_msgs/srv/detail/calib_config_read__traits.hpp\n'}
[3.271596] (realsense2_camera_msgs) StdoutLine: {'line': b'-- Installing: /home/bot/ros2_ws/install/realsense2_camera_msgs/include/realsense2_camera_msgs/realsense2_camera_msgs/srv/detail/safety_interface_config_read__struct.hpp\n'}
[3.273115] (realsense2_camera_msgs) StdoutLine: {'line': b'-- Installing: /home/bot/ros2_ws/install/realsense2_camera_msgs/include/realsense2_camera_msgs/realsense2_camera_msgs/srv/detail/application_config_read__struct.hpp\n'}
[3.274585] (realsense2_camera_msgs) StdoutLine: {'line': b'-- Installing: /home/bot/ros2_ws/install/realsense2_camera_msgs/include/realsense2_camera_msgs/realsense2_camera_msgs/srv/detail/calib_config_write__type_support.hpp\n'}
[3.276427] (realsense2_camera_msgs) StdoutLine: {'line': b'-- Installing: /home/bot/ros2_ws/install/realsense2_camera_msgs/include/realsense2_camera_msgs/realsense2_camera_msgs/srv/detail/safety_preset_read__traits.hpp\n'}
[3.278526] (realsense2_camera_msgs) StdoutLine: {'line': b'-- Installing: /home/bot/ros2_ws/install/realsense2_camera_msgs/include/realsense2_camera_msgs/realsense2_camera_msgs/srv/detail/safety_preset_write__builder.hpp\n'}
[3.280520] (realsense2_camera_msgs) StdoutLine: {'line': b'-- Installing: /home/bot/ros2_ws/install/realsense2_camera_msgs/include/realsense2_camera_msgs/realsense2_camera_msgs/srv/detail/application_config_write__builder.hpp\n'}
[3.282456] (realsense2_camera_msgs) StdoutLine: {'line': b'-- Installing: /home/bot/ros2_ws/install/realsense2_camera_msgs/include/realsense2_camera_msgs/realsense2_camera_msgs/srv/detail/hardware_monitor_command_send__traits.hpp\n'}
[3.284716] (realsense2_camera_msgs) StdoutLine: {'line': b'-- Installing: /home/bot/ros2_ws/install/realsense2_camera_msgs/include/realsense2_camera_msgs/realsense2_camera_msgs/srv/detail/application_config_write__traits.hpp\n'}
[3.286854] (realsense2_camera_msgs) StdoutLine: {'line': b'-- Installing: /home/bot/ros2_ws/install/realsense2_camera_msgs/include/realsense2_camera_msgs/realsense2_camera_msgs/srv/detail/application_config_write__type_support.hpp\n'}
[3.288814] (realsense2_camera_msgs) StdoutLine: {'line': b'-- Installing: /home/bot/ros2_ws/install/realsense2_camera_msgs/include/realsense2_camera_msgs/realsense2_camera_msgs/srv/detail/application_config_write__struct.hpp\n'}
[3.290325] (realsense2_camera_msgs) StdoutLine: {'line': b'-- Installing: /home/bot/ros2_ws/install/realsense2_camera_msgs/include/realsense2_camera_msgs/realsense2_camera_msgs/srv/detail/safety_preset_read__struct.hpp\n'}
[3.291821] (realsense2_camera_msgs) StdoutLine: {'line': b'-- Installing: /home/bot/ros2_ws/install/realsense2_camera_msgs/include/realsense2_camera_msgs/realsense2_camera_msgs/srv/detail/safety_interface_config_write__builder.hpp\n'}
[3.293893] (realsense2_camera_msgs) StdoutLine: {'line': b'-- Installing: /home/bot/ros2_ws/install/realsense2_camera_msgs/include/realsense2_camera_msgs/realsense2_camera_msgs/srv/detail/hardware_monitor_command_send__builder.hpp\n'}
[3.296050] (realsense2_camera_msgs) StdoutLine: {'line': b'-- Installing: /home/bot/ros2_ws/install/realsense2_camera_msgs/include/realsense2_camera_msgs/realsense2_camera_msgs/srv/detail/safety_interface_config_read__builder.hpp\n'}
[3.298070] (realsense2_camera_msgs) StdoutLine: {'line': b'-- Installing: /home/bot/ros2_ws/install/realsense2_camera_msgs/include/realsense2_camera_msgs/realsense2_camera_msgs/srv/detail/device_info__type_support.hpp\n'}
[3.299881] (realsense2_camera_msgs) StdoutLine: {'line': b'-- Installing: /home/bot/ros2_ws/install/realsense2_camera_msgs/include/realsense2_camera_msgs/realsense2_camera_msgs/srv/detail/calib_config_read__struct.hpp\n'}
[3.301326] (realsense2_camera_msgs) StdoutLine: {'line': b'-- Installing: /home/bot/ros2_ws/install/realsense2_camera_msgs/include/realsense2_camera_msgs/realsense2_camera_msgs/srv/detail/calib_config_write__builder.hpp\n'}
[3.303308] (realsense2_camera_msgs) StdoutLine: {'line': b'-- Installing: /home/bot/ros2_ws/install/realsense2_camera_msgs/include/realsense2_camera_msgs/realsense2_camera_msgs/srv/detail/device_info__builder.hpp\n'}
[3.305287] (realsense2_camera_msgs) StdoutLine: {'line': b'-- Installing: /home/bot/ros2_ws/install/realsense2_camera_msgs/include/realsense2_camera_msgs/realsense2_camera_msgs/srv/detail/safety_interface_config_read__type_support.hpp\n'}
[3.307210] (realsense2_camera_msgs) StdoutLine: {'line': b'-- Installing: /home/bot/ros2_ws/install/realsense2_camera_msgs/include/realsense2_camera_msgs/realsense2_camera_msgs/srv/detail/calib_config_read__type_support.hpp\n'}
[3.309072] (realsense2_camera_msgs) StdoutLine: {'line': b'-- Installing: /home/bot/ros2_ws/install/realsense2_camera_msgs/include/realsense2_camera_msgs/realsense2_camera_msgs/srv/safety_preset_write.hpp\n'}
[3.310824] (realsense2_camera_msgs) StdoutLine: {'line': b'-- Up-to-date: /home/bot/ros2_ws/install/realsense2_camera_msgs/include/realsense2_camera_msgs/realsense2_camera_msgs/action\n'}
[3.311428] (realsense2_camera_msgs) StdoutLine: {'line': b'-- Installing: /home/bot/ros2_ws/install/realsense2_camera_msgs/include/realsense2_camera_msgs/realsense2_camera_msgs/action/triggered_calibration.hpp\n'}
[3.313063] (realsense2_camera_msgs) StdoutLine: {'line': b'-- Up-to-date: /home/bot/ros2_ws/install/realsense2_camera_msgs/include/realsense2_camera_msgs/realsense2_camera_msgs/action/detail\n'}
[3.313679] (realsense2_camera_msgs) StdoutLine: {'line': b'-- Installing: /home/bot/ros2_ws/install/realsense2_camera_msgs/include/realsense2_camera_msgs/realsense2_camera_msgs/action/detail/triggered_calibration__builder.hpp\n'}
[3.315906] (realsense2_camera_msgs) StdoutLine: {'line': b'-- Installing: /home/bot/ros2_ws/install/realsense2_camera_msgs/include/realsense2_camera_msgs/realsense2_camera_msgs/action/detail/triggered_calibration__type_support.hpp\n'}
[3.317907] (realsense2_camera_msgs) StdoutLine: {'line': b'-- Installing: /home/bot/ros2_ws/install/realsense2_camera_msgs/include/realsense2_camera_msgs/realsense2_camera_msgs/action/detail/triggered_calibration__traits.hpp\n'}
[3.321102] (realsense2_camera_msgs) StdoutLine: {'line': b'-- Installing: /home/bot/ros2_ws/install/realsense2_camera_msgs/include/realsense2_camera_msgs/realsense2_camera_msgs/action/detail/triggered_calibration__struct.hpp\n'}
[3.322806] (realsense2_camera_msgs) StdoutLine: {'line': b'-- Up-to-date: /home/bot/ros2_ws/install/realsense2_camera_msgs/include/realsense2_camera_msgs/realsense2_camera_msgs/msg\n'}
[3.323384] (realsense2_camera_msgs) StdoutLine: {'line': b'-- Installing: /home/bot/ros2_ws/install/realsense2_camera_msgs/include/realsense2_camera_msgs/realsense2_camera_msgs/msg/rosidl_generator_cpp__visibility_control.hpp\n'}
[3.325370] (realsense2_camera_msgs) StdoutLine: {'line': b'-- Installing: /home/bot/ros2_ws/install/realsense2_camera_msgs/include/realsense2_camera_msgs/realsense2_camera_msgs/msg/imu_info.hpp\n'}
[3.327158] (realsense2_camera_msgs) StdoutLine: {'line': b'-- Installing: /home/bot/ros2_ws/install/realsense2_camera_msgs/include/realsense2_camera_msgs/realsense2_camera_msgs/msg/rgbd.hpp\n'}
[3.327684] (-) TimerEvent: {}
[3.329150] (realsense2_camera_msgs) StdoutLine: {'line': b'-- Installing: /home/bot/ros2_ws/install/realsense2_camera_msgs/include/realsense2_camera_msgs/realsense2_camera_msgs/msg/metadata.hpp\n'}
[3.330867] (realsense2_camera_msgs) StdoutLine: {'line': b'-- Installing: /home/bot/ros2_ws/install/realsense2_camera_msgs/include/realsense2_camera_msgs/realsense2_camera_msgs/msg/extrinsics.hpp\n'}
[3.332530] (realsense2_camera_msgs) StdoutLine: {'line': b'-- Up-to-date: /home/bot/ros2_ws/install/realsense2_camera_msgs/include/realsense2_camera_msgs/realsense2_camera_msgs/msg/detail\n'}
[3.333165] (realsense2_camera_msgs) StdoutLine: {'line': b'-- Installing: /home/bot/ros2_ws/install/realsense2_camera_msgs/include/realsense2_camera_msgs/realsense2_camera_msgs/msg/detail/extrinsics__type_support.hpp\n'}
[3.335053] (realsense2_camera_msgs) StdoutLine: {'line': b'-- Installing: /home/bot/ros2_ws/install/realsense2_camera_msgs/include/realsense2_camera_msgs/realsense2_camera_msgs/msg/detail/imu_info__struct.hpp\n'}
[3.336368] (realsense2_camera_msgs) StdoutLine: {'line': b'-- Installing: /home/bot/ros2_ws/install/realsense2_camera_msgs/include/realsense2_camera_msgs/realsense2_camera_msgs/msg/detail/rgbd__traits.hpp\n'}
[3.338345] (realsense2_camera_msgs) StdoutLine: {'line': b'-- Installing: /home/bot/ros2_ws/install/realsense2_camera_msgs/include/realsense2_camera_msgs/realsense2_camera_msgs/msg/detail/extrinsics__traits.hpp\n'}
[3.340230] (realsense2_camera_msgs) StdoutLine: {'line': b'-- Installing: /home/bot/ros2_ws/install/realsense2_camera_msgs/include/realsense2_camera_msgs/realsense2_camera_msgs/msg/detail/metadata__traits.hpp\n'}
[3.342019] (realsense2_camera_msgs) StdoutLine: {'line': b'-- Installing: /home/bot/ros2_ws/install/realsense2_camera_msgs/include/realsense2_camera_msgs/realsense2_camera_msgs/msg/detail/metadata__type_support.hpp\n'}
[3.343831] (realsense2_camera_msgs) StdoutLine: {'line': b'-- Installing: /home/bot/ros2_ws/install/realsense2_camera_msgs/include/realsense2_camera_msgs/realsense2_camera_msgs/msg/detail/imu_info__traits.hpp\n'}
[3.345783] (realsense2_camera_msgs) StdoutLine: {'line': b'-- Installing: /home/bot/ros2_ws/install/realsense2_camera_msgs/include/realsense2_camera_msgs/realsense2_camera_msgs/msg/detail/metadata__struct.hpp\n'}
[3.347107] (realsense2_camera_msgs) StdoutLine: {'line': b'-- Installing: /home/bot/ros2_ws/install/realsense2_camera_msgs/include/realsense2_camera_msgs/realsense2_camera_msgs/msg/detail/rgbd__type_support.hpp\n'}
[3.348902] (realsense2_camera_msgs) StdoutLine: {'line': b'-- Installing: /home/bot/ros2_ws/install/realsense2_camera_msgs/include/realsense2_camera_msgs/realsense2_camera_msgs/msg/detail/metadata__builder.hpp\n'}
[3.350623] (realsense2_camera_msgs) StdoutLine: {'line': b'-- Installing: /home/bot/ros2_ws/install/realsense2_camera_msgs/include/realsense2_camera_msgs/realsense2_camera_msgs/msg/detail/rgbd__struct.hpp\n'}
[3.351962] (realsense2_camera_msgs) StdoutLine: {'line': b'-- Installing: /home/bot/ros2_ws/install/realsense2_camera_msgs/include/realsense2_camera_msgs/realsense2_camera_msgs/msg/detail/extrinsics__struct.hpp\n'}
[3.353337] (realsense2_camera_msgs) StdoutLine: {'line': b'-- Installing: /home/bot/ros2_ws/install/realsense2_camera_msgs/include/realsense2_camera_msgs/realsense2_camera_msgs/msg/detail/rgbd__builder.hpp\n'}
[3.355166] (realsense2_camera_msgs) StdoutLine: {'line': b'-- Installing: /home/bot/ros2_ws/install/realsense2_camera_msgs/include/realsense2_camera_msgs/realsense2_camera_msgs/msg/detail/imu_info__type_support.hpp\n'}
[3.356975] (realsense2_camera_msgs) StdoutLine: {'line': b'-- Installing: /home/bot/ros2_ws/install/realsense2_camera_msgs/include/realsense2_camera_msgs/realsense2_camera_msgs/msg/detail/imu_info__builder.hpp\n'}
[3.358763] (realsense2_camera_msgs) StdoutLine: {'line': b'-- Installing: /home/bot/ros2_ws/install/realsense2_camera_msgs/include/realsense2_camera_msgs/realsense2_camera_msgs/msg/detail/extrinsics__builder.hpp\n'}
[3.360686] (realsense2_camera_msgs) StdoutLine: {'line': b'-- Up-to-date: /home/bot/ros2_ws/install/realsense2_camera_msgs/include/realsense2_camera_msgs/realsense2_camera_msgs\n'}
[3.362642] (realsense2_camera_msgs) StdoutLine: {'line': b'-- Up-to-date: /home/bot/ros2_ws/install/realsense2_camera_msgs/include/realsense2_camera_msgs/realsense2_camera_msgs/srv\n'}
[3.363158] (realsense2_camera_msgs) StdoutLine: {'line': b'-- Up-to-date: /home/bot/ros2_ws/install/realsense2_camera_msgs/include/realsense2_camera_msgs/realsense2_camera_msgs/srv/detail\n'}
[3.363551] (realsense2_camera_msgs) StdoutLine: {'line': b'-- Installing: /home/bot/ros2_ws/install/realsense2_camera_msgs/include/realsense2_camera_msgs/realsense2_camera_msgs/srv/detail/device_info__rosidl_typesupport_fastrtps_cpp.hpp\n'}
[3.364023] (realsense2_camera_msgs) StdoutLine: {'line': b'-- Installing: /home/bot/ros2_ws/install/realsense2_camera_msgs/include/realsense2_camera_msgs/realsense2_camera_msgs/srv/detail/hardware_monitor_command_send__rosidl_typesupport_fastrtps_cpp.hpp\n'}
[3.365747] (realsense2_camera_msgs) StdoutLine: {'line': b'-- Installing: /home/bot/ros2_ws/install/realsense2_camera_msgs/include/realsense2_camera_msgs/realsense2_camera_msgs/srv/detail/application_config_read__rosidl_typesupport_fastrtps_cpp.hpp\n'}
[3.367306] (realsense2_camera_msgs) StdoutLine: {'line': b'-- Installing: /home/bot/ros2_ws/install/realsense2_camera_msgs/include/realsense2_camera_msgs/realsense2_camera_msgs/srv/detail/safety_preset_write__rosidl_typesupport_fastrtps_cpp.hpp\n'}
[3.368892] (realsense2_camera_msgs) StdoutLine: {'line': b'-- Installing: /home/bot/ros2_ws/install/realsense2_camera_msgs/include/realsense2_camera_msgs/realsense2_camera_msgs/srv/detail/safety_preset_read__rosidl_typesupport_fastrtps_cpp.hpp\n'}
[3.370494] (realsense2_camera_msgs) StdoutLine: {'line': b'-- Installing: /home/bot/ros2_ws/install/realsense2_camera_msgs/include/realsense2_camera_msgs/realsense2_camera_msgs/srv/detail/safety_interface_config_read__rosidl_typesupport_fastrtps_cpp.hpp\n'}
[3.372111] (realsense2_camera_msgs) StdoutLine: {'line': b'-- Installing: /home/bot/ros2_ws/install/realsense2_camera_msgs/include/realsense2_camera_msgs/realsense2_camera_msgs/srv/detail/application_config_write__rosidl_typesupport_fastrtps_cpp.hpp\n'}
[3.373576] (realsense2_camera_msgs) StdoutLine: {'line': b'-- Installing: /home/bot/ros2_ws/install/realsense2_camera_msgs/include/realsense2_camera_msgs/realsense2_camera_msgs/srv/detail/dds_fastrtps\n'}
[3.374641] (realsense2_camera_msgs) StdoutLine: {'line': b'-- Installing: /home/bot/ros2_ws/install/realsense2_camera_msgs/include/realsense2_camera_msgs/realsense2_camera_msgs/srv/detail/calib_config_write__rosidl_typesupport_fastrtps_cpp.hpp\n'}
[3.376289] (realsense2_camera_msgs) StdoutLine: {'line': b'-- Installing: /home/bot/ros2_ws/install/realsense2_camera_msgs/include/realsense2_camera_msgs/realsense2_camera_msgs/srv/detail/safety_interface_config_write__rosidl_typesupport_fastrtps_cpp.hpp\n'}
[3.377898] (realsense2_camera_msgs) StdoutLine: {'line': b'-- Installing: /home/bot/ros2_ws/install/realsense2_camera_msgs/include/realsense2_camera_msgs/realsense2_camera_msgs/srv/detail/calib_config_read__rosidl_typesupport_fastrtps_cpp.hpp\n'}
[3.379333] (realsense2_camera_msgs) StdoutLine: {'line': b'-- Up-to-date: /home/bot/ros2_ws/install/realsense2_camera_msgs/include/realsense2_camera_msgs/realsense2_camera_msgs/action\n'}
[3.379926] (realsense2_camera_msgs) StdoutLine: {'line': b'-- Up-to-date: /home/bot/ros2_ws/install/realsense2_camera_msgs/include/realsense2_camera_msgs/realsense2_camera_msgs/action/detail\n'}
[3.380439] (realsense2_camera_msgs) StdoutLine: {'line': b'-- Installing: /home/bot/ros2_ws/install/realsense2_camera_msgs/include/realsense2_camera_msgs/realsense2_camera_msgs/action/detail/dds_fastrtps\n'}
[3.381250] (realsense2_camera_msgs) StdoutLine: {'line': b'-- Installing: /home/bot/ros2_ws/install/realsense2_camera_msgs/include/realsense2_camera_msgs/realsense2_camera_msgs/action/detail/triggered_calibration__rosidl_typesupport_fastrtps_cpp.hpp\n'}
[3.382923] (realsense2_camera_msgs) StdoutLine: {'line': b'-- Up-to-date: /home/bot/ros2_ws/install/realsense2_camera_msgs/include/realsense2_camera_msgs/realsense2_camera_msgs/msg\n'}
[3.383530] (realsense2_camera_msgs) StdoutLine: {'line': b'-- Installing: /home/bot/ros2_ws/install/realsense2_camera_msgs/include/realsense2_camera_msgs/realsense2_camera_msgs/msg/rosidl_typesupport_fastrtps_cpp__visibility_control.h\n'}
[3.384834] (realsense2_camera_msgs) StdoutLine: {'line': b'-- Up-to-date: /home/bot/ros2_ws/install/realsense2_camera_msgs/include/realsense2_camera_msgs/realsense2_camera_msgs/msg/detail\n'}
[3.385421] (realsense2_camera_msgs) StdoutLine: {'line': b'-- Installing: /home/bot/ros2_ws/install/realsense2_camera_msgs/include/realsense2_camera_msgs/realsense2_camera_msgs/msg/detail/imu_info__rosidl_typesupport_fastrtps_cpp.hpp\n'}
[3.386870] (realsense2_camera_msgs) StdoutLine: {'line': b'-- Installing: /home/bot/ros2_ws/install/realsense2_camera_msgs/include/realsense2_camera_msgs/realsense2_camera_msgs/msg/detail/rgbd__rosidl_typesupport_fastrtps_cpp.hpp\n'}
[3.388326] (realsense2_camera_msgs) StdoutLine: {'line': b'-- Installing: /home/bot/ros2_ws/install/realsense2_camera_msgs/include/realsense2_camera_msgs/realsense2_camera_msgs/msg/detail/extrinsics__rosidl_typesupport_fastrtps_cpp.hpp\n'}
[3.389778] (realsense2_camera_msgs) StdoutLine: {'line': b'-- Installing: /home/bot/ros2_ws/install/realsense2_camera_msgs/include/realsense2_camera_msgs/realsense2_camera_msgs/msg/detail/metadata__rosidl_typesupport_fastrtps_cpp.hpp\n'}
[3.391076] (realsense2_camera_msgs) StdoutLine: {'line': b'-- Installing: /home/bot/ros2_ws/install/realsense2_camera_msgs/include/realsense2_camera_msgs/realsense2_camera_msgs/msg/detail/dds_fastrtps\n'}
[3.392507] (realsense2_camera_msgs) StdoutLine: {'line': b'-- Installing: /home/bot/ros2_ws/install/realsense2_camera_msgs/lib/librealsense2_camera_msgs__rosidl_typesupport_fastrtps_cpp.so\n'}
[3.399578] (realsense2_camera_msgs) StdoutLine: {'line': b'-- Set non-toolchain portion of runtime path of "/home/bot/ros2_ws/install/realsense2_camera_msgs/lib/librealsense2_camera_msgs__rosidl_typesupport_fastrtps_cpp.so" to ""\n'}
[3.400192] (realsense2_camera_msgs) StdoutLine: {'line': b'-- Up-to-date: /home/bot/ros2_ws/install/realsense2_camera_msgs/include/realsense2_camera_msgs/realsense2_camera_msgs\n'}
[3.400696] (realsense2_camera_msgs) StdoutLine: {'line': b'-- Up-to-date: /home/bot/ros2_ws/install/realsense2_camera_msgs/include/realsense2_camera_msgs/realsense2_camera_msgs/srv\n'}
[3.401134] (realsense2_camera_msgs) StdoutLine: {'line': b'-- Up-to-date: /home/bot/ros2_ws/install/realsense2_camera_msgs/include/realsense2_camera_msgs/realsense2_camera_msgs/srv/detail\n'}
[3.401663] (realsense2_camera_msgs) StdoutLine: {'line': b'-- Installing: /home/bot/ros2_ws/install/realsense2_camera_msgs/include/realsense2_camera_msgs/realsense2_camera_msgs/srv/detail/application_config_read__rosidl_typesupport_introspection_cpp.hpp\n'}
[3.403320] (realsense2_camera_msgs) StdoutLine: {'line': b'-- Installing: /home/bot/ros2_ws/install/realsense2_camera_msgs/include/realsense2_camera_msgs/realsense2_camera_msgs/srv/detail/hardware_monitor_command_send__type_support.cpp\n'}
[3.405027] (realsense2_camera_msgs) StdoutLine: {'line': b'-- Installing: /home/bot/ros2_ws/install/realsense2_camera_msgs/include/realsense2_camera_msgs/realsense2_camera_msgs/srv/detail/device_info__type_support.cpp\n'}
[3.406605] (realsense2_camera_msgs) StdoutLine: {'line': b'-- Installing: /home/bot/ros2_ws/install/realsense2_camera_msgs/include/realsense2_camera_msgs/realsense2_camera_msgs/srv/detail/application_config_read__type_support.cpp\n'}
[3.408235] (realsense2_camera_msgs) StdoutLine: {'line': b'-- Installing: /home/bot/ros2_ws/install/realsense2_camera_msgs/include/realsense2_camera_msgs/realsense2_camera_msgs/srv/detail/calib_config_read__type_support.cpp\n'}
[3.409911] (realsense2_camera_msgs) StdoutLine: {'line': b'-- Installing: /home/bot/ros2_ws/install/realsense2_camera_msgs/include/realsense2_camera_msgs/realsense2_camera_msgs/srv/detail/hardware_monitor_command_send__rosidl_typesupport_introspection_cpp.hpp\n'}
[3.411508] (realsense2_camera_msgs) StdoutLine: {'line': b'-- Installing: /home/bot/ros2_ws/install/realsense2_camera_msgs/include/realsense2_camera_msgs/realsense2_camera_msgs/srv/detail/safety_preset_read__type_support.cpp\n'}
[3.413073] (realsense2_camera_msgs) StdoutLine: {'line': b'-- Installing: /home/bot/ros2_ws/install/realsense2_camera_msgs/include/realsense2_camera_msgs/realsense2_camera_msgs/srv/detail/safety_preset_write__type_support.cpp\n'}
[3.414760] (realsense2_camera_msgs) StdoutLine: {'line': b'-- Installing: /home/bot/ros2_ws/install/realsense2_camera_msgs/include/realsense2_camera_msgs/realsense2_camera_msgs/srv/detail/safety_interface_config_read__rosidl_typesupport_introspection_cpp.hpp\n'}
[3.416323] (realsense2_camera_msgs) StdoutLine: {'line': b'-- Installing: /home/bot/ros2_ws/install/realsense2_camera_msgs/include/realsense2_camera_msgs/realsense2_camera_msgs/srv/detail/application_config_write__type_support.cpp\n'}
[3.417991] (realsense2_camera_msgs) StdoutLine: {'line': b'-- Installing: /home/bot/ros2_ws/install/realsense2_camera_msgs/include/realsense2_camera_msgs/realsense2_camera_msgs/srv/detail/safety_preset_read__rosidl_typesupport_introspection_cpp.hpp\n'}
[3.419558] (realsense2_camera_msgs) StdoutLine: {'line': b'-- Installing: /home/bot/ros2_ws/install/realsense2_camera_msgs/include/realsense2_camera_msgs/realsense2_camera_msgs/srv/detail/device_info__rosidl_typesupport_introspection_cpp.hpp\n'}
[3.421105] (realsense2_camera_msgs) StdoutLine: {'line': b'-- Installing: /home/bot/ros2_ws/install/realsense2_camera_msgs/include/realsense2_camera_msgs/realsense2_camera_msgs/srv/detail/safety_interface_config_write__rosidl_typesupport_introspection_cpp.hpp\n'}
[3.422756] (realsense2_camera_msgs) StdoutLine: {'line': b'-- Installing: /home/bot/ros2_ws/install/realsense2_camera_msgs/include/realsense2_camera_msgs/realsense2_camera_msgs/srv/detail/application_config_write__rosidl_typesupport_introspection_cpp.hpp\n'}
[3.424280] (realsense2_camera_msgs) StdoutLine: {'line': b'-- Installing: /home/bot/ros2_ws/install/realsense2_camera_msgs/include/realsense2_camera_msgs/realsense2_camera_msgs/srv/detail/calib_config_write__rosidl_typesupport_introspection_cpp.hpp\n'}
[3.425799] (realsense2_camera_msgs) StdoutLine: {'line': b'-- Installing: /home/bot/ros2_ws/install/realsense2_camera_msgs/include/realsense2_camera_msgs/realsense2_camera_msgs/srv/detail/safety_interface_config_write__type_support.cpp\n'}
[3.427495] (realsense2_camera_msgs) StdoutLine: {'line': b'-- Installing: /home/bot/ros2_ws/install/realsense2_camera_msgs/include/realsense2_camera_msgs/realsense2_camera_msgs/srv/detail/calib_config_write__type_support.cpp\n'}
[3.428002] (-) TimerEvent: {}
[3.429174] (realsense2_camera_msgs) StdoutLine: {'line': b'-- Installing: /home/bot/ros2_ws/install/realsense2_camera_msgs/include/realsense2_camera_msgs/realsense2_camera_msgs/srv/detail/safety_preset_write__rosidl_typesupport_introspection_cpp.hpp\n'}
[3.430763] (realsense2_camera_msgs) StdoutLine: {'line': b'-- Installing: /home/bot/ros2_ws/install/realsense2_camera_msgs/include/realsense2_camera_msgs/realsense2_camera_msgs/srv/detail/calib_config_read__rosidl_typesupport_introspection_cpp.hpp\n'}
[3.432287] (realsense2_camera_msgs) StdoutLine: {'line': b'-- Installing: /home/bot/ros2_ws/install/realsense2_camera_msgs/include/realsense2_camera_msgs/realsense2_camera_msgs/srv/detail/safety_interface_config_read__type_support.cpp\n'}
[3.433872] (realsense2_camera_msgs) StdoutLine: {'line': b'-- Up-to-date: /home/bot/ros2_ws/install/realsense2_camera_msgs/include/realsense2_camera_msgs/realsense2_camera_msgs/action\n'}
[3.434479] (realsense2_camera_msgs) StdoutLine: {'line': b'-- Up-to-date: /home/bot/ros2_ws/install/realsense2_camera_msgs/include/realsense2_camera_msgs/realsense2_camera_msgs/action/detail\n'}
[3.434938] (realsense2_camera_msgs) StdoutLine: {'line': b'-- Installing: /home/bot/ros2_ws/install/realsense2_camera_msgs/include/realsense2_camera_msgs/realsense2_camera_msgs/action/detail/triggered_calibration__rosidl_typesupport_introspection_cpp.hpp\n'}
[3.436527] (realsense2_camera_msgs) StdoutLine: {'line': b'-- Installing: /home/bot/ros2_ws/install/realsense2_camera_msgs/include/realsense2_camera_msgs/realsense2_camera_msgs/action/detail/triggered_calibration__type_support.cpp\n'}
[3.438422] (realsense2_camera_msgs) StdoutLine: {'line': b'-- Up-to-date: /home/bot/ros2_ws/install/realsense2_camera_msgs/include/realsense2_camera_msgs/realsense2_camera_msgs/msg\n'}
[3.439001] (realsense2_camera_msgs) StdoutLine: {'line': b'-- Up-to-date: /home/bot/ros2_ws/install/realsense2_camera_msgs/include/realsense2_camera_msgs/realsense2_camera_msgs/msg/detail\n'}
[3.439498] (realsense2_camera_msgs) StdoutLine: {'line': b'-- Installing: /home/bot/ros2_ws/install/realsense2_camera_msgs/include/realsense2_camera_msgs/realsense2_camera_msgs/msg/detail/metadata__rosidl_typesupport_introspection_cpp.hpp\n'}
[3.441021] (realsense2_camera_msgs) StdoutLine: {'line': b'-- Installing: /home/bot/ros2_ws/install/realsense2_camera_msgs/include/realsense2_camera_msgs/realsense2_camera_msgs/msg/detail/rgbd__type_support.cpp\n'}
[3.442451] (realsense2_camera_msgs) StdoutLine: {'line': b'-- Installing: /home/bot/ros2_ws/install/realsense2_camera_msgs/include/realsense2_camera_msgs/realsense2_camera_msgs/msg/detail/extrinsics__rosidl_typesupport_introspection_cpp.hpp\n'}
[3.443903] (realsense2_camera_msgs) StdoutLine: {'line': b'-- Installing: /home/bot/ros2_ws/install/realsense2_camera_msgs/include/realsense2_camera_msgs/realsense2_camera_msgs/msg/detail/metadata__type_support.cpp\n'}
[3.445263] (realsense2_camera_msgs) StdoutLine: {'line': b'-- Installing: /home/bot/ros2_ws/install/realsense2_camera_msgs/include/realsense2_camera_msgs/realsense2_camera_msgs/msg/detail/rgbd__rosidl_typesupport_introspection_cpp.hpp\n'}
[3.446736] (realsense2_camera_msgs) StdoutLine: {'line': b'-- Installing: /home/bot/ros2_ws/install/realsense2_camera_msgs/include/realsense2_camera_msgs/realsense2_camera_msgs/msg/detail/extrinsics__type_support.cpp\n'}
[3.448085] (realsense2_camera_msgs) StdoutLine: {'line': b'-- Installing: /home/bot/ros2_ws/install/realsense2_camera_msgs/include/realsense2_camera_msgs/realsense2_camera_msgs/msg/detail/imu_info__type_support.cpp\n'}
[3.449561] (realsense2_camera_msgs) StdoutLine: {'line': b'-- Installing: /home/bot/ros2_ws/install/realsense2_camera_msgs/include/realsense2_camera_msgs/realsense2_camera_msgs/msg/detail/imu_info__rosidl_typesupport_introspection_cpp.hpp\n'}
[3.451431] (realsense2_camera_msgs) StdoutLine: {'line': b'-- Installing: /home/bot/ros2_ws/install/realsense2_camera_msgs/lib/librealsense2_camera_msgs__rosidl_typesupport_introspection_cpp.so\n'}
[3.457408] (realsense2_camera_msgs) StdoutLine: {'line': b'-- Set non-toolchain portion of runtime path of "/home/bot/ros2_ws/install/realsense2_camera_msgs/lib/librealsense2_camera_msgs__rosidl_typesupport_introspection_cpp.so" to ""\n'}
[3.458098] (realsense2_camera_msgs) StdoutLine: {'line': b'-- Installing: /home/bot/ros2_ws/install/realsense2_camera_msgs/lib/librealsense2_camera_msgs__rosidl_typesupport_cpp.so\n'}
[3.463178] (realsense2_camera_msgs) StdoutLine: {'line': b'-- Set non-toolchain portion of runtime path of "/home/bot/ros2_ws/install/realsense2_camera_msgs/lib/librealsense2_camera_msgs__rosidl_typesupport_cpp.so" to ""\n'}
[3.463934] (realsense2_camera_msgs) StdoutLine: {'line': b'-- Installing: /home/bot/ros2_ws/install/realsense2_camera_msgs/share/realsense2_camera_msgs/environment/pythonpath.sh\n'}
[3.465733] (realsense2_camera_msgs) StdoutLine: {'line': b'-- Installing: /home/bot/ros2_ws/install/realsense2_camera_msgs/share/realsense2_camera_msgs/environment/pythonpath.dsv\n'}
[3.467648] (realsense2_camera_msgs) StdoutLine: {'line': b'-- Installing: /home/bot/ros2_ws/install/realsense2_camera_msgs/lib/python3.12/site-packages/realsense2_camera_msgs-4.57.0-py3.12.egg-info\n'}
[3.468669] (realsense2_camera_msgs) StdoutLine: {'line': b'-- Installing: /home/bot/ros2_ws/install/realsense2_camera_msgs/lib/python3.12/site-packages/realsense2_camera_msgs-4.57.0-py3.12.egg-info/dependency_links.txt\n'}
[3.470047] (realsense2_camera_msgs) StdoutLine: {'line': b'-- Installing: /home/bot/ros2_ws/install/realsense2_camera_msgs/lib/python3.12/site-packages/realsense2_camera_msgs-4.57.0-py3.12.egg-info/top_level.txt\n'}
[3.471337] (realsense2_camera_msgs) StdoutLine: {'line': b'-- Installing: /home/bot/ros2_ws/install/realsense2_camera_msgs/lib/python3.12/site-packages/realsense2_camera_msgs-4.57.0-py3.12.egg-info/SOURCES.txt\n'}
[3.472639] (realsense2_camera_msgs) StdoutLine: {'line': b'-- Installing: /home/bot/ros2_ws/install/realsense2_camera_msgs/lib/python3.12/site-packages/realsense2_camera_msgs-4.57.0-py3.12.egg-info/PKG-INFO\n'}
[3.474165] (realsense2_camera_msgs) StdoutLine: {'line': b'-- Installing: /home/bot/ros2_ws/install/realsense2_camera_msgs/lib/python3.12/site-packages/realsense2_camera_msgs\n'}
[3.474903] (realsense2_camera_msgs) StdoutLine: {'line': b'-- Installing: /home/bot/ros2_ws/install/realsense2_camera_msgs/lib/python3.12/site-packages/realsense2_camera_msgs/srv\n'}
[3.475953] (realsense2_camera_msgs) StdoutLine: {'line': b'-- Installing: /home/bot/ros2_ws/install/realsense2_camera_msgs/lib/python3.12/site-packages/realsense2_camera_msgs/srv/_safety_interface_config_write.py\n'}
[3.477536] (realsense2_camera_msgs) StdoutLine: {'line': b'-- Installing: /home/bot/ros2_ws/install/realsense2_camera_msgs/lib/python3.12/site-packages/realsense2_camera_msgs/srv/_safety_preset_read.py\n'}
[3.478930] (realsense2_camera_msgs) StdoutLine: {'line': b'-- Installing: /home/bot/ros2_ws/install/realsense2_camera_msgs/lib/python3.12/site-packages/realsense2_camera_msgs/srv/_safety_interface_config_read_s.c\n'}
[3.480352] (realsense2_camera_msgs) StdoutLine: {'line': b'-- Installing: /home/bot/ros2_ws/install/realsense2_camera_msgs/lib/python3.12/site-packages/realsense2_camera_msgs/srv/_safety_preset_write_s.c\n'}
[3.481713] (realsense2_camera_msgs) StdoutLine: {'line': b'-- Installing: /home/bot/ros2_ws/install/realsense2_camera_msgs/lib/python3.12/site-packages/realsense2_camera_msgs/srv/_device_info_s.c\n'}
[3.483054] (realsense2_camera_msgs) StdoutLine: {'line': b'-- Installing: /home/bot/ros2_ws/install/realsense2_camera_msgs/lib/python3.12/site-packages/realsense2_camera_msgs/srv/_hardware_monitor_command_send.py\n'}
[3.484558] (realsense2_camera_msgs) StdoutLine: {'line': b'-- Installing: /home/bot/ros2_ws/install/realsense2_camera_msgs/lib/python3.12/site-packages/realsense2_camera_msgs/srv/_safety_interface_config_write_s.c\n'}
[3.486000] (realsense2_camera_msgs) StdoutLine: {'line': b'-- Installing: /home/bot/ros2_ws/install/realsense2_camera_msgs/lib/python3.12/site-packages/realsense2_camera_msgs/srv/_calib_config_write.py\n'}
[3.487379] (realsense2_camera_msgs) StdoutLine: {'line': b'-- Installing: /home/bot/ros2_ws/install/realsense2_camera_msgs/lib/python3.12/site-packages/realsense2_camera_msgs/srv/_safety_interface_config_read.py\n'}
[3.488845] (realsense2_camera_msgs) StdoutLine: {'line': b'-- Installing: /home/bot/ros2_ws/install/realsense2_camera_msgs/lib/python3.12/site-packages/realsense2_camera_msgs/srv/_safety_preset_write.py\n'}
[3.490230] (realsense2_camera_msgs) StdoutLine: {'line': b'-- Installing: /home/bot/ros2_ws/install/realsense2_camera_msgs/lib/python3.12/site-packages/realsense2_camera_msgs/srv/__init__.py\n'}
[3.491444] (realsense2_camera_msgs) StdoutLine: {'line': b'-- Installing: /home/bot/ros2_ws/install/realsense2_camera_msgs/lib/python3.12/site-packages/realsense2_camera_msgs/srv/_device_info.py\n'}
[3.492802] (realsense2_camera_msgs) StdoutLine: {'line': b'-- Installing: /home/bot/ros2_ws/install/realsense2_camera_msgs/lib/python3.12/site-packages/realsense2_camera_msgs/srv/_application_config_read_s.c\n'}
[3.494178] (realsense2_camera_msgs) StdoutLine: {'line': b'-- Installing: /home/bot/ros2_ws/install/realsense2_camera_msgs/lib/python3.12/site-packages/realsense2_camera_msgs/srv/_application_config_read.py\n'}
[3.495611] (realsense2_camera_msgs) StdoutLine: {'line': b'-- Installing: /home/bot/ros2_ws/install/realsense2_camera_msgs/lib/python3.12/site-packages/realsense2_camera_msgs/srv/_calib_config_read.py\n'}
[3.496988] (realsense2_camera_msgs) StdoutLine: {'line': b'-- Installing: /home/bot/ros2_ws/install/realsense2_camera_msgs/lib/python3.12/site-packages/realsense2_camera_msgs/srv/_calib_config_write_s.c\n'}
[3.498435] (realsense2_camera_msgs) StdoutLine: {'line': b'-- Installing: /home/bot/ros2_ws/install/realsense2_camera_msgs/lib/python3.12/site-packages/realsense2_camera_msgs/srv/_application_config_write_s.c\n'}
[3.499783] (realsense2_camera_msgs) StdoutLine: {'line': b'-- Installing: /home/bot/ros2_ws/install/realsense2_camera_msgs/lib/python3.12/site-packages/realsense2_camera_msgs/srv/_safety_preset_read_s.c\n'}
[3.501172] (realsense2_camera_msgs) StdoutLine: {'line': b'-- Installing: /home/bot/ros2_ws/install/realsense2_camera_msgs/lib/python3.12/site-packages/realsense2_camera_msgs/srv/_hardware_monitor_command_send_s.c\n'}
[3.502676] (realsense2_camera_msgs) StdoutLine: {'line': b'-- Installing: /home/bot/ros2_ws/install/realsense2_camera_msgs/lib/python3.12/site-packages/realsense2_camera_msgs/srv/_application_config_write.py\n'}
[3.504057] (realsense2_camera_msgs) StdoutLine: {'line': b'-- Installing: /home/bot/ros2_ws/install/realsense2_camera_msgs/lib/python3.12/site-packages/realsense2_camera_msgs/srv/_calib_config_read_s.c\n'}
[3.505438] (realsense2_camera_msgs) StdoutLine: {'line': b'-- Installing: /home/bot/ros2_ws/install/realsense2_camera_msgs/lib/python3.12/site-packages/realsense2_camera_msgs/realsense2_camera_msgs_s__rosidl_typesupport_fastrtps_c.so\n'}
[3.508129] (realsense2_camera_msgs) StdoutLine: {'line': b'-- Installing: /home/bot/ros2_ws/install/realsense2_camera_msgs/lib/python3.12/site-packages/realsense2_camera_msgs/_realsense2_camera_msgs_s.ep.rosidl_typesupport_fastrtps_c.c\n'}
[3.511534] (realsense2_camera_msgs) StdoutLine: {'line': b'-- Installing: /home/bot/ros2_ws/install/realsense2_camera_msgs/lib/python3.12/site-packages/realsense2_camera_msgs/realsense2_camera_msgs_s__rosidl_typesupport_c.so\n'}
[3.514022] (realsense2_camera_msgs) StdoutLine: {'line': b'-- Installing: /home/bot/ros2_ws/install/realsense2_camera_msgs/lib/python3.12/site-packages/realsense2_camera_msgs/action\n'}
[3.514814] (realsense2_camera_msgs) StdoutLine: {'line': b'-- Installing: /home/bot/ros2_ws/install/realsense2_camera_msgs/lib/python3.12/site-packages/realsense2_camera_msgs/action/_triggered_calibration.py\n'}
[3.516713] (realsense2_camera_msgs) StdoutLine: {'line': b'-- Installing: /home/bot/ros2_ws/install/realsense2_camera_msgs/lib/python3.12/site-packages/realsense2_camera_msgs/action/_triggered_calibration_s.c\n'}
[3.518301] (realsense2_camera_msgs) StdoutLine: {'line': b'-- Installing: /home/bot/ros2_ws/install/realsense2_camera_msgs/lib/python3.12/site-packages/realsense2_camera_msgs/action/__init__.py\n'}
[3.519425] (realsense2_camera_msgs) StdoutLine: {'line': b'-- Installing: /home/bot/ros2_ws/install/realsense2_camera_msgs/lib/python3.12/site-packages/realsense2_camera_msgs/msg\n'}
[3.520250] (realsense2_camera_msgs) StdoutLine: {'line': b'-- Installing: /home/bot/ros2_ws/install/realsense2_camera_msgs/lib/python3.12/site-packages/realsense2_camera_msgs/msg/_rgbd.py\n'}
[3.521614] (realsense2_camera_msgs) StdoutLine: {'line': b'-- Installing: /home/bot/ros2_ws/install/realsense2_camera_msgs/lib/python3.12/site-packages/realsense2_camera_msgs/msg/_extrinsics.py\n'}
[3.522873] (realsense2_camera_msgs) StdoutLine: {'line': b'-- Installing: /home/bot/ros2_ws/install/realsense2_camera_msgs/lib/python3.12/site-packages/realsense2_camera_msgs/msg/_rgbd_s.c\n'}
[3.524096] (realsense2_camera_msgs) StdoutLine: {'line': b'-- Installing: /home/bot/ros2_ws/install/realsense2_camera_msgs/lib/python3.12/site-packages/realsense2_camera_msgs/msg/__init__.py\n'}
[3.525270] (realsense2_camera_msgs) StdoutLine: {'line': b'-- Installing: /home/bot/ros2_ws/install/realsense2_camera_msgs/lib/python3.12/site-packages/realsense2_camera_msgs/msg/_imu_info_s.c\n'}
[3.526518] (realsense2_camera_msgs) StdoutLine: {'line': b'-- Installing: /home/bot/ros2_ws/install/realsense2_camera_msgs/lib/python3.12/site-packages/realsense2_camera_msgs/msg/_metadata.py\n'}
[3.527736] (realsense2_camera_msgs) StdoutLine: {'line': b'-- Installing: /home/bot/ros2_ws/install/realsense2_camera_msgs/lib/python3.12/site-packages/realsense2_camera_msgs/msg/_imu_info.py\n'}
[3.528177] (-) TimerEvent: {}
[3.529037] (realsense2_camera_msgs) StdoutLine: {'line': b'-- Installing: /home/bot/ros2_ws/install/realsense2_camera_msgs/lib/python3.12/site-packages/realsense2_camera_msgs/msg/_extrinsics_s.c\n'}
[3.530322] (realsense2_camera_msgs) StdoutLine: {'line': b'-- Installing: /home/bot/ros2_ws/install/realsense2_camera_msgs/lib/python3.12/site-packages/realsense2_camera_msgs/msg/_metadata_s.c\n'}
[3.531609] (realsense2_camera_msgs) StdoutLine: {'line': b'-- Installing: /home/bot/ros2_ws/install/realsense2_camera_msgs/lib/python3.12/site-packages/realsense2_camera_msgs/realsense2_camera_msgs_s__rosidl_typesupport_introspection_c.so\n'}
[3.534793] (realsense2_camera_msgs) StdoutLine: {'line': b'-- Installing: /home/bot/ros2_ws/install/realsense2_camera_msgs/lib/python3.12/site-packages/realsense2_camera_msgs/__init__.py\n'}
[3.535686] (realsense2_camera_msgs) StdoutLine: {'line': b'-- Installing: /home/bot/ros2_ws/install/realsense2_camera_msgs/lib/python3.12/site-packages/realsense2_camera_msgs/_realsense2_camera_msgs_s.ep.rosidl_typesupport_introspection_c.c\n'}
[3.539061] (realsense2_camera_msgs) StdoutLine: {'line': b'-- Installing: /home/bot/ros2_ws/install/realsense2_camera_msgs/lib/python3.12/site-packages/realsense2_camera_msgs/_realsense2_camera_msgs_s.ep.rosidl_typesupport_c.c\n'}
[3.628378] (-) TimerEvent: {}
[3.729046] (-) TimerEvent: {}
[3.829707] (-) TimerEvent: {}
[3.930460] (-) TimerEvent: {}
[3.945817] (realsense2_camera_msgs) StdoutLine: {'line': b"Listing '/home/bot/ros2_ws/install/realsense2_camera_msgs/lib/python3.12/site-packages/realsense2_camera_msgs'...\n"}
[3.948017] (realsense2_camera_msgs) StdoutLine: {'line': b"Compiling '/home/bot/ros2_ws/install/realsense2_camera_msgs/lib/python3.12/site-packages/realsense2_camera_msgs/__init__.py'...\n"}
[3.949491] (realsense2_camera_msgs) StdoutLine: {'line': b"Listing '/home/bot/ros2_ws/install/realsense2_camera_msgs/lib/python3.12/site-packages/realsense2_camera_msgs/action'...\n"}
[3.950794] (realsense2_camera_msgs) StdoutLine: {'line': b"Compiling '/home/bot/ros2_ws/install/realsense2_camera_msgs/lib/python3.12/site-packages/realsense2_camera_msgs/action/__init__.py'...\n"}
[3.952120] (realsense2_camera_msgs) StdoutLine: {'line': b"Compiling '/home/bot/ros2_ws/install/realsense2_camera_msgs/lib/python3.12/site-packages/realsense2_camera_msgs/action/_triggered_calibration.py'...\n"}
[3.953456] (realsense2_camera_msgs) StdoutLine: {'line': b"Listing '/home/bot/ros2_ws/install/realsense2_camera_msgs/lib/python3.12/site-packages/realsense2_camera_msgs/msg'...\n"}
[3.954458] (realsense2_camera_msgs) StdoutLine: {'line': b"Compiling '/home/bot/ros2_ws/install/realsense2_camera_msgs/lib/python3.12/site-packages/realsense2_camera_msgs/msg/__init__.py'...\n"}
[3.955808] (realsense2_camera_msgs) StdoutLine: {'line': b"Compiling '/home/bot/ros2_ws/install/realsense2_camera_msgs/lib/python3.12/site-packages/realsense2_camera_msgs/msg/_extrinsics.py'...\n"}
[3.957389] (realsense2_camera_msgs) StdoutLine: {'line': b"Compiling '/home/bot/ros2_ws/install/realsense2_camera_msgs/lib/python3.12/site-packages/realsense2_camera_msgs/msg/_imu_info.py'...\n"}
[3.958752] (realsense2_camera_msgs) StdoutLine: {'line': b"Compiling '/home/bot/ros2_ws/install/realsense2_camera_msgs/lib/python3.12/site-packages/realsense2_camera_msgs/msg/_metadata.py'...\n"}
[3.960336] (realsense2_camera_msgs) StdoutLine: {'line': b"Compiling '/home/bot/ros2_ws/install/realsense2_camera_msgs/lib/python3.12/site-packages/realsense2_camera_msgs/msg/_rgbd.py'...\n"}
[3.961678] (realsense2_camera_msgs) StdoutLine: {'line': b"Listing '/home/bot/ros2_ws/install/realsense2_camera_msgs/lib/python3.12/site-packages/realsense2_camera_msgs/srv'...\n"}
[3.963133] (realsense2_camera_msgs) StdoutLine: {'line': b"Compiling '/home/bot/ros2_ws/install/realsense2_camera_msgs/lib/python3.12/site-packages/realsense2_camera_msgs/srv/__init__.py'...\n"}
[3.964319] (realsense2_camera_msgs) StdoutLine: {'line': b"Compiling '/home/bot/ros2_ws/install/realsense2_camera_msgs/lib/python3.12/site-packages/realsense2_camera_msgs/srv/_application_config_read.py'...\n"}
[3.965383] (realsense2_camera_msgs) StdoutLine: {'line': b"Compiling '/home/bot/ros2_ws/install/realsense2_camera_msgs/lib/python3.12/site-packages/realsense2_camera_msgs/srv/_application_config_write.py'...\n"}
[3.966205] (realsense2_camera_msgs) StdoutLine: {'line': b"Compiling '/home/bot/ros2_ws/install/realsense2_camera_msgs/lib/python3.12/site-packages/realsense2_camera_msgs/srv/_calib_config_read.py'...\n"}
[3.966957] (realsense2_camera_msgs) StdoutLine: {'line': b"Compiling '/home/bot/ros2_ws/install/realsense2_camera_msgs/lib/python3.12/site-packages/realsense2_camera_msgs/srv/_calib_config_write.py'...\n"}
[3.967674] (realsense2_camera_msgs) StdoutLine: {'line': b"Compiling '/home/bot/ros2_ws/install/realsense2_camera_msgs/lib/python3.12/site-packages/realsense2_camera_msgs/srv/_device_info.py'...\n"}
[3.968380] (realsense2_camera_msgs) StdoutLine: {'line': b"Compiling '/home/bot/ros2_ws/install/realsense2_camera_msgs/lib/python3.12/site-packages/realsense2_camera_msgs/srv/_hardware_monitor_command_send.py'...\n"}
[3.969274] (realsense2_camera_msgs) StdoutLine: {'line': b"Compiling '/home/bot/ros2_ws/install/realsense2_camera_msgs/lib/python3.12/site-packages/realsense2_camera_msgs/srv/_safety_interface_config_read.py'...\n"}
[3.970085] (realsense2_camera_msgs) StdoutLine: {'line': b"Compiling '/home/bot/ros2_ws/install/realsense2_camera_msgs/lib/python3.12/site-packages/realsense2_camera_msgs/srv/_safety_interface_config_write.py'...\n"}
[3.971576] (realsense2_camera_msgs) StdoutLine: {'line': b"Compiling '/home/bot/ros2_ws/install/realsense2_camera_msgs/lib/python3.12/site-packages/realsense2_camera_msgs/srv/_safety_preset_read.py'...\n"}
[3.972968] (realsense2_camera_msgs) StdoutLine: {'line': b"Compiling '/home/bot/ros2_ws/install/realsense2_camera_msgs/lib/python3.12/site-packages/realsense2_camera_msgs/srv/_safety_preset_write.py'...\n"}
[3.986733] (realsense2_camera_msgs) StdoutLine: {'line': b'-- Installing: /home/bot/ros2_ws/install/realsense2_camera_msgs/lib/python3.12/site-packages/realsense2_camera_msgs/realsense2_camera_msgs_s__rosidl_typesupport_fastrtps_c.so\n'}
[3.989625] (realsense2_camera_msgs) StdoutLine: {'line': b'-- Set non-toolchain portion of runtime path of "/home/bot/ros2_ws/install/realsense2_camera_msgs/lib/python3.12/site-packages/realsense2_camera_msgs/realsense2_camera_msgs_s__rosidl_typesupport_fastrtps_c.so" to ""\n'}
[3.991956] (realsense2_camera_msgs) StdoutLine: {'line': b'-- Installing: /home/bot/ros2_ws/install/realsense2_camera_msgs/lib/python3.12/site-packages/realsense2_camera_msgs/realsense2_camera_msgs_s__rosidl_typesupport_introspection_c.so\n'}
[3.996240] (realsense2_camera_msgs) StdoutLine: {'line': b'-- Set non-toolchain portion of runtime path of "/home/bot/ros2_ws/install/realsense2_camera_msgs/lib/python3.12/site-packages/realsense2_camera_msgs/realsense2_camera_msgs_s__rosidl_typesupport_introspection_c.so" to ""\n'}
[3.998350] (realsense2_camera_msgs) StdoutLine: {'line': b'-- Installing: /home/bot/ros2_ws/install/realsense2_camera_msgs/lib/python3.12/site-packages/realsense2_camera_msgs/realsense2_camera_msgs_s__rosidl_typesupport_c.so\n'}
[4.002705] (realsense2_camera_msgs) StdoutLine: {'line': b'-- Set non-toolchain portion of runtime path of "/home/bot/ros2_ws/install/realsense2_camera_msgs/lib/python3.12/site-packages/realsense2_camera_msgs/realsense2_camera_msgs_s__rosidl_typesupport_c.so" to ""\n'}
[4.003609] (realsense2_camera_msgs) StdoutLine: {'line': b'-- Installing: /home/bot/ros2_ws/install/realsense2_camera_msgs/lib/librealsense2_camera_msgs__rosidl_generator_py.so\n'}
[4.007857] (realsense2_camera_msgs) StdoutLine: {'line': b'-- Set non-toolchain portion of runtime path of "/home/bot/ros2_ws/install/realsense2_camera_msgs/lib/librealsense2_camera_msgs__rosidl_generator_py.so" to ""\n'}
[4.008771] (realsense2_camera_msgs) StdoutLine: {'line': b'-- Installing: /home/bot/ros2_ws/install/realsense2_camera_msgs/share/realsense2_camera_msgs/msg/IMUInfo.idl\n'}
[4.010053] (realsense2_camera_msgs) StdoutLine: {'line': b'-- Installing: /home/bot/ros2_ws/install/realsense2_camera_msgs/share/realsense2_camera_msgs/msg/Extrinsics.idl\n'}
[4.011770] (realsense2_camera_msgs) StdoutLine: {'line': b'-- Installing: /home/bot/ros2_ws/install/realsense2_camera_msgs/share/realsense2_camera_msgs/msg/Metadata.idl\n'}
[4.015737] (realsense2_camera_msgs) StdoutLine: {'line': b'-- Installing: /home/bot/ros2_ws/install/realsense2_camera_msgs/share/realsense2_camera_msgs/msg/RGBD.idl\n'}
[4.016337] (realsense2_camera_msgs) StdoutLine: {'line': b'-- Installing: /home/bot/ros2_ws/install/realsense2_camera_msgs/share/realsense2_camera_msgs/srv/DeviceInfo.idl\n'}
[4.017048] (realsense2_camera_msgs) StdoutLine: {'line': b'-- Installing: /home/bot/ros2_ws/install/realsense2_camera_msgs/share/realsense2_camera_msgs/srv/SafetyPresetRead.idl\n'}
[4.018131] (realsense2_camera_msgs) StdoutLine: {'line': b'-- Installing: /home/bot/ros2_ws/install/realsense2_camera_msgs/share/realsense2_camera_msgs/srv/SafetyPresetWrite.idl\n'}
[4.019795] (realsense2_camera_msgs) StdoutLine: {'line': b'-- Installing: /home/bot/ros2_ws/install/realsense2_camera_msgs/share/realsense2_camera_msgs/srv/SafetyInterfaceConfigRead.idl\n'}
[4.021519] (realsense2_camera_msgs) StdoutLine: {'line': b'-- Installing: /home/bot/ros2_ws/install/realsense2_camera_msgs/share/realsense2_camera_msgs/srv/SafetyInterfaceConfigWrite.idl\n'}
[4.023233] (realsense2_camera_msgs) StdoutLine: {'line': b'-- Installing: /home/bot/ros2_ws/install/realsense2_camera_msgs/share/realsense2_camera_msgs/srv/CalibConfigRead.idl\n'}
[4.024851] (realsense2_camera_msgs) StdoutLine: {'line': b'-- Installing: /home/bot/ros2_ws/install/realsense2_camera_msgs/share/realsense2_camera_msgs/srv/CalibConfigWrite.idl\n'}
[4.026612] (realsense2_camera_msgs) StdoutLine: {'line': b'-- Installing: /home/bot/ros2_ws/install/realsense2_camera_msgs/share/realsense2_camera_msgs/srv/ApplicationConfigRead.idl\n'}
[4.028252] (realsense2_camera_msgs) StdoutLine: {'line': b'-- Installing: /home/bot/ros2_ws/install/realsense2_camera_msgs/share/realsense2_camera_msgs/srv/ApplicationConfigWrite.idl\n'}
[4.029931] (realsense2_camera_msgs) StdoutLine: {'line': b'-- Installing: /home/bot/ros2_ws/install/realsense2_camera_msgs/share/realsense2_camera_msgs/srv/HardwareMonitorCommandSend.idl\n'}
[4.030538] (-) TimerEvent: {}
[4.031699] (realsense2_camera_msgs) StdoutLine: {'line': b'-- Installing: /home/bot/ros2_ws/install/realsense2_camera_msgs/share/realsense2_camera_msgs/action/TriggeredCalibration.idl\n'}
[4.033370] (realsense2_camera_msgs) StdoutLine: {'line': b'-- Installing: /home/bot/ros2_ws/install/realsense2_camera_msgs/share/realsense2_camera_msgs/msg/IMUInfo.msg\n'}
[4.035814] (realsense2_camera_msgs) StdoutLine: {'line': b'-- Installing: /home/bot/ros2_ws/install/realsense2_camera_msgs/share/realsense2_camera_msgs/msg/Extrinsics.msg\n'}
[4.037839] (realsense2_camera_msgs) StdoutLine: {'line': b'-- Installing: /home/bot/ros2_ws/install/realsense2_camera_msgs/share/realsense2_camera_msgs/msg/Metadata.msg\n'}
[4.039848] (realsense2_camera_msgs) StdoutLine: {'line': b'-- Installing: /home/bot/ros2_ws/install/realsense2_camera_msgs/share/realsense2_camera_msgs/msg/RGBD.msg\n'}
[4.041919] (realsense2_camera_msgs) StdoutLine: {'line': b'-- Installing: /home/bot/ros2_ws/install/realsense2_camera_msgs/share/realsense2_camera_msgs/srv/DeviceInfo.srv\n'}
[4.044075] (realsense2_camera_msgs) StdoutLine: {'line': b'-- Installing: /home/bot/ros2_ws/install/realsense2_camera_msgs/share/realsense2_camera_msgs/srv/SafetyPresetRead.srv\n'}
[4.046161] (realsense2_camera_msgs) StdoutLine: {'line': b'-- Installing: /home/bot/ros2_ws/install/realsense2_camera_msgs/share/realsense2_camera_msgs/srv/SafetyPresetWrite.srv\n'}
[4.048266] (realsense2_camera_msgs) StdoutLine: {'line': b'-- Installing: /home/bot/ros2_ws/install/realsense2_camera_msgs/share/realsense2_camera_msgs/srv/SafetyInterfaceConfigRead.srv\n'}
[4.050441] (realsense2_camera_msgs) StdoutLine: {'line': b'-- Installing: /home/bot/ros2_ws/install/realsense2_camera_msgs/share/realsense2_camera_msgs/srv/SafetyInterfaceConfigWrite.srv\n'}
[4.052614] (realsense2_camera_msgs) StdoutLine: {'line': b'-- Installing: /home/bot/ros2_ws/install/realsense2_camera_msgs/share/realsense2_camera_msgs/srv/CalibConfigRead.srv\n'}
[4.054699] (realsense2_camera_msgs) StdoutLine: {'line': b'-- Installing: /home/bot/ros2_ws/install/realsense2_camera_msgs/share/realsense2_camera_msgs/srv/CalibConfigWrite.srv\n'}
[4.056722] (realsense2_camera_msgs) StdoutLine: {'line': b'-- Installing: /home/bot/ros2_ws/install/realsense2_camera_msgs/share/realsense2_camera_msgs/srv/ApplicationConfigRead.srv\n'}
[4.058817] (realsense2_camera_msgs) StdoutLine: {'line': b'-- Installing: /home/bot/ros2_ws/install/realsense2_camera_msgs/share/realsense2_camera_msgs/srv/ApplicationConfigWrite.srv\n'}
[4.060945] (realsense2_camera_msgs) StdoutLine: {'line': b'-- Installing: /home/bot/ros2_ws/install/realsense2_camera_msgs/share/realsense2_camera_msgs/srv/HardwareMonitorCommandSend.srv\n'}
[4.063105] (realsense2_camera_msgs) StdoutLine: {'line': b'-- Installing: /home/bot/ros2_ws/install/realsense2_camera_msgs/share/realsense2_camera_msgs/action/TriggeredCalibration.action\n'}
[4.065754] (realsense2_camera_msgs) StdoutLine: {'line': b'-- Installing: /home/bot/ros2_ws/install/realsense2_camera_msgs/share/ament_index/resource_index/package_run_dependencies/realsense2_camera_msgs\n'}
[4.068599] (realsense2_camera_msgs) StdoutLine: {'line': b'-- Installing: /home/bot/ros2_ws/install/realsense2_camera_msgs/share/ament_index/resource_index/parent_prefix_path/realsense2_camera_msgs\n'}
[4.070875] (realsense2_camera_msgs) StdoutLine: {'line': b'-- Installing: /home/bot/ros2_ws/install/realsense2_camera_msgs/share/realsense2_camera_msgs/environment/ament_prefix_path.sh\n'}
[4.073177] (realsense2_camera_msgs) StdoutLine: {'line': b'-- Installing: /home/bot/ros2_ws/install/realsense2_camera_msgs/share/realsense2_camera_msgs/environment/ament_prefix_path.dsv\n'}
[4.075296] (realsense2_camera_msgs) StdoutLine: {'line': b'-- Installing: /home/bot/ros2_ws/install/realsense2_camera_msgs/share/realsense2_camera_msgs/environment/path.sh\n'}
[4.077496] (realsense2_camera_msgs) StdoutLine: {'line': b'-- Installing: /home/bot/ros2_ws/install/realsense2_camera_msgs/share/realsense2_camera_msgs/environment/path.dsv\n'}
[4.079639] (realsense2_camera_msgs) StdoutLine: {'line': b'-- Installing: /home/bot/ros2_ws/install/realsense2_camera_msgs/share/realsense2_camera_msgs/local_setup.bash\n'}
[4.081708] (realsense2_camera_msgs) StdoutLine: {'line': b'-- Installing: /home/bot/ros2_ws/install/realsense2_camera_msgs/share/realsense2_camera_msgs/local_setup.sh\n'}
[4.083837] (realsense2_camera_msgs) StdoutLine: {'line': b'-- Installing: /home/bot/ros2_ws/install/realsense2_camera_msgs/share/realsense2_camera_msgs/local_setup.zsh\n'}
[4.085901] (realsense2_camera_msgs) StdoutLine: {'line': b'-- Installing: /home/bot/ros2_ws/install/realsense2_camera_msgs/share/realsense2_camera_msgs/local_setup.dsv\n'}
[4.088078] (realsense2_camera_msgs) StdoutLine: {'line': b'-- Installing: /home/bot/ros2_ws/install/realsense2_camera_msgs/share/realsense2_camera_msgs/package.dsv\n'}
[4.090641] (realsense2_camera_msgs) StdoutLine: {'line': b'-- Installing: /home/bot/ros2_ws/install/realsense2_camera_msgs/share/ament_index/resource_index/packages/realsense2_camera_msgs\n'}
[4.094050] (realsense2_camera_msgs) StdoutLine: {'line': b'-- Installing: /home/bot/ros2_ws/install/realsense2_camera_msgs/share/realsense2_camera_msgs/cmake/export_realsense2_camera_msgs__rosidl_generator_cExport.cmake\n'}
[4.096736] (realsense2_camera_msgs) StdoutLine: {'line': b'-- Installing: /home/bot/ros2_ws/install/realsense2_camera_msgs/share/realsense2_camera_msgs/cmake/export_realsense2_camera_msgs__rosidl_generator_cExport-release.cmake\n'}
[4.099294] (realsense2_camera_msgs) StdoutLine: {'line': b'-- Installing: /home/bot/ros2_ws/install/realsense2_camera_msgs/share/realsense2_camera_msgs/cmake/export_realsense2_camera_msgs__rosidl_typesupport_fastrtps_cExport.cmake\n'}
[4.101999] (realsense2_camera_msgs) StdoutLine: {'line': b'-- Installing: /home/bot/ros2_ws/install/realsense2_camera_msgs/share/realsense2_camera_msgs/cmake/export_realsense2_camera_msgs__rosidl_typesupport_fastrtps_cExport-release.cmake\n'}
[4.104628] (realsense2_camera_msgs) StdoutLine: {'line': b'-- Installing: /home/bot/ros2_ws/install/realsense2_camera_msgs/share/realsense2_camera_msgs/cmake/realsense2_camera_msgs__rosidl_typesupport_introspection_cExport.cmake\n'}
[4.107327] (realsense2_camera_msgs) StdoutLine: {'line': b'-- Installing: /home/bot/ros2_ws/install/realsense2_camera_msgs/share/realsense2_camera_msgs/cmake/realsense2_camera_msgs__rosidl_typesupport_introspection_cExport-release.cmake\n'}
[4.109934] (realsense2_camera_msgs) StdoutLine: {'line': b'-- Installing: /home/bot/ros2_ws/install/realsense2_camera_msgs/share/realsense2_camera_msgs/cmake/realsense2_camera_msgs__rosidl_typesupport_cExport.cmake\n'}
[4.112582] (realsense2_camera_msgs) StdoutLine: {'line': b'-- Installing: /home/bot/ros2_ws/install/realsense2_camera_msgs/share/realsense2_camera_msgs/cmake/realsense2_camera_msgs__rosidl_typesupport_cExport-release.cmake\n'}
[4.115064] (realsense2_camera_msgs) StdoutLine: {'line': b'-- Installing: /home/bot/ros2_ws/install/realsense2_camera_msgs/share/realsense2_camera_msgs/cmake/export_realsense2_camera_msgs__rosidl_generator_cppExport.cmake\n'}
[4.117831] (realsense2_camera_msgs) StdoutLine: {'line': b'-- Installing: /home/bot/ros2_ws/install/realsense2_camera_msgs/share/realsense2_camera_msgs/cmake/export_realsense2_camera_msgs__rosidl_typesupport_fastrtps_cppExport.cmake\n'}
[4.120642] (realsense2_camera_msgs) StdoutLine: {'line': b'-- Installing: /home/bot/ros2_ws/install/realsense2_camera_msgs/share/realsense2_camera_msgs/cmake/export_realsense2_camera_msgs__rosidl_typesupport_fastrtps_cppExport-release.cmake\n'}
[4.123201] (realsense2_camera_msgs) StdoutLine: {'line': b'-- Installing: /home/bot/ros2_ws/install/realsense2_camera_msgs/share/realsense2_camera_msgs/cmake/realsense2_camera_msgs__rosidl_typesupport_introspection_cppExport.cmake\n'}
[4.125850] (realsense2_camera_msgs) StdoutLine: {'line': b'-- Installing: /home/bot/ros2_ws/install/realsense2_camera_msgs/share/realsense2_camera_msgs/cmake/realsense2_camera_msgs__rosidl_typesupport_introspection_cppExport-release.cmake\n'}
[4.128465] (realsense2_camera_msgs) StdoutLine: {'line': b'-- Installing: /home/bot/ros2_ws/install/realsense2_camera_msgs/share/realsense2_camera_msgs/cmake/realsense2_camera_msgs__rosidl_typesupport_cppExport.cmake\n'}
[4.130743] (-) TimerEvent: {}
[4.131325] (realsense2_camera_msgs) StdoutLine: {'line': b'-- Installing: /home/bot/ros2_ws/install/realsense2_camera_msgs/share/realsense2_camera_msgs/cmake/realsense2_camera_msgs__rosidl_typesupport_cppExport-release.cmake\n'}
[4.134279] (realsense2_camera_msgs) StdoutLine: {'line': b'-- Installing: /home/bot/ros2_ws/install/realsense2_camera_msgs/share/realsense2_camera_msgs/cmake/export_realsense2_camera_msgs__rosidl_generator_pyExport.cmake\n'}
[4.136841] (realsense2_camera_msgs) StdoutLine: {'line': b'-- Installing: /home/bot/ros2_ws/install/realsense2_camera_msgs/share/realsense2_camera_msgs/cmake/export_realsense2_camera_msgs__rosidl_generator_pyExport-release.cmake\n'}
[4.139217] (realsense2_camera_msgs) StdoutLine: {'line': b'-- Installing: /home/bot/ros2_ws/install/realsense2_camera_msgs/share/realsense2_camera_msgs/cmake/rosidl_cmake-extras.cmake\n'}
[4.141413] (realsense2_camera_msgs) StdoutLine: {'line': b'-- Installing: /home/bot/ros2_ws/install/realsense2_camera_msgs/share/realsense2_camera_msgs/cmake/ament_cmake_export_dependencies-extras.cmake\n'}
[4.143854] (realsense2_camera_msgs) StdoutLine: {'line': b'-- Installing: /home/bot/ros2_ws/install/realsense2_camera_msgs/share/realsense2_camera_msgs/cmake/ament_cmake_export_include_directories-extras.cmake\n'}
[4.146175] (realsense2_camera_msgs) StdoutLine: {'line': b'-- Installing: /home/bot/ros2_ws/install/realsense2_camera_msgs/share/realsense2_camera_msgs/cmake/ament_cmake_export_libraries-extras.cmake\n'}
[4.148552] (realsense2_camera_msgs) StdoutLine: {'line': b'-- Installing: /home/bot/ros2_ws/install/realsense2_camera_msgs/share/realsense2_camera_msgs/cmake/ament_cmake_export_targets-extras.cmake\n'}
[4.150767] (realsense2_camera_msgs) StdoutLine: {'line': b'-- Installing: /home/bot/ros2_ws/install/realsense2_camera_msgs/share/realsense2_camera_msgs/cmake/rosidl_cmake_export_typesupport_targets-extras.cmake\n'}
[4.152999] (realsense2_camera_msgs) StdoutLine: {'line': b'-- Installing: /home/bot/ros2_ws/install/realsense2_camera_msgs/share/realsense2_camera_msgs/cmake/rosidl_cmake_export_typesupport_libraries-extras.cmake\n'}
[4.155202] (realsense2_camera_msgs) StdoutLine: {'line': b'-- Installing: /home/bot/ros2_ws/install/realsense2_camera_msgs/share/realsense2_camera_msgs/cmake/realsense2_camera_msgsConfig.cmake\n'}
[4.157028] (realsense2_camera_msgs) StdoutLine: {'line': b'-- Installing: /home/bot/ros2_ws/install/realsense2_camera_msgs/share/realsense2_camera_msgs/cmake/realsense2_camera_msgsConfig-version.cmake\n'}
[4.159140] (realsense2_camera_msgs) StdoutLine: {'line': b'-- Installing: /home/bot/ros2_ws/install/realsense2_camera_msgs/share/realsense2_camera_msgs/package.xml\n'}
[4.171239] (realsense2_camera_msgs) CommandEnded: {'returncode': 0}
[4.230901] (-) TimerEvent: {}
[4.331512] (-) TimerEvent: {}
[4.378825] (realsense2_camera_msgs) JobEnded: {'identifier': 'realsense2_camera_msgs', 'rc': 0}
[4.380667] (realsense2_camera) JobStarted: {'identifier': 'realsense2_camera'}
[4.431712] (-) TimerEvent: {}
[4.439608] (realsense2_camera) JobProgress: {'identifier': 'realsense2_camera', 'progress': 'cmake'}
[4.444127] (realsense2_camera) Command: {'cmd': ['/usr/bin/cmake', '/home/bot/ros2_ws/src/realsense-ros/realsense2_camera', '-DCMAKE_BUILD_TYPE=Release', '-DCMAKE_INSTALL_PREFIX=/home/bot/ros2_ws/install/realsense2_camera'], 'cwd': '/home/bot/ros2_ws/build/realsense2_camera', 'env': OrderedDict({'LESSOPEN': '| /usr/bin/lesspipe %s', 'USER': 'bot', 'SSH_CLIENT': '192.168.1.199 58490 22', 'GZ_CONFIG_PATH': '/opt/ros/jazzy/opt/sdformat_vendor/share/gz', 'XDG_SESSION_TYPE': 'tty', 'SHLVL': '1', 'LD_LIBRARY_PATH': '/home/bot/ros2_ws/install/realsense2_camera_msgs/lib:/opt/ros/jazzy/opt/sdformat_vendor/lib:/opt/ros/jazzy/opt/rviz_ogre_vendor/lib:/opt/ros/jazzy/lib/aarch64-linux-gnu:/opt/ros/jazzy/opt/gz_math_vendor/lib:/opt/ros/jazzy/opt/gz_utils_vendor/lib:/opt/ros/jazzy/opt/gz_tools_vendor/lib:/opt/ros/jazzy/opt/gz_cmake_vendor/lib:/opt/ros/jazzy/lib', 'HOME': '/home/bot', 'OLDPWD': '/home/bot/ros2_ws/src', 'SSH_TTY': '/dev/pts/4', 'ROS_PYTHON_VERSION': '3', 'DBUS_SESSION_BUS_ADDRESS': 'unix:path=/run/user/1000/bus', 'DEBUGINFOD_URLS': 'https://debuginfod.ubuntu.com', 'COLCON_PREFIX_PATH': '/home/bot/ros2_ws/install', 'ROS_DISTRO': 'jazzy', 'LOGNAME': 'bot', '_': '/usr/bin/colcon', 'ROS_VERSION': '2', 'XDG_SESSION_CLASS': 'user', 'TERM': 'xterm-256color', 'XDG_SESSION_ID': '6', 'PATH': '/opt/ros/jazzy/opt/gz_tools_vendor/bin:/opt/ros/jazzy/bin:/usr/local/sbin:/usr/local/bin:/usr/sbin:/usr/bin:/sbin:/bin:/usr/games:/usr/local/games:/snap/bin', 'XDG_RUNTIME_DIR': '/run/user/1000', 'LANG': 'en_US.UTF-8', 'LS_COLORS': 'rs=0:di=01;34:ln=01;36:mh=00:pi=40;33:so=01;35:do=01;35:bd=40;33;01:cd=40;33;01:or=40;31;01:mi=00:su=37;41:sg=30;43:ca=00:tw=30;42:ow=34;42:st=37;44:ex=01;32:*.tar=01;31:*.tgz=01;31:*.arc=01;31:*.arj=01;31:*.taz=01;31:*.lha=01;31:*.lz4=01;31:*.lzh=01;31:*.lzma=01;31:*.tlz=01;31:*.txz=01;31:*.tzo=01;31:*.t7z=01;31:*.zip=01;31:*.z=01;31:*.dz=01;31:*.gz=01;31:*.lrz=01;31:*.lz=01;31:*.lzo=01;31:*.xz=01;31:*.zst=01;31:*.tzst=01;31:*.bz2=01;31:*.bz=01;31:*.tbz=01;31:*.tbz2=01;31:*.tz=01;31:*.deb=01;31:*.rpm=01;31:*.jar=01;31:*.war=01;31:*.ear=01;31:*.sar=01;31:*.rar=01;31:*.alz=01;31:*.ace=01;31:*.zoo=01;31:*.cpio=01;31:*.7z=01;31:*.rz=01;31:*.cab=01;31:*.wim=01;31:*.swm=01;31:*.dwm=01;31:*.esd=01;31:*.avif=01;35:*.jpg=01;35:*.jpeg=01;35:*.mjpg=01;35:*.mjpeg=01;35:*.gif=01;35:*.bmp=01;35:*.pbm=01;35:*.pgm=01;35:*.ppm=01;35:*.tga=01;35:*.xbm=01;35:*.xpm=01;35:*.tif=01;35:*.tiff=01;35:*.png=01;35:*.svg=01;35:*.svgz=01;35:*.mng=01;35:*.pcx=01;35:*.mov=01;35:*.mpg=01;35:*.mpeg=01;35:*.m2v=01;35:*.mkv=01;35:*.webm=01;35:*.webp=01;35:*.ogm=01;35:*.mp4=01;35:*.m4v=01;35:*.mp4v=01;35:*.vob=01;35:*.qt=01;35:*.nuv=01;35:*.wmv=01;35:*.asf=01;35:*.rm=01;35:*.rmvb=01;35:*.flc=01;35:*.avi=01;35:*.fli=01;35:*.flv=01;35:*.gl=01;35:*.dl=01;35:*.xcf=01;35:*.xwd=01;35:*.yuv=01;35:*.cgm=01;35:*.emf=01;35:*.ogv=01;35:*.ogx=01;35:*.aac=00;36:*.au=00;36:*.flac=00;36:*.m4a=00;36:*.mid=00;36:*.midi=00;36:*.mka=00;36:*.mp3=00;36:*.mpc=00;36:*.ogg=00;36:*.ra=00;36:*.wav=00;36:*.oga=00;36:*.opus=00;36:*.spx=00;36:*.xspf=00;36:*~=00;90:*#=00;90:*.bak=00;90:*.crdownload=00;90:*.dpkg-dist=00;90:*.dpkg-new=00;90:*.dpkg-old=00;90:*.dpkg-tmp=00;90:*.old=00;90:*.orig=00;90:*.part=00;90:*.rej=00;90:*.rpmnew=00;90:*.rpmorig=00;90:*.rpmsave=00;90:*.swp=00;90:*.tmp=00;90:*.ucf-dist=00;90:*.ucf-new=00;90:*.ucf-old=00;90:', 'AMENT_PREFIX_PATH': '/home/bot/ros2_ws/install/realsense2_camera_msgs:/home/bot/ros2_ws/install/robotic_arm_v3_config:/home/bot/ros2_ws/install/robotic_arm_moveit:/home/bot/ros2_ws/install/robotic_arm_model_v3:/home/bot/ros2_ws/install/robotic_arm_config:/home/bot/ros2_ws/install/pose_printer:/home/bot/ros2_ws/install/mqtt_imu:/home/bot/ros2_ws/install/moveit_controls:/home/bot/ros2_ws/install/move_program:/home/bot/ros2_ws/install/imu_controller:/home/bot/ros2_ws/install/esp32_controller:/home/bot/ros2_ws/install/cpp_pubsub:/opt/ros/jazzy', 'SHELL': '/bin/bash', 'LESSCLOSE': '/usr/bin/lesspipe %s %s', 'ROS_AUTOMATIC_DISCOVERY_RANGE': 'SUBNET', 'PWD': '/home/bot/ros2_ws/build/realsense2_camera', 'LC_ALL': 'en_US.UTF-8', 'SSH_CONNECTION': '192.168.1.199 58490 192.168.1.224 22', 'XDG_DATA_DIRS': '/usr/share/gnome:/usr/local/share:/usr/share:/var/lib/snapd/desktop', 'PYTHONPATH': '/home/bot/ros2_ws/install/realsense2_camera_msgs/lib/python3.12/site-packages:/home/bot/ros2_ws/install/pose_printer/lib/python3.12/site-packages:/home/bot/ros2_ws/install/mqtt_imu/lib/python3.12/site-packages:/home/bot/ros2_ws/install/moveit_controls/lib/python3.12/site-packages:/opt/ros/jazzy/lib/python3.12/site-packages', 'COLCON': '1', 'CMAKE_PREFIX_PATH': '/home/bot/ros2_ws/install/realsense2_camera_msgs:/home/bot/ros2_ws/install/robotic_arm_v3_config:/home/bot/ros2_ws/install/robotic_arm_moveit:/home/bot/ros2_ws/install/robotic_arm_model_v3:/home/bot/ros2_ws/install/robotic_arm_config:/home/bot/ros2_ws/install/move_program:/home/bot/ros2_ws/install/imu_controller:/home/bot/ros2_ws/install/esp32_controller:/home/bot/ros2_ws/install/cpp_pubsub:/opt/ros/jazzy/opt/sdformat_vendor:/opt/ros/jazzy/opt/gz_math_vendor:/opt/ros/jazzy/opt/gz_utils_vendor:/opt/ros/jazzy/opt/gz_tools_vendor:/opt/ros/jazzy/opt/gz_cmake_vendor:/home/bot/ros2_ws/install/pose_printer:/home/bot/ros2_ws/install/mqtt_imu:/home/bot/ros2_ws/install/moveit_controls:/opt/ros/jazzy'}), 'shell': False}
[4.531903] (-) TimerEvent: {}
[4.632621] (-) TimerEvent: {}
[4.733312] (-) TimerEvent: {}
[4.829628] (realsense2_camera) StdoutLine: {'line': b'-- The C compiler identification is GNU 13.3.0\n'}
[4.833523] (-) TimerEvent: {}
[4.934189] (-) TimerEvent: {}
[5.034988] (-) TimerEvent: {}
[5.136272] (-) TimerEvent: {}
[5.162043] (realsense2_camera) StdoutLine: {'line': b'-- The CXX compiler identification is GNU 13.3.0\n'}
[5.236519] (-) TimerEvent: {}
[5.273293] (realsense2_camera) StdoutLine: {'line': b'-- Detecting C compiler ABI info\n'}
[5.336789] (-) TimerEvent: {}
[5.437588] (-) TimerEvent: {}
[5.538333] (-) TimerEvent: {}
[5.639143] (-) TimerEvent: {}
[5.740034] (-) TimerEvent: {}
[5.828128] (realsense2_camera) StdoutLine: {'line': b'-- Detecting C compiler ABI info - done\n'}
[5.840190] (-) TimerEvent: {}
[5.864757] (realsense2_camera) StdoutLine: {'line': b'-- Check for working C compiler: /usr/bin/cc - skipped\n'}
[5.866859] (realsense2_camera) StdoutLine: {'line': b'-- Detecting C compile features\n'}
[5.869423] (realsense2_camera) StdoutLine: {'line': b'-- Detecting C compile features - done\n'}
[5.929138] (realsense2_camera) StdoutLine: {'line': b'-- Detecting CXX compiler ABI info\n'}
[5.940372] (-) TimerEvent: {}
[6.041145] (-) TimerEvent: {}
[6.141880] (-) TimerEvent: {}
[6.242729] (-) TimerEvent: {}
[6.343514] (-) TimerEvent: {}
[6.444301] (-) TimerEvent: {}
[6.499141] (realsense2_camera) StdoutLine: {'line': b'-- Detecting CXX compiler ABI info - done\n'}
[6.535890] (realsense2_camera) StdoutLine: {'line': b'-- Check for working CXX compiler: /usr/bin/c++ - skipped\n'}
[6.536973] (realsense2_camera) StdoutLine: {'line': b'-- Detecting CXX compile features\n'}
[6.538864] (realsense2_camera) StdoutLine: {'line': b'-- Detecting CXX compile features - done\n'}
[6.542270] (realsense2_camera) StdoutLine: {'line': b'-- Create Release Build.\n'}
[6.544435] (-) TimerEvent: {}
[6.604312] (realsense2_camera) StdoutLine: {'line': b'-- Found ament_cmake: 2.5.4 (/opt/ros/jazzy/share/ament_cmake/cmake)\n'}
[6.644565] (-) TimerEvent: {}
[6.745181] (-) TimerEvent: {}
[6.845883] (-) TimerEvent: {}
[6.946666] (-) TimerEvent: {}
[7.048049] (-) TimerEvent: {}
[7.149260] (-) TimerEvent: {}
[7.250477] (-) TimerEvent: {}
[7.351592] (-) TimerEvent: {}
[7.453124] (-) TimerEvent: {}
[7.554284] (-) TimerEvent: {}
[7.655623] (-) TimerEvent: {}
[7.756745] (-) TimerEvent: {}
[7.857616] (-) TimerEvent: {}
[7.958541] (-) TimerEvent: {}
[8.059357] (-) TimerEvent: {}
[8.160280] (-) TimerEvent: {}
[8.260957] (-) TimerEvent: {}
[8.361649] (-) TimerEvent: {}
[8.423619] (realsense2_camera) StdoutLine: {'line': b'-- Found Python3: /usr/bin/python3 (found version "3.12.3") found components: Interpreter \n'}
[8.461862] (-) TimerEvent: {}
[8.562562] (-) TimerEvent: {}
[8.663290] (-) TimerEvent: {}
[8.764085] (-) TimerEvent: {}
[8.865084] (-) TimerEvent: {}
[8.965745] (-) TimerEvent: {}
[9.066374] (-) TimerEvent: {}
[9.167101] (-) TimerEvent: {}
[9.267760] (-) TimerEvent: {}
[9.368470] (-) TimerEvent: {}
[9.469106] (-) TimerEvent: {}
[9.545951] (realsense2_camera) StdoutLine: {'line': b'-- Found builtin_interfaces: 2.0.3 (/opt/ros/jazzy/share/builtin_interfaces/cmake)\n'}
[9.569277] (-) TimerEvent: {}
[9.669945] (-) TimerEvent: {}
[9.770589] (-) TimerEvent: {}
[9.871240] (-) TimerEvent: {}
[9.972001] (-) TimerEvent: {}
[10.072717] (-) TimerEvent: {}
[10.118371] (realsense2_camera) StdoutLine: {'line': b'-- Found rosidl_generator_c: 4.6.6 (/opt/ros/jazzy/share/rosidl_generator_c/cmake)\n'}
[10.172885] (-) TimerEvent: {}
[10.273541] (-) TimerEvent: {}
[10.310054] (realsense2_camera) StdoutLine: {'line': b'-- Found rosidl_generator_cpp: 4.6.6 (/opt/ros/jazzy/share/rosidl_generator_cpp/cmake)\n'}
[10.373709] (-) TimerEvent: {}
[10.474336] (-) TimerEvent: {}
[10.524160] (realsense2_camera) StdoutLine: {'line': b'-- Using all available rosidl_typesupport_c: rosidl_typesupport_fastrtps_c;rosidl_typesupport_introspection_c\n'}
[10.574534] (-) TimerEvent: {}
[10.675187] (-) TimerEvent: {}
[10.745283] (realsense2_camera) StdoutLine: {'line': b'-- Using all available rosidl_typesupport_cpp: rosidl_typesupport_fastrtps_cpp;rosidl_typesupport_introspection_cpp\n'}
[10.775359] (-) TimerEvent: {}
[10.876016] (-) TimerEvent: {}
[10.960956] (realsense2_camera) StdoutLine: {'line': b'-- Found rclcpp: 28.1.13 (/opt/ros/jazzy/share/rclcpp/cmake)\n'}
[10.976197] (-) TimerEvent: {}
[11.076922] (-) TimerEvent: {}
[11.177566] (-) TimerEvent: {}
[11.278228] (-) TimerEvent: {}
[11.379052] (-) TimerEvent: {}
[11.479780] (-) TimerEvent: {}
[11.580440] (-) TimerEvent: {}
[11.610197] (realsense2_camera) StdoutLine: {'line': b'-- Found rmw_implementation_cmake: 7.3.2 (/opt/ros/jazzy/share/rmw_implementation_cmake/cmake)\n'}
[11.669457] (realsense2_camera) StdoutLine: {'line': b'-- Found rmw_fastrtps_cpp: 8.4.3 (/opt/ros/jazzy/share/rmw_fastrtps_cpp/cmake)\n'}
[11.680594] (-) TimerEvent: {}
[11.781227] (-) TimerEvent: {}
[11.881896] (-) TimerEvent: {}
[11.982570] (-) TimerEvent: {}
[12.083352] (-) TimerEvent: {}
[12.184246] (-) TimerEvent: {}
[12.285163] (-) TimerEvent: {}
[12.385910] (-) TimerEvent: {}
[12.467390] (realsense2_camera) StdoutLine: {'line': b'-- Found OpenSSL: /usr/lib/aarch64-linux-gnu/libcrypto.so (found version "3.0.13")  \n'}
[12.486086] (-) TimerEvent: {}
[12.586829] (-) TimerEvent: {}
[12.594119] (realsense2_camera) StdoutLine: {'line': b'-- Found FastRTPS: /opt/ros/jazzy/include (Required is at least version "2.13") \n'}
[12.687025] (-) TimerEvent: {}
[12.696167] (realsense2_camera) StdoutLine: {'line': b"-- Using RMW implementation 'rmw_fastrtps_cpp' as default\n"}
[12.787199] (-) TimerEvent: {}
[12.887879] (-) TimerEvent: {}
[12.988730] (-) TimerEvent: {}
[13.089371] (-) TimerEvent: {}
[13.190084] (-) TimerEvent: {}
[13.290958] (-) TimerEvent: {}
[13.355440] (realsense2_camera) StdoutLine: {'line': b'-- Found rclcpp_action: 28.1.13 (/opt/ros/jazzy/share/rclcpp_action/cmake)\n'}
[13.391117] (-) TimerEvent: {}
[13.491778] (-) TimerEvent: {}
[13.592500] (-) TimerEvent: {}
[13.693229] (-) TimerEvent: {}
[13.703694] (realsense2_camera) StdoutLine: {'line': b'-- Found realsense2_camera_msgs: 4.57.0 (/home/bot/ros2_ws/install/realsense2_camera_msgs/share/realsense2_camera_msgs/cmake)\n'}
[13.793453] (-) TimerEvent: {}
[13.894119] (-) TimerEvent: {}
[13.995657] (-) TimerEvent: {}
[14.096475] (-) TimerEvent: {}
[14.197160] (-) TimerEvent: {}
[14.298039] (-) TimerEvent: {}
[14.304255] (realsense2_camera) StdoutLine: {'line': b'-- Found std_srvs: 5.3.6 (/opt/ros/jazzy/share/std_srvs/cmake)\n'}
[14.398244] (-) TimerEvent: {}
[14.431513] (realsense2_camera) StdoutLine: {'line': b'-- Found nav_msgs: 5.3.6 (/opt/ros/jazzy/share/nav_msgs/cmake)\n'}
[14.498507] (-) TimerEvent: {}
[14.591807] (realsense2_camera) StdoutLine: {'line': b'-- Found tf2_ros: 0.36.16 (/opt/ros/jazzy/share/tf2_ros/cmake)\n'}
[14.598701] (-) TimerEvent: {}
[14.699463] (-) TimerEvent: {}
[14.800123] (-) TimerEvent: {}
[14.900796] (-) TimerEvent: {}
[15.002441] (-) TimerEvent: {}
[15.103536] (-) TimerEvent: {}
[15.204269] (-) TimerEvent: {}
[15.304992] (-) TimerEvent: {}
[15.405774] (-) TimerEvent: {}
[15.410763] (realsense2_camera) StdoutLine: {'line': b'-- Found diagnostic_updater: 4.2.6 (/opt/ros/jazzy/share/diagnostic_updater/cmake)\n'}
[15.505968] (-) TimerEvent: {}
[15.606652] (-) TimerEvent: {}
[15.707285] (-) TimerEvent: {}
[15.717502] (realsense2_camera) StdoutLine: {'line': b'-- Found OpenCV: /usr (found version "4.6.0") found components: core \n'}
[15.768667] (realsense2_camera) StdoutLine: {'line': b'-- Found image_transport: 5.1.7 (/opt/ros/jazzy/share/image_transport/cmake)\n'}
[15.807490] (-) TimerEvent: {}
[15.908109] (-) TimerEvent: {}
[15.944572] (realsense2_camera) StdoutLine: {'line': b'-- Found cv_bridge: 4.1.0 (/opt/ros/jazzy/share/cv_bridge/cmake)\n'}
[16.008290] (-) TimerEvent: {}
[16.014630] (realsense2_camera) StdoutLine: {'line': b'-- Build for ROS2 Jazzy\n'}
[16.070872] (realsense2_camera) StdoutLine: {'line': b'-- Found ament_cmake_gtest: 2.5.4 (/opt/ros/jazzy/share/ament_cmake_gtest/cmake)\n'}
[16.108498] (-) TimerEvent: {}
[16.129953] (realsense2_camera) StdoutLine: {'line': b"-- Found gtest sources under '/opt/ros/jazzy/src/gtest_vendor': C++ tests using 'Google Test' will be built\n"}
[16.145203] (realsense2_camera) StdoutLine: {'line': b'-- Performing Test CMAKE_HAVE_LIBC_PTHREAD\n'}
[16.208682] (-) TimerEvent: {}
[16.309353] (-) TimerEvent: {}
[16.410225] (-) TimerEvent: {}
[16.511080] (-) TimerEvent: {}
[16.611943] (-) TimerEvent: {}
[16.661764] (realsense2_camera) StdoutLine: {'line': b'-- Performing Test CMAKE_HAVE_LIBC_PTHREAD - Success\n'}
[16.666790] (realsense2_camera) StdoutLine: {'line': b'-- Found Threads: TRUE  \n'}
[16.712166] (-) TimerEvent: {}
[16.716033] (realsense2_camera) StdoutLine: {'line': b'-- Found ament_cmake_pytest: 2.5.4 (/opt/ros/jazzy/share/ament_cmake_pytest/cmake)\n'}
[16.812335] (-) TimerEvent: {}
[16.913085] (-) TimerEvent: {}
[17.013735] (-) TimerEvent: {}
[17.114371] (-) TimerEvent: {}
[17.215019] (-) TimerEvent: {}
[17.315774] (-) TimerEvent: {}
[17.416471] (-) TimerEvent: {}
[17.517121] (-) TimerEvent: {}
[17.617758] (-) TimerEvent: {}
[17.718546] (-) TimerEvent: {}
[17.819515] (-) TimerEvent: {}
[17.920179] (-) TimerEvent: {}
[18.020895] (-) TimerEvent: {}
[18.121547] (-) TimerEvent: {}
[18.222242] (-) TimerEvent: {}
[18.324535] (-) TimerEvent: {}
[18.425229] (-) TimerEvent: {}
[18.526998] (-) TimerEvent: {}
[18.627727] (-) TimerEvent: {}
[18.728655] (-) TimerEvent: {}
[18.829283] (-) TimerEvent: {}
[18.929997] (-) TimerEvent: {}
[19.030666] (-) TimerEvent: {}
[19.131372] (-) TimerEvent: {}
[19.232329] (-) TimerEvent: {}
[19.333345] (-) TimerEvent: {}
[19.434085] (-) TimerEvent: {}
[19.534834] (-) TimerEvent: {}
[19.635641] (-) TimerEvent: {}
[19.736321] (-) TimerEvent: {}
[19.837084] (-) TimerEvent: {}
[19.937817] (-) TimerEvent: {}
[20.038504] (-) TimerEvent: {}
[20.139129] (-) TimerEvent: {}
[20.239808] (-) TimerEvent: {}
[20.340484] (-) TimerEvent: {}
[20.441090] (-) TimerEvent: {}
[20.541739] (-) TimerEvent: {}
[20.642443] (-) TimerEvent: {}
[20.743101] (-) TimerEvent: {}
[20.843894] (-) TimerEvent: {}
[20.944650] (-) TimerEvent: {}
[21.045633] (-) TimerEvent: {}
[21.146523] (-) TimerEvent: {}
[21.247122] (-) TimerEvent: {}
[21.347761] (-) TimerEvent: {}
[21.448377] (-) TimerEvent: {}
[21.549040] (-) TimerEvent: {}
[21.649720] (-) TimerEvent: {}
[21.750342] (-) TimerEvent: {}
[21.850969] (-) TimerEvent: {}
[21.951614] (-) TimerEvent: {}
[22.052216] (-) TimerEvent: {}
[22.152879] (-) TimerEvent: {}
[22.253502] (-) TimerEvent: {}
[22.354098] (-) TimerEvent: {}
[22.454792] (-) TimerEvent: {}
[22.555439] (-) TimerEvent: {}
[22.656125] (-) TimerEvent: {}
[22.757124] (-) TimerEvent: {}
[22.858054] (-) TimerEvent: {}
[22.958821] (-) TimerEvent: {}
[23.059465] (-) TimerEvent: {}
[23.160062] (-) TimerEvent: {}
[23.260739] (-) TimerEvent: {}
[23.361373] (-) TimerEvent: {}
[23.462130] (-) TimerEvent: {}
[23.562793] (-) TimerEvent: {}
[23.663453] (-) TimerEvent: {}
[23.764240] (-) TimerEvent: {}
[23.864899] (-) TimerEvent: {}
[23.965799] (-) TimerEvent: {}
[24.066913] (-) TimerEvent: {}
[24.168071] (-) TimerEvent: {}
[24.269002] (-) TimerEvent: {}
[24.370115] (-) TimerEvent: {}
[24.470937] (-) TimerEvent: {}
[24.572617] (-) TimerEvent: {}
[24.674080] (-) TimerEvent: {}
[24.775527] (-) TimerEvent: {}
[24.876304] (-) TimerEvent: {}
[24.976992] (-) TimerEvent: {}
[25.078222] (-) TimerEvent: {}
[25.179519] (-) TimerEvent: {}
[25.280648] (-) TimerEvent: {}
[25.381291] (-) TimerEvent: {}
[25.481933] (-) TimerEvent: {}
[25.582566] (-) TimerEvent: {}
[25.683149] (-) TimerEvent: {}
[25.783801] (-) TimerEvent: {}
[25.884451] (-) TimerEvent: {}
[25.985048] (-) TimerEvent: {}
[26.085705] (-) TimerEvent: {}
[26.186279] (-) TimerEvent: {}
[26.287016] (-) TimerEvent: {}
[26.387922] (-) TimerEvent: {}
[26.488939] (-) TimerEvent: {}
[26.589786] (-) TimerEvent: {}
[26.690563] (-) TimerEvent: {}
[26.791390] (-) TimerEvent: {}
[26.892486] (-) TimerEvent: {}
[26.993149] (-) TimerEvent: {}
[27.093783] (-) TimerEvent: {}
[27.194355] (-) TimerEvent: {}
[27.294983] (-) TimerEvent: {}
[27.395615] (-) TimerEvent: {}
[27.496188] (-) TimerEvent: {}
[27.596821] (-) TimerEvent: {}
[27.697445] (-) TimerEvent: {}
[27.798023] (-) TimerEvent: {}
[27.898916] (-) TimerEvent: {}
[27.999601] (-) TimerEvent: {}
[28.100631] (-) TimerEvent: {}
[28.201562] (-) TimerEvent: {}
[28.302277] (-) TimerEvent: {}
[28.402946] (-) TimerEvent: {}
[28.503546] (-) TimerEvent: {}
[28.604159] (-) TimerEvent: {}
[28.704831] (-) TimerEvent: {}
[28.805495] (-) TimerEvent: {}
[28.906079] (-) TimerEvent: {}
[29.006722] (-) TimerEvent: {}
[29.107328] (-) TimerEvent: {}
[29.207978] (-) TimerEvent: {}
[29.308625] (-) TimerEvent: {}
[29.409199] (-) TimerEvent: {}
[29.509873] (-) TimerEvent: {}
[29.610484] (-) TimerEvent: {}
[29.711201] (-) TimerEvent: {}
[29.812212] (-) TimerEvent: {}
[29.913146] (-) TimerEvent: {}
[30.013939] (-) TimerEvent: {}
[30.114538] (-) TimerEvent: {}
[30.215147] (-) TimerEvent: {}
[30.315830] (-) TimerEvent: {}
[30.416527] (-) TimerEvent: {}
[30.517179] (-) TimerEvent: {}
[30.617806] (-) TimerEvent: {}
[30.718443] (-) TimerEvent: {}
[30.819106] (-) TimerEvent: {}
[30.919767] (-) TimerEvent: {}
[31.020378] (-) TimerEvent: {}
[31.121124] (-) TimerEvent: {}
[31.222026] (-) TimerEvent: {}
[31.322841] (-) TimerEvent: {}
[31.423489] (-) TimerEvent: {}
[31.524264] (-) TimerEvent: {}
[31.625295] (-) TimerEvent: {}
[31.726258] (-) TimerEvent: {}
[31.826928] (-) TimerEvent: {}
[31.927562] (-) TimerEvent: {}
[32.028166] (-) TimerEvent: {}
[32.128865] (-) TimerEvent: {}
[32.229506] (-) TimerEvent: {}
[32.330095] (-) TimerEvent: {}
[32.430724] (-) TimerEvent: {}
[32.531354] (-) TimerEvent: {}
[32.631989] (-) TimerEvent: {}
[32.732632] (-) TimerEvent: {}
[32.833288] (-) TimerEvent: {}
[32.934008] (-) TimerEvent: {}
[33.034816] (-) TimerEvent: {}
[33.135472] (-) TimerEvent: {}
[33.236199] (-) TimerEvent: {}
[33.337239] (-) TimerEvent: {}
[33.438284] (-) TimerEvent: {}
[33.539466] (-) TimerEvent: {}
[33.640221] (-) TimerEvent: {}
[33.741217] (-) TimerEvent: {}
[33.841934] (-) TimerEvent: {}
[33.942632] (-) TimerEvent: {}
[33.980344] (realsense2_camera) StdoutLine: {'line': b'-- rs_device_info:\n'}
[33.981071] (realsense2_camera) StdoutLine: {'line': b'--  21/01 20:37:28,908 ERROR [281473306607648] (context.cpp:40) No valid configuration file found at : /home/bot/.realsense-config.json loading defaults\n'}
[33.981473] (realsense2_camera) StdoutLine: {'line': b'Device Name                   Serial Number       Firmware Version\n'}
[33.981915] (realsense2_camera) StdoutLine: {'line': b'Intel RealSense D435          233522076741        5.13.0.55\n'}
[33.982281] (realsense2_camera) StdoutLine: {'line': b'\n'}
[33.982756] (realsense2_camera) StdoutLine: {'line': b'-- D455 device found\n'}
[34.042788] (-) TimerEvent: {}
[34.143459] (-) TimerEvent: {}
[34.244110] (-) TimerEvent: {}
[34.344860] (-) TimerEvent: {}
[34.445913] (-) TimerEvent: {}
[34.546554] (-) TimerEvent: {}
[34.647239] (-) TimerEvent: {}
[34.747960] (-) TimerEvent: {}
[34.848597] (-) TimerEvent: {}
[34.949251] (-) TimerEvent: {}
[35.050338] (-) TimerEvent: {}
[35.151079] (-) TimerEvent: {}
[35.252835] (-) TimerEvent: {}
[35.353536] (-) TimerEvent: {}
[35.454247] (-) TimerEvent: {}
[35.554880] (-) TimerEvent: {}
[35.655618] (-) TimerEvent: {}
[35.756619] (-) TimerEvent: {}
[35.857516] (-) TimerEvent: {}
[35.958152] (-) TimerEvent: {}
[36.058892] (-) TimerEvent: {}
[36.159559] (-) TimerEvent: {}
[36.260196] (-) TimerEvent: {}
[36.360878] (-) TimerEvent: {}
[36.461514] (-) TimerEvent: {}
[36.562111] (-) TimerEvent: {}
[36.662899] (-) TimerEvent: {}
[36.763536] (-) TimerEvent: {}
[36.864155] (-) TimerEvent: {}
[36.964872] (-) TimerEvent: {}
[37.065546] (-) TimerEvent: {}
[37.166174] (-) TimerEvent: {}
[37.266938] (-) TimerEvent: {}
[37.367722] (-) TimerEvent: {}
[37.469192] (-) TimerEvent: {}
[37.570226] (-) TimerEvent: {}
[37.670947] (-) TimerEvent: {}
[37.771547] (-) TimerEvent: {}
[37.872187] (-) TimerEvent: {}
[37.972870] (-) TimerEvent: {}
[38.073500] (-) TimerEvent: {}
[38.174097] (-) TimerEvent: {}
[38.274776] (-) TimerEvent: {}
[38.375518] (-) TimerEvent: {}
[38.476112] (-) TimerEvent: {}
[38.576764] (-) TimerEvent: {}
[38.677502] (-) TimerEvent: {}
[38.778090] (-) TimerEvent: {}
[38.878724] (-) TimerEvent: {}
[38.979331] (-) TimerEvent: {}
[39.080060] (-) TimerEvent: {}
[39.181214] (-) TimerEvent: {}
[39.282475] (-) TimerEvent: {}
[39.383130] (-) TimerEvent: {}
[39.483833] (-) TimerEvent: {}
[39.584534] (-) TimerEvent: {}
[39.685164] (-) TimerEvent: {}
[39.785842] (-) TimerEvent: {}
[39.886485] (-) TimerEvent: {}
[39.987061] (-) TimerEvent: {}
[40.087710] (-) TimerEvent: {}
[40.188316] (-) TimerEvent: {}
[40.288962] (-) TimerEvent: {}
[40.389569] (-) TimerEvent: {}
[40.490174] (-) TimerEvent: {}
[40.590804] (-) TimerEvent: {}
[40.691504] (-) TimerEvent: {}
[40.792104] (-) TimerEvent: {}
[40.892876] (-) TimerEvent: {}
[40.993864] (-) TimerEvent: {}
[41.094968] (-) TimerEvent: {}
[41.195620] (-) TimerEvent: {}
[41.296247] (-) TimerEvent: {}
[41.396903] (-) TimerEvent: {}
[41.497524] (-) TimerEvent: {}
[41.598153] (-) TimerEvent: {}
[41.698783] (-) TimerEvent: {}
[41.799363] (-) TimerEvent: {}
[41.900063] (-) TimerEvent: {}
[42.000707] (-) TimerEvent: {}
[42.101352] (-) TimerEvent: {}
[42.201969] (-) TimerEvent: {}
[42.302565] (-) TimerEvent: {}
[42.403179] (-) TimerEvent: {}
[42.503823] (-) TimerEvent: {}
[42.604541] (-) TimerEvent: {}
[42.705477] (-) TimerEvent: {}
[42.806217] (-) TimerEvent: {}
[42.906921] (-) TimerEvent: {}
[43.007523] (-) TimerEvent: {}
[43.108162] (-) TimerEvent: {}
[43.208868] (-) TimerEvent: {}
[43.309575] (-) TimerEvent: {}
[43.411117] (-) TimerEvent: {}
[43.511789] (-) TimerEvent: {}
[43.612511] (-) TimerEvent: {}
[43.713167] (-) TimerEvent: {}
[43.813853] (-) TimerEvent: {}
[43.914506] (-) TimerEvent: {}
[44.015123] (-) TimerEvent: {}
[44.115766] (-) TimerEvent: {}
[44.216443] (-) TimerEvent: {}
[44.317046] (-) TimerEvent: {}
[44.417765] (-) TimerEvent: {}
[44.518747] (-) TimerEvent: {}
[44.619548] (-) TimerEvent: {}
[44.720273] (-) TimerEvent: {}
[44.821143] (-) TimerEvent: {}
[44.921883] (-) TimerEvent: {}
[45.022512] (-) TimerEvent: {}
[45.123192] (-) TimerEvent: {}
[45.224000] (-) TimerEvent: {}
[45.324677] (-) TimerEvent: {}
[45.425271] (-) TimerEvent: {}
[45.525944] (-) TimerEvent: {}
[45.626521] (-) TimerEvent: {}
[45.727106] (-) TimerEvent: {}
[45.827733] (-) TimerEvent: {}
[45.928317] (-) TimerEvent: {}
[46.028956] (-) TimerEvent: {}
[46.129642] (-) TimerEvent: {}
[46.230645] (-) TimerEvent: {}
[46.331671] (-) TimerEvent: {}
[46.432298] (-) TimerEvent: {}
[46.532972] (-) TimerEvent: {}
[46.633602] (-) TimerEvent: {}
[46.734223] (-) TimerEvent: {}
[46.834888] (-) TimerEvent: {}
[46.935522] (-) TimerEvent: {}
[47.036112] (-) TimerEvent: {}
[47.136783] (-) TimerEvent: {}
[47.237377] (-) TimerEvent: {}
[47.338026] (-) TimerEvent: {}
[47.438722] (-) TimerEvent: {}
[47.539309] (-) TimerEvent: {}
[47.639926] (-) TimerEvent: {}
[47.740693] (-) TimerEvent: {}
[47.841523] (-) TimerEvent: {}
[47.942566] (-) TimerEvent: {}
[48.043569] (-) TimerEvent: {}
[48.144191] (-) TimerEvent: {}
[48.244816] (-) TimerEvent: {}
[48.345462] (-) TimerEvent: {}
[48.446124] (-) TimerEvent: {}
[48.546820] (-) TimerEvent: {}
[48.647470] (-) TimerEvent: {}
[48.748063] (-) TimerEvent: {}
[48.848708] (-) TimerEvent: {}
[48.949292] (-) TimerEvent: {}
[49.050081] (-) TimerEvent: {}
[49.150753] (-) TimerEvent: {}
[49.251484] (-) TimerEvent: {}
[49.352331] (-) TimerEvent: {}
[49.452976] (-) TimerEvent: {}
[49.553695] (-) TimerEvent: {}
[49.654831] (-) TimerEvent: {}
[49.756025] (-) TimerEvent: {}
[49.857306] (-) TimerEvent: {}
[49.957968] (-) TimerEvent: {}
[50.058566] (-) TimerEvent: {}
[50.159186] (-) TimerEvent: {}
[50.259930] (-) TimerEvent: {}
[50.360527] (-) TimerEvent: {}
[50.461121] (-) TimerEvent: {}
[50.561759] (-) TimerEvent: {}
[50.662485] (-) TimerEvent: {}
[50.763091] (-) TimerEvent: {}
[50.863762] (-) TimerEvent: {}
[50.964362] (-) TimerEvent: {}
[51.065002] (-) TimerEvent: {}
[51.165655] (-) TimerEvent: {}
[51.266251] (-) TimerEvent: {}
[51.366981] (-) TimerEvent: {}
[51.467943] (-) TimerEvent: {}
[51.568871] (-) TimerEvent: {}
[51.669569] (-) TimerEvent: {}
[51.770232] (-) TimerEvent: {}
[51.871095] (-) TimerEvent: {}
[51.972086] (-) TimerEvent: {}
[51.977742] (realsense2_camera) StdoutLine: {'line': b'-- Configuring done (47.5s)\n'}
[52.072314] (-) TimerEvent: {}
[52.161709] (realsense2_camera) StdoutLine: {'line': b'-- Generating done (0.1s)\n'}
[52.172537] (-) TimerEvent: {}
[52.199815] (realsense2_camera) StdoutLine: {'line': b'-- Build files have been written to: /home/bot/ros2_ws/build/realsense2_camera\n'}
[52.258732] (realsense2_camera) CommandEnded: {'returncode': 0}
[52.260614] (realsense2_camera) JobProgress: {'identifier': 'realsense2_camera', 'progress': 'build'}
[52.261785] (realsense2_camera) Command: {'cmd': ['/usr/bin/cmake', '--build', '/home/bot/ros2_ws/build/realsense2_camera', '--', '-j4', '-l4'], 'cwd': '/home/bot/ros2_ws/build/realsense2_camera', 'env': OrderedDict({'LESSOPEN': '| /usr/bin/lesspipe %s', 'USER': 'bot', 'SSH_CLIENT': '192.168.1.199 58490 22', 'GZ_CONFIG_PATH': '/opt/ros/jazzy/opt/sdformat_vendor/share/gz', 'XDG_SESSION_TYPE': 'tty', 'SHLVL': '1', 'LD_LIBRARY_PATH': '/home/bot/ros2_ws/install/realsense2_camera_msgs/lib:/opt/ros/jazzy/opt/sdformat_vendor/lib:/opt/ros/jazzy/opt/rviz_ogre_vendor/lib:/opt/ros/jazzy/lib/aarch64-linux-gnu:/opt/ros/jazzy/opt/gz_math_vendor/lib:/opt/ros/jazzy/opt/gz_utils_vendor/lib:/opt/ros/jazzy/opt/gz_tools_vendor/lib:/opt/ros/jazzy/opt/gz_cmake_vendor/lib:/opt/ros/jazzy/lib', 'HOME': '/home/bot', 'OLDPWD': '/home/bot/ros2_ws/src', 'SSH_TTY': '/dev/pts/4', 'ROS_PYTHON_VERSION': '3', 'DBUS_SESSION_BUS_ADDRESS': 'unix:path=/run/user/1000/bus', 'DEBUGINFOD_URLS': 'https://debuginfod.ubuntu.com', 'COLCON_PREFIX_PATH': '/home/bot/ros2_ws/install', 'ROS_DISTRO': 'jazzy', 'LOGNAME': 'bot', '_': '/usr/bin/colcon', 'ROS_VERSION': '2', 'XDG_SESSION_CLASS': 'user', 'TERM': 'xterm-256color', 'XDG_SESSION_ID': '6', 'PATH': '/opt/ros/jazzy/opt/gz_tools_vendor/bin:/opt/ros/jazzy/bin:/usr/local/sbin:/usr/local/bin:/usr/sbin:/usr/bin:/sbin:/bin:/usr/games:/usr/local/games:/snap/bin', 'XDG_RUNTIME_DIR': '/run/user/1000', 'LANG': 'en_US.UTF-8', 'LS_COLORS': 'rs=0:di=01;34:ln=01;36:mh=00:pi=40;33:so=01;35:do=01;35:bd=40;33;01:cd=40;33;01:or=40;31;01:mi=00:su=37;41:sg=30;43:ca=00:tw=30;42:ow=34;42:st=37;44:ex=01;32:*.tar=01;31:*.tgz=01;31:*.arc=01;31:*.arj=01;31:*.taz=01;31:*.lha=01;31:*.lz4=01;31:*.lzh=01;31:*.lzma=01;31:*.tlz=01;31:*.txz=01;31:*.tzo=01;31:*.t7z=01;31:*.zip=01;31:*.z=01;31:*.dz=01;31:*.gz=01;31:*.lrz=01;31:*.lz=01;31:*.lzo=01;31:*.xz=01;31:*.zst=01;31:*.tzst=01;31:*.bz2=01;31:*.bz=01;31:*.tbz=01;31:*.tbz2=01;31:*.tz=01;31:*.deb=01;31:*.rpm=01;31:*.jar=01;31:*.war=01;31:*.ear=01;31:*.sar=01;31:*.rar=01;31:*.alz=01;31:*.ace=01;31:*.zoo=01;31:*.cpio=01;31:*.7z=01;31:*.rz=01;31:*.cab=01;31:*.wim=01;31:*.swm=01;31:*.dwm=01;31:*.esd=01;31:*.avif=01;35:*.jpg=01;35:*.jpeg=01;35:*.mjpg=01;35:*.mjpeg=01;35:*.gif=01;35:*.bmp=01;35:*.pbm=01;35:*.pgm=01;35:*.ppm=01;35:*.tga=01;35:*.xbm=01;35:*.xpm=01;35:*.tif=01;35:*.tiff=01;35:*.png=01;35:*.svg=01;35:*.svgz=01;35:*.mng=01;35:*.pcx=01;35:*.mov=01;35:*.mpg=01;35:*.mpeg=01;35:*.m2v=01;35:*.mkv=01;35:*.webm=01;35:*.webp=01;35:*.ogm=01;35:*.mp4=01;35:*.m4v=01;35:*.mp4v=01;35:*.vob=01;35:*.qt=01;35:*.nuv=01;35:*.wmv=01;35:*.asf=01;35:*.rm=01;35:*.rmvb=01;35:*.flc=01;35:*.avi=01;35:*.fli=01;35:*.flv=01;35:*.gl=01;35:*.dl=01;35:*.xcf=01;35:*.xwd=01;35:*.yuv=01;35:*.cgm=01;35:*.emf=01;35:*.ogv=01;35:*.ogx=01;35:*.aac=00;36:*.au=00;36:*.flac=00;36:*.m4a=00;36:*.mid=00;36:*.midi=00;36:*.mka=00;36:*.mp3=00;36:*.mpc=00;36:*.ogg=00;36:*.ra=00;36:*.wav=00;36:*.oga=00;36:*.opus=00;36:*.spx=00;36:*.xspf=00;36:*~=00;90:*#=00;90:*.bak=00;90:*.crdownload=00;90:*.dpkg-dist=00;90:*.dpkg-new=00;90:*.dpkg-old=00;90:*.dpkg-tmp=00;90:*.old=00;90:*.orig=00;90:*.part=00;90:*.rej=00;90:*.rpmnew=00;90:*.rpmorig=00;90:*.rpmsave=00;90:*.swp=00;90:*.tmp=00;90:*.ucf-dist=00;90:*.ucf-new=00;90:*.ucf-old=00;90:', 'AMENT_PREFIX_PATH': '/home/bot/ros2_ws/install/realsense2_camera_msgs:/home/bot/ros2_ws/install/robotic_arm_v3_config:/home/bot/ros2_ws/install/robotic_arm_moveit:/home/bot/ros2_ws/install/robotic_arm_model_v3:/home/bot/ros2_ws/install/robotic_arm_config:/home/bot/ros2_ws/install/pose_printer:/home/bot/ros2_ws/install/mqtt_imu:/home/bot/ros2_ws/install/moveit_controls:/home/bot/ros2_ws/install/move_program:/home/bot/ros2_ws/install/imu_controller:/home/bot/ros2_ws/install/esp32_controller:/home/bot/ros2_ws/install/cpp_pubsub:/opt/ros/jazzy', 'SHELL': '/bin/bash', 'LESSCLOSE': '/usr/bin/lesspipe %s %s', 'ROS_AUTOMATIC_DISCOVERY_RANGE': 'SUBNET', 'PWD': '/home/bot/ros2_ws/build/realsense2_camera', 'LC_ALL': 'en_US.UTF-8', 'SSH_CONNECTION': '192.168.1.199 58490 192.168.1.224 22', 'XDG_DATA_DIRS': '/usr/share/gnome:/usr/local/share:/usr/share:/var/lib/snapd/desktop', 'PYTHONPATH': '/home/bot/ros2_ws/install/realsense2_camera_msgs/lib/python3.12/site-packages:/home/bot/ros2_ws/install/pose_printer/lib/python3.12/site-packages:/home/bot/ros2_ws/install/mqtt_imu/lib/python3.12/site-packages:/home/bot/ros2_ws/install/moveit_controls/lib/python3.12/site-packages:/opt/ros/jazzy/lib/python3.12/site-packages', 'COLCON': '1', 'CMAKE_PREFIX_PATH': '/home/bot/ros2_ws/install/realsense2_camera_msgs:/home/bot/ros2_ws/install/robotic_arm_v3_config:/home/bot/ros2_ws/install/robotic_arm_moveit:/home/bot/ros2_ws/install/robotic_arm_model_v3:/home/bot/ros2_ws/install/robotic_arm_config:/home/bot/ros2_ws/install/move_program:/home/bot/ros2_ws/install/imu_controller:/home/bot/ros2_ws/install/esp32_controller:/home/bot/ros2_ws/install/cpp_pubsub:/opt/ros/jazzy/opt/sdformat_vendor:/opt/ros/jazzy/opt/gz_math_vendor:/opt/ros/jazzy/opt/gz_utils_vendor:/opt/ros/jazzy/opt/gz_tools_vendor:/opt/ros/jazzy/opt/gz_cmake_vendor:/home/bot/ros2_ws/install/pose_printer:/home/bot/ros2_ws/install/mqtt_imu:/home/bot/ros2_ws/install/moveit_controls:/opt/ros/jazzy'}), 'shell': False}
[52.272717] (-) TimerEvent: {}
[52.373525] (-) TimerEvent: {}
[52.476590] (-) TimerEvent: {}
[52.577462] (-) TimerEvent: {}
[52.602935] (realsense2_camera) StdoutLine: {'line': b'[  3%] \x1b[32mBuilding CXX object CMakeFiles/realsense2_camera.dir/src/realsense_node_factory.cpp.o\x1b[0m\n'}
[52.604089] (realsense2_camera) StdoutLine: {'line': b'[ 11%] \x1b[32mBuilding CXX object CMakeFiles/realsense2_camera_node.dir/rclcpp_components/node_main_realsense2_camera_node.cpp.o\x1b[0m\n'}
[52.604909] (realsense2_camera) StdoutLine: {'line': b'[ 11%] \x1b[32mBuilding CXX object gtest/CMakeFiles/gtest_main.dir/src/gtest_main.cc.o\x1b[0m\n'}
[52.608456] (realsense2_camera) StdoutLine: {'line': b'[ 15%] \x1b[32mBuilding CXX object gtest/CMakeFiles/gtest.dir/src/gtest-all.cc.o\x1b[0m\n'}
[52.679056] (-) TimerEvent: {}
[52.782625] (-) TimerEvent: {}
[52.883593] (-) TimerEvent: {}
[52.987935] (-) TimerEvent: {}
[53.091548] (-) TimerEvent: {}
[53.192350] (-) TimerEvent: {}
[53.294626] (-) TimerEvent: {}
[53.397354] (-) TimerEvent: {}
[53.500580] (-) TimerEvent: {}
[53.601814] (-) TimerEvent: {}
[53.706587] (-) TimerEvent: {}
[53.807897] (-) TimerEvent: {}
[53.914612] (-) TimerEvent: {}
[54.015916] (-) TimerEvent: {}
[54.118613] (-) TimerEvent: {}
[54.221720] (-) TimerEvent: {}
[54.326217] (-) TimerEvent: {}
[54.427923] (-) TimerEvent: {}
[54.532461] (-) TimerEvent: {}
[54.636060] (-) TimerEvent: {}
[54.740513] (-) TimerEvent: {}
[54.846112] (-) TimerEvent: {}
[54.947786] (-) TimerEvent: {}
[55.052595] (-) TimerEvent: {}
[55.157628] (-) TimerEvent: {}
[55.259182] (-) TimerEvent: {}
[55.363367] (-) TimerEvent: {}
[55.465332] (-) TimerEvent: {}
[55.569578] (-) TimerEvent: {}
[55.670374] (-) TimerEvent: {}
[55.774198] (-) TimerEvent: {}
[55.875080] (-) TimerEvent: {}
[55.976736] (-) TimerEvent: {}
[56.080653] (-) TimerEvent: {}
[56.182191] (-) TimerEvent: {}
[56.286830] (-) TimerEvent: {}
[56.389005] (-) TimerEvent: {}
[56.492588] (-) TimerEvent: {}
[56.595824] (-) TimerEvent: {}
[56.697244] (-) TimerEvent: {}
[56.801360] (-) TimerEvent: {}
[56.903107] (-) TimerEvent: {}
[57.006507] (-) TimerEvent: {}
[57.112598] (-) TimerEvent: {}
[57.214029] (-) TimerEvent: {}
[57.315656] (-) TimerEvent: {}
[57.419494] (-) TimerEvent: {}
[57.521024] (-) TimerEvent: {}
[57.592663] (realsense2_camera) StdoutLine: {'line': b'[ 19%] \x1b[32m\x1b[1mLinking CXX static library libgtest_main.a\x1b[0m\n'}
[57.621322] (-) TimerEvent: {}
[57.724587] (-) TimerEvent: {}
[57.827727] (-) TimerEvent: {}
[57.890117] (realsense2_camera) StdoutLine: {'line': b'[ 19%] Built target gtest_main\n'}
[57.930594] (-) TimerEvent: {}
[57.967676] (realsense2_camera) StdoutLine: {'line': b'[ 23%] \x1b[32mBuilding CXX object CMakeFiles/realsense2_camera.dir/src/base_realsense_node.cpp.o\x1b[0m\n'}
[58.030920] (-) TimerEvent: {}
[58.132999] (-) TimerEvent: {}
[58.235062] (-) TimerEvent: {}
[58.337212] (-) TimerEvent: {}
[58.439947] (-) TimerEvent: {}
[58.544364] (-) TimerEvent: {}
[58.646614] (-) TimerEvent: {}
[58.749658] (-) TimerEvent: {}
[58.850815] (-) TimerEvent: {}
[58.955595] (-) TimerEvent: {}
[59.056608] (-) TimerEvent: {}
[59.158658] (-) TimerEvent: {}
[59.261170] (-) TimerEvent: {}
[59.364286] (-) TimerEvent: {}
[59.467050] (-) TimerEvent: {}
[59.571633] (-) TimerEvent: {}
[59.673078] (-) TimerEvent: {}
[59.774385] (-) TimerEvent: {}
[59.878251] (-) TimerEvent: {}
[59.979578] (-) TimerEvent: {}
[60.083592] (-) TimerEvent: {}
[60.184790] (-) TimerEvent: {}
[60.286185] (-) TimerEvent: {}
[60.390582] (-) TimerEvent: {}
[60.491903] (-) TimerEvent: {}
[60.593375] (-) TimerEvent: {}
[60.696231] (-) TimerEvent: {}
[60.802138] (-) TimerEvent: {}
[60.903652] (-) TimerEvent: {}
[61.007840] (-) TimerEvent: {}
[61.109500] (-) TimerEvent: {}
[61.212658] (-) TimerEvent: {}
[61.315645] (-) TimerEvent: {}
[61.417062] (-) TimerEvent: {}
[61.521658] (-) TimerEvent: {}
[61.623355] (-) TimerEvent: {}
[61.726898] (-) TimerEvent: {}
[61.828136] (-) TimerEvent: {}
[61.932238] (-) TimerEvent: {}
[62.033570] (-) TimerEvent: {}
[62.134973] (-) TimerEvent: {}
[62.239275] (-) TimerEvent: {}
[62.340542] (-) TimerEvent: {}
[62.441808] (-) TimerEvent: {}
[62.552617] (-) TimerEvent: {}
[62.659633] (-) TimerEvent: {}
[62.761575] (-) TimerEvent: {}
[62.864613] (-) TimerEvent: {}
[62.966156] (-) TimerEvent: {}
[63.069358] (-) TimerEvent: {}
[63.173612] (-) TimerEvent: {}
[63.276144] (-) TimerEvent: {}
[63.382354] (-) TimerEvent: {}
[63.486097] (-) TimerEvent: {}
[63.588624] (-) TimerEvent: {}
[63.689955] (-) TimerEvent: {}
[63.794547] (-) TimerEvent: {}
[63.895902] (-) TimerEvent: {}
[63.999841] (-) TimerEvent: {}
[64.101167] (-) TimerEvent: {}
[64.204608] (-) TimerEvent: {}
[64.308612] (-) TimerEvent: {}
[64.409963] (-) TimerEvent: {}
[64.516593] (-) TimerEvent: {}
[64.617965] (-) TimerEvent: {}
[64.721588] (-) TimerEvent: {}
[64.823271] (-) TimerEvent: {}
[64.927607] (-) TimerEvent: {}
[65.031640] (-) TimerEvent: {}
[65.132989] (-) TimerEvent: {}
[65.233838] (-) TimerEvent: {}
[65.336587] (-) TimerEvent: {}
[65.438734] (-) TimerEvent: {}
[65.543651] (-) TimerEvent: {}
[65.645243] (-) TimerEvent: {}
[65.749603] (-) TimerEvent: {}
[65.851226] (-) TimerEvent: {}
[65.954618] (-) TimerEvent: {}
[66.056177] (-) TimerEvent: {}
[66.159613] (-) TimerEvent: {}
[66.260985] (-) TimerEvent: {}
[66.365628] (-) TimerEvent: {}
[66.467213] (-) TimerEvent: {}
[66.569702] (-) TimerEvent: {}
[66.673662] (-) TimerEvent: {}
[66.775349] (-) TimerEvent: {}
[66.879630] (-) TimerEvent: {}
[66.980726] (-) TimerEvent: {}
[67.083632] (-) TimerEvent: {}
[67.188104] (-) TimerEvent: {}
[67.290076] (-) TimerEvent: {}
[67.393098] (-) TimerEvent: {}
[67.498059] (-) TimerEvent: {}
[67.599746] (-) TimerEvent: {}
[67.701457] (-) TimerEvent: {}
[67.805038] (-) TimerEvent: {}
[67.906634] (-) TimerEvent: {}
[68.011507] (-) TimerEvent: {}
[68.113072] (-) TimerEvent: {}
[68.214730] (-) TimerEvent: {}
[68.319489] (-) TimerEvent: {}
[68.420892] (-) TimerEvent: {}
[68.522291] (-) TimerEvent: {}
[68.626605] (-) TimerEvent: {}
[68.729332] (-) TimerEvent: {}
[68.833613] (-) TimerEvent: {}
[68.937668] (-) TimerEvent: {}
[69.039602] (-) TimerEvent: {}
[69.142562] (-) TimerEvent: {}
[69.246505] (-) TimerEvent: {}
[69.349616] (-) TimerEvent: {}
[69.453891] (-) TimerEvent: {}
[69.555912] (-) TimerEvent: {}
[69.660453] (-) TimerEvent: {}
[69.763298] (-) TimerEvent: {}
[69.869011] (-) TimerEvent: {}
[69.970537] (-) TimerEvent: {}
[70.074598] (-) TimerEvent: {}
[70.177601] (-) TimerEvent: {}
[70.279074] (-) TimerEvent: {}
[70.383609] (-) TimerEvent: {}
[70.485084] (-) TimerEvent: {}
[70.586581] (-) TimerEvent: {}
[70.689707] (-) TimerEvent: {}
[70.793741] (-) TimerEvent: {}
[70.898489] (-) TimerEvent: {}
[71.000008] (-) TimerEvent: {}
[71.103501] (-) TimerEvent: {}
[71.207120] (-) TimerEvent: {}
[71.310656] (-) TimerEvent: {}
[71.415070] (-) TimerEvent: {}
[71.518631] (-) TimerEvent: {}
[71.623635] (-) TimerEvent: {}
[71.725195] (-) TimerEvent: {}
[71.829010] (-) TimerEvent: {}
[71.930736] (-) TimerEvent: {}
[72.034458] (-) TimerEvent: {}
[72.137612] (-) TimerEvent: {}
[72.240625] (-) TimerEvent: {}
[72.342246] (-) TimerEvent: {}
[72.445487] (-) TimerEvent: {}
[72.549008] (-) TimerEvent: {}
[72.652158] (-) TimerEvent: {}
[72.755720] (-) TimerEvent: {}
[72.859527] (-) TimerEvent: {}
[72.963064] (-) TimerEvent: {}
[73.068607] (-) TimerEvent: {}
[73.178478] (-) TimerEvent: {}
[73.288614] (-) TimerEvent: {}
[73.392290] (-) TimerEvent: {}
[73.493659] (-) TimerEvent: {}
[73.596892] (-) TimerEvent: {}
[73.699833] (-) TimerEvent: {}
[73.803638] (-) TimerEvent: {}
[73.905216] (-) TimerEvent: {}
[74.010001] (-) TimerEvent: {}
[74.114669] (-) TimerEvent: {}
[74.218596] (-) TimerEvent: {}
[74.319983] (-) TimerEvent: {}
[74.424864] (-) TimerEvent: {}
[74.526363] (-) TimerEvent: {}
[74.631068] (-) TimerEvent: {}
[74.737886] (-) TimerEvent: {}
[74.840635] (-) TimerEvent: {}
[74.942196] (-) TimerEvent: {}
[75.045606] (-) TimerEvent: {}
[75.149599] (-) TimerEvent: {}
[75.250816] (-) TimerEvent: {}
[75.352643] (-) TimerEvent: {}
[75.456782] (-) TimerEvent: {}
[75.562764] (-) TimerEvent: {}
[75.665842] (-) TimerEvent: {}
[75.767356] (-) TimerEvent: {}
[75.871464] (-) TimerEvent: {}
[75.973003] (-) TimerEvent: {}
[76.076369] (-) TimerEvent: {}
[76.179830] (-) TimerEvent: {}
[76.284020] (-) TimerEvent: {}
[76.387609] (-) TimerEvent: {}
[76.489688] (-) TimerEvent: {}
[76.593621] (-) TimerEvent: {}
[76.698033] (-) TimerEvent: {}
[76.800361] (-) TimerEvent: {}
[76.904383] (-) TimerEvent: {}
[77.008143] (-) TimerEvent: {}
[77.113080] (-) TimerEvent: {}
[77.214539] (-) TimerEvent: {}
[77.317466] (-) TimerEvent: {}
[77.421660] (-) TimerEvent: {}
[77.523295] (-) TimerEvent: {}
[77.625657] (-) TimerEvent: {}
[77.728643] (-) TimerEvent: {}
[77.830125] (-) TimerEvent: {}
[77.933636] (-) TimerEvent: {}
[78.037675] (-) TimerEvent: {}
[78.139314] (-) TimerEvent: {}
[78.243615] (-) TimerEvent: {}
[78.345226] (-) TimerEvent: {}
[78.447584] (-) TimerEvent: {}
[78.551508] (-) TimerEvent: {}
[78.652518] (-) TimerEvent: {}
[78.755576] (-) TimerEvent: {}
[78.756756] (realsense2_camera) StdoutLine: {'line': b'[ 26%] \x1b[32m\x1b[1mLinking CXX executable realsense2_camera_node\x1b[0m\n'}
[78.856567] (-) TimerEvent: {}
[78.960082] (-) TimerEvent: {}
[79.061118] (-) TimerEvent: {}
[79.164560] (-) TimerEvent: {}
[79.268686] (-) TimerEvent: {}
[79.372199] (-) TimerEvent: {}
[79.476576] (-) TimerEvent: {}
[79.579247] (-) TimerEvent: {}
[79.684670] (-) TimerEvent: {}
[79.785914] (-) TimerEvent: {}
[79.803700] (realsense2_camera) StdoutLine: {'line': b'[ 26%] Built target realsense2_camera_node\n'}
[79.888607] (realsense2_camera) StdoutLine: {'line': b'[ 30%] \x1b[32mBuilding CXX object CMakeFiles/realsense2_camera.dir/src/parameters.cpp.o\x1b[0m\n'}
[79.889855] (-) TimerEvent: {}
[79.992682] (-) TimerEvent: {}
[80.094590] (-) TimerEvent: {}
[80.197577] (-) TimerEvent: {}
[80.298426] (-) TimerEvent: {}
[80.399240] (-) TimerEvent: {}
[80.501612] (-) TimerEvent: {}
[80.602507] (-) TimerEvent: {}
[80.704605] (-) TimerEvent: {}
[80.805544] (-) TimerEvent: {}
[80.909585] (-) TimerEvent: {}
[81.010450] (-) TimerEvent: {}
[81.111280] (-) TimerEvent: {}
[81.212140] (-) TimerEvent: {}
[81.315585] (-) TimerEvent: {}
[81.416435] (-) TimerEvent: {}
[81.517232] (-) TimerEvent: {}
[81.620589] (-) TimerEvent: {}
[81.721551] (-) TimerEvent: {}
[81.824652] (-) TimerEvent: {}
[81.926221] (-) TimerEvent: {}
[82.028120] (-) TimerEvent: {}
[82.133596] (-) TimerEvent: {}
[82.234610] (-) TimerEvent: {}
[82.338013] (-) TimerEvent: {}
[82.440648] (-) TimerEvent: {}
[82.542619] (-) TimerEvent: {}
[82.644585] (-) TimerEvent: {}
[82.745753] (-) TimerEvent: {}
[82.848456] (-) TimerEvent: {}
[82.952012] (-) TimerEvent: {}
[83.057129] (-) TimerEvent: {}
[83.159773] (-) TimerEvent: {}
[83.263640] (-) TimerEvent: {}
[83.367578] (-) TimerEvent: {}
[83.468985] (-) TimerEvent: {}
[83.570470] (-) TimerEvent: {}
[83.673608] (-) TimerEvent: {}
[83.775715] (-) TimerEvent: {}
[83.879358] (-) TimerEvent: {}
[83.985584] (-) TimerEvent: {}
[84.089581] (-) TimerEvent: {}
[84.191168] (-) TimerEvent: {}
[84.292545] (-) TimerEvent: {}
[84.395580] (-) TimerEvent: {}
[84.499577] (-) TimerEvent: {}
[84.600819] (-) TimerEvent: {}
[84.705508] (-) TimerEvent: {}
[84.809594] (-) TimerEvent: {}
[84.913877] (-) TimerEvent: {}
[85.015436] (-) TimerEvent: {}
[85.120113] (-) TimerEvent: {}
[85.223895] (-) TimerEvent: {}
[85.328878] (-) TimerEvent: {}
[85.430560] (-) TimerEvent: {}
[85.532983] (-) TimerEvent: {}
[85.636527] (-) TimerEvent: {}
[85.742058] (-) TimerEvent: {}
[85.843710] (-) TimerEvent: {}
[85.946930] (-) TimerEvent: {}
[86.051098] (-) TimerEvent: {}
[86.157615] (-) TimerEvent: {}
[86.259254] (-) TimerEvent: {}
[86.364043] (-) TimerEvent: {}
[86.466086] (-) TimerEvent: {}
[86.569457] (-) TimerEvent: {}
[86.674877] (-) TimerEvent: {}
[86.776584] (-) TimerEvent: {}
[86.880613] (-) TimerEvent: {}
[86.982347] (-) TimerEvent: {}
[87.087073] (-) TimerEvent: {}
[87.189548] (-) TimerEvent: {}
[87.295615] (-) TimerEvent: {}
[87.397223] (-) TimerEvent: {}
[87.500656] (-) TimerEvent: {}
[87.602050] (-) TimerEvent: {}
[87.704621] (-) TimerEvent: {}
[87.808605] (-) TimerEvent: {}
[87.910080] (-) TimerEvent: {}
[88.013629] (-) TimerEvent: {}
[88.115530] (-) TimerEvent: {}
[88.220148] (-) TimerEvent: {}
[88.324053] (-) TimerEvent: {}
[88.427566] (-) TimerEvent: {}
[88.530314] (-) TimerEvent: {}
[88.634553] (-) TimerEvent: {}
[88.736322] (-) TimerEvent: {}
[88.840734] (-) TimerEvent: {}
[88.942378] (-) TimerEvent: {}
[89.046099] (-) TimerEvent: {}
[89.150664] (-) TimerEvent: {}
[89.252521] (-) TimerEvent: {}
[89.354616] (-) TimerEvent: {}
[89.459649] (-) TimerEvent: {}
[89.562440] (-) TimerEvent: {}
[89.666588] (-) TimerEvent: {}
[89.769878] (-) TimerEvent: {}
[89.873047] (-) TimerEvent: {}
[89.976514] (-) TimerEvent: {}
[90.079601] (-) TimerEvent: {}
[90.183442] (-) TimerEvent: {}
[90.288653] (-) TimerEvent: {}
[90.390332] (-) TimerEvent: {}
[90.492213] (-) TimerEvent: {}
[90.596590] (-) TimerEvent: {}
[90.698180] (-) TimerEvent: {}
[90.801527] (-) TimerEvent: {}
[90.905010] (-) TimerEvent: {}
[91.010012] (-) TimerEvent: {}
[91.111627] (-) TimerEvent: {}
[91.216606] (-) TimerEvent: {}
[91.318174] (-) TimerEvent: {}
[91.422993] (-) TimerEvent: {}
[91.524546] (-) TimerEvent: {}
[91.626671] (-) TimerEvent: {}
[91.729913] (-) TimerEvent: {}
[91.831371] (-) TimerEvent: {}
[91.935602] (-) TimerEvent: {}
[92.037087] (-) TimerEvent: {}
[92.142090] (-) TimerEvent: {}
[92.243903] (-) TimerEvent: {}
[92.347013] (-) TimerEvent: {}
[92.452018] (-) TimerEvent: {}
[92.553530] (-) TimerEvent: {}
[92.657061] (-) TimerEvent: {}
[92.762156] (-) TimerEvent: {}
[92.864530] (-) TimerEvent: {}
[92.968042] (-) TimerEvent: {}
[93.076443] (-) TimerEvent: {}
[93.177320] (-) TimerEvent: {}
[93.284038] (-) TimerEvent: {}
[93.392910] (-) TimerEvent: {}
[93.500048] (-) TimerEvent: {}
[93.607243] (-) TimerEvent: {}
[93.713312] (-) TimerEvent: {}
[93.816303] (-) TimerEvent: {}
[93.919237] (-) TimerEvent: {}
[94.023605] (-) TimerEvent: {}
[94.124917] (-) TimerEvent: {}
[94.226199] (-) TimerEvent: {}
[94.327579] (-) TimerEvent: {}
[94.434590] (-) TimerEvent: {}
[94.535555] (-) TimerEvent: {}
[94.636988] (-) TimerEvent: {}
[94.738258] (-) TimerEvent: {}
[94.840586] (-) TimerEvent: {}
[94.948617] (-) TimerEvent: {}
[95.050067] (-) TimerEvent: {}
[95.151689] (-) TimerEvent: {}
[95.256553] (-) TimerEvent: {}
[95.358657] (-) TimerEvent: {}
[95.461617] (-) TimerEvent: {}
[95.565599] (-) TimerEvent: {}
[95.667077] (-) TimerEvent: {}
[95.769662] (-) TimerEvent: {}
[95.872629] (-) TimerEvent: {}
[95.974164] (-) TimerEvent: {}
[96.078626] (-) TimerEvent: {}
[96.180014] (-) TimerEvent: {}
[96.282599] (-) TimerEvent: {}
[96.385631] (-) TimerEvent: {}
[96.487966] (-) TimerEvent: {}
[96.592462] (-) TimerEvent: {}
[96.696615] (-) TimerEvent: {}
[96.798214] (-) TimerEvent: {}
[96.902883] (-) TimerEvent: {}
[97.006607] (-) TimerEvent: {}
[97.108157] (-) TimerEvent: {}
[97.212033] (-) TimerEvent: {}
[97.316673] (-) TimerEvent: {}
[97.418327] (-) TimerEvent: {}
[97.521658] (-) TimerEvent: {}
[97.623256] (-) TimerEvent: {}
[97.728100] (-) TimerEvent: {}
[97.830656] (-) TimerEvent: {}
[97.934299] (-) TimerEvent: {}
[98.037728] (-) TimerEvent: {}
[98.143103] (-) TimerEvent: {}
[98.247038] (-) TimerEvent: {}
[98.350149] (-) TimerEvent: {}
[98.454893] (-) TimerEvent: {}
[98.556471] (-) TimerEvent: {}
[98.660863] (-) TimerEvent: {}
[98.762367] (-) TimerEvent: {}
[98.863908] (-) TimerEvent: {}
[98.967495] (-) TimerEvent: {}
[99.068998] (-) TimerEvent: {}
[99.172494] (-) TimerEvent: {}
[99.276519] (-) TimerEvent: {}
[99.381632] (-) TimerEvent: {}
[99.483215] (-) TimerEvent: {}
[99.584843] (-) TimerEvent: {}
[99.689605] (-) TimerEvent: {}
[99.790579] (-) TimerEvent: {}
[99.892092] (-) TimerEvent: {}
[99.994852] (-) TimerEvent: {}
[100.098839] (-) TimerEvent: {}
[100.200564] (-) TimerEvent: {}
[100.304058] (-) TimerEvent: {}
[100.409007] (-) TimerEvent: {}
[100.510578] (-) TimerEvent: {}
[100.615004] (-) TimerEvent: {}
[100.716596] (-) TimerEvent: {}
[100.820539] (-) TimerEvent: {}
[100.926582] (-) TimerEvent: {}
[101.028079] (-) TimerEvent: {}
[101.131611] (-) TimerEvent: {}
[101.233176] (-) TimerEvent: {}
[101.336029] (-) TimerEvent: {}
[101.439734] (-) TimerEvent: {}
[101.546569] (-) TimerEvent: {}
[101.652610] (-) TimerEvent: {}
[101.755113] (-) TimerEvent: {}
[101.857654] (-) TimerEvent: {}
[101.960909] (-) TimerEvent: {}
[102.064606] (-) TimerEvent: {}
[102.166116] (-) TimerEvent: {}
[102.268678] (-) TimerEvent: {}
[102.372556] (-) TimerEvent: {}
[102.473845] (-) TimerEvent: {}
[102.578852] (-) TimerEvent: {}
[102.681102] (-) TimerEvent: {}
[102.783665] (-) TimerEvent: {}
[102.887035] (-) TimerEvent: {}
[102.990361] (-) TimerEvent: {}
[103.092864] (-) TimerEvent: {}
[103.197497] (-) TimerEvent: {}
[103.298935] (-) TimerEvent: {}
[103.403067] (-) TimerEvent: {}
[103.505578] (-) TimerEvent: {}
[103.610111] (-) TimerEvent: {}
[103.711553] (-) TimerEvent: {}
[103.815888] (-) TimerEvent: {}
[103.917357] (-) TimerEvent: {}
[104.020626] (-) TimerEvent: {}
[104.122114] (-) TimerEvent: {}
[104.226300] (-) TimerEvent: {}
[104.327607] (-) TimerEvent: {}
[104.430477] (-) TimerEvent: {}
[104.534375] (-) TimerEvent: {}
[104.635712] (-) TimerEvent: {}
[104.738590] (-) TimerEvent: {}
[104.839790] (-) TimerEvent: {}
[104.943594] (-) TimerEvent: {}
[105.045123] (-) TimerEvent: {}
[105.146620] (-) TimerEvent: {}
[105.250516] (-) TimerEvent: {}
[105.354660] (-) TimerEvent: {}
[105.456175] (-) TimerEvent: {}
[105.557884] (-) TimerEvent: {}
[105.661108] (-) TimerEvent: {}
[105.765108] (-) TimerEvent: {}
[105.866171] (-) TimerEvent: {}
[105.971281] (-) TimerEvent: {}
[106.072685] (-) TimerEvent: {}
[106.174252] (-) TimerEvent: {}
[106.276618] (-) TimerEvent: {}
[106.379653] (-) TimerEvent: {}
[106.484626] (-) TimerEvent: {}
[106.586520] (-) TimerEvent: {}
[106.688167] (-) TimerEvent: {}
[106.790606] (-) TimerEvent: {}
[106.894667] (-) TimerEvent: {}
[106.996110] (-) TimerEvent: {}
[107.099616] (-) TimerEvent: {}
[107.200614] (-) TimerEvent: {}
[107.304608] (-) TimerEvent: {}
[107.406119] (-) TimerEvent: {}
[107.508646] (-) TimerEvent: {}
[107.612621] (-) TimerEvent: {}
[107.714158] (-) TimerEvent: {}
[107.815592] (-) TimerEvent: {}
[107.918470] (-) TimerEvent: {}
[108.021612] (-) TimerEvent: {}
[108.125032] (-) TimerEvent: {}
[108.228592] (-) TimerEvent: {}
[108.330160] (-) TimerEvent: {}
[108.432690] (-) TimerEvent: {}
[108.537538] (-) TimerEvent: {}
[108.639841] (-) TimerEvent: {}
[108.743582] (-) TimerEvent: {}
[108.846254] (-) TimerEvent: {}
[108.948569] (-) TimerEvent: {}
[109.051464] (-) TimerEvent: {}
[109.154391] (-) TimerEvent: {}
[109.258604] (-) TimerEvent: {}
[109.360195] (-) TimerEvent: {}
[109.461323] (-) TimerEvent: {}
[109.565546] (-) TimerEvent: {}
[109.667219] (-) TimerEvent: {}
[109.770584] (-) TimerEvent: {}
[109.873521] (-) TimerEvent: {}
[109.978371] (-) TimerEvent: {}
[110.080261] (-) TimerEvent: {}
[110.183612] (-) TimerEvent: {}
[110.284667] (-) TimerEvent: {}
[110.388630] (-) TimerEvent: {}
[110.490224] (-) TimerEvent: {}
[110.592670] (-) TimerEvent: {}
[110.696626] (-) TimerEvent: {}
[110.798234] (-) TimerEvent: {}
[110.902662] (-) TimerEvent: {}
[111.005115] (-) TimerEvent: {}
[111.108652] (-) TimerEvent: {}
[111.210251] (-) TimerEvent: {}
[111.314633] (-) TimerEvent: {}
[111.416294] (-) TimerEvent: {}
[111.517904] (-) TimerEvent: {}
[111.622748] (-) TimerEvent: {}
[111.724322] (-) TimerEvent: {}
[111.825863] (-) TimerEvent: {}
[111.930477] (-) TimerEvent: {}
[112.032002] (-) TimerEvent: {}
[112.133496] (-) TimerEvent: {}
[112.237285] (-) TimerEvent: {}
[112.338767] (-) TimerEvent: {}
[112.441686] (-) TimerEvent: {}
[112.544634] (-) TimerEvent: {}
[112.649070] (-) TimerEvent: {}
[112.661867] (realsense2_camera) StdoutLine: {'line': b'[ 34%] \x1b[32m\x1b[1mLinking CXX static library libgtest.a\x1b[0m\n'}
[112.749314] (-) TimerEvent: {}
[112.850747] (-) TimerEvent: {}
[112.954972] (-) TimerEvent: {}
[113.057230] (-) TimerEvent: {}
[113.162909] (-) TimerEvent: {}
[113.264140] (-) TimerEvent: {}
[113.341514] (realsense2_camera) StdoutLine: {'line': b'[ 34%] Built target gtest\n'}
[113.367598] (-) TimerEvent: {}
[113.472649] (-) TimerEvent: {}
[113.573996] (-) TimerEvent: {}
[113.675302] (-) TimerEvent: {}
[113.703590] (realsense2_camera) StdoutLine: {'line': b'[ 38%] \x1b[32mBuilding CXX object CMakeFiles/gtest_template.dir/test/gtest_template.cpp.o\x1b[0m\n'}
[113.775578] (-) TimerEvent: {}
[113.879594] (-) TimerEvent: {}
[113.981508] (-) TimerEvent: {}
[114.086652] (-) TimerEvent: {}
[114.190617] (-) TimerEvent: {}
[114.292081] (-) TimerEvent: {}
[114.395985] (-) TimerEvent: {}
[114.501804] (-) TimerEvent: {}
[114.604961] (-) TimerEvent: {}
[114.711209] (-) TimerEvent: {}
[114.814659] (-) TimerEvent: {}
[114.916087] (-) TimerEvent: {}
[115.021088] (-) TimerEvent: {}
[115.123483] (-) TimerEvent: {}
[115.227906] (-) TimerEvent: {}
[115.333604] (-) TimerEvent: {}
[115.435150] (-) TimerEvent: {}
[115.538847] (-) TimerEvent: {}
[115.643603] (-) TimerEvent: {}
[115.745234] (-) TimerEvent: {}
[115.846997] (-) TimerEvent: {}
[115.951563] (-) TimerEvent: {}
[116.055484] (-) TimerEvent: {}
[116.158613] (-) TimerEvent: {}
[116.262952] (-) TimerEvent: {}
[116.365527] (-) TimerEvent: {}
[116.469003] (-) TimerEvent: {}
[116.571383] (-) TimerEvent: {}
[116.675701] (-) TimerEvent: {}
[116.779275] (-) TimerEvent: {}
[116.881656] (-) TimerEvent: {}
[116.985665] (-) TimerEvent: {}
[117.087135] (-) TimerEvent: {}
[117.188872] (-) TimerEvent: {}
[117.292818] (-) TimerEvent: {}
[117.397553] (-) TimerEvent: {}
[117.499480] (-) TimerEvent: {}
[117.603729] (-) TimerEvent: {}
[117.706719] (-) TimerEvent: {}
[117.811637] (-) TimerEvent: {}
[117.913342] (-) TimerEvent: {}
[118.016493] (-) TimerEvent: {}
[118.121290] (-) TimerEvent: {}
[118.225616] (-) TimerEvent: {}
[118.327196] (-) TimerEvent: {}
[118.431073] (-) TimerEvent: {}
[118.534107] (-) TimerEvent: {}
[118.638040] (-) TimerEvent: {}
[118.741635] (-) TimerEvent: {}
[118.846951] (-) TimerEvent: {}
[118.950642] (-) TimerEvent: {}
[119.052606] (-) TimerEvent: {}
[119.157231] (-) TimerEvent: {}
[119.262683] (-) TimerEvent: {}
[119.367001] (-) TimerEvent: {}
[119.471668] (-) TimerEvent: {}
[119.573622] (-) TimerEvent: {}
[119.676924] (-) TimerEvent: {}
[119.783629] (-) TimerEvent: {}
[119.885796] (-) TimerEvent: {}
[119.990032] (-) TimerEvent: {}
[120.092191] (-) TimerEvent: {}
[120.196517] (-) TimerEvent: {}
[120.298791] (-) TimerEvent: {}
[120.401309] (-) TimerEvent: {}
[120.505633] (-) TimerEvent: {}
[120.607258] (-) TimerEvent: {}
[120.709566] (-) TimerEvent: {}
[120.813455] (-) TimerEvent: {}
[120.916888] (-) TimerEvent: {}
[121.021793] (-) TimerEvent: {}
[121.123323] (-) TimerEvent: {}
[121.224951] (-) TimerEvent: {}
[121.329459] (-) TimerEvent: {}
[121.431025] (-) TimerEvent: {}
[121.535612] (-) TimerEvent: {}
[121.637155] (-) TimerEvent: {}
[121.739659] (-) TimerEvent: {}
[121.843023] (-) TimerEvent: {}
[121.948028] (-) TimerEvent: {}
[122.049620] (-) TimerEvent: {}
[122.154189] (-) TimerEvent: {}
[122.256108] (-) TimerEvent: {}
[122.360668] (-) TimerEvent: {}
[122.366101] (realsense2_camera) StdoutLine: {'line': b'[ 42%] \x1b[32m\x1b[1mLinking CXX executable gtest_template\x1b[0m\n'}
[122.460913] (-) TimerEvent: {}
[122.565605] (-) TimerEvent: {}
[122.667069] (-) TimerEvent: {}
[122.771357] (-) TimerEvent: {}
[122.873871] (-) TimerEvent: {}
[122.978562] (-) TimerEvent: {}
[123.080937] (-) TimerEvent: {}
[123.185351] (-) TimerEvent: {}
[123.288613] (-) TimerEvent: {}
[123.393918] (-) TimerEvent: {}
[123.497001] (-) TimerEvent: {}
[123.600998] (-) TimerEvent: {}
[123.639387] (realsense2_camera) StdoutLine: {'line': b'[ 42%] Built target gtest_template\n'}
[123.701245] (-) TimerEvent: {}
[123.731820] (realsense2_camera) StdoutLine: {'line': b'[ 46%] \x1b[32mBuilding CXX object CMakeFiles/realsense2_camera.dir/src/rs_node_setup.cpp.o\x1b[0m\n'}
[123.801515] (-) TimerEvent: {}
[123.902800] (-) TimerEvent: {}
[124.006382] (-) TimerEvent: {}
[124.107990] (-) TimerEvent: {}
[124.212337] (-) TimerEvent: {}
[124.313835] (-) TimerEvent: {}
[124.417967] (-) TimerEvent: {}
[124.521583] (-) TimerEvent: {}
[124.622873] (-) TimerEvent: {}
[124.724256] (-) TimerEvent: {}
[124.828581] (-) TimerEvent: {}
[124.935607] (-) TimerEvent: {}
[125.036943] (-) TimerEvent: {}
[125.139077] (-) TimerEvent: {}
[125.244010] (-) TimerEvent: {}
[125.345487] (-) TimerEvent: {}
[125.449599] (-) TimerEvent: {}
[125.551021] (-) TimerEvent: {}
[125.653146] (-) TimerEvent: {}
[125.757067] (-) TimerEvent: {}
[125.862766] (-) TimerEvent: {}
[125.964574] (-) TimerEvent: {}
[126.069035] (-) TimerEvent: {}
[126.170909] (-) TimerEvent: {}
[126.276023] (-) TimerEvent: {}
[126.378636] (-) TimerEvent: {}
[126.484609] (-) TimerEvent: {}
[126.586197] (-) TimerEvent: {}
[126.689845] (-) TimerEvent: {}
[126.793466] (-) TimerEvent: {}
[126.895166] (-) TimerEvent: {}
[126.998239] (-) TimerEvent: {}
[127.119139] (-) TimerEvent: {}
[127.242866] (-) TimerEvent: {}
[127.347284] (-) TimerEvent: {}
[127.450477] (-) TimerEvent: {}
[127.553117] (-) TimerEvent: {}
[127.657987] (-) TimerEvent: {}
[127.759722] (-) TimerEvent: {}
[127.863589] (-) TimerEvent: {}
[127.968678] (-) TimerEvent: {}
[128.069685] (-) TimerEvent: {}
[128.171162] (-) TimerEvent: {}
[128.275855] (-) TimerEvent: {}
[128.377513] (-) TimerEvent: {}
[128.489629] (-) TimerEvent: {}
[128.595704] (-) TimerEvent: {}
[128.700200] (-) TimerEvent: {}
[128.816098] (-) TimerEvent: {}
[128.917575] (-) TimerEvent: {}
[129.021965] (-) TimerEvent: {}
[129.126810] (-) TimerEvent: {}
[129.231543] (-) TimerEvent: {}
[129.332770] (-) TimerEvent: {}
[129.433829] (-) TimerEvent: {}
[129.537622] (-) TimerEvent: {}
[129.639135] (-) TimerEvent: {}
[129.740715] (-) TimerEvent: {}
[129.844247] (-) TimerEvent: {}
[129.945576] (-) TimerEvent: {}
[130.048676] (-) TimerEvent: {}
[130.152638] (-) TimerEvent: {}
[130.253653] (-) TimerEvent: {}
[130.356978] (-) TimerEvent: {}
[130.457913] (-) TimerEvent: {}
[130.559958] (-) TimerEvent: {}
[130.661324] (-) TimerEvent: {}
[130.763617] (-) TimerEvent: {}
[130.865901] (-) TimerEvent: {}
[130.969681] (-) TimerEvent: {}
[131.074986] (-) TimerEvent: {}
[131.177619] (-) TimerEvent: {}
[131.282312] (-) TimerEvent: {}
[131.385617] (-) TimerEvent: {}
[131.491884] (-) TimerEvent: {}
[131.594732] (-) TimerEvent: {}
[131.701115] (-) TimerEvent: {}
[131.804579] (-) TimerEvent: {}
[131.906064] (-) TimerEvent: {}
[132.011647] (-) TimerEvent: {}
[132.113468] (-) TimerEvent: {}
[132.216221] (-) TimerEvent: {}
[132.319873] (-) TimerEvent: {}
[132.426678] (-) TimerEvent: {}
[132.535889] (-) TimerEvent: {}
[132.638603] (-) TimerEvent: {}
[132.743312] (-) TimerEvent: {}
[132.846603] (-) TimerEvent: {}
[132.948192] (-) TimerEvent: {}
[133.051598] (-) TimerEvent: {}
[133.152994] (-) TimerEvent: {}
[133.255966] (-) TimerEvent: {}
[133.360200] (-) TimerEvent: {}
[133.461834] (-) TimerEvent: {}
[133.567656] (-) TimerEvent: {}
[133.669307] (-) TimerEvent: {}
[133.771050] (-) TimerEvent: {}
[133.876601] (-) TimerEvent: {}
[133.978105] (-) TimerEvent: {}
[134.083138] (-) TimerEvent: {}
[134.184594] (-) TimerEvent: {}
[134.286176] (-) TimerEvent: {}
[134.390377] (-) TimerEvent: {}
[134.491878] (-) TimerEvent: {}
[134.596581] (-) TimerEvent: {}
[134.700598] (-) TimerEvent: {}
[134.802006] (-) TimerEvent: {}
[134.906113] (-) TimerEvent: {}
[135.008593] (-) TimerEvent: {}
[135.111489] (-) TimerEvent: {}
[135.216173] (-) TimerEvent: {}
[135.319590] (-) TimerEvent: {}
[135.423935] (-) TimerEvent: {}
[135.526127] (-) TimerEvent: {}
[135.640536] (-) TimerEvent: {}
[135.750886] (-) TimerEvent: {}
[135.851779] (-) TimerEvent: {}
[135.954671] (-) TimerEvent: {}
[136.055679] (-) TimerEvent: {}
[136.160022] (-) TimerEvent: {}
[136.262185] (-) TimerEvent: {}
[136.365585] (-) TimerEvent: {}
[136.469803] (-) TimerEvent: {}
[136.571313] (-) TimerEvent: {}
[136.672954] (-) TimerEvent: {}
[136.776952] (-) TimerEvent: {}
[136.881524] (-) TimerEvent: {}
[136.982957] (-) TimerEvent: {}
[137.087635] (-) TimerEvent: {}
[137.190635] (-) TimerEvent: {}
[137.296599] (-) TimerEvent: {}
[137.334939] (realsense2_camera) StdoutLine: {'line': b'[ 50%] \x1b[32mBuilding CXX object CMakeFiles/realsense2_camera.dir/src/ros_sensor.cpp.o\x1b[0m\n'}
[137.399614] (-) TimerEvent: {}
[137.501246] (-) TimerEvent: {}
[137.604726] (-) TimerEvent: {}
[137.706369] (-) TimerEvent: {}
[137.809632] (-) TimerEvent: {}
[137.913588] (-) TimerEvent: {}
[138.015136] (-) TimerEvent: {}
[138.118009] (-) TimerEvent: {}
[138.221237] (-) TimerEvent: {}
[138.325453] (-) TimerEvent: {}
[138.427106] (-) TimerEvent: {}
[138.532604] (-) TimerEvent: {}
[138.634555] (-) TimerEvent: {}
[138.739029] (-) TimerEvent: {}
[138.844010] (-) TimerEvent: {}
[138.946253] (-) TimerEvent: {}
[139.050592] (-) TimerEvent: {}
[139.152324] (-) TimerEvent: {}
[139.255946] (-) TimerEvent: {}
[139.359480] (-) TimerEvent: {}
[139.471318] (-) TimerEvent: {}
[139.573510] (-) TimerEvent: {}
[139.677634] (-) TimerEvent: {}
[139.781587] (-) TimerEvent: {}
[139.882879] (-) TimerEvent: {}
[139.986217] (-) TimerEvent: {}
[140.089788] (-) TimerEvent: {}
[140.194184] (-) TimerEvent: {}
[140.295595] (-) TimerEvent: {}
[140.398941] (-) TimerEvent: {}
[140.503489] (-) TimerEvent: {}
[140.610851] (-) TimerEvent: {}
[140.712719] (-) TimerEvent: {}
[140.816095] (-) TimerEvent: {}
[140.917185] (-) TimerEvent: {}
[141.021714] (-) TimerEvent: {}
[141.123332] (-) TimerEvent: {}
[141.227182] (-) TimerEvent: {}
[141.333960] (-) TimerEvent: {}
[141.438945] (-) TimerEvent: {}
[141.543647] (-) TimerEvent: {}
[141.648267] (-) TimerEvent: {}
[141.749745] (-) TimerEvent: {}
[141.851610] (-) TimerEvent: {}
[141.955641] (-) TimerEvent: {}
[142.057211] (-) TimerEvent: {}
[142.159587] (-) TimerEvent: {}
[142.263731] (-) TimerEvent: {}
[142.365522] (-) TimerEvent: {}
[142.468285] (-) TimerEvent: {}
[142.574597] (-) TimerEvent: {}
[142.675546] (-) TimerEvent: {}
[142.777097] (-) TimerEvent: {}
[142.882597] (-) TimerEvent: {}
[142.985950] (-) TimerEvent: {}
[143.089391] (-) TimerEvent: {}
[143.194820] (-) TimerEvent: {}
[143.300611] (-) TimerEvent: {}
[143.404601] (-) TimerEvent: {}
[143.509599] (-) TimerEvent: {}
[143.611056] (-) TimerEvent: {}
[143.714220] (-) TimerEvent: {}
[143.817388] (-) TimerEvent: {}
[143.923603] (-) TimerEvent: {}
[144.025152] (-) TimerEvent: {}
[144.129093] (-) TimerEvent: {}
[144.231004] (-) TimerEvent: {}
[144.335382] (-) TimerEvent: {}
[144.437079] (-) TimerEvent: {}
[144.540478] (-) TimerEvent: {}
[144.644499] (-) TimerEvent: {}
[144.752773] (-) TimerEvent: {}
[144.855442] (-) TimerEvent: {}
[144.959145] (-) TimerEvent: {}
[145.063554] (-) TimerEvent: {}
[145.167600] (-) TimerEvent: {}
[145.270680] (-) TimerEvent: {}
[145.372879] (-) TimerEvent: {}
[145.475483] (-) TimerEvent: {}
[145.578052] (-) TimerEvent: {}
[145.682080] (-) TimerEvent: {}
[145.784380] (-) TimerEvent: {}
[145.887036] (-) TimerEvent: {}
[145.991304] (-) TimerEvent: {}
[146.092985] (-) TimerEvent: {}
[146.197868] (-) TimerEvent: {}
[146.300127] (-) TimerEvent: {}
[146.405127] (-) TimerEvent: {}
[146.506962] (-) TimerEvent: {}
[146.610725] (-) TimerEvent: {}
[146.714914] (-) TimerEvent: {}
[146.819469] (-) TimerEvent: {}
[146.920998] (-) TimerEvent: {}
[147.025687] (-) TimerEvent: {}
[147.130199] (-) TimerEvent: {}
[147.233582] (-) TimerEvent: {}
[147.337042] (-) TimerEvent: {}
[147.442605] (-) TimerEvent: {}
[147.543849] (-) TimerEvent: {}
[147.648092] (-) TimerEvent: {}
[147.752829] (-) TimerEvent: {}
[147.854570] (-) TimerEvent: {}
[147.958613] (-) TimerEvent: {}
[148.060168] (-) TimerEvent: {}
[148.163611] (-) TimerEvent: {}
[148.265131] (-) TimerEvent: {}
[148.369117] (-) TimerEvent: {}
[148.474040] (-) TimerEvent: {}
[148.578619] (-) TimerEvent: {}
[148.680142] (-) TimerEvent: {}
[148.782658] (-) TimerEvent: {}
[148.887052] (-) TimerEvent: {}
[148.992093] (-) TimerEvent: {}
[149.094482] (-) TimerEvent: {}
[149.200199] (-) TimerEvent: {}
[149.304605] (-) TimerEvent: {}
[149.406238] (-) TimerEvent: {}
[149.509621] (-) TimerEvent: {}
[149.611531] (-) TimerEvent: {}
[149.715991] (-) TimerEvent: {}
[149.821607] (-) TimerEvent: {}
[149.925604] (-) TimerEvent: {}
[150.027118] (-) TimerEvent: {}
[150.131964] (-) TimerEvent: {}
[150.233597] (-) TimerEvent: {}
[150.339612] (-) TimerEvent: {}
[150.441207] (-) TimerEvent: {}
[150.543092] (-) TimerEvent: {}
[150.646620] (-) TimerEvent: {}
[150.750049] (-) TimerEvent: {}
[150.853538] (-) TimerEvent: {}
[150.957479] (-) TimerEvent: {}
[151.060642] (-) TimerEvent: {}
[151.164045] (-) TimerEvent: {}
[151.267041] (-) TimerEvent: {}
[151.371147] (-) TimerEvent: {}
[151.475613] (-) TimerEvent: {}
[151.579965] (-) TimerEvent: {}
[151.684610] (-) TimerEvent: {}
[151.786331] (-) TimerEvent: {}
[151.891148] (-) TimerEvent: {}
[151.995127] (-) TimerEvent: {}
[152.099724] (-) TimerEvent: {}
[152.204057] (-) TimerEvent: {}
[152.310607] (-) TimerEvent: {}
[152.412707] (-) TimerEvent: {}
[152.514735] (-) TimerEvent: {}
[152.618641] (-) TimerEvent: {}
[152.721590] (-) TimerEvent: {}
[152.825987] (-) TimerEvent: {}
[152.931025] (-) TimerEvent: {}
[153.034822] (-) TimerEvent: {}
[153.139591] (-) TimerEvent: {}
[153.241026] (-) TimerEvent: {}
[153.346603] (-) TimerEvent: {}
[153.448062] (-) TimerEvent: {}
[153.553618] (-) TimerEvent: {}
[153.655047] (-) TimerEvent: {}
[153.756532] (-) TimerEvent: {}
[153.861593] (-) TimerEvent: {}
[153.964608] (-) TimerEvent: {}
[154.071646] (-) TimerEvent: {}
[154.174587] (-) TimerEvent: {}
[154.277603] (-) TimerEvent: {}
[154.378966] (-) TimerEvent: {}
[154.483993] (-) TimerEvent: {}
[154.586148] (-) TimerEvent: {}
[154.687119] (realsense2_camera) StdoutLine: {'line': b'[ 53%] \x1b[32mBuilding CXX object CMakeFiles/realsense2_camera.dir/src/ros_utils.cpp.o\x1b[0m\n'}
[154.692215] (-) TimerEvent: {}
[154.793467] (-) TimerEvent: {}
[154.895588] (-) TimerEvent: {}
[154.996628] (-) TimerEvent: {}
[155.099092] (-) TimerEvent: {}
[155.202447] (-) TimerEvent: {}
[155.304110] (-) TimerEvent: {}
[155.406550] (-) TimerEvent: {}
[155.509504] (-) TimerEvent: {}
[155.611819] (-) TimerEvent: {}
[155.715303] (-) TimerEvent: {}
[155.816818] (-) TimerEvent: {}
[155.920967] (-) TimerEvent: {}
[156.022435] (-) TimerEvent: {}
[156.123913] (-) TimerEvent: {}
[156.228464] (-) TimerEvent: {}
[156.329923] (-) TimerEvent: {}
[156.431484] (-) TimerEvent: {}
[156.535326] (-) TimerEvent: {}
[156.636739] (-) TimerEvent: {}
[156.740632] (-) TimerEvent: {}
[156.841607] (-) TimerEvent: {}
[156.943118] (-) TimerEvent: {}
[157.047316] (-) TimerEvent: {}
[157.148727] (-) TimerEvent: {}
[157.252598] (-) TimerEvent: {}
[157.353993] (-) TimerEvent: {}
[157.454984] (-) TimerEvent: {}
[157.558587] (-) TimerEvent: {}
[157.663590] (-) TimerEvent: {}
[157.765136] (-) TimerEvent: {}
[157.866650] (-) TimerEvent: {}
[157.972089] (-) TimerEvent: {}
[158.073803] (-) TimerEvent: {}
[158.175366] (-) TimerEvent: {}
[158.278388] (-) TimerEvent: {}
[158.382000] (-) TimerEvent: {}
[158.485962] (-) TimerEvent: {}
[158.590455] (-) TimerEvent: {}
[158.692858] (-) TimerEvent: {}
[158.796563] (-) TimerEvent: {}
[158.899620] (-) TimerEvent: {}
[159.004975] (-) TimerEvent: {}
[159.106511] (-) TimerEvent: {}
[159.207823] (-) TimerEvent: {}
[159.311796] (-) TimerEvent: {}
[159.413298] (-) TimerEvent: {}
[159.517604] (-) TimerEvent: {}
[159.619050] (-) TimerEvent: {}
[159.720481] (-) TimerEvent: {}
[159.823658] (-) TimerEvent: {}
[159.928315] (-) TimerEvent: {}
[160.030163] (-) TimerEvent: {}
[160.135865] (-) TimerEvent: {}
[160.237045] (-) TimerEvent: {}
[160.339612] (-) TimerEvent: {}
[160.440789] (-) TimerEvent: {}
[160.544206] (-) TimerEvent: {}
[160.647305] (-) TimerEvent: {}
[160.751082] (-) TimerEvent: {}
[160.854122] (-) TimerEvent: {}
[160.959082] (-) TimerEvent: {}
[161.060239] (-) TimerEvent: {}
[161.163611] (-) TimerEvent: {}
[161.264591] (-) TimerEvent: {}
[161.365628] (-) TimerEvent: {}
[161.467635] (-) TimerEvent: {}
[161.571630] (-) TimerEvent: {}
[161.672592] (-) TimerEvent: {}
[161.773715] (-) TimerEvent: {}
[161.877601] (-) TimerEvent: {}
[161.978627] (-) TimerEvent: {}
[162.079726] (-) TimerEvent: {}
[162.181674] (-) TimerEvent: {}
[162.283632] (-) TimerEvent: {}
[162.388444] (-) TimerEvent: {}
[162.490050] (-) TimerEvent: {}
[162.595591] (-) TimerEvent: {}
[162.696965] (-) TimerEvent: {}
[162.799321] (-) TimerEvent: {}
[162.902277] (-) TimerEvent: {}
[163.006842] (-) TimerEvent: {}
[163.108312] (-) TimerEvent: {}
[163.213588] (-) TimerEvent: {}
[163.317581] (-) TimerEvent: {}
[163.418889] (-) TimerEvent: {}
[163.520980] (-) TimerEvent: {}
[163.625080] (-) TimerEvent: {}
[163.729858] (-) TimerEvent: {}
[163.834612] (-) TimerEvent: {}
[163.938596] (-) TimerEvent: {}
[164.040767] (-) TimerEvent: {}
[164.143601] (-) TimerEvent: {}
[164.245031] (-) TimerEvent: {}
[164.348226] (-) TimerEvent: {}
[164.449546] (-) TimerEvent: {}
[164.553282] (-) TimerEvent: {}
[164.654569] (-) TimerEvent: {}
[164.758597] (-) TimerEvent: {}
[164.859913] (-) TimerEvent: {}
[164.961371] (-) TimerEvent: {}
[165.065475] (-) TimerEvent: {}
[165.168074] (-) TimerEvent: {}
[165.271488] (-) TimerEvent: {}
[165.374551] (-) TimerEvent: {}
[165.478669] (-) TimerEvent: {}
[165.583956] (-) TimerEvent: {}
[165.685568] (-) TimerEvent: {}
[165.787017] (-) TimerEvent: {}
[165.891529] (-) TimerEvent: {}
[165.993086] (-) TimerEvent: {}
[166.097594] (-) TimerEvent: {}
[166.199115] (-) TimerEvent: {}
[166.300684] (-) TimerEvent: {}
[166.404323] (-) TimerEvent: {}
[166.506003] (-) TimerEvent: {}
[166.610308] (-) TimerEvent: {}
[166.711621] (-) TimerEvent: {}
[166.813125] (-) TimerEvent: {}
[166.917626] (-) TimerEvent: {}
[167.018577] (-) TimerEvent: {}
[167.120628] (-) TimerEvent: {}
[167.221590] (-) TimerEvent: {}
[167.324012] (-) TimerEvent: {}
[167.427199] (-) TimerEvent: {}
[167.530499] (-) TimerEvent: {}
[167.634080] (-) TimerEvent: {}
[167.738618] (-) TimerEvent: {}
[167.840492] (-) TimerEvent: {}
[167.942070] (-) TimerEvent: {}
[168.047022] (-) TimerEvent: {}
[168.148626] (-) TimerEvent: {}
[168.250515] (-) TimerEvent: {}
[168.353099] (-) TimerEvent: {}
[168.456667] (-) TimerEvent: {}
[168.560143] (-) TimerEvent: {}
[168.663045] (-) TimerEvent: {}
[168.768158] (-) TimerEvent: {}
[168.870201] (-) TimerEvent: {}
[168.974510] (-) TimerEvent: {}
[169.076231] (-) TimerEvent: {}
[169.178606] (-) TimerEvent: {}
[169.285198] (-) TimerEvent: {}
[169.386770] (-) TimerEvent: {}
[169.488302] (-) TimerEvent: {}
[169.593083] (-) TimerEvent: {}
[169.694811] (-) TimerEvent: {}
[169.796585] (-) TimerEvent: {}
[169.901475] (-) TimerEvent: {}
[170.003145] (-) TimerEvent: {}
[170.107587] (-) TimerEvent: {}
[170.209049] (-) TimerEvent: {}
[170.310619] (-) TimerEvent: {}
[170.413996] (-) TimerEvent: {}
[170.516824] (-) TimerEvent: {}
[170.617729] (-) TimerEvent: {}
[170.722482] (-) TimerEvent: {}
[170.824010] (-) TimerEvent: {}
[170.925791] (-) TimerEvent: {}
[171.029583] (-) TimerEvent: {}
[171.132621] (-) TimerEvent: {}
[171.234143] (-) TimerEvent: {}
[171.337954] (-) TimerEvent: {}
[171.439615] (-) TimerEvent: {}
[171.544021] (-) TimerEvent: {}
[171.645761] (-) TimerEvent: {}
[171.749067] (-) TimerEvent: {}
[171.850606] (-) TimerEvent: {}
[171.954592] (-) TimerEvent: {}
[172.057656] (-) TimerEvent: {}
[172.160775] (-) TimerEvent: {}
[172.314616] (-) TimerEvent: {}
[172.418813] (-) TimerEvent: {}
[172.523543] (-) TimerEvent: {}
[172.624552] (-) TimerEvent: {}
[172.725560] (-) TimerEvent: {}
[172.828620] (-) TimerEvent: {}
[172.935845] (-) TimerEvent: {}
[173.036851] (-) TimerEvent: {}
[173.139629] (-) TimerEvent: {}
[173.246606] (-) TimerEvent: {}
[173.347961] (-) TimerEvent: {}
[173.450593] (-) TimerEvent: {}
[173.556626] (-) TimerEvent: {}
[173.657570] (-) TimerEvent: {}
[173.758561] (-) TimerEvent: {}
[173.863609] (-) TimerEvent: {}
[173.966259] (-) TimerEvent: {}
[174.070032] (-) TimerEvent: {}
[174.174988] (-) TimerEvent: {}
[174.276890] (-) TimerEvent: {}
[174.381642] (-) TimerEvent: {}
[174.485649] (-) TimerEvent: {}
[174.590618] (-) TimerEvent: {}
[174.692091] (-) TimerEvent: {}
[174.796610] (-) TimerEvent: {}
[174.898269] (-) TimerEvent: {}
[174.999934] (-) TimerEvent: {}
[175.104504] (-) TimerEvent: {}
[175.208635] (-) TimerEvent: {}
[175.310246] (-) TimerEvent: {}
[175.413017] (-) TimerEvent: {}
[175.517556] (-) TimerEvent: {}
[175.619028] (-) TimerEvent: {}
[175.723559] (-) TimerEvent: {}
[175.825219] (-) TimerEvent: {}
[175.929602] (-) TimerEvent: {}
[176.032865] (-) TimerEvent: {}
[176.137303] (-) TimerEvent: {}
[176.239020] (-) TimerEvent: {}
[176.344204] (-) TimerEvent: {}
[176.448658] (-) TimerEvent: {}
[176.550603] (-) TimerEvent: {}
[176.656266] (-) TimerEvent: {}
[176.761623] (-) TimerEvent: {}
[176.863475] (-) TimerEvent: {}
[176.965007] (-) TimerEvent: {}
[177.069495] (-) TimerEvent: {}
[177.170981] (-) TimerEvent: {}
[177.277655] (-) TimerEvent: {}
[177.379483] (-) TimerEvent: {}
[177.483043] (-) TimerEvent: {}
[177.584938] (-) TimerEvent: {}
[177.697672] (-) TimerEvent: {}
[177.804741] (-) TimerEvent: {}
[177.911529] (-) TimerEvent: {}
[178.015598] (-) TimerEvent: {}
[178.117044] (-) TimerEvent: {}
[178.218507] (-) TimerEvent: {}
[178.322610] (-) TimerEvent: {}
[178.423712] (-) TimerEvent: {}
[178.525148] (-) TimerEvent: {}
[178.630600] (-) TimerEvent: {}
[178.731514] (-) TimerEvent: {}
[178.834264] (-) TimerEvent: {}
[178.936636] (-) TimerEvent: {}
[179.040133] (-) TimerEvent: {}
[179.144739] (-) TimerEvent: {}
[179.248096] (-) TimerEvent: {}
[179.351699] (-) TimerEvent: {}
[179.456624] (-) TimerEvent: {}
[179.558217] (-) TimerEvent: {}
[179.662111] (-) TimerEvent: {}
[179.767153] (-) TimerEvent: {}
[179.872074] (-) TimerEvent: {}
[179.978342] (-) TimerEvent: {}
[180.082464] (-) TimerEvent: {}
[180.185664] (-) TimerEvent: {}
[180.287376] (-) TimerEvent: {}
[180.392468] (-) TimerEvent: {}
[180.493555] (-) TimerEvent: {}
[180.597679] (-) TimerEvent: {}
[180.699603] (-) TimerEvent: {}
[180.803041] (-) TimerEvent: {}
[180.904808] (-) TimerEvent: {}
[181.011815] (-) TimerEvent: {}
[181.114635] (-) TimerEvent: {}
[181.218445] (-) TimerEvent: {}
[181.322299] (-) TimerEvent: {}
[181.426579] (-) TimerEvent: {}
[181.530634] (-) TimerEvent: {}
[181.632338] (-) TimerEvent: {}
[181.735315] (-) TimerEvent: {}
[181.837970] (-) TimerEvent: {}
[181.941509] (-) TimerEvent: {}
[182.047586] (-) TimerEvent: {}
[182.149687] (-) TimerEvent: {}
[182.252631] (-) TimerEvent: {}
[182.357892] (-) TimerEvent: {}
[182.463710] (-) TimerEvent: {}
[182.565776] (-) TimerEvent: {}
[182.667777] (-) TimerEvent: {}
[182.769991] (-) TimerEvent: {}
[182.873676] (-) TimerEvent: {}
[182.995006] (-) TimerEvent: {}
[183.108606] (-) TimerEvent: {}
[183.218643] (-) TimerEvent: {}
[183.336743] (-) TimerEvent: {}
[183.451600] (-) TimerEvent: {}
[183.558055] (-) TimerEvent: {}
[183.662589] (-) TimerEvent: {}
[183.763485] (-) TimerEvent: {}
[183.865802] (-) TimerEvent: {}
[183.966574] (-) TimerEvent: {}
[184.067318] (-) TimerEvent: {}
[184.169583] (-) TimerEvent: {}
[184.271167] (-) TimerEvent: {}
[184.372317] (-) TimerEvent: {}
[184.473509] (-) TimerEvent: {}
[184.574555] (-) TimerEvent: {}
[184.677592] (-) TimerEvent: {}
[184.778621] (-) TimerEvent: {}
[184.879537] (-) TimerEvent: {}
[184.980438] (-) TimerEvent: {}
[185.081360] (-) TimerEvent: {}
[185.182337] (-) TimerEvent: {}
[185.283270] (-) TimerEvent: {}
[185.385781] (-) TimerEvent: {}
[185.487968] (-) TimerEvent: {}
[185.589565] (-) TimerEvent: {}
[185.691505] (-) TimerEvent: {}
[185.793649] (-) TimerEvent: {}
[185.895018] (-) TimerEvent: {}
[185.996324] (-) TimerEvent: {}
[186.098457] (-) TimerEvent: {}
[186.199345] (-) TimerEvent: {}
[186.300261] (-) TimerEvent: {}
[186.401090] (-) TimerEvent: {}
[186.501943] (-) TimerEvent: {}
[186.602815] (-) TimerEvent: {}
[186.704381] (-) TimerEvent: {}
[186.748014] (realsense2_camera) StdoutLine: {'line': b'[ 57%] \x1b[32mBuilding CXX object CMakeFiles/realsense2_camera.dir/src/sensor_params.cpp.o\x1b[0m\n'}
[186.804900] (-) TimerEvent: {}
[186.906158] (-) TimerEvent: {}
[187.007875] (-) TimerEvent: {}
[187.108815] (-) TimerEvent: {}
[187.210324] (-) TimerEvent: {}
[187.312109] (-) TimerEvent: {}
[187.415167] (-) TimerEvent: {}
[187.517104] (-) TimerEvent: {}
[187.619042] (-) TimerEvent: {}
[187.720590] (-) TimerEvent: {}
[187.822454] (-) TimerEvent: {}
[187.867080] (realsense2_camera) StdoutLine: {'line': b'[ 61%] \x1b[32mBuilding CXX object CMakeFiles/realsense2_camera.dir/src/dynamic_params.cpp.o\x1b[0m\n'}
[187.924278] (-) TimerEvent: {}
[188.025203] (-) TimerEvent: {}
[188.129640] (-) TimerEvent: {}
[188.230579] (-) TimerEvent: {}
[188.333029] (-) TimerEvent: {}
[188.436582] (-) TimerEvent: {}
[188.537633] (-) TimerEvent: {}
[188.638892] (-) TimerEvent: {}
[188.654572] (realsense2_camera) StdoutLine: {'line': b'[ 65%] \x1b[32mBuilding CXX object CMakeFiles/realsense2_camera.dir/src/named_filter.cpp.o\x1b[0m\n'}
[188.739614] (-) TimerEvent: {}
[188.842566] (-) TimerEvent: {}
[188.943298] (-) TimerEvent: {}
[189.044096] (-) TimerEvent: {}
[189.145494] (-) TimerEvent: {}
[189.247064] (-) TimerEvent: {}
[189.349776] (-) TimerEvent: {}
[189.450572] (-) TimerEvent: {}
[189.551365] (-) TimerEvent: {}
[189.653544] (-) TimerEvent: {}
[189.755791] (-) TimerEvent: {}
[189.856584] (-) TimerEvent: {}
[189.959786] (-) TimerEvent: {}
[190.061180] (-) TimerEvent: {}
[190.162279] (-) TimerEvent: {}
[190.263358] (-) TimerEvent: {}
[190.367573] (-) TimerEvent: {}
[190.469640] (-) TimerEvent: {}
[190.570837] (-) TimerEvent: {}
[190.673245] (-) TimerEvent: {}
[190.775635] (-) TimerEvent: {}
[190.879600] (-) TimerEvent: {}
[190.981197] (-) TimerEvent: {}
[191.082458] (-) TimerEvent: {}
[191.185223] (-) TimerEvent: {}
[191.288299] (-) TimerEvent: {}
[191.389583] (-) TimerEvent: {}
[191.490989] (-) TimerEvent: {}
[191.592486] (-) TimerEvent: {}
[191.694989] (-) TimerEvent: {}
[191.800590] (-) TimerEvent: {}
[191.901463] (-) TimerEvent: {}
[192.005064] (-) TimerEvent: {}
[192.108593] (-) TimerEvent: {}
[192.209958] (-) TimerEvent: {}
[192.319279] (-) TimerEvent: {}
[192.423597] (-) TimerEvent: {}
[192.525328] (-) TimerEvent: {}
[192.629350] (-) TimerEvent: {}
[192.732387] (-) TimerEvent: {}
[192.836516] (-) TimerEvent: {}
[192.938462] (-) TimerEvent: {}
[193.045592] (-) TimerEvent: {}
[193.147447] (-) TimerEvent: {}
[193.251636] (-) TimerEvent: {}
[193.353132] (-) TimerEvent: {}
[193.455008] (-) TimerEvent: {}
[193.560682] (-) TimerEvent: {}
[193.662098] (-) TimerEvent: {}
[193.763644] (-) TimerEvent: {}
[193.866596] (-) TimerEvent: {}
[193.967952] (-) TimerEvent: {}
[194.071942] (-) TimerEvent: {}
[194.174480] (-) TimerEvent: {}
[194.278444] (-) TimerEvent: {}
[194.383225] (-) TimerEvent: {}
[194.485821] (-) TimerEvent: {}
[194.589461] (-) TimerEvent: {}
[194.691023] (-) TimerEvent: {}
[194.795331] (-) TimerEvent: {}
[194.896908] (-) TimerEvent: {}
[195.000627] (-) TimerEvent: {}
[195.105606] (-) TimerEvent: {}
[195.207235] (-) TimerEvent: {}
[195.309057] (-) TimerEvent: {}
[195.414343] (-) TimerEvent: {}
[195.515760] (-) TimerEvent: {}
[195.618609] (-) TimerEvent: {}
[195.721268] (-) TimerEvent: {}
[195.824025] (-) TimerEvent: {}
[195.927606] (-) TimerEvent: {}
[196.031373] (-) TimerEvent: {}
[196.135614] (-) TimerEvent: {}
[196.237225] (-) TimerEvent: {}
[196.342606] (-) TimerEvent: {}
[196.444295] (-) TimerEvent: {}
[196.546294] (-) TimerEvent: {}
[196.651099] (-) TimerEvent: {}
[196.752617] (-) TimerEvent: {}
[196.856010] (-) TimerEvent: {}
[196.961913] (-) TimerEvent: {}
[197.063622] (-) TimerEvent: {}
[197.169094] (-) TimerEvent: {}
[197.270639] (-) TimerEvent: {}
[197.374994] (-) TimerEvent: {}
[197.476576] (-) TimerEvent: {}
[197.579659] (-) TimerEvent: {}
[197.682633] (-) TimerEvent: {}
[197.784139] (-) TimerEvent: {}
[197.886680] (-) TimerEvent: {}
[197.990627] (-) TimerEvent: {}
[198.092325] (-) TimerEvent: {}
[198.193621] (-) TimerEvent: {}
[198.297007] (-) TimerEvent: {}
[198.401471] (-) TimerEvent: {}
[198.503738] (-) TimerEvent: {}
[198.607511] (-) TimerEvent: {}
[198.709920] (-) TimerEvent: {}
[198.814102] (-) TimerEvent: {}
[198.915605] (-) TimerEvent: {}
[199.018591] (-) TimerEvent: {}
[199.120086] (-) TimerEvent: {}
[199.223101] (-) TimerEvent: {}
[199.327616] (-) TimerEvent: {}
[199.429146] (-) TimerEvent: {}
[199.530780] (-) TimerEvent: {}
[199.634995] (-) TimerEvent: {}
[199.736522] (-) TimerEvent: {}
[199.838926] (-) TimerEvent: {}
[199.943993] (-) TimerEvent: {}
[200.045740] (-) TimerEvent: {}
[200.150051] (-) TimerEvent: {}
[200.252007] (-) TimerEvent: {}
[200.356485] (-) TimerEvent: {}
[200.460591] (-) TimerEvent: {}
[200.562130] (-) TimerEvent: {}
[200.664710] (-) TimerEvent: {}
[200.767487] (-) TimerEvent: {}
[200.872551] (-) TimerEvent: {}
[200.973892] (-) TimerEvent: {}
[201.075332] (-) TimerEvent: {}
[201.178616] (-) TimerEvent: {}
[201.279996] (-) TimerEvent: {}
[201.383611] (-) TimerEvent: {}
[201.484982] (-) TimerEvent: {}
[201.588624] (-) TimerEvent: {}
[201.690069] (-) TimerEvent: {}
[201.797625] (-) TimerEvent: {}
[201.903610] (-) TimerEvent: {}
[202.005913] (-) TimerEvent: {}
[202.109589] (-) TimerEvent: {}
[202.212609] (-) TimerEvent: {}
[202.314160] (-) TimerEvent: {}
[202.418620] (-) TimerEvent: {}
[202.522999] (-) TimerEvent: {}
[202.628595] (-) TimerEvent: {}
[202.741971] (-) TimerEvent: {}
[202.847606] (-) TimerEvent: {}
[202.948978] (-) TimerEvent: {}
[203.052859] (-) TimerEvent: {}
[203.158964] (-) TimerEvent: {}
[203.266606] (-) TimerEvent: {}
[203.368167] (-) TimerEvent: {}
[203.472511] (-) TimerEvent: {}
[203.573915] (-) TimerEvent: {}
[203.678132] (-) TimerEvent: {}
[203.779561] (-) TimerEvent: {}
[203.883352] (-) TimerEvent: {}
[203.984776] (-) TimerEvent: {}
[204.088260] (-) TimerEvent: {}
[204.189767] (-) TimerEvent: {}
[204.294350] (-) TimerEvent: {}
[204.395872] (-) TimerEvent: {}
[204.497478] (-) TimerEvent: {}
[204.602617] (-) TimerEvent: {}
[204.704379] (-) TimerEvent: {}
[204.808042] (-) TimerEvent: {}
[204.911354] (-) TimerEvent: {}
[205.014452] (-) TimerEvent: {}
[205.117574] (-) TimerEvent: {}
[205.220590] (-) TimerEvent: {}
[205.324012] (-) TimerEvent: {}
[205.428063] (-) TimerEvent: {}
[205.531860] (-) TimerEvent: {}
[205.636608] (-) TimerEvent: {}
[205.738220] (-) TimerEvent: {}
[205.839786] (-) TimerEvent: {}
[205.943974] (-) TimerEvent: {}
[206.045593] (-) TimerEvent: {}
[206.150229] (-) TimerEvent: {}
[206.255085] (-) TimerEvent: {}
[206.358611] (-) TimerEvent: {}
[206.460145] (-) TimerEvent: {}
[206.564387] (-) TimerEvent: {}
[206.665874] (-) TimerEvent: {}
[206.769027] (-) TimerEvent: {}
[206.873576] (-) TimerEvent: {}
[206.975138] (-) TimerEvent: {}
[207.078535] (-) TimerEvent: {}
[207.180607] (-) TimerEvent: {}
[207.283644] (-) TimerEvent: {}
[207.387614] (-) TimerEvent: {}
[207.489042] (-) TimerEvent: {}
[207.590511] (-) TimerEvent: {}
[207.693300] (-) TimerEvent: {}
[207.798659] (-) TimerEvent: {}
[207.900120] (-) TimerEvent: {}
[208.003017] (-) TimerEvent: {}
[208.106777] (-) TimerEvent: {}
[208.209983] (-) TimerEvent: {}
[208.312910] (-) TimerEvent: {}
[208.417152] (-) TimerEvent: {}
[208.518544] (-) TimerEvent: {}
[208.621964] (-) TimerEvent: {}
[208.726079] (-) TimerEvent: {}
[208.830658] (-) TimerEvent: {}
[208.931811] (-) TimerEvent: {}
[209.033588] (-) TimerEvent: {}
[209.138005] (-) TimerEvent: {}
[209.239021] (-) TimerEvent: {}
[209.343022] (-) TimerEvent: {}
[209.444595] (-) TimerEvent: {}
[209.549912] (-) TimerEvent: {}
[209.651483] (-) TimerEvent: {}
[209.754608] (-) TimerEvent: {}
[209.856223] (-) TimerEvent: {}
[209.960544] (-) TimerEvent: {}
[210.062134] (-) TimerEvent: {}
[210.167299] (-) TimerEvent: {}
[210.269616] (-) TimerEvent: {}
[210.373448] (-) TimerEvent: {}
[210.477364] (-) TimerEvent: {}
[210.580936] (-) TimerEvent: {}
[210.686026] (-) TimerEvent: {}
[210.787637] (-) TimerEvent: {}
[210.892888] (-) TimerEvent: {}
[210.994527] (-) TimerEvent: {}
[211.099612] (-) TimerEvent: {}
[211.201696] (-) TimerEvent: {}
[211.305614] (-) TimerEvent: {}
[211.407244] (-) TimerEvent: {}
[211.511126] (-) TimerEvent: {}
[211.616271] (-) TimerEvent: {}
[211.719390] (-) TimerEvent: {}
[211.822453] (-) TimerEvent: {}
[211.935801] (-) TimerEvent: {}
[212.037247] (-) TimerEvent: {}
[212.138633] (-) TimerEvent: {}
[212.242941] (-) TimerEvent: {}
[212.344350] (-) TimerEvent: {}
[212.448579] (-) TimerEvent: {}
[212.550024] (-) TimerEvent: {}
[212.657645] (-) TimerEvent: {}
[212.765585] (-) TimerEvent: {}
[212.866995] (-) TimerEvent: {}
[212.970269] (-) TimerEvent: {}
[213.071613] (-) TimerEvent: {}
[213.175300] (-) TimerEvent: {}
[213.277290] (-) TimerEvent: {}
[213.381331] (-) TimerEvent: {}
[213.485572] (-) TimerEvent: {}
[213.587165] (-) TimerEvent: {}
[213.691985] (-) TimerEvent: {}
[213.793520] (-) TimerEvent: {}
[213.897685] (-) TimerEvent: {}
[214.003687] (-) TimerEvent: {}
[214.105622] (-) TimerEvent: {}
[214.207217] (-) TimerEvent: {}
[214.310191] (-) TimerEvent: {}
[214.415110] (-) TimerEvent: {}
[214.519609] (-) TimerEvent: {}
[214.622603] (-) TimerEvent: {}
[214.726919] (-) TimerEvent: {}
[214.828897] (-) TimerEvent: {}
[214.931875] (-) TimerEvent: {}
[215.034678] (-) TimerEvent: {}
[215.136283] (-) TimerEvent: {}
[215.247966] (-) TimerEvent: {}
[215.349522] (-) TimerEvent: {}
[215.450883] (-) TimerEvent: {}
[215.555614] (-) TimerEvent: {}
[215.657185] (-) TimerEvent: {}
[215.758872] (-) TimerEvent: {}
[215.863633] (-) TimerEvent: {}
[215.965240] (-) TimerEvent: {}
[216.067205] (-) TimerEvent: {}
[216.169603] (-) TimerEvent: {}
[216.273925] (-) TimerEvent: {}
[216.375608] (-) TimerEvent: {}
[216.479612] (-) TimerEvent: {}
[216.583090] (-) TimerEvent: {}
[216.686620] (-) TimerEvent: {}
[216.788222] (-) TimerEvent: {}
[216.891637] (-) TimerEvent: {}
[216.993318] (-) TimerEvent: {}
[217.099035] (-) TimerEvent: {}
[217.203603] (-) TimerEvent: {}
[217.305216] (-) TimerEvent: {}
[217.410042] (-) TimerEvent: {}
[217.512600] (-) TimerEvent: {}
[217.618132] (-) TimerEvent: {}
[217.720910] (-) TimerEvent: {}
[217.826071] (-) TimerEvent: {}
[217.930214] (-) TimerEvent: {}
[218.034489] (-) TimerEvent: {}
[218.137635] (-) TimerEvent: {}
[218.243112] (-) TimerEvent: {}
[218.344867] (-) TimerEvent: {}
[218.447822] (-) TimerEvent: {}
[218.549458] (-) TimerEvent: {}
[218.656617] (-) TimerEvent: {}
[218.758219] (-) TimerEvent: {}
[218.859848] (-) TimerEvent: {}
[218.963634] (-) TimerEvent: {}
[219.065499] (-) TimerEvent: {}
[219.169321] (-) TimerEvent: {}
[219.274064] (-) TimerEvent: {}
[219.375893] (-) TimerEvent: {}
[219.480529] (-) TimerEvent: {}
[219.583589] (-) TimerEvent: {}
[219.689159] (-) TimerEvent: {}
[219.791159] (-) TimerEvent: {}
[219.894570] (-) TimerEvent: {}
[220.001611] (-) TimerEvent: {}
[220.103209] (-) TimerEvent: {}
[220.208618] (-) TimerEvent: {}
[220.310569] (-) TimerEvent: {}
[220.412490] (-) TimerEvent: {}
[220.516723] (-) TimerEvent: {}
[220.621767] (-) TimerEvent: {}
[220.723555] (-) TimerEvent: {}
[220.825657] (-) TimerEvent: {}
[220.929744] (-) TimerEvent: {}
[221.031465] (-) TimerEvent: {}
[221.135670] (-) TimerEvent: {}
[221.237609] (-) TimerEvent: {}
[221.341623] (-) TimerEvent: {}
[221.443245] (-) TimerEvent: {}
[221.545613] (-) TimerEvent: {}
[221.647661] (-) TimerEvent: {}
[221.756643] (-) TimerEvent: {}
[221.858056] (-) TimerEvent: {}
[221.962622] (-) TimerEvent: {}
[222.064010] (-) TimerEvent: {}
[222.164847] (-) TimerEvent: {}
[222.234916] (realsense2_camera) StdoutLine: {'line': b'[ 69%] \x1b[32mBuilding CXX object CMakeFiles/realsense2_camera.dir/src/pointcloud_filter.cpp.o\x1b[0m\n'}
[222.265071] (-) TimerEvent: {}
[222.368622] (-) TimerEvent: {}
[222.469927] (-) TimerEvent: {}
[222.571028] (-) TimerEvent: {}
[222.675679] (-) TimerEvent: {}
[222.777497] (-) TimerEvent: {}
[222.880626] (-) TimerEvent: {}
[222.982073] (-) TimerEvent: {}
[223.141329] (-) TimerEvent: {}
[223.245599] (-) TimerEvent: {}
[223.347736] (-) TimerEvent: {}
[223.453157] (-) TimerEvent: {}
[223.554523] (-) TimerEvent: {}
[223.659014] (-) TimerEvent: {}
[223.763627] (-) TimerEvent: {}
[223.866201] (-) TimerEvent: {}
[223.971633] (-) TimerEvent: {}
[224.073463] (-) TimerEvent: {}
[224.176556] (-) TimerEvent: {}
[224.279647] (-) TimerEvent: {}
[224.384598] (-) TimerEvent: {}
[224.486277] (-) TimerEvent: {}
[224.593617] (-) TimerEvent: {}
[224.704603] (-) TimerEvent: {}
[224.806153] (-) TimerEvent: {}
[224.910593] (-) TimerEvent: {}
[225.016151] (-) TimerEvent: {}
[225.119624] (-) TimerEvent: {}
[225.223761] (-) TimerEvent: {}
[225.325607] (-) TimerEvent: {}
[225.427832] (-) TimerEvent: {}
[225.532478] (-) TimerEvent: {}
[225.634265] (-) TimerEvent: {}
[225.736240] (-) TimerEvent: {}
[225.839607] (-) TimerEvent: {}
[225.943651] (-) TimerEvent: {}
[226.045519] (-) TimerEvent: {}
[226.149630] (-) TimerEvent: {}
[226.251273] (-) TimerEvent: {}
[226.356071] (-) TimerEvent: {}
[226.457623] (-) TimerEvent: {}
[226.561889] (-) TimerEvent: {}
[226.663526] (-) TimerEvent: {}
[226.767596] (-) TimerEvent: {}
[226.869302] (-) TimerEvent: {}
[226.972543] (-) TimerEvent: {}
[227.074809] (-) TimerEvent: {}
[227.176862] (-) TimerEvent: {}
[227.278835] (-) TimerEvent: {}
[227.381668] (-) TimerEvent: {}
[227.483848] (-) TimerEvent: {}
[227.586019] (-) TimerEvent: {}
[227.687863] (-) TimerEvent: {}
[227.790459] (-) TimerEvent: {}
[227.892361] (-) TimerEvent: {}
[227.993610] (-) TimerEvent: {}
[228.095975] (-) TimerEvent: {}
[228.197731] (-) TimerEvent: {}
[228.300630] (-) TimerEvent: {}
[228.404812] (-) TimerEvent: {}
[228.506820] (-) TimerEvent: {}
[228.610984] (-) TimerEvent: {}
[228.713183] (-) TimerEvent: {}
[228.816838] (-) TimerEvent: {}
[228.919298] (-) TimerEvent: {}
[229.022082] (-) TimerEvent: {}
[229.124601] (-) TimerEvent: {}
[229.226506] (-) TimerEvent: {}
[229.328634] (-) TimerEvent: {}
[229.430967] (-) TimerEvent: {}
[229.532603] (-) TimerEvent: {}
[229.634901] (-) TimerEvent: {}
[229.737322] (-) TimerEvent: {}
[229.839615] (-) TimerEvent: {}
[229.942258] (-) TimerEvent: {}
[230.045875] (-) TimerEvent: {}
[230.148071] (-) TimerEvent: {}
[230.252592] (-) TimerEvent: {}
[230.354017] (-) TimerEvent: {}
[230.455461] (-) TimerEvent: {}
[230.556834] (-) TimerEvent: {}
[230.657905] (-) TimerEvent: {}
[230.758724] (-) TimerEvent: {}
[230.859599] (-) TimerEvent: {}
[230.960569] (-) TimerEvent: {}
[231.061340] (-) TimerEvent: {}
[231.162181] (-) TimerEvent: {}
[231.263066] (-) TimerEvent: {}
[231.364022] (-) TimerEvent: {}
[231.464875] (-) TimerEvent: {}
[231.567881] (-) TimerEvent: {}
[231.581740] (realsense2_camera) StdoutLine: {'line': b'[ 73%] \x1b[32mBuilding CXX object CMakeFiles/realsense2_camera.dir/src/profile_manager.cpp.o\x1b[0m\n'}
[231.670585] (-) TimerEvent: {}
[231.772224] (-) TimerEvent: {}
[231.875806] (-) TimerEvent: {}
[231.977562] (-) TimerEvent: {}
[232.081268] (-) TimerEvent: {}
[232.182552] (-) TimerEvent: {}
[232.284815] (-) TimerEvent: {}
[232.386933] (-) TimerEvent: {}
[232.491245] (-) TimerEvent: {}
[232.592567] (-) TimerEvent: {}
[232.693809] (-) TimerEvent: {}
[232.797699] (-) TimerEvent: {}
[232.899016] (-) TimerEvent: {}
[233.000270] (-) TimerEvent: {}
[233.104620] (-) TimerEvent: {}
[233.205865] (-) TimerEvent: {}
[233.307102] (-) TimerEvent: {}
[233.408278] (-) TimerEvent: {}
[233.511476] (-) TimerEvent: {}
[233.616236] (-) TimerEvent: {}
[233.670686] (realsense2_camera) StdoutLine: {'line': b'[ 76%] \x1b[32mBuilding CXX object CMakeFiles/realsense2_camera.dir/src/align_depth_filter.cpp.o\x1b[0m\n'}
[233.716561] (-) TimerEvent: {}
[233.819969] (-) TimerEvent: {}
[233.922701] (-) TimerEvent: {}
[234.027908] (-) TimerEvent: {}
[234.129111] (-) TimerEvent: {}
[234.231041] (-) TimerEvent: {}
[234.334008] (-) TimerEvent: {}
[234.443349] (-) TimerEvent: {}
[234.545185] (-) TimerEvent: {}
[234.647132] (-) TimerEvent: {}
[234.751440] (-) TimerEvent: {}
[234.852854] (-) TimerEvent: {}
[234.956606] (-) TimerEvent: {}
[235.058108] (-) TimerEvent: {}
[235.159444] (-) TimerEvent: {}
[235.263304] (-) TimerEvent: {}
[235.365587] (-) TimerEvent: {}
[235.468589] (-) TimerEvent: {}
[235.571592] (-) TimerEvent: {}
[235.673118] (-) TimerEvent: {}
[235.778013] (-) TimerEvent: {}
[235.879555] (-) TimerEvent: {}
[235.983054] (-) TimerEvent: {}
[236.086996] (-) TimerEvent: {}
[236.188486] (-) TimerEvent: {}
[236.292452] (-) TimerEvent: {}
[236.395595] (-) TimerEvent: {}
[236.497376] (-) TimerEvent: {}
[236.602346] (-) TimerEvent: {}
[236.705964] (-) TimerEvent: {}
[236.810583] (-) TimerEvent: {}
[236.911951] (-) TimerEvent: {}
[237.014693] (-) TimerEvent: {}
[237.117218] (-) TimerEvent: {}
[237.221265] (-) TimerEvent: {}
[237.322884] (-) TimerEvent: {}
[237.426301] (-) TimerEvent: {}
[237.528017] (-) TimerEvent: {}
[237.631295] (-) TimerEvent: {}
[237.735602] (-) TimerEvent: {}
[237.837168] (-) TimerEvent: {}
[237.939654] (-) TimerEvent: {}
[238.043619] (-) TimerEvent: {}
[238.145123] (-) TimerEvent: {}
[238.246598] (-) TimerEvent: {}
[238.350605] (-) TimerEvent: {}
[238.452108] (-) TimerEvent: {}
[238.555612] (-) TimerEvent: {}
[238.657190] (-) TimerEvent: {}
[238.760606] (-) TimerEvent: {}
[238.862097] (-) TimerEvent: {}
[238.965620] (-) TimerEvent: {}
[239.067078] (-) TimerEvent: {}
[239.170649] (-) TimerEvent: {}
[239.272280] (-) TimerEvent: {}
[239.377307] (-) TimerEvent: {}
[239.478767] (-) TimerEvent: {}
[239.580261] (-) TimerEvent: {}
[239.683439] (-) TimerEvent: {}
[239.786276] (-) TimerEvent: {}
[239.889638] (-) TimerEvent: {}
[239.991244] (-) TimerEvent: {}
[240.094500] (-) TimerEvent: {}
[240.197645] (-) TimerEvent: {}
[240.299058] (-) TimerEvent: {}
[240.403618] (-) TimerEvent: {}
[240.505109] (-) TimerEvent: {}
[240.606886] (-) TimerEvent: {}
[240.708340] (-) TimerEvent: {}
[240.812493] (-) TimerEvent: {}
[240.914075] (-) TimerEvent: {}
[241.017638] (-) TimerEvent: {}
[241.119530] (-) TimerEvent: {}
[241.224470] (-) TimerEvent: {}
[241.329643] (-) TimerEvent: {}
[241.435995] (-) TimerEvent: {}
[241.540620] (-) TimerEvent: {}
[241.642187] (-) TimerEvent: {}
[241.748951] (-) TimerEvent: {}
[241.853083] (-) TimerEvent: {}
[241.957889] (-) TimerEvent: {}
[242.063241] (-) TimerEvent: {}
[242.167625] (-) TimerEvent: {}
[242.272815] (-) TimerEvent: {}
[242.375296] (-) TimerEvent: {}
[242.480990] (-) TimerEvent: {}
[242.586512] (-) TimerEvent: {}
[242.689663] (-) TimerEvent: {}
[242.791332] (-) TimerEvent: {}
[242.896979] (-) TimerEvent: {}
[243.001632] (-) TimerEvent: {}
[243.103089] (-) TimerEvent: {}
[243.206801] (-) TimerEvent: {}
[243.310995] (-) TimerEvent: {}
[243.419599] (-) TimerEvent: {}
[243.521002] (-) TimerEvent: {}
[243.624643] (-) TimerEvent: {}
[243.726081] (-) TimerEvent: {}
[243.828997] (-) TimerEvent: {}
[243.933568] (-) TimerEvent: {}
[244.036050] (-) TimerEvent: {}
[244.140613] (-) TimerEvent: {}
[244.241575] (-) TimerEvent: {}
[244.342554] (-) TimerEvent: {}
[244.447605] (-) TimerEvent: {}
[244.548568] (-) TimerEvent: {}
[244.649535] (-) TimerEvent: {}
[244.752614] (-) TimerEvent: {}
[244.855068] (-) TimerEvent: {}
[244.959874] (-) TimerEvent: {}
[245.063501] (-) TimerEvent: {}
[245.164993] (-) TimerEvent: {}
[245.269464] (-) TimerEvent: {}
[245.370931] (-) TimerEvent: {}
[245.475610] (-) TimerEvent: {}
[245.577083] (-) TimerEvent: {}
[245.678606] (-) TimerEvent: {}
[245.783634] (-) TimerEvent: {}
[245.885289] (-) TimerEvent: {}
[245.987174] (-) TimerEvent: {}
[246.091616] (-) TimerEvent: {}
[246.192582] (-) TimerEvent: {}
[246.293572] (-) TimerEvent: {}
[246.398630] (-) TimerEvent: {}
[246.499926] (-) TimerEvent: {}
[246.601009] (-) TimerEvent: {}
[246.703642] (-) TimerEvent: {}
[246.805681] (-) TimerEvent: {}
[246.909615] (-) TimerEvent: {}
[247.010590] (-) TimerEvent: {}
[247.111570] (-) TimerEvent: {}
[247.213613] (-) TimerEvent: {}
[247.316606] (-) TimerEvent: {}
[247.418091] (-) TimerEvent: {}
[247.522914] (-) TimerEvent: {}
[247.624901] (-) TimerEvent: {}
[247.727641] (-) TimerEvent: {}
[247.830626] (-) TimerEvent: {}
[247.932162] (-) TimerEvent: {}
[248.036333] (-) TimerEvent: {}
[248.138076] (-) TimerEvent: {}
[248.241056] (-) TimerEvent: {}
[248.345506] (-) TimerEvent: {}
[248.447372] (-) TimerEvent: {}
[248.555605] (-) TimerEvent: {}
[248.656963] (-) TimerEvent: {}
[248.758735] (-) TimerEvent: {}
[248.863510] (-) TimerEvent: {}
[248.965220] (-) TimerEvent: {}
[249.066953] (-) TimerEvent: {}
[249.171452] (-) TimerEvent: {}
[249.273078] (-) TimerEvent: {}
[249.376628] (-) TimerEvent: {}
[249.478162] (-) TimerEvent: {}
[249.580615] (-) TimerEvent: {}
[249.684598] (-) TimerEvent: {}
[249.785568] (-) TimerEvent: {}
[249.887078] (-) TimerEvent: {}
[249.990618] (-) TimerEvent: {}
[250.092101] (-) TimerEvent: {}
[250.193588] (-) TimerEvent: {}
[250.299015] (-) TimerEvent: {}
[250.403609] (-) TimerEvent: {}
[250.505051] (-) TimerEvent: {}
[250.606605] (-) TimerEvent: {}
[250.710955] (-) TimerEvent: {}
[250.815671] (-) TimerEvent: {}
[250.917634] (-) TimerEvent: {}
[251.021019] (-) TimerEvent: {}
[251.124321] (-) TimerEvent: {}
[251.228607] (-) TimerEvent: {}
[251.330244] (-) TimerEvent: {}
[251.433609] (-) TimerEvent: {}
[251.535026] (-) TimerEvent: {}
[251.637619] (-) TimerEvent: {}
[251.739596] (-) TimerEvent: {}
[251.843602] (-) TimerEvent: {}
[251.944943] (-) TimerEvent: {}
[252.047595] (-) TimerEvent: {}
[252.150594] (-) TimerEvent: {}
[252.253615] (-) TimerEvent: {}
[252.358599] (-) TimerEvent: {}
[252.460143] (-) TimerEvent: {}
[252.563577] (-) TimerEvent: {}
[252.668662] (-) TimerEvent: {}
[252.771651] (-) TimerEvent: {}
[252.873623] (-) TimerEvent: {}
[252.979677] (-) TimerEvent: {}
[253.081103] (-) TimerEvent: {}
[253.186001] (-) TimerEvent: {}
[253.288615] (-) TimerEvent: {}
[253.393589] (-) TimerEvent: {}
[253.495053] (-) TimerEvent: {}
[253.599634] (-) TimerEvent: {}
[253.701460] (-) TimerEvent: {}
[253.803998] (-) TimerEvent: {}
[253.907771] (-) TimerEvent: {}
[254.011568] (-) TimerEvent: {}
[254.113062] (-) TimerEvent: {}
[254.216496] (-) TimerEvent: {}
[254.321607] (-) TimerEvent: {}
[254.423154] (-) TimerEvent: {}
[254.524903] (-) TimerEvent: {}
[254.629991] (-) TimerEvent: {}
[254.731573] (-) TimerEvent: {}
[254.834763] (-) TimerEvent: {}
[254.936622] (-) TimerEvent: {}
[255.041012] (-) TimerEvent: {}
[255.146008] (-) TimerEvent: {}
[255.248543] (-) TimerEvent: {}
[255.354600] (-) TimerEvent: {}
[255.456173] (-) TimerEvent: {}
[255.559610] (-) TimerEvent: {}
[255.663612] (-) TimerEvent: {}
[255.765152] (-) TimerEvent: {}
[255.873315] (-) TimerEvent: {}
[255.976155] (-) TimerEvent: {}
[256.080371] (-) TimerEvent: {}
[256.183974] (-) TimerEvent: {}
[256.285529] (-) TimerEvent: {}
[256.389503] (-) TimerEvent: {}
[256.493603] (-) TimerEvent: {}
[256.595276] (-) TimerEvent: {}
[256.698635] (-) TimerEvent: {}
[256.800188] (-) TimerEvent: {}
[256.904834] (-) TimerEvent: {}
[257.006361] (-) TimerEvent: {}
[257.110459] (-) TimerEvent: {}
[257.212010] (-) TimerEvent: {}
[257.315382] (-) TimerEvent: {}
[257.420591] (-) TimerEvent: {}
[257.522189] (-) TimerEvent: {}
[257.624474] (-) TimerEvent: {}
[257.728333] (-) TimerEvent: {}
[257.832604] (-) TimerEvent: {}
[257.934330] (-) TimerEvent: {}
[258.035958] (-) TimerEvent: {}
[258.140065] (-) TimerEvent: {}
[258.241955] (-) TimerEvent: {}
[258.346062] (-) TimerEvent: {}
[258.447735] (-) TimerEvent: {}
[258.551996] (-) TimerEvent: {}
[258.653618] (-) TimerEvent: {}
[258.759125] (-) TimerEvent: {}
[258.860849] (-) TimerEvent: {}
[258.965033] (-) TimerEvent: {}
[259.069054] (-) TimerEvent: {}
[259.173033] (-) TimerEvent: {}
[259.278604] (-) TimerEvent: {}
[259.380247] (-) TimerEvent: {}
[259.483616] (-) TimerEvent: {}
[259.588781] (-) TimerEvent: {}
[259.691996] (-) TimerEvent: {}
[259.799629] (-) TimerEvent: {}
[259.901327] (-) TimerEvent: {}
[260.002974] (-) TimerEvent: {}
[260.107153] (-) TimerEvent: {}
[260.210647] (-) TimerEvent: {}
[260.315001] (-) TimerEvent: {}
[260.417145] (-) TimerEvent: {}
[260.520582] (-) TimerEvent: {}
[260.630005] (-) TimerEvent: {}
[260.731580] (-) TimerEvent: {}
[260.836054] (-) TimerEvent: {}
[260.937649] (-) TimerEvent: {}
[261.041000] (-) TimerEvent: {}
[261.143841] (-) TimerEvent: {}
[261.249638] (-) TimerEvent: {}
[261.360613] (-) TimerEvent: {}
[261.462235] (-) TimerEvent: {}
[261.563655] (-) TimerEvent: {}
[261.667473] (-) TimerEvent: {}
[261.771587] (-) TimerEvent: {}
[261.874609] (-) TimerEvent: {}
[261.976633] (-) TimerEvent: {}
[262.080595] (-) TimerEvent: {}
[262.184312] (-) TimerEvent: {}
[262.287954] (-) TimerEvent: {}
[262.389226] (-) TimerEvent: {}
[262.492240] (-) TimerEvent: {}
[262.593126] (-) TimerEvent: {}
[262.696519] (-) TimerEvent: {}
[262.798593] (-) TimerEvent: {}
[262.901602] (-) TimerEvent: {}
[263.002500] (-) TimerEvent: {}
[263.105659] (-) TimerEvent: {}
[263.207062] (-) TimerEvent: {}
[263.310688] (-) TimerEvent: {}
[263.411911] (-) TimerEvent: {}
[263.513571] (-) TimerEvent: {}
[263.615921] (-) TimerEvent: {}
[263.718351] (-) TimerEvent: {}
[263.820596] (-) TimerEvent: {}
[263.922339] (-) TimerEvent: {}
[264.024960] (-) TimerEvent: {}
[264.130524] (-) TimerEvent: {}
[264.232501] (-) TimerEvent: {}
[264.333664] (-) TimerEvent: {}
[264.434982] (-) TimerEvent: {}
[264.538003] (-) TimerEvent: {}
[264.639936] (-) TimerEvent: {}
[264.741911] (-) TimerEvent: {}
[264.842907] (-) TimerEvent: {}
[264.945058] (-) TimerEvent: {}
[265.047731] (-) TimerEvent: {}
[265.150203] (-) TimerEvent: {}
[265.252291] (-) TimerEvent: {}
[265.355156] (-) TimerEvent: {}
[265.456216] (-) TimerEvent: {}
[265.557163] (-) TimerEvent: {}
[265.659882] (-) TimerEvent: {}
[265.762236] (-) TimerEvent: {}
[265.864620] (-) TimerEvent: {}
[265.966258] (-) TimerEvent: {}
[266.067186] (-) TimerEvent: {}
[266.169519] (-) TimerEvent: {}
[266.271115] (-) TimerEvent: {}
[266.374172] (-) TimerEvent: {}
[266.477529] (-) TimerEvent: {}
[266.579611] (-) TimerEvent: {}
[266.680689] (-) TimerEvent: {}
[266.785647] (-) TimerEvent: {}
[266.887681] (-) TimerEvent: {}
[266.989782] (-) TimerEvent: {}
[267.091197] (-) TimerEvent: {}
[267.193674] (-) TimerEvent: {}
[267.299386] (-) TimerEvent: {}
[267.402340] (-) TimerEvent: {}
[267.504914] (-) TimerEvent: {}
[267.607492] (-) TimerEvent: {}
[267.709732] (-) TimerEvent: {}
[267.812922] (-) TimerEvent: {}
[267.914715] (-) TimerEvent: {}
[268.016849] (-) TimerEvent: {}
[268.119265] (-) TimerEvent: {}
[268.222722] (-) TimerEvent: {}
[268.325053] (-) TimerEvent: {}
[268.426080] (-) TimerEvent: {}
[268.527566] (-) TimerEvent: {}
[268.631582] (-) TimerEvent: {}
[268.733035] (-) TimerEvent: {}
[268.834622] (-) TimerEvent: {}
[268.935691] (-) TimerEvent: {}
[269.037893] (-) TimerEvent: {}
[269.139698] (-) TimerEvent: {}
[269.247646] (-) TimerEvent: {}
[269.353478] (-) TimerEvent: {}
[269.455661] (-) TimerEvent: {}
[269.557831] (-) TimerEvent: {}
[269.659827] (-) TimerEvent: {}
[269.761723] (-) TimerEvent: {}
[269.863581] (-) TimerEvent: {}
[269.965573] (-) TimerEvent: {}
[270.067139] (-) TimerEvent: {}
[270.169607] (-) TimerEvent: {}
[270.271525] (-) TimerEvent: {}
[270.372485] (-) TimerEvent: {}
[270.474746] (-) TimerEvent: {}
[270.576649] (-) TimerEvent: {}
[270.681211] (-) TimerEvent: {}
[270.782461] (-) TimerEvent: {}
[270.884755] (-) TimerEvent: {}
[270.988638] (-) TimerEvent: {}
[271.090291] (-) TimerEvent: {}
[271.193029] (-) TimerEvent: {}
[271.296044] (-) TimerEvent: {}
[271.399573] (-) TimerEvent: {}
[271.502955] (-) TimerEvent: {}
[271.610597] (-) TimerEvent: {}
[271.712040] (-) TimerEvent: {}
[271.814092] (-) TimerEvent: {}
[271.916200] (-) TimerEvent: {}
[272.018719] (-) TimerEvent: {}
[272.123251] (-) TimerEvent: {}
[272.225299] (-) TimerEvent: {}
[272.326514] (-) TimerEvent: {}
[272.431472] (-) TimerEvent: {}
[272.533218] (-) TimerEvent: {}
[272.635180] (-) TimerEvent: {}
[272.736719] (-) TimerEvent: {}
[272.838604] (-) TimerEvent: {}
[272.939934] (-) TimerEvent: {}
[273.041806] (-) TimerEvent: {}
[273.144829] (-) TimerEvent: {}
[273.249359] (-) TimerEvent: {}
[273.350448] (-) TimerEvent: {}
[273.451482] (-) TimerEvent: {}
[273.552463] (-) TimerEvent: {}
[273.653379] (-) TimerEvent: {}
[273.754248] (-) TimerEvent: {}
[273.855125] (-) TimerEvent: {}
[273.956028] (-) TimerEvent: {}
[274.056904] (-) TimerEvent: {}
[274.157745] (-) TimerEvent: {}
[274.258567] (-) TimerEvent: {}
[274.359344] (-) TimerEvent: {}
[274.460149] (-) TimerEvent: {}
[274.561083] (-) TimerEvent: {}
[274.661999] (-) TimerEvent: {}
[274.762941] (-) TimerEvent: {}
[274.863899] (-) TimerEvent: {}
[274.964805] (-) TimerEvent: {}
[275.065785] (-) TimerEvent: {}
[275.166659] (-) TimerEvent: {}
[275.267699] (-) TimerEvent: {}
[275.368571] (-) TimerEvent: {}
[275.469367] (-) TimerEvent: {}
[275.570210] (-) TimerEvent: {}
[275.671095] (-) TimerEvent: {}
[275.772042] (-) TimerEvent: {}
[275.872925] (-) TimerEvent: {}
[275.973789] (-) TimerEvent: {}
[276.074685] (-) TimerEvent: {}
[276.175683] (-) TimerEvent: {}
[276.276572] (-) TimerEvent: {}
[276.377520] (-) TimerEvent: {}
[276.478388] (-) TimerEvent: {}
[276.579348] (-) TimerEvent: {}
[276.680269] (-) TimerEvent: {}
[276.781220] (-) TimerEvent: {}
[276.882079] (-) TimerEvent: {}
[276.982984] (-) TimerEvent: {}
[277.083945] (-) TimerEvent: {}
[277.184925] (-) TimerEvent: {}
[277.286069] (-) TimerEvent: {}
[277.386954] (-) TimerEvent: {}
[277.487794] (-) TimerEvent: {}
[277.588703] (-) TimerEvent: {}
[277.689592] (-) TimerEvent: {}
[277.790545] (-) TimerEvent: {}
[277.891462] (-) TimerEvent: {}
[277.992267] (-) TimerEvent: {}
[278.093186] (-) TimerEvent: {}
[278.194221] (-) TimerEvent: {}
[278.295139] (-) TimerEvent: {}
[278.396007] (-) TimerEvent: {}
[278.496854] (-) TimerEvent: {}
[278.597770] (-) TimerEvent: {}
[278.698900] (-) TimerEvent: {}
[278.800210] (-) TimerEvent: {}
[278.901211] (-) TimerEvent: {}
[279.002166] (-) TimerEvent: {}
[279.103244] (-) TimerEvent: {}
[279.204186] (-) TimerEvent: {}
[279.304974] (-) TimerEvent: {}
[279.405802] (-) TimerEvent: {}
[279.506646] (-) TimerEvent: {}
[279.607555] (-) TimerEvent: {}
[279.708463] (-) TimerEvent: {}
[279.809267] (-) TimerEvent: {}
[279.910187] (-) TimerEvent: {}
[280.011370] (-) TimerEvent: {}
[280.112575] (-) TimerEvent: {}
[280.213907] (-) TimerEvent: {}
[280.315014] (-) TimerEvent: {}
[280.416025] (-) TimerEvent: {}
[280.516951] (-) TimerEvent: {}
[280.617851] (-) TimerEvent: {}
[280.720114] (-) TimerEvent: {}
[280.821585] (-) TimerEvent: {}
[280.922687] (-) TimerEvent: {}
[281.024604] (-) TimerEvent: {}
[281.132702] (-) TimerEvent: {}
[281.233754] (-) TimerEvent: {}
[281.335720] (-) TimerEvent: {}
[281.437599] (-) TimerEvent: {}
[281.539504] (-) TimerEvent: {}
[281.641079] (-) TimerEvent: {}
[281.744663] (-) TimerEvent: {}
[281.848035] (-) TimerEvent: {}
[281.949967] (-) TimerEvent: {}
[282.050880] (-) TimerEvent: {}
[282.152966] (-) TimerEvent: {}
[282.254858] (-) TimerEvent: {}
[282.356528] (-) TimerEvent: {}
[282.458931] (-) TimerEvent: {}
[282.561113] (-) TimerEvent: {}
[282.662049] (-) TimerEvent: {}
[282.764078] (-) TimerEvent: {}
[282.865014] (-) TimerEvent: {}
[282.968478] (-) TimerEvent: {}
[283.069360] (-) TimerEvent: {}
[283.170362] (-) TimerEvent: {}
[283.271458] (-) TimerEvent: {}
[283.372255] (-) TimerEvent: {}
[283.473169] (-) TimerEvent: {}
[283.574061] (-) TimerEvent: {}
[283.674844] (-) TimerEvent: {}
[283.775622] (-) TimerEvent: {}
[283.876488] (-) TimerEvent: {}
[283.977255] (-) TimerEvent: {}
[284.078180] (-) TimerEvent: {}
[284.179129] (-) TimerEvent: {}
[284.280048] (-) TimerEvent: {}
[284.381014] (-) TimerEvent: {}
[284.481874] (-) TimerEvent: {}
[284.583594] (-) TimerEvent: {}
[284.684505] (-) TimerEvent: {}
[284.785294] (-) TimerEvent: {}
[284.886271] (-) TimerEvent: {}
[284.987092] (-) TimerEvent: {}
[285.087980] (-) TimerEvent: {}
[285.188895] (-) TimerEvent: {}
[285.289719] (-) TimerEvent: {}
[285.390766] (-) TimerEvent: {}
[285.491550] (-) TimerEvent: {}
[285.592381] (-) TimerEvent: {}
[285.693186] (-) TimerEvent: {}
[285.794046] (-) TimerEvent: {}
[285.894999] (-) TimerEvent: {}
[285.996041] (-) TimerEvent: {}
[286.096981] (-) TimerEvent: {}
[286.197802] (-) TimerEvent: {}
[286.298659] (-) TimerEvent: {}
[286.399488] (-) TimerEvent: {}
[286.500255] (-) TimerEvent: {}
[286.601185] (-) TimerEvent: {}
[286.702013] (-) TimerEvent: {}
[286.704841] (realsense2_camera) StdoutLine: {'line': b'[ 80%] \x1b[32mBuilding CXX object CMakeFiles/realsense2_camera.dir/src/tfs.cpp.o\x1b[0m\n'}
[286.802242] (-) TimerEvent: {}
[286.903693] (-) TimerEvent: {}
[287.005554] (-) TimerEvent: {}
[287.106981] (-) TimerEvent: {}
[287.209557] (-) TimerEvent: {}
[287.312893] (-) TimerEvent: {}
[287.413871] (-) TimerEvent: {}
[287.514713] (-) TimerEvent: {}
[287.616536] (-) TimerEvent: {}
[287.718097] (-) TimerEvent: {}
[287.794609] (realsense2_camera) StdoutLine: {'line': b'[ 84%] \x1b[32mBuilding CXX object CMakeFiles/realsense2_camera.dir/src/image_publisher.cpp.o\x1b[0m\n'}
[287.818366] (-) TimerEvent: {}
[287.922555] (-) TimerEvent: {}
[288.023900] (-) TimerEvent: {}
[288.125165] (-) TimerEvent: {}
[288.229531] (-) TimerEvent: {}
[288.331043] (-) TimerEvent: {}
[288.434118] (-) TimerEvent: {}
[288.537933] (-) TimerEvent: {}
[288.643120] (-) TimerEvent: {}
[288.745196] (-) TimerEvent: {}
[288.848356] (-) TimerEvent: {}
[288.953157] (-) TimerEvent: {}
[289.054565] (-) TimerEvent: {}
[289.157588] (-) TimerEvent: {}
[289.259067] (-) TimerEvent: {}
[289.363577] (-) TimerEvent: {}
[289.465036] (-) TimerEvent: {}
[289.566450] (-) TimerEvent: {}
[289.668616] (-) TimerEvent: {}
[289.770080] (-) TimerEvent: {}
[289.873609] (-) TimerEvent: {}
[289.975182] (-) TimerEvent: {}
[290.076873] (-) TimerEvent: {}
[290.180660] (-) TimerEvent: {}
[290.285609] (-) TimerEvent: {}
[290.387148] (-) TimerEvent: {}
[290.488833] (-) TimerEvent: {}
[290.591010] (-) TimerEvent: {}
[290.695723] (-) TimerEvent: {}
[290.805602] (-) TimerEvent: {}
[290.907637] (-) TimerEvent: {}
[291.013588] (-) TimerEvent: {}
[291.115047] (-) TimerEvent: {}
[291.219580] (-) TimerEvent: {}
[291.321039] (-) TimerEvent: {}
[291.422595] (-) TimerEvent: {}
[291.527160] (-) TimerEvent: {}
[291.629342] (-) TimerEvent: {}
[291.734046] (-) TimerEvent: {}
[291.845290] (-) TimerEvent: {}
[291.946791] (-) TimerEvent: {}
[292.051065] (-) TimerEvent: {}
[292.153125] (-) TimerEvent: {}
[292.257623] (-) TimerEvent: {}
[292.362948] (-) TimerEvent: {}
[292.464495] (-) TimerEvent: {}
[292.568468] (-) TimerEvent: {}
[292.671601] (-) TimerEvent: {}
[292.776891] (-) TimerEvent: {}
[292.879250] (-) TimerEvent: {}
[292.984199] (-) TimerEvent: {}
[293.086480] (-) TimerEvent: {}
[293.190312] (-) TimerEvent: {}
[293.291748] (-) TimerEvent: {}
[293.395641] (-) TimerEvent: {}
[293.498554] (-) TimerEvent: {}
[293.600745] (-) TimerEvent: {}
[293.603520] (realsense2_camera) StdoutLine: {'line': b'[ 88%] \x1b[32mBuilding CXX object CMakeFiles/realsense2_camera.dir/src/actions.cpp.o\x1b[0m\n'}
[293.702596] (-) TimerEvent: {}
[293.804193] (-) TimerEvent: {}
[293.908592] (-) TimerEvent: {}
[294.012006] (-) TimerEvent: {}
[294.113291] (-) TimerEvent: {}
[294.215625] (-) TimerEvent: {}
[294.318596] (-) TimerEvent: {}
[294.419568] (-) TimerEvent: {}
[294.520513] (-) TimerEvent: {}
[294.624600] (-) TimerEvent: {}
[294.725489] (-) TimerEvent: {}
[294.826276] (-) TimerEvent: {}
[294.927178] (-) TimerEvent: {}
[295.030848] (-) TimerEvent: {}
[295.131855] (-) TimerEvent: {}
[295.232822] (-) TimerEvent: {}
[295.335278] (-) TimerEvent: {}
[295.442556] (-) TimerEvent: {}
[295.545210] (realsense2_camera) StdoutLine: {'line': b'[ 92%] \x1b[32mBuilding CXX object CMakeFiles/realsense2_camera.dir/src/safety.cpp.o\x1b[0m\n'}
[295.549281] (-) TimerEvent: {}
[295.651606] (-) TimerEvent: {}
[295.754595] (-) TimerEvent: {}
[295.855993] (-) TimerEvent: {}
[295.957218] (-) TimerEvent: {}
[296.060436] (-) TimerEvent: {}
[296.162850] (-) TimerEvent: {}
[296.264197] (-) TimerEvent: {}
[296.368376] (-) TimerEvent: {}
[296.469583] (-) TimerEvent: {}
[296.570822] (-) TimerEvent: {}
[296.674883] (-) TimerEvent: {}
[296.776077] (-) TimerEvent: {}
[296.879276] (-) TimerEvent: {}
[296.983588] (-) TimerEvent: {}
[297.084840] (-) TimerEvent: {}
[297.186513] (-) TimerEvent: {}
[297.290963] (-) TimerEvent: {}
[297.392276] (-) TimerEvent: {}
[297.493575] (-) TimerEvent: {}
[297.597042] (-) TimerEvent: {}
[297.698350] (-) TimerEvent: {}
[297.803086] (-) TimerEvent: {}
[297.904486] (-) TimerEvent: {}
[298.005909] (-) TimerEvent: {}
[298.110029] (-) TimerEvent: {}
[298.211461] (-) TimerEvent: {}
[298.312658] (-) TimerEvent: {}
[298.415564] (-) TimerEvent: {}
[298.519599] (-) TimerEvent: {}
[298.620608] (-) TimerEvent: {}
[298.721875] (-) TimerEvent: {}
[298.824582] (-) TimerEvent: {}
[298.928613] (-) TimerEvent: {}
[299.031986] (-) TimerEvent: {}
[299.133832] (-) TimerEvent: {}
[299.238835] (-) TimerEvent: {}
[299.340069] (-) TimerEvent: {}
[299.442624] (-) TimerEvent: {}
[299.546587] (-) TimerEvent: {}
[299.647939] (-) TimerEvent: {}
[299.748903] (-) TimerEvent: {}
[299.853581] (-) TimerEvent: {}
[299.954588] (-) TimerEvent: {}
[300.056045] (-) TimerEvent: {}
[300.158700] (-) TimerEvent: {}
[300.259775] (-) TimerEvent: {}
[300.362976] (-) TimerEvent: {}
[300.464055] (-) TimerEvent: {}
[300.567033] (-) TimerEvent: {}
[300.670607] (-) TimerEvent: {}
[300.771599] (-) TimerEvent: {}
[300.876586] (-) TimerEvent: {}
[300.977960] (-) TimerEvent: {}
[301.079837] (-) TimerEvent: {}
[301.185590] (-) TimerEvent: {}
[301.286948] (-) TimerEvent: {}
[301.388593] (-) TimerEvent: {}
[301.495592] (-) TimerEvent: {}
[301.599593] (-) TimerEvent: {}
[301.700975] (-) TimerEvent: {}
[301.802325] (-) TimerEvent: {}
[301.906330] (-) TimerEvent: {}
[302.007791] (-) TimerEvent: {}
[302.112616] (-) TimerEvent: {}
[302.214278] (-) TimerEvent: {}
[302.316344] (-) TimerEvent: {}
[302.419295] (-) TimerEvent: {}
[302.522458] (-) TimerEvent: {}
[302.626498] (-) TimerEvent: {}
[302.730980] (-) TimerEvent: {}
[302.836998] (-) TimerEvent: {}
[302.938880] (-) TimerEvent: {}
[303.043715] (-) TimerEvent: {}
[303.147673] (-) TimerEvent: {}
[303.252740] (-) TimerEvent: {}
[303.354806] (-) TimerEvent: {}
[303.459763] (-) TimerEvent: {}
[303.564861] (-) TimerEvent: {}
[303.666494] (-) TimerEvent: {}
[303.771949] (-) TimerEvent: {}
[303.873754] (-) TimerEvent: {}
[303.977161] (-) TimerEvent: {}
[304.085132] (-) TimerEvent: {}
[304.188514] (-) TimerEvent: {}
[304.291982] (-) TimerEvent: {}
[304.393612] (-) TimerEvent: {}
[304.498620] (-) TimerEvent: {}
[304.600583] (-) TimerEvent: {}
[304.703618] (-) TimerEvent: {}
[304.804992] (-) TimerEvent: {}
[304.909343] (-) TimerEvent: {}
[305.010868] (-) TimerEvent: {}
[305.112328] (-) TimerEvent: {}
[305.216908] (-) TimerEvent: {}
[305.318350] (-) TimerEvent: {}
[305.419798] (-) TimerEvent: {}
[305.522437] (-) TimerEvent: {}
[305.626381] (-) TimerEvent: {}
[305.727824] (-) TimerEvent: {}
[305.831116] (-) TimerEvent: {}
[305.935297] (-) TimerEvent: {}
[306.036833] (-) TimerEvent: {}
[306.141696] (-) TimerEvent: {}
[306.243451] (-) TimerEvent: {}
[306.344948] (-) TimerEvent: {}
[306.448866] (-) TimerEvent: {}
[306.551016] (-) TimerEvent: {}
[306.655204] (-) TimerEvent: {}
[306.759104] (-) TimerEvent: {}
[306.863034] (-) TimerEvent: {}
[306.964024] (-) TimerEvent: {}
[307.067914] (-) TimerEvent: {}
[307.168846] (-) TimerEvent: {}
[307.269790] (-) TimerEvent: {}
[307.371602] (-) TimerEvent: {}
[307.476008] (-) TimerEvent: {}
[307.577170] (-) TimerEvent: {}
[307.678282] (-) TimerEvent: {}
[307.782128] (-) TimerEvent: {}
[307.883234] (-) TimerEvent: {}
[307.985608] (-) TimerEvent: {}
[308.087000] (-) TimerEvent: {}
[308.192598] (-) TimerEvent: {}
[308.293629] (-) TimerEvent: {}
[308.396346] (-) TimerEvent: {}
[308.500623] (-) TimerEvent: {}
[308.601775] (-) TimerEvent: {}
[308.704970] (-) TimerEvent: {}
[308.809048] (-) TimerEvent: {}
[308.913594] (-) TimerEvent: {}
[309.022612] (-) TimerEvent: {}
[309.124623] (-) TimerEvent: {}
[309.225593] (-) TimerEvent: {}
[309.328607] (-) TimerEvent: {}
[309.429532] (-) TimerEvent: {}
[309.532612] (-) TimerEvent: {}
[309.634057] (-) TimerEvent: {}
[309.737101] (-) TimerEvent: {}
[309.840498] (-) TimerEvent: {}
[309.944002] (-) TimerEvent: {}
[310.047646] (-) TimerEvent: {}
[310.148798] (-) TimerEvent: {}
[310.250582] (-) TimerEvent: {}
[310.354637] (-) TimerEvent: {}
[310.456093] (-) TimerEvent: {}
[310.557566] (-) TimerEvent: {}
[310.663531] (-) TimerEvent: {}
[310.765237] (-) TimerEvent: {}
[310.868575] (-) TimerEvent: {}
[310.976955] (-) TimerEvent: {}
[311.077944] (-) TimerEvent: {}
[311.179054] (-) TimerEvent: {}
[311.280075] (-) TimerEvent: {}
[311.387583] (-) TimerEvent: {}
[311.488875] (-) TimerEvent: {}
[311.589787] (-) TimerEvent: {}
[311.690681] (-) TimerEvent: {}
[311.791650] (-) TimerEvent: {}
[311.901614] (-) TimerEvent: {}
[312.008813] (-) TimerEvent: {}
[312.109880] (-) TimerEvent: {}
[312.225637] (-) TimerEvent: {}
[312.340618] (-) TimerEvent: {}
[312.457611] (-) TimerEvent: {}
[312.565905] (-) TimerEvent: {}
[312.668567] (-) TimerEvent: {}
[312.772590] (-) TimerEvent: {}
[312.874565] (-) TimerEvent: {}
[312.978677] (-) TimerEvent: {}
[313.081627] (-) TimerEvent: {}
[313.182662] (-) TimerEvent: {}
[313.287056] (-) TimerEvent: {}
[313.388180] (-) TimerEvent: {}
[313.489283] (-) TimerEvent: {}
[313.592876] (-) TimerEvent: {}
[313.693883] (-) TimerEvent: {}
[313.796753] (-) TimerEvent: {}
[313.901017] (-) TimerEvent: {}
[314.002106] (-) TimerEvent: {}
[314.105571] (-) TimerEvent: {}
[314.210040] (-) TimerEvent: {}
[314.311249] (-) TimerEvent: {}
[314.413898] (-) TimerEvent: {}
[314.518086] (-) TimerEvent: {}
[314.619209] (-) TimerEvent: {}
[314.720264] (-) TimerEvent: {}
[314.822659] (-) TimerEvent: {}
[314.923710] (-) TimerEvent: {}
[315.028525] (-) TimerEvent: {}
[315.130144] (-) TimerEvent: {}
[315.234519] (-) TimerEvent: {}
[315.336935] (-) TimerEvent: {}
[315.439578] (-) TimerEvent: {}
[315.544020] (-) TimerEvent: {}
[315.648865] (-) TimerEvent: {}
[315.750350] (-) TimerEvent: {}
[315.854013] (-) TimerEvent: {}
[315.958597] (-) TimerEvent: {}
[316.060078] (-) TimerEvent: {}
[316.161672] (-) TimerEvent: {}
[316.264471] (-) TimerEvent: {}
[316.369625] (-) TimerEvent: {}
[316.471024] (-) TimerEvent: {}
[316.573606] (-) TimerEvent: {}
[316.675314] (-) TimerEvent: {}
[316.778023] (-) TimerEvent: {}
[316.881979] (-) TimerEvent: {}
[316.983023] (-) TimerEvent: {}
[317.087005] (-) TimerEvent: {}
[317.188030] (-) TimerEvent: {}
[317.292035] (-) TimerEvent: {}
[317.395323] (-) TimerEvent: {}
[317.497008] (-) TimerEvent: {}
[317.601135] (-) TimerEvent: {}
[317.704193] (-) TimerEvent: {}
[317.808313] (-) TimerEvent: {}
[317.911930] (-) TimerEvent: {}
[318.015292] (-) TimerEvent: {}
[318.119165] (-) TimerEvent: {}
[318.222526] (-) TimerEvent: {}
[318.325506] (-) TimerEvent: {}
[318.429451] (-) TimerEvent: {}
[318.532616] (-) TimerEvent: {}
[318.635664] (-) TimerEvent: {}
[318.739612] (-) TimerEvent: {}
[318.841363] (-) TimerEvent: {}
[318.944667] (-) TimerEvent: {}
[319.046253] (-) TimerEvent: {}
[319.150030] (-) TimerEvent: {}
[319.254612] (-) TimerEvent: {}
[319.358581] (-) TimerEvent: {}
[319.460233] (-) TimerEvent: {}
[319.565003] (-) TimerEvent: {}
[319.666875] (-) TimerEvent: {}
[319.773041] (-) TimerEvent: {}
[319.874624] (-) TimerEvent: {}
[319.979217] (-) TimerEvent: {}
[320.080930] (-) TimerEvent: {}
[320.185602] (-) TimerEvent: {}
[320.289641] (-) TimerEvent: {}
[320.393492] (-) TimerEvent: {}
[320.500087] (-) TimerEvent: {}
[320.604007] (-) TimerEvent: {}
[320.707970] (-) TimerEvent: {}
[320.811910] (-) TimerEvent: {}
[320.913360] (-) TimerEvent: {}
[321.017369] (-) TimerEvent: {}
[321.118831] (-) TimerEvent: {}
[321.221327] (-) TimerEvent: {}
[321.327067] (-) TimerEvent: {}
[321.429364] (-) TimerEvent: {}
[321.540539] (-) TimerEvent: {}
[321.641962] (-) TimerEvent: {}
[321.744987] (-) TimerEvent: {}
[321.848972] (-) TimerEvent: {}
[321.951592] (-) TimerEvent: {}
[322.056599] (-) TimerEvent: {}
[322.157552] (-) TimerEvent: {}
[322.264629] (-) TimerEvent: {}
[322.366079] (-) TimerEvent: {}
[322.469625] (-) TimerEvent: {}
[322.573854] (-) TimerEvent: {}
[322.678588] (-) TimerEvent: {}
[322.780065] (-) TimerEvent: {}
[322.881641] (-) TimerEvent: {}
[322.984634] (-) TimerEvent: {}
[323.088629] (-) TimerEvent: {}
[323.190199] (-) TimerEvent: {}
[323.292650] (-) TimerEvent: {}
[323.395626] (-) TimerEvent: {}
[323.497279] (-) TimerEvent: {}
[323.600371] (-) TimerEvent: {}
[323.704679] (-) TimerEvent: {}
[323.806322] (-) TimerEvent: {}
[323.908630] (-) TimerEvent: {}
[324.011638] (-) TimerEvent: {}
[324.114624] (-) TimerEvent: {}
[324.216294] (-) TimerEvent: {}
[324.319495] (-) TimerEvent: {}
[324.423656] (-) TimerEvent: {}
[324.525262] (-) TimerEvent: {}
[324.626679] (-) TimerEvent: {}
[324.731272] (-) TimerEvent: {}
[324.832778] (-) TimerEvent: {}
[324.934289] (-) TimerEvent: {}
[325.038600] (-) TimerEvent: {}
[325.140065] (-) TimerEvent: {}
[325.244599] (-) TimerEvent: {}
[325.346001] (-) TimerEvent: {}
[325.447463] (-) TimerEvent: {}
[325.550607] (-) TimerEvent: {}
[325.652096] (-) TimerEvent: {}
[325.754914] (-) TimerEvent: {}
[325.859527] (-) TimerEvent: {}
[325.961631] (-) TimerEvent: {}
[326.067073] (-) TimerEvent: {}
[326.168611] (-) TimerEvent: {}
[326.270915] (-) TimerEvent: {}
[326.375923] (-) TimerEvent: {}
[326.481115] (-) TimerEvent: {}
[326.584624] (-) TimerEvent: {}
[326.689625] (-) TimerEvent: {}
[326.791340] (-) TimerEvent: {}
[326.894659] (-) TimerEvent: {}
[326.996470] (-) TimerEvent: {}
[327.099273] (-) TimerEvent: {}
[327.203609] (-) TimerEvent: {}
[327.305168] (-) TimerEvent: {}
[327.406669] (-) TimerEvent: {}
[327.509435] (-) TimerEvent: {}
[327.612608] (-) TimerEvent: {}
[327.715598] (-) TimerEvent: {}
[327.817143] (-) TimerEvent: {}
[327.920603] (-) TimerEvent: {}
[328.022147] (-) TimerEvent: {}
[328.125611] (-) TimerEvent: {}
[328.227451] (-) TimerEvent: {}
[328.329537] (-) TimerEvent: {}
[328.432359] (-) TimerEvent: {}
[328.536660] (-) TimerEvent: {}
[328.638048] (-) TimerEvent: {}
[328.739443] (-) TimerEvent: {}
[328.842379] (-) TimerEvent: {}
[328.945611] (-) TimerEvent: {}
[329.049647] (-) TimerEvent: {}
[329.151191] (-) TimerEvent: {}
[329.252843] (-) TimerEvent: {}
[329.356119] (-) TimerEvent: {}
[329.459670] (-) TimerEvent: {}
[329.560602] (-) TimerEvent: {}
[329.661729] (-) TimerEvent: {}
[329.763111] (-) TimerEvent: {}
[329.864069] (-) TimerEvent: {}
[329.965012] (-) TimerEvent: {}
[330.065982] (-) TimerEvent: {}
[330.168576] (-) TimerEvent: {}
[330.270687] (-) TimerEvent: {}
[330.375608] (-) TimerEvent: {}
[330.477038] (-) TimerEvent: {}
[330.578257] (-) TimerEvent: {}
[330.680997] (-) TimerEvent: {}
[330.787194] (-) TimerEvent: {}
[330.891467] (-) TimerEvent: {}
[330.992859] (-) TimerEvent: {}
[331.096831] (-) TimerEvent: {}
[331.198191] (-) TimerEvent: {}
[331.302592] (-) TimerEvent: {}
[331.404091] (-) TimerEvent: {}
[331.505554] (-) TimerEvent: {}
[331.609837] (-) TimerEvent: {}
[331.711217] (-) TimerEvent: {}
[331.813650] (-) TimerEvent: {}
[331.916500] (-) TimerEvent: {}
[332.019986] (-) TimerEvent: {}
[332.120982] (-) TimerEvent: {}
[332.225004] (-) TimerEvent: {}
[332.328591] (-) TimerEvent: {}
[332.429994] (-) TimerEvent: {}
[332.534829] (-) TimerEvent: {}
[332.635749] (-) TimerEvent: {}
[332.738597] (-) TimerEvent: {}
[332.840545] (-) TimerEvent: {}
[332.944833] (-) TimerEvent: {}
[333.045783] (-) TimerEvent: {}
[333.146685] (-) TimerEvent: {}
[333.249599] (-) TimerEvent: {}
[333.350512] (-) TimerEvent: {}
[333.451491] (-) TimerEvent: {}
[333.553291] (-) TimerEvent: {}
[333.655163] (-) TimerEvent: {}
[333.756734] (-) TimerEvent: {}
[333.858596] (-) TimerEvent: {}
[333.960008] (-) TimerEvent: {}
[334.062064] (-) TimerEvent: {}
[334.163606] (-) TimerEvent: {}
[334.264542] (-) TimerEvent: {}
[334.366695] (-) TimerEvent: {}
[334.468856] (-) TimerEvent: {}
[334.570945] (-) TimerEvent: {}
[334.672629] (-) TimerEvent: {}
[334.775242] (-) TimerEvent: {}
[334.876134] (-) TimerEvent: {}
[334.977050] (-) TimerEvent: {}
[335.079077] (-) TimerEvent: {}
[335.181147] (-) TimerEvent: {}
[335.282121] (-) TimerEvent: {}
[335.384771] (-) TimerEvent: {}
[335.487988] (-) TimerEvent: {}
[335.590810] (-) TimerEvent: {}
[335.692846] (-) TimerEvent: {}
[335.793800] (-) TimerEvent: {}
[335.894731] (-) TimerEvent: {}
[335.996811] (-) TimerEvent: {}
[336.097784] (-) TimerEvent: {}
[336.199840] (-) TimerEvent: {}
[336.301527] (-) TimerEvent: {}
[336.403696] (-) TimerEvent: {}
[336.506180] (-) TimerEvent: {}
[336.607251] (-) TimerEvent: {}
[336.709549] (-) TimerEvent: {}
[336.811204] (-) TimerEvent: {}
[336.912274] (-) TimerEvent: {}
[337.014479] (-) TimerEvent: {}
[337.117292] (-) TimerEvent: {}
[337.222548] (-) TimerEvent: {}
[337.324118] (-) TimerEvent: {}
[337.425126] (-) TimerEvent: {}
[337.527142] (-) TimerEvent: {}
[337.628784] (-) TimerEvent: {}
[337.730907] (-) TimerEvent: {}
[337.832386] (-) TimerEvent: {}
[337.934468] (-) TimerEvent: {}
[338.036077] (-) TimerEvent: {}
[338.139896] (-) TimerEvent: {}
[338.242352] (-) TimerEvent: {}
[338.344381] (-) TimerEvent: {}
[338.445314] (-) TimerEvent: {}
[338.547350] (-) TimerEvent: {}
[338.649522] (-) TimerEvent: {}
[338.751065] (-) TimerEvent: {}
[338.853167] (-) TimerEvent: {}
[338.954824] (-) TimerEvent: {}
[339.057775] (-) TimerEvent: {}
[339.159252] (-) TimerEvent: {}
[339.261587] (-) TimerEvent: {}
[339.363332] (-) TimerEvent: {}
[339.464379] (-) TimerEvent: {}
[339.567590] (-) TimerEvent: {}
[339.669167] (-) TimerEvent: {}
[339.770717] (-) TimerEvent: {}
[339.873071] (-) TimerEvent: {}
[339.975218] (-) TimerEvent: {}
[340.076749] (-) TimerEvent: {}
[340.182208] (-) TimerEvent: {}
[340.283608] (-) TimerEvent: {}
[340.386608] (-) TimerEvent: {}
[340.487942] (-) TimerEvent: {}
[340.593597] (-) TimerEvent: {}
[340.695207] (-) TimerEvent: {}
[340.799303] (-) TimerEvent: {}
[340.900683] (-) TimerEvent: {}
[341.003602] (-) TimerEvent: {}
[341.107605] (-) TimerEvent: {}
[341.209029] (-) TimerEvent: {}
[341.310450] (-) TimerEvent: {}
[341.413986] (-) TimerEvent: {}
[341.518885] (-) TimerEvent: {}
[341.620333] (-) TimerEvent: {}
[341.721760] (-) TimerEvent: {}
[341.824987] (-) TimerEvent: {}
[341.928369] (-) TimerEvent: {}
[342.032662] (-) TimerEvent: {}
[342.135635] (-) TimerEvent: {}
[342.238976] (-) TimerEvent: {}
[342.342650] (-) TimerEvent: {}
[342.444140] (-) TimerEvent: {}
[342.547501] (-) TimerEvent: {}
[342.651335] (-) TimerEvent: {}
[342.753469] (-) TimerEvent: {}
[342.855079] (-) TimerEvent: {}
[342.957499] (-) TimerEvent: {}
[343.059127] (-) TimerEvent: {}
[343.161207] (-) TimerEvent: {}
[343.262872] (-) TimerEvent: {}
[343.365053] (-) TimerEvent: {}
[343.466810] (-) TimerEvent: {}
[343.569065] (-) TimerEvent: {}
[343.670790] (-) TimerEvent: {}
[343.775466] (-) TimerEvent: {}
[343.876811] (-) TimerEvent: {}
[343.981048] (-) TimerEvent: {}
[344.082599] (-) TimerEvent: {}
[344.184554] (-) TimerEvent: {}
[344.287607] (-) TimerEvent: {}
[344.388552] (-) TimerEvent: {}
[344.489383] (-) TimerEvent: {}
[344.592710] (-) TimerEvent: {}
[344.693793] (-) TimerEvent: {}
[344.796362] (-) TimerEvent: {}
[344.899191] (-) TimerEvent: {}
[345.002793] (-) TimerEvent: {}
[345.104372] (-) TimerEvent: {}
[345.207148] (-) TimerEvent: {}
[345.309163] (-) TimerEvent: {}
[345.411250] (-) TimerEvent: {}
[345.512249] (-) TimerEvent: {}
[345.613190] (-) TimerEvent: {}
[345.715253] (-) TimerEvent: {}
[345.818172] (-) TimerEvent: {}
[345.919674] (-) TimerEvent: {}
[346.020610] (-) TimerEvent: {}
[346.123001] (-) TimerEvent: {}
[346.225206] (-) TimerEvent: {}
[346.326773] (-) TimerEvent: {}
[346.428792] (-) TimerEvent: {}
[346.529705] (-) TimerEvent: {}
[346.632582] (-) TimerEvent: {}
[346.734947] (-) TimerEvent: {}
[346.836510] (-) TimerEvent: {}
[346.938571] (-) TimerEvent: {}
[347.040100] (-) TimerEvent: {}
[347.142378] (-) TimerEvent: {}
[347.245886] (-) TimerEvent: {}
[347.349005] (-) TimerEvent: {}
[347.450898] (-) TimerEvent: {}
[347.553689] (-) TimerEvent: {}
[347.655914] (-) TimerEvent: {}
[347.757509] (-) TimerEvent: {}
[347.859377] (-) TimerEvent: {}
[347.961570] (-) TimerEvent: {}
[348.063051] (-) TimerEvent: {}
[348.164024] (-) TimerEvent: {}
[348.264942] (-) TimerEvent: {}
[348.367076] (-) TimerEvent: {}
[348.468930] (-) TimerEvent: {}
[348.569929] (-) TimerEvent: {}
[348.672017] (-) TimerEvent: {}
[348.773668] (-) TimerEvent: {}
[348.874734] (-) TimerEvent: {}
[348.975638] (-) TimerEvent: {}
[349.078078] (-) TimerEvent: {}
[349.179268] (-) TimerEvent: {}
[349.281478] (-) TimerEvent: {}
[349.383481] (-) TimerEvent: {}
[349.485129] (-) TimerEvent: {}
[349.587626] (-) TimerEvent: {}
[349.690015] (-) TimerEvent: {}
[349.791087] (-) TimerEvent: {}
[349.893209] (-) TimerEvent: {}
[349.995733] (-) TimerEvent: {}
[350.097362] (-) TimerEvent: {}
[350.201606] (-) TimerEvent: {}
[350.303650] (-) TimerEvent: {}
[350.408595] (-) TimerEvent: {}
[350.510351] (-) TimerEvent: {}
[350.611839] (-) TimerEvent: {}
[350.714320] (-) TimerEvent: {}
[350.818602] (-) TimerEvent: {}
[350.920108] (-) TimerEvent: {}
[351.021493] (-) TimerEvent: {}
[351.124837] (-) TimerEvent: {}
[351.228981] (-) TimerEvent: {}
[351.331222] (-) TimerEvent: {}
[351.434634] (-) TimerEvent: {}
[351.539035] (-) TimerEvent: {}
[351.640755] (-) TimerEvent: {}
[351.744619] (-) TimerEvent: {}
[351.849030] (-) TimerEvent: {}
[351.952645] (-) TimerEvent: {}
[352.058116] (-) TimerEvent: {}
[352.159640] (-) TimerEvent: {}
[352.264671] (-) TimerEvent: {}
[352.366675] (-) TimerEvent: {}
[352.469660] (-) TimerEvent: {}
[352.571970] (-) TimerEvent: {}
[352.675995] (-) TimerEvent: {}
[352.778704] (-) TimerEvent: {}
[352.880548] (-) TimerEvent: {}
[352.982914] (-) TimerEvent: {}
[353.084573] (-) TimerEvent: {}
[353.186721] (-) TimerEvent: {}
[353.289693] (-) TimerEvent: {}
[353.391233] (-) TimerEvent: {}
[353.493037] (-) TimerEvent: {}
[353.595189] (-) TimerEvent: {}
[353.696184] (-) TimerEvent: {}
[353.797187] (-) TimerEvent: {}
[353.901187] (-) TimerEvent: {}
[354.003589] (-) TimerEvent: {}
[354.105793] (-) TimerEvent: {}
[354.208015] (-) TimerEvent: {}
[354.310282] (-) TimerEvent: {}
[354.412676] (-) TimerEvent: {}
[354.514235] (-) TimerEvent: {}
[354.616361] (-) TimerEvent: {}
[354.718243] (-) TimerEvent: {}
[354.820702] (-) TimerEvent: {}
[354.922779] (-) TimerEvent: {}
[355.025289] (-) TimerEvent: {}
[355.127181] (-) TimerEvent: {}
[355.229590] (-) TimerEvent: {}
[355.331630] (-) TimerEvent: {}
[355.433352] (-) TimerEvent: {}
[355.535744] (-) TimerEvent: {}
[355.638726] (-) TimerEvent: {}
[355.741178] (-) TimerEvent: {}
[355.842876] (-) TimerEvent: {}
[355.945247] (-) TimerEvent: {}
[356.047248] (-) TimerEvent: {}
[356.149175] (-) TimerEvent: {}
[356.251300] (-) TimerEvent: {}
[356.352469] (-) TimerEvent: {}
[356.454612] (-) TimerEvent: {}
[356.558597] (-) TimerEvent: {}
[356.663334] (-) TimerEvent: {}
[356.767702] (-) TimerEvent: {}
[356.869956] (-) TimerEvent: {}
[356.971728] (-) TimerEvent: {}
[357.073583] (-) TimerEvent: {}
[357.174556] (-) TimerEvent: {}
[357.276904] (-) TimerEvent: {}
[357.378005] (-) TimerEvent: {}
[357.480367] (-) TimerEvent: {}
[357.582654] (-) TimerEvent: {}
[357.684849] (-) TimerEvent: {}
[357.787521] (-) TimerEvent: {}
[357.889391] (-) TimerEvent: {}
[357.991542] (-) TimerEvent: {}
[358.092568] (-) TimerEvent: {}
[358.193529] (-) TimerEvent: {}
[358.294538] (-) TimerEvent: {}
[358.398262] (-) TimerEvent: {}
[358.499274] (-) TimerEvent: {}
[358.600738] (-) TimerEvent: {}
[358.701614] (-) TimerEvent: {}
[358.802473] (-) TimerEvent: {}
[358.903284] (-) TimerEvent: {}
[359.004195] (-) TimerEvent: {}
[359.105214] (-) TimerEvent: {}
[359.206047] (-) TimerEvent: {}
[359.306942] (-) TimerEvent: {}
[359.408222] (-) TimerEvent: {}
[359.509331] (-) TimerEvent: {}
[359.610599] (-) TimerEvent: {}
[359.711547] (-) TimerEvent: {}
[359.812320] (-) TimerEvent: {}
[359.913152] (-) TimerEvent: {}
[360.014015] (-) TimerEvent: {}
[360.115769] (-) TimerEvent: {}
[360.216753] (-) TimerEvent: {}
[360.318322] (-) TimerEvent: {}
[360.422592] (-) TimerEvent: {}
[360.523443] (-) TimerEvent: {}
[360.624229] (-) TimerEvent: {}
[360.725956] (-) TimerEvent: {}
[360.827346] (-) TimerEvent: {}
[360.928463] (-) TimerEvent: {}
[361.030347] (-) TimerEvent: {}
[361.131870] (-) TimerEvent: {}
[361.233967] (-) TimerEvent: {}
[361.334838] (-) TimerEvent: {}
[361.436802] (-) TimerEvent: {}
[361.538376] (-) TimerEvent: {}
[361.640177] (-) TimerEvent: {}
[361.741901] (-) TimerEvent: {}
[361.842827] (-) TimerEvent: {}
[361.944760] (-) TimerEvent: {}
[362.046612] (-) TimerEvent: {}
[362.148591] (-) TimerEvent: {}
[362.255575] (-) TimerEvent: {}
[362.356484] (-) TimerEvent: {}
[362.457333] (-) TimerEvent: {}
[362.558202] (-) TimerEvent: {}
[362.659031] (-) TimerEvent: {}
[362.759873] (-) TimerEvent: {}
[362.860723] (-) TimerEvent: {}
[362.961590] (-) TimerEvent: {}
[363.062570] (-) TimerEvent: {}
[363.163348] (-) TimerEvent: {}
[363.264605] (-) TimerEvent: {}
[363.365699] (-) TimerEvent: {}
[363.467024] (-) TimerEvent: {}
[363.567991] (-) TimerEvent: {}
[363.669319] (-) TimerEvent: {}
[363.770369] (-) TimerEvent: {}
[363.871317] (-) TimerEvent: {}
[363.972196] (-) TimerEvent: {}
[364.073103] (-) TimerEvent: {}
[364.173998] (-) TimerEvent: {}
[364.274875] (-) TimerEvent: {}
[364.375762] (-) TimerEvent: {}
[364.476738] (-) TimerEvent: {}
[364.577544] (-) TimerEvent: {}
[364.678384] (-) TimerEvent: {}
[364.779229] (-) TimerEvent: {}
[364.880260] (-) TimerEvent: {}
[364.981271] (-) TimerEvent: {}
[365.082233] (-) TimerEvent: {}
[365.183118] (-) TimerEvent: {}
[365.284169] (-) TimerEvent: {}
[365.385110] (-) TimerEvent: {}
[365.486126] (-) TimerEvent: {}
[365.587338] (-) TimerEvent: {}
[365.688513] (-) TimerEvent: {}
[365.789358] (-) TimerEvent: {}
[365.890198] (-) TimerEvent: {}
[365.991072] (-) TimerEvent: {}
[366.091920] (-) TimerEvent: {}
[366.192923] (-) TimerEvent: {}
[366.294006] (-) TimerEvent: {}
[366.395021] (-) TimerEvent: {}
[366.496097] (-) TimerEvent: {}
[366.597024] (-) TimerEvent: {}
[366.697935] (-) TimerEvent: {}
[366.798895] (-) TimerEvent: {}
[366.899700] (-) TimerEvent: {}
[367.000364] (-) TimerEvent: {}
[367.101176] (-) TimerEvent: {}
[367.202037] (-) TimerEvent: {}
[367.302832] (-) TimerEvent: {}
[367.403553] (-) TimerEvent: {}
[367.504370] (-) TimerEvent: {}
[367.605160] (-) TimerEvent: {}
[367.706097] (-) TimerEvent: {}
[367.806859] (-) TimerEvent: {}
[367.907608] (-) TimerEvent: {}
[368.008387] (-) TimerEvent: {}
[368.109142] (-) TimerEvent: {}
[368.209975] (-) TimerEvent: {}
[368.310726] (-) TimerEvent: {}
[368.411465] (-) TimerEvent: {}
[368.512144] (-) TimerEvent: {}
[368.612899] (-) TimerEvent: {}
[368.713694] (-) TimerEvent: {}
[368.814490] (-) TimerEvent: {}
[368.915226] (-) TimerEvent: {}
[369.015984] (-) TimerEvent: {}
[369.116767] (-) TimerEvent: {}
[369.217492] (-) TimerEvent: {}
[369.318200] (-) TimerEvent: {}
[369.418963] (-) TimerEvent: {}
[369.519717] (-) TimerEvent: {}
[369.620381] (-) TimerEvent: {}
[369.721216] (-) TimerEvent: {}
[369.822012] (-) TimerEvent: {}
[369.922816] (-) TimerEvent: {}
[370.026564] (-) TimerEvent: {}
[370.127274] (-) TimerEvent: {}
[370.228114] (-) TimerEvent: {}
[370.328918] (-) TimerEvent: {}
[370.429700] (-) TimerEvent: {}
[370.530454] (-) TimerEvent: {}
[370.631235] (-) TimerEvent: {}
[370.732168] (-) TimerEvent: {}
[370.832972] (-) TimerEvent: {}
[370.933866] (-) TimerEvent: {}
[371.034674] (-) TimerEvent: {}
[371.135499] (-) TimerEvent: {}
[371.236384] (-) TimerEvent: {}
[371.337564] (-) TimerEvent: {}
[371.438804] (-) TimerEvent: {}
[371.539546] (-) TimerEvent: {}
[371.640460] (-) TimerEvent: {}
[371.741297] (-) TimerEvent: {}
[371.842271] (-) TimerEvent: {}
[371.944683] (-) TimerEvent: {}
[372.046143] (-) TimerEvent: {}
[372.146938] (-) TimerEvent: {}
[372.247819] (-) TimerEvent: {}
[372.348815] (-) TimerEvent: {}
[372.449687] (-) TimerEvent: {}
[372.550447] (-) TimerEvent: {}
[372.651209] (-) TimerEvent: {}
[372.752081] (-) TimerEvent: {}
[372.852932] (-) TimerEvent: {}
[372.953703] (-) TimerEvent: {}
[373.054438] (-) TimerEvent: {}
[373.155238] (-) TimerEvent: {}
[373.256154] (-) TimerEvent: {}
[373.357117] (-) TimerEvent: {}
[373.458270] (-) TimerEvent: {}
[373.559181] (-) TimerEvent: {}
[373.660130] (-) TimerEvent: {}
[373.760993] (-) TimerEvent: {}
[373.863181] (-) TimerEvent: {}
[373.964873] (-) TimerEvent: {}
[374.065694] (-) TimerEvent: {}
[374.166520] (-) TimerEvent: {}
[374.267375] (-) TimerEvent: {}
[374.368353] (-) TimerEvent: {}
[374.469500] (-) TimerEvent: {}
[374.570505] (-) TimerEvent: {}
[374.671309] (-) TimerEvent: {}
[374.772245] (-) TimerEvent: {}
[374.873200] (-) TimerEvent: {}
[374.974273] (-) TimerEvent: {}
[375.075119] (-) TimerEvent: {}
[375.184755] (-) TimerEvent: {}
[375.285609] (-) TimerEvent: {}
[375.386894] (-) TimerEvent: {}
[375.488289] (-) TimerEvent: {}
[375.589099] (-) TimerEvent: {}
[375.690051] (-) TimerEvent: {}
[375.791091] (-) TimerEvent: {}
[375.891847] (-) TimerEvent: {}
[375.992765] (-) TimerEvent: {}
[376.093604] (-) TimerEvent: {}
[376.194708] (-) TimerEvent: {}
[376.296813] (-) TimerEvent: {}
[376.397562] (-) TimerEvent: {}
[376.498461] (-) TimerEvent: {}
[376.599322] (-) TimerEvent: {}
[376.700118] (-) TimerEvent: {}
[376.801027] (-) TimerEvent: {}
[376.901799] (-) TimerEvent: {}
[377.002556] (-) TimerEvent: {}
[377.103850] (-) TimerEvent: {}
[377.204938] (-) TimerEvent: {}
[377.305786] (-) TimerEvent: {}
[377.406567] (-) TimerEvent: {}
[377.507308] (-) TimerEvent: {}
[377.608017] (-) TimerEvent: {}
[377.709888] (-) TimerEvent: {}
[377.811383] (-) TimerEvent: {}
[377.912227] (-) TimerEvent: {}
[378.013048] (-) TimerEvent: {}
[378.113823] (-) TimerEvent: {}
[378.214613] (-) TimerEvent: {}
[378.315595] (-) TimerEvent: {}
[378.416575] (-) TimerEvent: {}
[378.517320] (-) TimerEvent: {}
[378.619122] (-) TimerEvent: {}
[378.720055] (-) TimerEvent: {}
[378.822574] (-) TimerEvent: {}
[378.923503] (-) TimerEvent: {}
[379.024741] (-) TimerEvent: {}
[379.025734] (realsense2_camera) StdoutLine: {'line': b'[ 96%] \x1b[32mBuilding CXX object CMakeFiles/realsense2_camera.dir/src/ros_param_backend.cpp.o\x1b[0m\n'}
[379.124946] (-) TimerEvent: {}
[379.225758] (-) TimerEvent: {}
[379.326560] (-) TimerEvent: {}
[379.427332] (-) TimerEvent: {}
[379.528322] (-) TimerEvent: {}
[379.629277] (-) TimerEvent: {}
[379.730084] (-) TimerEvent: {}
[379.831606] (-) TimerEvent: {}
[379.932941] (-) TimerEvent: {}
[380.033766] (-) TimerEvent: {}
[380.134536] (-) TimerEvent: {}
[380.235556] (-) TimerEvent: {}
[380.336268] (-) TimerEvent: {}
[380.437128] (-) TimerEvent: {}
[380.537864] (-) TimerEvent: {}
[380.639563] (-) TimerEvent: {}
[380.740577] (-) TimerEvent: {}
[380.841342] (-) TimerEvent: {}
[380.942128] (-) TimerEvent: {}
[381.042844] (-) TimerEvent: {}
[381.143525] (-) TimerEvent: {}
[381.244221] (-) TimerEvent: {}
[381.344929] (-) TimerEvent: {}
[381.445565] (-) TimerEvent: {}
[381.546220] (-) TimerEvent: {}
[381.647299] (-) TimerEvent: {}
[381.748056] (-) TimerEvent: {}
[381.848794] (-) TimerEvent: {}
[381.949543] (-) TimerEvent: {}
[382.050306] (-) TimerEvent: {}
[382.151150] (-) TimerEvent: {}
[382.251906] (-) TimerEvent: {}
[382.352607] (-) TimerEvent: {}
[382.453359] (-) TimerEvent: {}
[382.554186] (-) TimerEvent: {}
[382.655006] (-) TimerEvent: {}
[382.755795] (-) TimerEvent: {}
[382.856527] (-) TimerEvent: {}
[382.957247] (-) TimerEvent: {}
[383.057985] (-) TimerEvent: {}
[383.158769] (-) TimerEvent: {}
[383.259539] (-) TimerEvent: {}
[383.360318] (-) TimerEvent: {}
[383.461074] (-) TimerEvent: {}
[383.561820] (-) TimerEvent: {}
[383.662565] (-) TimerEvent: {}
[383.763266] (-) TimerEvent: {}
[383.864040] (-) TimerEvent: {}
[383.964795] (-) TimerEvent: {}
[384.065546] (-) TimerEvent: {}
[384.166231] (-) TimerEvent: {}
[384.266978] (-) TimerEvent: {}
[384.367752] (-) TimerEvent: {}
[384.468484] (-) TimerEvent: {}
[384.569267] (-) TimerEvent: {}
[384.670122] (-) TimerEvent: {}
[384.770950] (-) TimerEvent: {}
[384.871749] (-) TimerEvent: {}
[384.972497] (-) TimerEvent: {}
[385.073301] (-) TimerEvent: {}
[385.174103] (-) TimerEvent: {}
[385.274876] (-) TimerEvent: {}
[385.375599] (-) TimerEvent: {}
[385.476288] (-) TimerEvent: {}
[385.577038] (-) TimerEvent: {}
[385.677850] (-) TimerEvent: {}
[385.778566] (-) TimerEvent: {}
[385.879279] (-) TimerEvent: {}
[385.980038] (-) TimerEvent: {}
[386.081000] (-) TimerEvent: {}
[386.181799] (-) TimerEvent: {}
[386.282550] (-) TimerEvent: {}
[386.383248] (-) TimerEvent: {}
[386.484043] (-) TimerEvent: {}
[386.584862] (-) TimerEvent: {}
[386.685580] (-) TimerEvent: {}
[386.786379] (-) TimerEvent: {}
[386.887149] (-) TimerEvent: {}
[386.987987] (-) TimerEvent: {}
[387.088732] (-) TimerEvent: {}
[387.189491] (-) TimerEvent: {}
[387.290208] (-) TimerEvent: {}
[387.390972] (-) TimerEvent: {}
[387.491740] (-) TimerEvent: {}
[387.592505] (-) TimerEvent: {}
[387.693210] (-) TimerEvent: {}
[387.794030] (-) TimerEvent: {}
[387.894821] (-) TimerEvent: {}
[387.995553] (-) TimerEvent: {}
[388.096287] (-) TimerEvent: {}
[388.197191] (-) TimerEvent: {}
[388.297961] (-) TimerEvent: {}
[388.398706] (-) TimerEvent: {}
[388.499486] (-) TimerEvent: {}
[388.600194] (-) TimerEvent: {}
[388.701016] (-) TimerEvent: {}
[388.801811] (-) TimerEvent: {}
[388.902554] (-) TimerEvent: {}
[389.003303] (-) TimerEvent: {}
[389.104207] (-) TimerEvent: {}
[389.205021] (-) TimerEvent: {}
[389.305804] (-) TimerEvent: {}
[389.406566] (-) TimerEvent: {}
[389.507286] (-) TimerEvent: {}
[389.608023] (-) TimerEvent: {}
[389.708777] (-) TimerEvent: {}
[389.809559] (-) TimerEvent: {}
[389.910329] (-) TimerEvent: {}
[390.012608] (-) TimerEvent: {}
[390.115859] (-) TimerEvent: {}
[390.216603] (-) TimerEvent: {}
[390.317818] (-) TimerEvent: {}
[390.418656] (-) TimerEvent: {}
[390.519438] (-) TimerEvent: {}
[390.620167] (-) TimerEvent: {}
[390.720951] (-) TimerEvent: {}
[390.821746] (-) TimerEvent: {}
[390.922525] (-) TimerEvent: {}
[391.023254] (-) TimerEvent: {}
[391.124032] (-) TimerEvent: {}
[391.224801] (-) TimerEvent: {}
[391.325568] (-) TimerEvent: {}
[391.426349] (-) TimerEvent: {}
[391.527155] (-) TimerEvent: {}
[391.629757] (-) TimerEvent: {}
[391.736003] (-) TimerEvent: {}
[391.836778] (-) TimerEvent: {}
[391.937559] (-) TimerEvent: {}
[392.038343] (-) TimerEvent: {}
[392.139127] (-) TimerEvent: {}
[392.239894] (-) TimerEvent: {}
[392.340655] (-) TimerEvent: {}
[392.441346] (-) TimerEvent: {}
[392.542067] (-) TimerEvent: {}
[392.642915] (-) TimerEvent: {}
[392.687266] (realsense2_camera) StdoutLine: {'line': b'[100%] \x1b[32m\x1b[1mLinking CXX shared library librealsense2_camera.so\x1b[0m\n'}
[392.743106] (-) TimerEvent: {}
[392.843925] (-) TimerEvent: {}
[392.944601] (-) TimerEvent: {}
[393.045264] (-) TimerEvent: {}
[393.146055] (-) TimerEvent: {}
[393.246864] (-) TimerEvent: {}
[393.347703] (-) TimerEvent: {}
[393.448568] (-) TimerEvent: {}
[393.549506] (-) TimerEvent: {}
[393.650280] (-) TimerEvent: {}
[393.751228] (-) TimerEvent: {}
[393.852190] (-) TimerEvent: {}
[393.952902] (-) TimerEvent: {}
[394.053708] (-) TimerEvent: {}
[394.154855] (-) TimerEvent: {}
[394.255764] (-) TimerEvent: {}
[394.356599] (-) TimerEvent: {}
[394.457608] (-) TimerEvent: {}
[394.558702] (-) TimerEvent: {}
[394.659518] (-) TimerEvent: {}
[394.760753] (-) TimerEvent: {}
[394.861636] (-) TimerEvent: {}
[394.962482] (-) TimerEvent: {}
[395.063121] (-) TimerEvent: {}
[395.163947] (-) TimerEvent: {}
[395.265204] (-) TimerEvent: {}
[395.366094] (-) TimerEvent: {}
[395.467053] (-) TimerEvent: {}
[395.567987] (-) TimerEvent: {}
[395.668689] (-) TimerEvent: {}
[395.769497] (-) TimerEvent: {}
[395.870591] (-) TimerEvent: {}
[395.971872] (-) TimerEvent: {}
[396.073239] (-) TimerEvent: {}
[396.174250] (-) TimerEvent: {}
[396.275441] (-) TimerEvent: {}
[396.376124] (-) TimerEvent: {}
[396.476975] (-) TimerEvent: {}
[396.577964] (-) TimerEvent: {}
[396.678750] (-) TimerEvent: {}
[396.779551] (-) TimerEvent: {}
[396.880232] (-) TimerEvent: {}
[396.980918] (-) TimerEvent: {}
[397.081556] (-) TimerEvent: {}
[397.166992] (realsense2_camera) StdoutLine: {'line': b'[100%] Built target realsense2_camera\n'}
[397.181751] (-) TimerEvent: {}
[397.287377] (-) TimerEvent: {}
[397.294657] (realsense2_camera) CommandEnded: {'returncode': 0}
[397.316293] (realsense2_camera) JobProgress: {'identifier': 'realsense2_camera', 'progress': 'install'}
[397.327059] (realsense2_camera) Command: {'cmd': ['/usr/bin/cmake', '--install', '/home/bot/ros2_ws/build/realsense2_camera'], 'cwd': '/home/bot/ros2_ws/build/realsense2_camera', 'env': OrderedDict({'LESSOPEN': '| /usr/bin/lesspipe %s', 'USER': 'bot', 'SSH_CLIENT': '192.168.1.199 58490 22', 'GZ_CONFIG_PATH': '/opt/ros/jazzy/opt/sdformat_vendor/share/gz', 'XDG_SESSION_TYPE': 'tty', 'SHLVL': '1', 'LD_LIBRARY_PATH': '/home/bot/ros2_ws/install/realsense2_camera_msgs/lib:/opt/ros/jazzy/opt/sdformat_vendor/lib:/opt/ros/jazzy/opt/rviz_ogre_vendor/lib:/opt/ros/jazzy/lib/aarch64-linux-gnu:/opt/ros/jazzy/opt/gz_math_vendor/lib:/opt/ros/jazzy/opt/gz_utils_vendor/lib:/opt/ros/jazzy/opt/gz_tools_vendor/lib:/opt/ros/jazzy/opt/gz_cmake_vendor/lib:/opt/ros/jazzy/lib', 'HOME': '/home/bot', 'OLDPWD': '/home/bot/ros2_ws/src', 'SSH_TTY': '/dev/pts/4', 'ROS_PYTHON_VERSION': '3', 'DBUS_SESSION_BUS_ADDRESS': 'unix:path=/run/user/1000/bus', 'DEBUGINFOD_URLS': 'https://debuginfod.ubuntu.com', 'COLCON_PREFIX_PATH': '/home/bot/ros2_ws/install', 'ROS_DISTRO': 'jazzy', 'LOGNAME': 'bot', '_': '/usr/bin/colcon', 'ROS_VERSION': '2', 'XDG_SESSION_CLASS': 'user', 'TERM': 'xterm-256color', 'XDG_SESSION_ID': '6', 'PATH': '/opt/ros/jazzy/opt/gz_tools_vendor/bin:/opt/ros/jazzy/bin:/usr/local/sbin:/usr/local/bin:/usr/sbin:/usr/bin:/sbin:/bin:/usr/games:/usr/local/games:/snap/bin', 'XDG_RUNTIME_DIR': '/run/user/1000', 'LANG': 'en_US.UTF-8', 'LS_COLORS': 'rs=0:di=01;34:ln=01;36:mh=00:pi=40;33:so=01;35:do=01;35:bd=40;33;01:cd=40;33;01:or=40;31;01:mi=00:su=37;41:sg=30;43:ca=00:tw=30;42:ow=34;42:st=37;44:ex=01;32:*.tar=01;31:*.tgz=01;31:*.arc=01;31:*.arj=01;31:*.taz=01;31:*.lha=01;31:*.lz4=01;31:*.lzh=01;31:*.lzma=01;31:*.tlz=01;31:*.txz=01;31:*.tzo=01;31:*.t7z=01;31:*.zip=01;31:*.z=01;31:*.dz=01;31:*.gz=01;31:*.lrz=01;31:*.lz=01;31:*.lzo=01;31:*.xz=01;31:*.zst=01;31:*.tzst=01;31:*.bz2=01;31:*.bz=01;31:*.tbz=01;31:*.tbz2=01;31:*.tz=01;31:*.deb=01;31:*.rpm=01;31:*.jar=01;31:*.war=01;31:*.ear=01;31:*.sar=01;31:*.rar=01;31:*.alz=01;31:*.ace=01;31:*.zoo=01;31:*.cpio=01;31:*.7z=01;31:*.rz=01;31:*.cab=01;31:*.wim=01;31:*.swm=01;31:*.dwm=01;31:*.esd=01;31:*.avif=01;35:*.jpg=01;35:*.jpeg=01;35:*.mjpg=01;35:*.mjpeg=01;35:*.gif=01;35:*.bmp=01;35:*.pbm=01;35:*.pgm=01;35:*.ppm=01;35:*.tga=01;35:*.xbm=01;35:*.xpm=01;35:*.tif=01;35:*.tiff=01;35:*.png=01;35:*.svg=01;35:*.svgz=01;35:*.mng=01;35:*.pcx=01;35:*.mov=01;35:*.mpg=01;35:*.mpeg=01;35:*.m2v=01;35:*.mkv=01;35:*.webm=01;35:*.webp=01;35:*.ogm=01;35:*.mp4=01;35:*.m4v=01;35:*.mp4v=01;35:*.vob=01;35:*.qt=01;35:*.nuv=01;35:*.wmv=01;35:*.asf=01;35:*.rm=01;35:*.rmvb=01;35:*.flc=01;35:*.avi=01;35:*.fli=01;35:*.flv=01;35:*.gl=01;35:*.dl=01;35:*.xcf=01;35:*.xwd=01;35:*.yuv=01;35:*.cgm=01;35:*.emf=01;35:*.ogv=01;35:*.ogx=01;35:*.aac=00;36:*.au=00;36:*.flac=00;36:*.m4a=00;36:*.mid=00;36:*.midi=00;36:*.mka=00;36:*.mp3=00;36:*.mpc=00;36:*.ogg=00;36:*.ra=00;36:*.wav=00;36:*.oga=00;36:*.opus=00;36:*.spx=00;36:*.xspf=00;36:*~=00;90:*#=00;90:*.bak=00;90:*.crdownload=00;90:*.dpkg-dist=00;90:*.dpkg-new=00;90:*.dpkg-old=00;90:*.dpkg-tmp=00;90:*.old=00;90:*.orig=00;90:*.part=00;90:*.rej=00;90:*.rpmnew=00;90:*.rpmorig=00;90:*.rpmsave=00;90:*.swp=00;90:*.tmp=00;90:*.ucf-dist=00;90:*.ucf-new=00;90:*.ucf-old=00;90:', 'AMENT_PREFIX_PATH': '/home/bot/ros2_ws/install/realsense2_camera_msgs:/home/bot/ros2_ws/install/robotic_arm_v3_config:/home/bot/ros2_ws/install/robotic_arm_moveit:/home/bot/ros2_ws/install/robotic_arm_model_v3:/home/bot/ros2_ws/install/robotic_arm_config:/home/bot/ros2_ws/install/pose_printer:/home/bot/ros2_ws/install/mqtt_imu:/home/bot/ros2_ws/install/moveit_controls:/home/bot/ros2_ws/install/move_program:/home/bot/ros2_ws/install/imu_controller:/home/bot/ros2_ws/install/esp32_controller:/home/bot/ros2_ws/install/cpp_pubsub:/opt/ros/jazzy', 'SHELL': '/bin/bash', 'LESSCLOSE': '/usr/bin/lesspipe %s %s', 'ROS_AUTOMATIC_DISCOVERY_RANGE': 'SUBNET', 'PWD': '/home/bot/ros2_ws/build/realsense2_camera', 'LC_ALL': 'en_US.UTF-8', 'SSH_CONNECTION': '192.168.1.199 58490 192.168.1.224 22', 'XDG_DATA_DIRS': '/usr/share/gnome:/usr/local/share:/usr/share:/var/lib/snapd/desktop', 'PYTHONPATH': '/home/bot/ros2_ws/install/realsense2_camera_msgs/lib/python3.12/site-packages:/home/bot/ros2_ws/install/pose_printer/lib/python3.12/site-packages:/home/bot/ros2_ws/install/mqtt_imu/lib/python3.12/site-packages:/home/bot/ros2_ws/install/moveit_controls/lib/python3.12/site-packages:/opt/ros/jazzy/lib/python3.12/site-packages', 'COLCON': '1', 'CMAKE_PREFIX_PATH': '/home/bot/ros2_ws/install/realsense2_camera_msgs:/home/bot/ros2_ws/install/robotic_arm_v3_config:/home/bot/ros2_ws/install/robotic_arm_moveit:/home/bot/ros2_ws/install/robotic_arm_model_v3:/home/bot/ros2_ws/install/robotic_arm_config:/home/bot/ros2_ws/install/move_program:/home/bot/ros2_ws/install/imu_controller:/home/bot/ros2_ws/install/esp32_controller:/home/bot/ros2_ws/install/cpp_pubsub:/opt/ros/jazzy/opt/sdformat_vendor:/opt/ros/jazzy/opt/gz_math_vendor:/opt/ros/jazzy/opt/gz_utils_vendor:/opt/ros/jazzy/opt/gz_tools_vendor:/opt/ros/jazzy/opt/gz_cmake_vendor:/home/bot/ros2_ws/install/pose_printer:/home/bot/ros2_ws/install/mqtt_imu:/home/bot/ros2_ws/install/moveit_controls:/opt/ros/jazzy'}), 'shell': False}
[397.387569] (-) TimerEvent: {}
[397.392919] (realsense2_camera) StdoutLine: {'line': b'-- Install configuration: "Release"\n'}
[397.398444] (realsense2_camera) StdoutLine: {'line': b'-- Installing: /home/bot/ros2_ws/install/realsense2_camera/share/realsense2_camera/config/global_settings.yaml\n'}
[397.402260] (realsense2_camera) StdoutLine: {'line': b'-- Installing: /home/bot/ros2_ws/install/realsense2_camera/lib/realsense2_camera/realsense2_camera_node\n'}
[397.411517] (realsense2_camera) StdoutLine: {'line': b'-- Set non-toolchain portion of runtime path of "/home/bot/ros2_ws/install/realsense2_camera/lib/realsense2_camera/realsense2_camera_node" to ""\n'}
[397.412332] (realsense2_camera) StdoutLine: {'line': b'-- Installing: /home/bot/ros2_ws/install/realsense2_camera/lib/librealsense2_camera.so\n'}
[397.449960] (realsense2_camera) StdoutLine: {'line': b'-- Set non-toolchain portion of runtime path of "/home/bot/ros2_ws/install/realsense2_camera/lib/librealsense2_camera.so" to ""\n'}
[397.450851] (realsense2_camera) StdoutLine: {'line': b'-- Installing: /home/bot/ros2_ws/install/realsense2_camera/include\n'}
[397.451367] (realsense2_camera) StdoutLine: {'line': b'-- Installing: /home/bot/ros2_ws/install/realsense2_camera/include/align_depth_filter.h\n'}
[397.452235] (realsense2_camera) StdoutLine: {'line': b'-- Installing: /home/bot/ros2_ws/install/realsense2_camera/include/ros_sensor.h\n'}
[397.453292] (realsense2_camera) StdoutLine: {'line': b'-- Installing: /home/bot/ros2_ws/install/realsense2_camera/include/dynamic_params.h\n'}
[397.454297] (realsense2_camera) StdoutLine: {'line': b'-- Installing: /home/bot/ros2_ws/install/realsense2_camera/include/profile_manager.h\n'}
[397.455357] (realsense2_camera) StdoutLine: {'line': b'-- Installing: /home/bot/ros2_ws/install/realsense2_camera/include/base_realsense_node.h\n'}
[397.456617] (realsense2_camera) StdoutLine: {'line': b'-- Installing: /home/bot/ros2_ws/install/realsense2_camera/include/image_publisher.h\n'}
[397.457649] (realsense2_camera) StdoutLine: {'line': b'-- Installing: /home/bot/ros2_ws/install/realsense2_camera/include/ros_param_backend.h\n'}
[397.458652] (realsense2_camera) StdoutLine: {'line': b'-- Installing: /home/bot/ros2_ws/install/realsense2_camera/include/ros_node_base.h\n'}
[397.459658] (realsense2_camera) StdoutLine: {'line': b'-- Installing: /home/bot/ros2_ws/install/realsense2_camera/include/pointcloud_filter.h\n'}
[397.460679] (realsense2_camera) StdoutLine: {'line': b'-- Installing: /home/bot/ros2_ws/install/realsense2_camera/include/sensor_params.h\n'}
[397.461690] (realsense2_camera) StdoutLine: {'line': b'-- Installing: /home/bot/ros2_ws/install/realsense2_camera/include/context_singleton_wrapper.h\n'}
[397.463636] (realsense2_camera) StdoutLine: {'line': b'-- Installing: /home/bot/ros2_ws/install/realsense2_camera/include/ros_utils.h\n'}
[397.464732] (realsense2_camera) StdoutLine: {'line': b'-- Installing: /home/bot/ros2_ws/install/realsense2_camera/include/named_filter.h\n'}
[397.465765] (realsense2_camera) StdoutLine: {'line': b'-- Installing: /home/bot/ros2_ws/install/realsense2_camera/include/realsense_node_factory.h\n'}
[397.467865] (realsense2_camera) StdoutLine: {'line': b'-- Installing: /home/bot/ros2_ws/install/realsense2_camera/include/gl_window.h\n'}
[397.469721] (realsense2_camera) StdoutLine: {'line': b'-- Installing: /home/bot/ros2_ws/install/realsense2_camera/include/constants.h\n'}
[397.470925] (realsense2_camera) StdoutLine: {'line': b'-- Installing: /home/bot/ros2_ws/install/realsense2_camera/share/realsense2_camera/launch\n'}
[397.472519] (realsense2_camera) StdoutLine: {'line': b'-- Installing: /home/bot/ros2_ws/install/realsense2_camera/share/realsense2_camera/launch/rs_multi_camera_launch.py\n'}
[397.474360] (realsense2_camera) StdoutLine: {'line': b'-- Installing: /home/bot/ros2_ws/install/realsense2_camera/share/realsense2_camera/launch/default.rviz\n'}
[397.476017] (realsense2_camera) StdoutLine: {'line': b'-- Installing: /home/bot/ros2_ws/install/realsense2_camera/share/realsense2_camera/launch/rs_intra_process_demo_launch.py\n'}
[397.477799] (realsense2_camera) StdoutLine: {'line': b'-- Installing: /home/bot/ros2_ws/install/realsense2_camera/share/realsense2_camera/launch/rs_multi_camera_launch_sync.py\n'}
[397.479688] (realsense2_camera) StdoutLine: {'line': b'-- Installing: /home/bot/ros2_ws/install/realsense2_camera/share/realsense2_camera/launch/rs_launch.py\n'}
[397.481879] (realsense2_camera) StdoutLine: {'line': b'-- Installing: /home/bot/ros2_ws/install/realsense2_camera/share/realsense2_camera/examples\n'}
[397.483225] (realsense2_camera) StdoutLine: {'line': b'-- Installing: /home/bot/ros2_ws/install/realsense2_camera/share/realsense2_camera/examples/align_depth\n'}
[397.484670] (realsense2_camera) StdoutLine: {'line': b'-- Installing: /home/bot/ros2_ws/install/realsense2_camera/share/realsense2_camera/examples/align_depth/README.md\n'}
[397.486555] (realsense2_camera) StdoutLine: {'line': b'-- Installing: /home/bot/ros2_ws/install/realsense2_camera/share/realsense2_camera/examples/align_depth/rs_align_depth_launch.py\n'}
[397.487699] (-) TimerEvent: {}
[397.488327] (realsense2_camera) StdoutLine: {'line': b'-- Installing: /home/bot/ros2_ws/install/realsense2_camera/share/realsense2_camera/examples/pointcloud\n'}
[397.489805] (realsense2_camera) StdoutLine: {'line': b'-- Installing: /home/bot/ros2_ws/install/realsense2_camera/share/realsense2_camera/examples/pointcloud/rviz\n'}
[397.491166] (realsense2_camera) StdoutLine: {'line': b'-- Installing: /home/bot/ros2_ws/install/realsense2_camera/share/realsense2_camera/examples/pointcloud/rviz/pointcloud.rviz\n'}
[397.493146] (realsense2_camera) StdoutLine: {'line': b'-- Installing: /home/bot/ros2_ws/install/realsense2_camera/share/realsense2_camera/examples/pointcloud/rviz/urdf_pointcloud.rviz\n'}
[397.495283] (realsense2_camera) StdoutLine: {'line': b'-- Installing: /home/bot/ros2_ws/install/realsense2_camera/share/realsense2_camera/examples/pointcloud/README.md\n'}
[397.497026] (realsense2_camera) StdoutLine: {'line': b'-- Installing: /home/bot/ros2_ws/install/realsense2_camera/share/realsense2_camera/examples/pointcloud/rs_pointcloud_launch.py\n'}
[397.498870] (realsense2_camera) StdoutLine: {'line': b'-- Installing: /home/bot/ros2_ws/install/realsense2_camera/share/realsense2_camera/examples/pointcloud/rs_d405_pointcloud_launch.py\n'}
[397.500809] (realsense2_camera) StdoutLine: {'line': b'-- Installing: /home/bot/ros2_ws/install/realsense2_camera/share/realsense2_camera/examples/pointcloud/rs_pointcloud_infra_launch.py\n'}
[397.502717] (realsense2_camera) StdoutLine: {'line': b'-- Installing: /home/bot/ros2_ws/install/realsense2_camera/share/realsense2_camera/examples/pointcloud/rs_d455_pointcloud_launch.py\n'}
[397.504571] (realsense2_camera) StdoutLine: {'line': b'-- Installing: /home/bot/ros2_ws/install/realsense2_camera/share/realsense2_camera/examples/d500_tables\n'}
[397.506063] (realsense2_camera) StdoutLine: {'line': b'-- Installing: /home/bot/ros2_ws/install/realsense2_camera/share/realsense2_camera/examples/d500_tables/application_config_example.json\n'}
[397.508131] (realsense2_camera) StdoutLine: {'line': b'-- Installing: /home/bot/ros2_ws/install/realsense2_camera/share/realsense2_camera/examples/d500_tables/calib_config_example.json\n'}
[397.510081] (realsense2_camera) StdoutLine: {'line': b'-- Installing: /home/bot/ros2_ws/install/realsense2_camera/share/realsense2_camera/examples/d500_tables/safety_preset_example.json\n'}
[397.512259] (realsense2_camera) StdoutLine: {'line': b'-- Installing: /home/bot/ros2_ws/install/realsense2_camera/share/realsense2_camera/examples/d500_tables/safety_interface_config_example.json\n'}
[397.514232] (realsense2_camera) StdoutLine: {'line': b'-- Installing: /home/bot/ros2_ws/install/realsense2_camera/share/realsense2_camera/examples/launch_params_from_file\n'}
[397.515755] (realsense2_camera) StdoutLine: {'line': b'-- Installing: /home/bot/ros2_ws/install/realsense2_camera/share/realsense2_camera/examples/launch_params_from_file/README.md\n'}
[397.517711] (realsense2_camera) StdoutLine: {'line': b'-- Installing: /home/bot/ros2_ws/install/realsense2_camera/share/realsense2_camera/examples/launch_params_from_file/config\n'}
[397.519189] (realsense2_camera) StdoutLine: {'line': b'-- Installing: /home/bot/ros2_ws/install/realsense2_camera/share/realsense2_camera/examples/launch_params_from_file/config/config.yaml\n'}
[397.521224] (realsense2_camera) StdoutLine: {'line': b'-- Installing: /home/bot/ros2_ws/install/realsense2_camera/share/realsense2_camera/examples/launch_params_from_file/rs_launch_get_params_from_yaml.py\n'}
[397.523019] (realsense2_camera) StdoutLine: {'line': b'-- Installing: /home/bot/ros2_ws/install/realsense2_camera/share/realsense2_camera/examples/launch_from_rosbag\n'}
[397.524376] (realsense2_camera) StdoutLine: {'line': b'-- Installing: /home/bot/ros2_ws/install/realsense2_camera/share/realsense2_camera/examples/launch_from_rosbag/rs_launch_from_rosbag.py\n'}
[397.526294] (realsense2_camera) StdoutLine: {'line': b'-- Installing: /home/bot/ros2_ws/install/realsense2_camera/share/realsense2_camera/examples/launch_from_rosbag/README.md\n'}
[397.528003] (realsense2_camera) StdoutLine: {'line': b'-- Installing: /home/bot/ros2_ws/install/realsense2_camera/share/realsense2_camera/examples/dual_camera\n'}
[397.529292] (realsense2_camera) StdoutLine: {'line': b'-- Installing: /home/bot/ros2_ws/install/realsense2_camera/share/realsense2_camera/examples/dual_camera/rviz\n'}
[397.530730] (realsense2_camera) StdoutLine: {'line': b'-- Installing: /home/bot/ros2_ws/install/realsense2_camera/share/realsense2_camera/examples/dual_camera/rviz/dual_camera_pointcloud.rviz\n'}
[397.532741] (realsense2_camera) StdoutLine: {'line': b'-- Installing: /home/bot/ros2_ws/install/realsense2_camera/share/realsense2_camera/examples/dual_camera/README.md\n'}
[397.534603] (realsense2_camera) StdoutLine: {'line': b'-- Installing: /home/bot/ros2_ws/install/realsense2_camera/share/realsense2_camera/examples/dual_camera/rs_dual_camera_launch.py\n'}
[397.537117] (realsense2_camera) StdoutLine: {'line': b'-- Installing: /home/bot/ros2_ws/install/realsense2_camera/share/realsense2_camera/environment/library_path.sh\n'}
[397.539191] (realsense2_camera) StdoutLine: {'line': b'-- Installing: /home/bot/ros2_ws/install/realsense2_camera/share/realsense2_camera/environment/library_path.dsv\n'}
[397.541763] (realsense2_camera) StdoutLine: {'line': b'-- Installing: /home/bot/ros2_ws/install/realsense2_camera/share/ament_index/resource_index/package_run_dependencies/realsense2_camera\n'}
[397.544222] (realsense2_camera) StdoutLine: {'line': b'-- Installing: /home/bot/ros2_ws/install/realsense2_camera/share/ament_index/resource_index/parent_prefix_path/realsense2_camera\n'}
[397.546428] (realsense2_camera) StdoutLine: {'line': b'-- Installing: /home/bot/ros2_ws/install/realsense2_camera/share/realsense2_camera/environment/ament_prefix_path.sh\n'}
[397.548528] (realsense2_camera) StdoutLine: {'line': b'-- Installing: /home/bot/ros2_ws/install/realsense2_camera/share/realsense2_camera/environment/ament_prefix_path.dsv\n'}
[397.550542] (realsense2_camera) StdoutLine: {'line': b'-- Installing: /home/bot/ros2_ws/install/realsense2_camera/share/realsense2_camera/environment/path.sh\n'}
[397.552514] (realsense2_camera) StdoutLine: {'line': b'-- Installing: /home/bot/ros2_ws/install/realsense2_camera/share/realsense2_camera/environment/path.dsv\n'}
[397.554354] (realsense2_camera) StdoutLine: {'line': b'-- Installing: /home/bot/ros2_ws/install/realsense2_camera/share/realsense2_camera/local_setup.bash\n'}
[397.556340] (realsense2_camera) StdoutLine: {'line': b'-- Installing: /home/bot/ros2_ws/install/realsense2_camera/share/realsense2_camera/local_setup.sh\n'}
[397.558428] (realsense2_camera) StdoutLine: {'line': b'-- Installing: /home/bot/ros2_ws/install/realsense2_camera/share/realsense2_camera/local_setup.zsh\n'}
[397.560376] (realsense2_camera) StdoutLine: {'line': b'-- Installing: /home/bot/ros2_ws/install/realsense2_camera/share/realsense2_camera/local_setup.dsv\n'}
[397.562300] (realsense2_camera) StdoutLine: {'line': b'-- Installing: /home/bot/ros2_ws/install/realsense2_camera/share/realsense2_camera/package.dsv\n'}
[397.564647] (realsense2_camera) StdoutLine: {'line': b'-- Installing: /home/bot/ros2_ws/install/realsense2_camera/share/ament_index/resource_index/packages/realsense2_camera\n'}
[397.566441] (realsense2_camera) StdoutLine: {'line': b'-- Installing: /home/bot/ros2_ws/install/realsense2_camera/share/ament_index/resource_index/rclcpp_components/realsense2_camera\n'}
[397.568876] (realsense2_camera) StdoutLine: {'line': b'-- Installing: /home/bot/ros2_ws/install/realsense2_camera/share/realsense2_camera/cmake/ament_cmake_export_include_directories-extras.cmake\n'}
[397.570957] (realsense2_camera) StdoutLine: {'line': b'-- Installing: /home/bot/ros2_ws/install/realsense2_camera/share/realsense2_camera/cmake/ament_cmake_export_libraries-extras.cmake\n'}
[397.573173] (realsense2_camera) StdoutLine: {'line': b'-- Installing: /home/bot/ros2_ws/install/realsense2_camera/share/realsense2_camera/cmake/ament_cmake_export_dependencies-extras.cmake\n'}
[397.575323] (realsense2_camera) StdoutLine: {'line': b'-- Installing: /home/bot/ros2_ws/install/realsense2_camera/share/realsense2_camera/cmake/realsense2_cameraConfig.cmake\n'}
[397.577206] (realsense2_camera) StdoutLine: {'line': b'-- Installing: /home/bot/ros2_ws/install/realsense2_camera/share/realsense2_camera/cmake/realsense2_cameraConfig-version.cmake\n'}
[397.579253] (realsense2_camera) StdoutLine: {'line': b'-- Installing: /home/bot/ros2_ws/install/realsense2_camera/share/realsense2_camera/package.xml\n'}
[397.587913] (-) TimerEvent: {}
[397.592205] (realsense2_camera) CommandEnded: {'returncode': 0}
[397.688090] (-) TimerEvent: {}
[397.723167] (realsense2_camera) JobEnded: {'identifier': 'realsense2_camera', 'rc': 0}
[397.733019] (-) EventReactorShutdown: {}
