[0.000000] (-) TimerEvent: {}
[0.000897] (cpp_pubsub) JobQueued: {'identifier': 'cpp_pubsub', 'dependencies': OrderedDict()}
[0.001081] (move_program) JobQueued: {'identifier': 'move_program', 'dependencies': OrderedDict()}
[0.002265] (moveit_controls) JobQueued: {'identifier': 'moveit_controls', 'dependencies': OrderedDict()}
[0.002363] (pose_printer) JobQueued: {'identifier': 'pose_printer', 'dependencies': OrderedDict()}
[0.002427] (robotic_arm_config) JobQueued: {'identifier': 'robotic_arm_config', 'dependencies': OrderedDict()}
[0.002492] (robotic_arm_model_v3) JobQueued: {'identifier': 'robotic_arm_model_v3', 'dependencies': OrderedDict()}
[0.002553] (robotic_arm_moveit) JobQueued: {'identifier': 'robotic_arm_moveit', 'dependencies': OrderedDict()}
[0.002612] (robotic_arm_v3_config) JobQueued: {'identifier': 'robotic_arm_v3_config', 'dependencies': OrderedDict({'robotic_arm_model_v3': '/home/bot/ros2_ws/install/robotic_arm_model_v3'})}
[0.002692] (robotic_arm_model_v3) JobStarted: {'identifier': 'robotic_arm_model_v3'}
[0.057691] (cpp_pubsub) JobStarted: {'identifier': 'cpp_pubsub'}
[0.082145] (move_program) JobStarted: {'identifier': 'move_program'}
[0.099205] (-) TimerEvent: {}
[0.109270] (moveit_controls) JobStarted: {'identifier': 'moveit_controls'}
[0.160017] (robotic_arm_model_v3) JobProgress: {'identifier': 'robotic_arm_model_v3', 'progress': 'cmake'}
[0.162264] (robotic_arm_model_v3) Command: {'cmd': ['/usr/bin/cmake', '/home/bot/ros2_ws/src/robotic_arm_model_v3', '-DCMAKE_INSTALL_PREFIX=/home/bot/ros2_ws/install/robotic_arm_model_v3'], 'cwd': '/home/bot/ros2_ws/build/robotic_arm_model_v3', 'env': OrderedDict({'LESSOPEN': '| /usr/bin/lesspipe %s', 'USER': 'bot', 'XDG_SESSION_TYPE': 'wayland', 'CLUTTER_DISABLE_MIPMAPPED_TEXT': '1', 'SHLVL': '1', 'LD_LIBRARY_PATH': '/opt/ros/jazzy/opt/rviz_ogre_vendor/lib:/opt/ros/jazzy/lib/aarch64-linux-gnu:/opt/ros/jazzy/opt/gz_math_vendor/lib:/opt/ros/jazzy/opt/gz_utils_vendor/lib:/opt/ros/jazzy/opt/gz_cmake_vendor/lib:/opt/ros/jazzy/lib', 'HOME': '/home/bot', 'OLDPWD': '/home/bot/ros2_ws', 'DESKTOP_SESSION': 'ubuntu', 'ROS_PYTHON_VERSION': '3', 'GNOME_SHELL_SESSION_MODE': 'ubuntu', 'GTK_MODULES': 'gail:atk-bridge', 'SYSTEMD_EXEC_PID': '2617', 'GSM_SKIP_SSH_AGENT_WORKAROUND': 'true', 'DBUS_SESSION_BUS_ADDRESS': 'unix:path=/run/user/1000/bus', 'COLORTERM': 'truecolor', 'DEBUGINFOD_URLS': 'https://debuginfod.ubuntu.com', 'IM_CONFIG_PHASE': '1', 'WAYLAND_DISPLAY': 'wayland-0', 'COLCON_PREFIX_PATH': '/home/bot/ros2_ws/install', 'ROS_DISTRO': 'jazzy', 'LOGNAME': 'bot', '_': '/usr/bin/colcon', 'ROS_VERSION': '2', 'MEMORY_PRESSURE_WATCH': '/sys/fs/cgroup/user.slice/user-1000.slice/user@1000.service/session.slice/org.gnome.Shell@wayland.service/memory.pressure', 'XDG_SESSION_CLASS': 'user', 'USERNAME': 'bot', 'TERM': 'xterm-256color', 'GNOME_DESKTOP_SESSION_ID': 'this-is-deprecated', 'PATH': '/opt/ros/jazzy/bin:/usr/local/sbin:/usr/local/bin:/usr/sbin:/usr/bin:/sbin:/bin:/usr/games:/usr/local/games:/snap/bin:/snap/bin', 'SESSION_MANAGER': 'local/bot-desktop:@/tmp/.ICE-unix/2578,unix/bot-desktop:/tmp/.ICE-unix/2578', 'XDG_MENU_PREFIX': 'gnome-', 'GNOME_TERMINAL_SCREEN': '/org/gnome/Terminal/screen/de76cddb_b4ae_43fd_97f5_18e99a9e050f', 'GNOME_SETUP_DISPLAY': ':1', 'XDG_RUNTIME_DIR': '/run/user/1000', 'DISPLAY': ':0', 'LANG': 'en_US.UTF-8', 'XDG_CURRENT_DESKTOP': 'ubuntu:GNOME', 'XMODIFIERS': '@im=ibus', 'XDG_SESSION_DESKTOP': 'ubuntu', 'XAUTHORITY': '/run/user/1000/.mutter-Xwaylandauth.MBRMI3', 'LS_COLORS': 'rs=0:di=01;34:ln=01;36:mh=00:pi=40;33:so=01;35:do=01;35:bd=40;33;01:cd=40;33;01:or=40;31;01:mi=00:su=37;41:sg=30;43:ca=00:tw=30;42:ow=34;42:st=37;44:ex=01;32:*.tar=01;31:*.tgz=01;31:*.arc=01;31:*.arj=01;31:*.taz=01;31:*.lha=01;31:*.lz4=01;31:*.lzh=01;31:*.lzma=01;31:*.tlz=01;31:*.txz=01;31:*.tzo=01;31:*.t7z=01;31:*.zip=01;31:*.z=01;31:*.dz=01;31:*.gz=01;31:*.lrz=01;31:*.lz=01;31:*.lzo=01;31:*.xz=01;31:*.zst=01;31:*.tzst=01;31:*.bz2=01;31:*.bz=01;31:*.tbz=01;31:*.tbz2=01;31:*.tz=01;31:*.deb=01;31:*.rpm=01;31:*.jar=01;31:*.war=01;31:*.ear=01;31:*.sar=01;31:*.rar=01;31:*.alz=01;31:*.ace=01;31:*.zoo=01;31:*.cpio=01;31:*.7z=01;31:*.rz=01;31:*.cab=01;31:*.wim=01;31:*.swm=01;31:*.dwm=01;31:*.esd=01;31:*.avif=01;35:*.jpg=01;35:*.jpeg=01;35:*.mjpg=01;35:*.mjpeg=01;35:*.gif=01;35:*.bmp=01;35:*.pbm=01;35:*.pgm=01;35:*.ppm=01;35:*.tga=01;35:*.xbm=01;35:*.xpm=01;35:*.tif=01;35:*.tiff=01;35:*.png=01;35:*.svg=01;35:*.svgz=01;35:*.mng=01;35:*.pcx=01;35:*.mov=01;35:*.mpg=01;35:*.mpeg=01;35:*.m2v=01;35:*.mkv=01;35:*.webm=01;35:*.webp=01;35:*.ogm=01;35:*.mp4=01;35:*.m4v=01;35:*.mp4v=01;35:*.vob=01;35:*.qt=01;35:*.nuv=01;35:*.wmv=01;35:*.asf=01;35:*.rm=01;35:*.rmvb=01;35:*.flc=01;35:*.avi=01;35:*.fli=01;35:*.flv=01;35:*.gl=01;35:*.dl=01;35:*.xcf=01;35:*.xwd=01;35:*.yuv=01;35:*.cgm=01;35:*.emf=01;35:*.ogv=01;35:*.ogx=01;35:*.aac=00;36:*.au=00;36:*.flac=00;36:*.m4a=00;36:*.mid=00;36:*.midi=00;36:*.mka=00;36:*.mp3=00;36:*.mpc=00;36:*.ogg=00;36:*.ra=00;36:*.wav=00;36:*.oga=00;36:*.opus=00;36:*.spx=00;36:*.xspf=00;36:*~=00;90:*#=00;90:*.bak=00;90:*.crdownload=00;90:*.dpkg-dist=00;90:*.dpkg-new=00;90:*.dpkg-old=00;90:*.dpkg-tmp=00;90:*.old=00;90:*.orig=00;90:*.part=00;90:*.rej=00;90:*.rpmnew=00;90:*.rpmorig=00;90:*.rpmsave=00;90:*.swp=00;90:*.tmp=00;90:*.ucf-dist=00;90:*.ucf-new=00;90:*.ucf-old=00;90:', 'GNOME_TERMINAL_SERVICE': ':1.119', 'SSH_AUTH_SOCK': '/run/user/1000/keyring/ssh', 'AMENT_PREFIX_PATH': '/home/bot/ros2_ws/install/robotic_arm_v3_config:/home/bot/ros2_ws/install/robotic_arm_model_v3:/home/bot/ros2_ws/install/pose_printer:/home/bot/ros2_ws/install/moveit_controls:/home/bot/ros2_ws/install/move_program:/home/bot/ros2_ws/install/cpp_pubsub:/opt/ros/jazzy', 'SHELL': '/bin/bash', 'QT_ACCESSIBILITY': '1', 'GDMSESSION': 'ubuntu', 'LESSCLOSE': '/usr/bin/lesspipe %s %s', 'ROS_AUTOMATIC_DISCOVERY_RANGE': 'SUBNET', 'QT_IM_MODULE': 'ibus', 'PWD': '/home/bot/ros2_ws/build/robotic_arm_model_v3', 'LC_ALL': 'en_US.UTF-8', 'XDG_CONFIG_DIRS': '/etc/xdg/xdg-ubuntu:/etc/xdg', 'XDG_DATA_DIRS': '/usr/share/ubuntu:/usr/share/gnome:/usr/local/share/:/usr/share/:/var/lib/snapd/desktop', 'PYTHONPATH': '/home/bot/ros2_ws/install/pose_printer/lib/python3.12/site-packages:/home/bot/ros2_ws/install/moveit_controls/lib/python3.12/site-packages:/opt/ros/jazzy/lib/python3.12/site-packages', 'COLCON': '1', 'MEMORY_PRESSURE_WRITE': 'c29tZSAyMDAwMDAgMjAwMDAwMAA=', 'VTE_VERSION': '7600', 'CMAKE_PREFIX_PATH': '/home/bot/ros2_ws/install/robotic_arm_v3_config:/home/bot/ros2_ws/install/robotic_arm_model_v3:/home/bot/ros2_ws/install/move_program:/home/bot/ros2_ws/install/cpp_pubsub:/opt/ros/jazzy/opt/gz_math_vendor:/opt/ros/jazzy/opt/gz_utils_vendor:/opt/ros/jazzy/opt/gz_cmake_vendor:/home/bot/ros2_ws/install/pose_printer:/home/bot/ros2_ws/install/moveit_controls:/opt/ros/jazzy'}), 'shell': False}
[0.180028] (cpp_pubsub) JobProgress: {'identifier': 'cpp_pubsub', 'progress': 'cmake'}
[0.182405] (cpp_pubsub) Command: {'cmd': ['/usr/bin/cmake', '/home/bot/ros2_ws/src/cpp_pubsub', '-DCMAKE_INSTALL_PREFIX=/home/bot/ros2_ws/install/cpp_pubsub'], 'cwd': '/home/bot/ros2_ws/build/cpp_pubsub', 'env': OrderedDict({'LESSOPEN': '| /usr/bin/lesspipe %s', 'USER': 'bot', 'XDG_SESSION_TYPE': 'wayland', 'CLUTTER_DISABLE_MIPMAPPED_TEXT': '1', 'SHLVL': '1', 'LD_LIBRARY_PATH': '/opt/ros/jazzy/opt/rviz_ogre_vendor/lib:/opt/ros/jazzy/lib/aarch64-linux-gnu:/opt/ros/jazzy/opt/gz_math_vendor/lib:/opt/ros/jazzy/opt/gz_utils_vendor/lib:/opt/ros/jazzy/opt/gz_cmake_vendor/lib:/opt/ros/jazzy/lib', 'HOME': '/home/bot', 'OLDPWD': '/home/bot/ros2_ws', 'DESKTOP_SESSION': 'ubuntu', 'ROS_PYTHON_VERSION': '3', 'GNOME_SHELL_SESSION_MODE': 'ubuntu', 'GTK_MODULES': 'gail:atk-bridge', 'SYSTEMD_EXEC_PID': '2617', 'GSM_SKIP_SSH_AGENT_WORKAROUND': 'true', 'DBUS_SESSION_BUS_ADDRESS': 'unix:path=/run/user/1000/bus', 'COLORTERM': 'truecolor', 'DEBUGINFOD_URLS': 'https://debuginfod.ubuntu.com', 'IM_CONFIG_PHASE': '1', 'WAYLAND_DISPLAY': 'wayland-0', 'COLCON_PREFIX_PATH': '/home/bot/ros2_ws/install', 'ROS_DISTRO': 'jazzy', 'LOGNAME': 'bot', '_': '/usr/bin/colcon', 'ROS_VERSION': '2', 'MEMORY_PRESSURE_WATCH': '/sys/fs/cgroup/user.slice/user-1000.slice/user@1000.service/session.slice/org.gnome.Shell@wayland.service/memory.pressure', 'XDG_SESSION_CLASS': 'user', 'USERNAME': 'bot', 'TERM': 'xterm-256color', 'GNOME_DESKTOP_SESSION_ID': 'this-is-deprecated', 'PATH': '/opt/ros/jazzy/bin:/usr/local/sbin:/usr/local/bin:/usr/sbin:/usr/bin:/sbin:/bin:/usr/games:/usr/local/games:/snap/bin:/snap/bin', 'SESSION_MANAGER': 'local/bot-desktop:@/tmp/.ICE-unix/2578,unix/bot-desktop:/tmp/.ICE-unix/2578', 'XDG_MENU_PREFIX': 'gnome-', 'GNOME_TERMINAL_SCREEN': '/org/gnome/Terminal/screen/de76cddb_b4ae_43fd_97f5_18e99a9e050f', 'GNOME_SETUP_DISPLAY': ':1', 'XDG_RUNTIME_DIR': '/run/user/1000', 'DISPLAY': ':0', 'LANG': 'en_US.UTF-8', 'XDG_CURRENT_DESKTOP': 'ubuntu:GNOME', 'XMODIFIERS': '@im=ibus', 'XDG_SESSION_DESKTOP': 'ubuntu', 'XAUTHORITY': '/run/user/1000/.mutter-Xwaylandauth.MBRMI3', 'LS_COLORS': 'rs=0:di=01;34:ln=01;36:mh=00:pi=40;33:so=01;35:do=01;35:bd=40;33;01:cd=40;33;01:or=40;31;01:mi=00:su=37;41:sg=30;43:ca=00:tw=30;42:ow=34;42:st=37;44:ex=01;32:*.tar=01;31:*.tgz=01;31:*.arc=01;31:*.arj=01;31:*.taz=01;31:*.lha=01;31:*.lz4=01;31:*.lzh=01;31:*.lzma=01;31:*.tlz=01;31:*.txz=01;31:*.tzo=01;31:*.t7z=01;31:*.zip=01;31:*.z=01;31:*.dz=01;31:*.gz=01;31:*.lrz=01;31:*.lz=01;31:*.lzo=01;31:*.xz=01;31:*.zst=01;31:*.tzst=01;31:*.bz2=01;31:*.bz=01;31:*.tbz=01;31:*.tbz2=01;31:*.tz=01;31:*.deb=01;31:*.rpm=01;31:*.jar=01;31:*.war=01;31:*.ear=01;31:*.sar=01;31:*.rar=01;31:*.alz=01;31:*.ace=01;31:*.zoo=01;31:*.cpio=01;31:*.7z=01;31:*.rz=01;31:*.cab=01;31:*.wim=01;31:*.swm=01;31:*.dwm=01;31:*.esd=01;31:*.avif=01;35:*.jpg=01;35:*.jpeg=01;35:*.mjpg=01;35:*.mjpeg=01;35:*.gif=01;35:*.bmp=01;35:*.pbm=01;35:*.pgm=01;35:*.ppm=01;35:*.tga=01;35:*.xbm=01;35:*.xpm=01;35:*.tif=01;35:*.tiff=01;35:*.png=01;35:*.svg=01;35:*.svgz=01;35:*.mng=01;35:*.pcx=01;35:*.mov=01;35:*.mpg=01;35:*.mpeg=01;35:*.m2v=01;35:*.mkv=01;35:*.webm=01;35:*.webp=01;35:*.ogm=01;35:*.mp4=01;35:*.m4v=01;35:*.mp4v=01;35:*.vob=01;35:*.qt=01;35:*.nuv=01;35:*.wmv=01;35:*.asf=01;35:*.rm=01;35:*.rmvb=01;35:*.flc=01;35:*.avi=01;35:*.fli=01;35:*.flv=01;35:*.gl=01;35:*.dl=01;35:*.xcf=01;35:*.xwd=01;35:*.yuv=01;35:*.cgm=01;35:*.emf=01;35:*.ogv=01;35:*.ogx=01;35:*.aac=00;36:*.au=00;36:*.flac=00;36:*.m4a=00;36:*.mid=00;36:*.midi=00;36:*.mka=00;36:*.mp3=00;36:*.mpc=00;36:*.ogg=00;36:*.ra=00;36:*.wav=00;36:*.oga=00;36:*.opus=00;36:*.spx=00;36:*.xspf=00;36:*~=00;90:*#=00;90:*.bak=00;90:*.crdownload=00;90:*.dpkg-dist=00;90:*.dpkg-new=00;90:*.dpkg-old=00;90:*.dpkg-tmp=00;90:*.old=00;90:*.orig=00;90:*.part=00;90:*.rej=00;90:*.rpmnew=00;90:*.rpmorig=00;90:*.rpmsave=00;90:*.swp=00;90:*.tmp=00;90:*.ucf-dist=00;90:*.ucf-new=00;90:*.ucf-old=00;90:', 'GNOME_TERMINAL_SERVICE': ':1.119', 'SSH_AUTH_SOCK': '/run/user/1000/keyring/ssh', 'AMENT_PREFIX_PATH': '/home/bot/ros2_ws/install/robotic_arm_v3_config:/home/bot/ros2_ws/install/robotic_arm_model_v3:/home/bot/ros2_ws/install/pose_printer:/home/bot/ros2_ws/install/moveit_controls:/home/bot/ros2_ws/install/move_program:/home/bot/ros2_ws/install/cpp_pubsub:/opt/ros/jazzy', 'SHELL': '/bin/bash', 'QT_ACCESSIBILITY': '1', 'GDMSESSION': 'ubuntu', 'LESSCLOSE': '/usr/bin/lesspipe %s %s', 'ROS_AUTOMATIC_DISCOVERY_RANGE': 'SUBNET', 'QT_IM_MODULE': 'ibus', 'PWD': '/home/bot/ros2_ws/build/cpp_pubsub', 'LC_ALL': 'en_US.UTF-8', 'XDG_CONFIG_DIRS': '/etc/xdg/xdg-ubuntu:/etc/xdg', 'XDG_DATA_DIRS': '/usr/share/ubuntu:/usr/share/gnome:/usr/local/share/:/usr/share/:/var/lib/snapd/desktop', 'PYTHONPATH': '/home/bot/ros2_ws/install/pose_printer/lib/python3.12/site-packages:/home/bot/ros2_ws/install/moveit_controls/lib/python3.12/site-packages:/opt/ros/jazzy/lib/python3.12/site-packages', 'COLCON': '1', 'MEMORY_PRESSURE_WRITE': 'c29tZSAyMDAwMDAgMjAwMDAwMAA=', 'VTE_VERSION': '7600', 'CMAKE_PREFIX_PATH': '/home/bot/ros2_ws/install/robotic_arm_v3_config:/home/bot/ros2_ws/install/robotic_arm_model_v3:/home/bot/ros2_ws/install/move_program:/home/bot/ros2_ws/install/cpp_pubsub:/opt/ros/jazzy/opt/gz_math_vendor:/opt/ros/jazzy/opt/gz_utils_vendor:/opt/ros/jazzy/opt/gz_cmake_vendor:/home/bot/ros2_ws/install/pose_printer:/home/bot/ros2_ws/install/moveit_controls:/opt/ros/jazzy'}), 'shell': False}
[0.190948] (move_program) JobProgress: {'identifier': 'move_program', 'progress': 'cmake'}
[0.193222] (move_program) Command: {'cmd': ['/usr/bin/cmake', '/home/bot/ros2_ws/src/move_program', '-DCMAKE_INSTALL_PREFIX=/home/bot/ros2_ws/install/move_program'], 'cwd': '/home/bot/ros2_ws/build/move_program', 'env': OrderedDict({'LESSOPEN': '| /usr/bin/lesspipe %s', 'USER': 'bot', 'XDG_SESSION_TYPE': 'wayland', 'CLUTTER_DISABLE_MIPMAPPED_TEXT': '1', 'SHLVL': '1', 'LD_LIBRARY_PATH': '/opt/ros/jazzy/opt/rviz_ogre_vendor/lib:/opt/ros/jazzy/lib/aarch64-linux-gnu:/opt/ros/jazzy/opt/gz_math_vendor/lib:/opt/ros/jazzy/opt/gz_utils_vendor/lib:/opt/ros/jazzy/opt/gz_cmake_vendor/lib:/opt/ros/jazzy/lib', 'HOME': '/home/bot', 'OLDPWD': '/home/bot/ros2_ws', 'DESKTOP_SESSION': 'ubuntu', 'ROS_PYTHON_VERSION': '3', 'GNOME_SHELL_SESSION_MODE': 'ubuntu', 'GTK_MODULES': 'gail:atk-bridge', 'SYSTEMD_EXEC_PID': '2617', 'GSM_SKIP_SSH_AGENT_WORKAROUND': 'true', 'DBUS_SESSION_BUS_ADDRESS': 'unix:path=/run/user/1000/bus', 'COLORTERM': 'truecolor', 'DEBUGINFOD_URLS': 'https://debuginfod.ubuntu.com', 'IM_CONFIG_PHASE': '1', 'WAYLAND_DISPLAY': 'wayland-0', 'COLCON_PREFIX_PATH': '/home/bot/ros2_ws/install', 'ROS_DISTRO': 'jazzy', 'LOGNAME': 'bot', '_': '/usr/bin/colcon', 'ROS_VERSION': '2', 'MEMORY_PRESSURE_WATCH': '/sys/fs/cgroup/user.slice/user-1000.slice/user@1000.service/session.slice/org.gnome.Shell@wayland.service/memory.pressure', 'XDG_SESSION_CLASS': 'user', 'USERNAME': 'bot', 'TERM': 'xterm-256color', 'GNOME_DESKTOP_SESSION_ID': 'this-is-deprecated', 'PATH': '/opt/ros/jazzy/bin:/usr/local/sbin:/usr/local/bin:/usr/sbin:/usr/bin:/sbin:/bin:/usr/games:/usr/local/games:/snap/bin:/snap/bin', 'SESSION_MANAGER': 'local/bot-desktop:@/tmp/.ICE-unix/2578,unix/bot-desktop:/tmp/.ICE-unix/2578', 'XDG_MENU_PREFIX': 'gnome-', 'GNOME_TERMINAL_SCREEN': '/org/gnome/Terminal/screen/de76cddb_b4ae_43fd_97f5_18e99a9e050f', 'GNOME_SETUP_DISPLAY': ':1', 'XDG_RUNTIME_DIR': '/run/user/1000', 'DISPLAY': ':0', 'LANG': 'en_US.UTF-8', 'XDG_CURRENT_DESKTOP': 'ubuntu:GNOME', 'XMODIFIERS': '@im=ibus', 'XDG_SESSION_DESKTOP': 'ubuntu', 'XAUTHORITY': '/run/user/1000/.mutter-Xwaylandauth.MBRMI3', 'LS_COLORS': 'rs=0:di=01;34:ln=01;36:mh=00:pi=40;33:so=01;35:do=01;35:bd=40;33;01:cd=40;33;01:or=40;31;01:mi=00:su=37;41:sg=30;43:ca=00:tw=30;42:ow=34;42:st=37;44:ex=01;32:*.tar=01;31:*.tgz=01;31:*.arc=01;31:*.arj=01;31:*.taz=01;31:*.lha=01;31:*.lz4=01;31:*.lzh=01;31:*.lzma=01;31:*.tlz=01;31:*.txz=01;31:*.tzo=01;31:*.t7z=01;31:*.zip=01;31:*.z=01;31:*.dz=01;31:*.gz=01;31:*.lrz=01;31:*.lz=01;31:*.lzo=01;31:*.xz=01;31:*.zst=01;31:*.tzst=01;31:*.bz2=01;31:*.bz=01;31:*.tbz=01;31:*.tbz2=01;31:*.tz=01;31:*.deb=01;31:*.rpm=01;31:*.jar=01;31:*.war=01;31:*.ear=01;31:*.sar=01;31:*.rar=01;31:*.alz=01;31:*.ace=01;31:*.zoo=01;31:*.cpio=01;31:*.7z=01;31:*.rz=01;31:*.cab=01;31:*.wim=01;31:*.swm=01;31:*.dwm=01;31:*.esd=01;31:*.avif=01;35:*.jpg=01;35:*.jpeg=01;35:*.mjpg=01;35:*.mjpeg=01;35:*.gif=01;35:*.bmp=01;35:*.pbm=01;35:*.pgm=01;35:*.ppm=01;35:*.tga=01;35:*.xbm=01;35:*.xpm=01;35:*.tif=01;35:*.tiff=01;35:*.png=01;35:*.svg=01;35:*.svgz=01;35:*.mng=01;35:*.pcx=01;35:*.mov=01;35:*.mpg=01;35:*.mpeg=01;35:*.m2v=01;35:*.mkv=01;35:*.webm=01;35:*.webp=01;35:*.ogm=01;35:*.mp4=01;35:*.m4v=01;35:*.mp4v=01;35:*.vob=01;35:*.qt=01;35:*.nuv=01;35:*.wmv=01;35:*.asf=01;35:*.rm=01;35:*.rmvb=01;35:*.flc=01;35:*.avi=01;35:*.fli=01;35:*.flv=01;35:*.gl=01;35:*.dl=01;35:*.xcf=01;35:*.xwd=01;35:*.yuv=01;35:*.cgm=01;35:*.emf=01;35:*.ogv=01;35:*.ogx=01;35:*.aac=00;36:*.au=00;36:*.flac=00;36:*.m4a=00;36:*.mid=00;36:*.midi=00;36:*.mka=00;36:*.mp3=00;36:*.mpc=00;36:*.ogg=00;36:*.ra=00;36:*.wav=00;36:*.oga=00;36:*.opus=00;36:*.spx=00;36:*.xspf=00;36:*~=00;90:*#=00;90:*.bak=00;90:*.crdownload=00;90:*.dpkg-dist=00;90:*.dpkg-new=00;90:*.dpkg-old=00;90:*.dpkg-tmp=00;90:*.old=00;90:*.orig=00;90:*.part=00;90:*.rej=00;90:*.rpmnew=00;90:*.rpmorig=00;90:*.rpmsave=00;90:*.swp=00;90:*.tmp=00;90:*.ucf-dist=00;90:*.ucf-new=00;90:*.ucf-old=00;90:', 'GNOME_TERMINAL_SERVICE': ':1.119', 'SSH_AUTH_SOCK': '/run/user/1000/keyring/ssh', 'AMENT_PREFIX_PATH': '/home/bot/ros2_ws/install/robotic_arm_v3_config:/home/bot/ros2_ws/install/robotic_arm_model_v3:/home/bot/ros2_ws/install/pose_printer:/home/bot/ros2_ws/install/moveit_controls:/home/bot/ros2_ws/install/move_program:/home/bot/ros2_ws/install/cpp_pubsub:/opt/ros/jazzy', 'SHELL': '/bin/bash', 'QT_ACCESSIBILITY': '1', 'GDMSESSION': 'ubuntu', 'LESSCLOSE': '/usr/bin/lesspipe %s %s', 'ROS_AUTOMATIC_DISCOVERY_RANGE': 'SUBNET', 'QT_IM_MODULE': 'ibus', 'PWD': '/home/bot/ros2_ws/build/move_program', 'LC_ALL': 'en_US.UTF-8', 'XDG_CONFIG_DIRS': '/etc/xdg/xdg-ubuntu:/etc/xdg', 'XDG_DATA_DIRS': '/usr/share/ubuntu:/usr/share/gnome:/usr/local/share/:/usr/share/:/var/lib/snapd/desktop', 'PYTHONPATH': '/home/bot/ros2_ws/install/pose_printer/lib/python3.12/site-packages:/home/bot/ros2_ws/install/moveit_controls/lib/python3.12/site-packages:/opt/ros/jazzy/lib/python3.12/site-packages', 'COLCON': '1', 'MEMORY_PRESSURE_WRITE': 'c29tZSAyMDAwMDAgMjAwMDAwMAA=', 'VTE_VERSION': '7600', 'CMAKE_PREFIX_PATH': '/home/bot/ros2_ws/install/robotic_arm_v3_config:/home/bot/ros2_ws/install/robotic_arm_model_v3:/home/bot/ros2_ws/install/move_program:/home/bot/ros2_ws/install/cpp_pubsub:/opt/ros/jazzy/opt/gz_math_vendor:/opt/ros/jazzy/opt/gz_utils_vendor:/opt/ros/jazzy/opt/gz_cmake_vendor:/home/bot/ros2_ws/install/pose_printer:/home/bot/ros2_ws/install/moveit_controls:/opt/ros/jazzy'}), 'shell': False}
[0.203306] (-) TimerEvent: {}
[0.304093] (-) TimerEvent: {}
[0.408237] (-) TimerEvent: {}
[0.510507] (-) TimerEvent: {}
[0.612129] (-) TimerEvent: {}
[0.712925] (-) TimerEvent: {}
[0.813621] (-) TimerEvent: {}
[0.914340] (-) TimerEvent: {}
[1.015026] (-) TimerEvent: {}
[1.124849] (-) TimerEvent: {}
[1.225642] (-) TimerEvent: {}
[1.340187] (-) TimerEvent: {}
[1.443219] (-) TimerEvent: {}
[1.521360] (robotic_arm_model_v3) StdoutLine: {'line': b'-- The C compiler identification is GNU 13.3.0\n'}
[1.545391] (-) TimerEvent: {}
[1.637339] (cpp_pubsub) StdoutLine: {'line': b'-- The C compiler identification is GNU 13.3.0\n'}
[1.646958] (-) TimerEvent: {}
[1.699746] (move_program) StdoutLine: {'line': b'-- The C compiler identification is GNU 13.3.0\n'}
[1.747166] (-) TimerEvent: {}
[1.848102] (-) TimerEvent: {}
[1.949132] (-) TimerEvent: {}
[2.052655] (-) TimerEvent: {}
[2.153679] (-) TimerEvent: {}
[2.257361] (-) TimerEvent: {}
[2.358337] (-) TimerEvent: {}
[2.459614] (-) TimerEvent: {}
[2.525784] (robotic_arm_model_v3) StdoutLine: {'line': b'-- The CXX compiler identification is GNU 13.3.0\n'}
[2.559863] (-) TimerEvent: {}
[2.571161] (move_program) StdoutLine: {'line': b'-- The CXX compiler identification is GNU 13.3.0\n'}
[2.608664] (cpp_pubsub) StdoutLine: {'line': b'-- The CXX compiler identification is GNU 13.3.0\n'}
[2.660080] (-) TimerEvent: {}
[2.745403] (robotic_arm_model_v3) StdoutLine: {'line': b'-- Detecting C compiler ABI info\n'}
[2.749470] (cpp_pubsub) StdoutLine: {'line': b'-- Detecting C compiler ABI info\n'}
[2.753130] (move_program) StdoutLine: {'line': b'-- Detecting C compiler ABI info\n'}
[2.761192] (-) TimerEvent: {}
[2.863947] (-) TimerEvent: {}
[2.969140] (-) TimerEvent: {}
[3.070074] (-) TimerEvent: {}
[3.170904] (-) TimerEvent: {}
[3.271784] (-) TimerEvent: {}
[3.372743] (-) TimerEvent: {}
[3.477185] (-) TimerEvent: {}
[3.578209] (-) TimerEvent: {}
[3.681177] (-) TimerEvent: {}
[3.749478] (cpp_pubsub) StdoutLine: {'line': b'-- Detecting C compiler ABI info - done\n'}
[3.770160] (robotic_arm_model_v3) StdoutLine: {'line': b'-- Detecting C compiler ABI info - done\n'}
[3.783129] (-) TimerEvent: {}
[3.811729] (cpp_pubsub) StdoutLine: {'line': b'-- Check for working C compiler: /usr/bin/cc - skipped\n'}
[3.816483] (cpp_pubsub) StdoutLine: {'line': b'-- Detecting C compile features\n'}
[3.820142] (cpp_pubsub) StdoutLine: {'line': b'-- Detecting C compile features - done\n'}
[3.826318] (move_program) StdoutLine: {'line': b'-- Detecting C compiler ABI info - done\n'}
[3.853137] (robotic_arm_model_v3) StdoutLine: {'line': b'-- Check for working C compiler: /usr/bin/cc - skipped\n'}
[3.853786] (robotic_arm_model_v3) StdoutLine: {'line': b'-- Detecting C compile features\n'}
[3.854555] (robotic_arm_model_v3) StdoutLine: {'line': b'-- Detecting C compile features - done\n'}
[3.884088] (-) TimerEvent: {}
[3.887133] (move_program) StdoutLine: {'line': b'-- Check for working C compiler: /usr/bin/cc - skipped\n'}
[3.892100] (move_program) StdoutLine: {'line': b'-- Detecting C compile features\n'}
[3.899343] (move_program) StdoutLine: {'line': b'-- Detecting C compile features - done\n'}
[3.953009] (cpp_pubsub) StdoutLine: {'line': b'-- Detecting CXX compiler ABI info\n'}
[3.955124] (robotic_arm_model_v3) StdoutLine: {'line': b'-- Detecting CXX compiler ABI info\n'}
[3.982132] (move_program) StdoutLine: {'line': b'-- Detecting CXX compiler ABI info\n'}
[3.984267] (-) TimerEvent: {}
[4.089188] (-) TimerEvent: {}
[4.190047] (-) TimerEvent: {}
[4.291066] (-) TimerEvent: {}
[4.393636] (-) TimerEvent: {}
[4.497529] (-) TimerEvent: {}
[4.599729] (-) TimerEvent: {}
[4.703148] (-) TimerEvent: {}
[4.804275] (-) TimerEvent: {}
[4.854206] (cpp_pubsub) StdoutLine: {'line': b'-- Detecting CXX compiler ABI info - done\n'}
[4.904442] (move_program) StdoutLine: {'line': b'-- Detecting CXX compiler ABI info - done\n'}
[4.905363] (-) TimerEvent: {}
[4.914350] (cpp_pubsub) StdoutLine: {'line': b'-- Check for working CXX compiler: /usr/bin/c++ - skipped\n'}
[4.916343] (cpp_pubsub) StdoutLine: {'line': b'-- Detecting CXX compile features\n'}
[4.922742] (cpp_pubsub) StdoutLine: {'line': b'-- Detecting CXX compile features - done\n'}
[4.924493] (robotic_arm_model_v3) StdoutLine: {'line': b'-- Detecting CXX compiler ABI info - done\n'}
[4.956449] (move_program) StdoutLine: {'line': b'-- Check for working CXX compiler: /usr/bin/c++ - skipped\n'}
[4.960896] (move_program) StdoutLine: {'line': b'-- Detecting CXX compile features\n'}
[4.961836] (move_program) StdoutLine: {'line': b'-- Detecting CXX compile features - done\n'}
[4.983421] (robotic_arm_model_v3) StdoutLine: {'line': b'-- Check for working CXX compiler: /usr/bin/c++ - skipped\n'}
[4.986364] (robotic_arm_model_v3) StdoutLine: {'line': b'-- Detecting CXX compile features\n'}
[4.990602] (robotic_arm_model_v3) StdoutLine: {'line': b'-- Detecting CXX compile features - done\n'}
[5.005698] (-) TimerEvent: {}
[5.025332] (cpp_pubsub) StdoutLine: {'line': b'-- Found ament_cmake: 2.5.4 (/opt/ros/jazzy/share/ament_cmake/cmake)\n'}
[5.030694] (move_program) StdoutLine: {'line': b'-- Found ament_cmake: 2.5.4 (/opt/ros/jazzy/share/ament_cmake/cmake)\n'}
[5.039841] (robotic_arm_model_v3) StdoutLine: {'line': b'-- Found ament_cmake: 2.5.4 (/opt/ros/jazzy/share/ament_cmake/cmake)\n'}
[5.107301] (-) TimerEvent: {}
[5.212660] (-) TimerEvent: {}
[5.314334] (-) TimerEvent: {}
[5.418149] (-) TimerEvent: {}
[5.520370] (-) TimerEvent: {}
[5.623172] (-) TimerEvent: {}
[5.734664] (-) TimerEvent: {}
[5.849597] (-) TimerEvent: {}
[5.958225] (-) TimerEvent: {}
[6.059175] (-) TimerEvent: {}
[6.162219] (-) TimerEvent: {}
[6.265213] (-) TimerEvent: {}
[6.366141] (-) TimerEvent: {}
[6.469487] (-) TimerEvent: {}
[6.570359] (-) TimerEvent: {}
[6.642269] (cpp_pubsub) StdoutLine: {'line': b'-- Found Python3: /usr/bin/python3 (found version "3.12.3") found components: Interpreter \n'}
[6.670576] (-) TimerEvent: {}
[6.736961] (move_program) StdoutLine: {'line': b'-- Found Python3: /usr/bin/python3 (found version "3.12.3") found components: Interpreter \n'}
[6.765222] (robotic_arm_model_v3) StdoutLine: {'line': b'-- Found Python3: /usr/bin/python3 (found version "3.12.3") found components: Interpreter \n'}
[6.771147] (-) TimerEvent: {}
[6.872145] (-) TimerEvent: {}
[6.974276] (-) TimerEvent: {}
[7.075361] (-) TimerEvent: {}
[7.179641] (-) TimerEvent: {}
[7.281323] (-) TimerEvent: {}
[7.386173] (-) TimerEvent: {}
[7.490593] (-) TimerEvent: {}
[7.600132] (-) TimerEvent: {}
[7.701070] (-) TimerEvent: {}
[7.802386] (-) TimerEvent: {}
[7.904495] (-) TimerEvent: {}
[8.008137] (-) TimerEvent: {}
[8.053627] (move_program) StdoutLine: {'line': b'-- Found rclcpp: 28.1.13 (/opt/ros/jazzy/share/rclcpp/cmake)\n'}
[8.082630] (cpp_pubsub) StdoutLine: {'line': b'-- Found rclcpp: 28.1.13 (/opt/ros/jazzy/share/rclcpp/cmake)\n'}
[8.110114] (-) TimerEvent: {}
[8.210282] (robotic_arm_model_v3) StdoutLine: {'line': b'-- Found ament_lint_auto: 0.17.3 (/opt/ros/jazzy/share/ament_lint_auto/cmake)\n'}
[8.211058] (-) TimerEvent: {}
[8.314151] (-) TimerEvent: {}
[8.414951] (-) TimerEvent: {}
[8.515708] (-) TimerEvent: {}
[8.617346] (-) TimerEvent: {}
[8.721503] (-) TimerEvent: {}
[8.822761] (-) TimerEvent: {}
[8.925436] (-) TimerEvent: {}
[8.952321] (cpp_pubsub) StdoutLine: {'line': b'-- Found rosidl_generator_c: 4.6.6 (/opt/ros/jazzy/share/rosidl_generator_c/cmake)\n'}
[8.953152] (move_program) StdoutLine: {'line': b'-- Found rosidl_generator_c: 4.6.6 (/opt/ros/jazzy/share/rosidl_generator_c/cmake)\n'}
[9.025647] (-) TimerEvent: {}
[9.126456] (-) TimerEvent: {}
[9.159789] (cpp_pubsub) StdoutLine: {'line': b'-- Found rosidl_generator_cpp: 4.6.6 (/opt/ros/jazzy/share/rosidl_generator_cpp/cmake)\n'}
[9.179164] (move_program) StdoutLine: {'line': b'-- Found rosidl_generator_cpp: 4.6.6 (/opt/ros/jazzy/share/rosidl_generator_cpp/cmake)\n'}
[9.227160] (-) TimerEvent: {}
[9.291215] (robotic_arm_model_v3) StdoutLine: {'line': b"-- Added test 'lint_cmake' to check CMake code style\n"}
[9.317850] (robotic_arm_model_v3) StdoutLine: {'line': b"-- Added test 'xmllint' to check XML markup files\n"}
[9.327361] (-) TimerEvent: {}
[9.338253] (robotic_arm_model_v3) StdoutLine: {'line': b'-- Configuring done (9.0s)\n'}
[9.386325] (robotic_arm_model_v3) StdoutLine: {'line': b'-- Generating done (0.0s)\n'}
[9.397583] (robotic_arm_model_v3) StdoutLine: {'line': b'-- Build files have been written to: /home/bot/ros2_ws/build/robotic_arm_model_v3\n'}
[9.427776] (robotic_arm_model_v3) CommandEnded: {'returncode': 0}
[9.429432] (-) TimerEvent: {}
[9.439775] (robotic_arm_model_v3) JobProgress: {'identifier': 'robotic_arm_model_v3', 'progress': 'build'}
[9.439962] (robotic_arm_model_v3) Command: {'cmd': ['/usr/bin/cmake', '--build', '/home/bot/ros2_ws/build/robotic_arm_model_v3', '--', '-j4', '-l4'], 'cwd': '/home/bot/ros2_ws/build/robotic_arm_model_v3', 'env': OrderedDict({'LESSOPEN': '| /usr/bin/lesspipe %s', 'USER': 'bot', 'XDG_SESSION_TYPE': 'wayland', 'CLUTTER_DISABLE_MIPMAPPED_TEXT': '1', 'SHLVL': '1', 'LD_LIBRARY_PATH': '/opt/ros/jazzy/opt/rviz_ogre_vendor/lib:/opt/ros/jazzy/lib/aarch64-linux-gnu:/opt/ros/jazzy/opt/gz_math_vendor/lib:/opt/ros/jazzy/opt/gz_utils_vendor/lib:/opt/ros/jazzy/opt/gz_cmake_vendor/lib:/opt/ros/jazzy/lib', 'HOME': '/home/bot', 'OLDPWD': '/home/bot/ros2_ws', 'DESKTOP_SESSION': 'ubuntu', 'ROS_PYTHON_VERSION': '3', 'GNOME_SHELL_SESSION_MODE': 'ubuntu', 'GTK_MODULES': 'gail:atk-bridge', 'SYSTEMD_EXEC_PID': '2617', 'GSM_SKIP_SSH_AGENT_WORKAROUND': 'true', 'DBUS_SESSION_BUS_ADDRESS': 'unix:path=/run/user/1000/bus', 'COLORTERM': 'truecolor', 'DEBUGINFOD_URLS': 'https://debuginfod.ubuntu.com', 'IM_CONFIG_PHASE': '1', 'WAYLAND_DISPLAY': 'wayland-0', 'COLCON_PREFIX_PATH': '/home/bot/ros2_ws/install', 'ROS_DISTRO': 'jazzy', 'LOGNAME': 'bot', '_': '/usr/bin/colcon', 'ROS_VERSION': '2', 'MEMORY_PRESSURE_WATCH': '/sys/fs/cgroup/user.slice/user-1000.slice/user@1000.service/session.slice/org.gnome.Shell@wayland.service/memory.pressure', 'XDG_SESSION_CLASS': 'user', 'USERNAME': 'bot', 'TERM': 'xterm-256color', 'GNOME_DESKTOP_SESSION_ID': 'this-is-deprecated', 'PATH': '/opt/ros/jazzy/bin:/usr/local/sbin:/usr/local/bin:/usr/sbin:/usr/bin:/sbin:/bin:/usr/games:/usr/local/games:/snap/bin:/snap/bin', 'SESSION_MANAGER': 'local/bot-desktop:@/tmp/.ICE-unix/2578,unix/bot-desktop:/tmp/.ICE-unix/2578', 'XDG_MENU_PREFIX': 'gnome-', 'GNOME_TERMINAL_SCREEN': '/org/gnome/Terminal/screen/de76cddb_b4ae_43fd_97f5_18e99a9e050f', 'GNOME_SETUP_DISPLAY': ':1', 'XDG_RUNTIME_DIR': '/run/user/1000', 'DISPLAY': ':0', 'LANG': 'en_US.UTF-8', 'XDG_CURRENT_DESKTOP': 'ubuntu:GNOME', 'XMODIFIERS': '@im=ibus', 'XDG_SESSION_DESKTOP': 'ubuntu', 'XAUTHORITY': '/run/user/1000/.mutter-Xwaylandauth.MBRMI3', 'LS_COLORS': 'rs=0:di=01;34:ln=01;36:mh=00:pi=40;33:so=01;35:do=01;35:bd=40;33;01:cd=40;33;01:or=40;31;01:mi=00:su=37;41:sg=30;43:ca=00:tw=30;42:ow=34;42:st=37;44:ex=01;32:*.tar=01;31:*.tgz=01;31:*.arc=01;31:*.arj=01;31:*.taz=01;31:*.lha=01;31:*.lz4=01;31:*.lzh=01;31:*.lzma=01;31:*.tlz=01;31:*.txz=01;31:*.tzo=01;31:*.t7z=01;31:*.zip=01;31:*.z=01;31:*.dz=01;31:*.gz=01;31:*.lrz=01;31:*.lz=01;31:*.lzo=01;31:*.xz=01;31:*.zst=01;31:*.tzst=01;31:*.bz2=01;31:*.bz=01;31:*.tbz=01;31:*.tbz2=01;31:*.tz=01;31:*.deb=01;31:*.rpm=01;31:*.jar=01;31:*.war=01;31:*.ear=01;31:*.sar=01;31:*.rar=01;31:*.alz=01;31:*.ace=01;31:*.zoo=01;31:*.cpio=01;31:*.7z=01;31:*.rz=01;31:*.cab=01;31:*.wim=01;31:*.swm=01;31:*.dwm=01;31:*.esd=01;31:*.avif=01;35:*.jpg=01;35:*.jpeg=01;35:*.mjpg=01;35:*.mjpeg=01;35:*.gif=01;35:*.bmp=01;35:*.pbm=01;35:*.pgm=01;35:*.ppm=01;35:*.tga=01;35:*.xbm=01;35:*.xpm=01;35:*.tif=01;35:*.tiff=01;35:*.png=01;35:*.svg=01;35:*.svgz=01;35:*.mng=01;35:*.pcx=01;35:*.mov=01;35:*.mpg=01;35:*.mpeg=01;35:*.m2v=01;35:*.mkv=01;35:*.webm=01;35:*.webp=01;35:*.ogm=01;35:*.mp4=01;35:*.m4v=01;35:*.mp4v=01;35:*.vob=01;35:*.qt=01;35:*.nuv=01;35:*.wmv=01;35:*.asf=01;35:*.rm=01;35:*.rmvb=01;35:*.flc=01;35:*.avi=01;35:*.fli=01;35:*.flv=01;35:*.gl=01;35:*.dl=01;35:*.xcf=01;35:*.xwd=01;35:*.yuv=01;35:*.cgm=01;35:*.emf=01;35:*.ogv=01;35:*.ogx=01;35:*.aac=00;36:*.au=00;36:*.flac=00;36:*.m4a=00;36:*.mid=00;36:*.midi=00;36:*.mka=00;36:*.mp3=00;36:*.mpc=00;36:*.ogg=00;36:*.ra=00;36:*.wav=00;36:*.oga=00;36:*.opus=00;36:*.spx=00;36:*.xspf=00;36:*~=00;90:*#=00;90:*.bak=00;90:*.crdownload=00;90:*.dpkg-dist=00;90:*.dpkg-new=00;90:*.dpkg-old=00;90:*.dpkg-tmp=00;90:*.old=00;90:*.orig=00;90:*.part=00;90:*.rej=00;90:*.rpmnew=00;90:*.rpmorig=00;90:*.rpmsave=00;90:*.swp=00;90:*.tmp=00;90:*.ucf-dist=00;90:*.ucf-new=00;90:*.ucf-old=00;90:', 'GNOME_TERMINAL_SERVICE': ':1.119', 'SSH_AUTH_SOCK': '/run/user/1000/keyring/ssh', 'AMENT_PREFIX_PATH': '/home/bot/ros2_ws/install/robotic_arm_v3_config:/home/bot/ros2_ws/install/robotic_arm_model_v3:/home/bot/ros2_ws/install/pose_printer:/home/bot/ros2_ws/install/moveit_controls:/home/bot/ros2_ws/install/move_program:/home/bot/ros2_ws/install/cpp_pubsub:/opt/ros/jazzy', 'SHELL': '/bin/bash', 'QT_ACCESSIBILITY': '1', 'GDMSESSION': 'ubuntu', 'LESSCLOSE': '/usr/bin/lesspipe %s %s', 'ROS_AUTOMATIC_DISCOVERY_RANGE': 'SUBNET', 'QT_IM_MODULE': 'ibus', 'PWD': '/home/bot/ros2_ws/build/robotic_arm_model_v3', 'LC_ALL': 'en_US.UTF-8', 'XDG_CONFIG_DIRS': '/etc/xdg/xdg-ubuntu:/etc/xdg', 'XDG_DATA_DIRS': '/usr/share/ubuntu:/usr/share/gnome:/usr/local/share/:/usr/share/:/var/lib/snapd/desktop', 'PYTHONPATH': '/home/bot/ros2_ws/install/pose_printer/lib/python3.12/site-packages:/home/bot/ros2_ws/install/moveit_controls/lib/python3.12/site-packages:/opt/ros/jazzy/lib/python3.12/site-packages', 'COLCON': '1', 'MEMORY_PRESSURE_WRITE': 'c29tZSAyMDAwMDAgMjAwMDAwMAA=', 'VTE_VERSION': '7600', 'CMAKE_PREFIX_PATH': '/home/bot/ros2_ws/install/robotic_arm_v3_config:/home/bot/ros2_ws/install/robotic_arm_model_v3:/home/bot/ros2_ws/install/move_program:/home/bot/ros2_ws/install/cpp_pubsub:/opt/ros/jazzy/opt/gz_math_vendor:/opt/ros/jazzy/opt/gz_utils_vendor:/opt/ros/jazzy/opt/gz_cmake_vendor:/home/bot/ros2_ws/install/pose_printer:/home/bot/ros2_ws/install/moveit_controls:/opt/ros/jazzy'}), 'shell': False}
[9.441609] (move_program) StdoutLine: {'line': b'-- Using all available rosidl_typesupport_c: rosidl_typesupport_fastrtps_c;rosidl_typesupport_introspection_c\n'}
[9.447491] (cpp_pubsub) StdoutLine: {'line': b'-- Using all available rosidl_typesupport_c: rosidl_typesupport_fastrtps_c;rosidl_typesupport_introspection_c\n'}
[9.531422] (-) TimerEvent: {}
[9.632389] (-) TimerEvent: {}
[9.737474] (-) TimerEvent: {}
[9.742265] (cpp_pubsub) StdoutLine: {'line': b'-- Using all available rosidl_typesupport_cpp: rosidl_typesupport_fastrtps_cpp;rosidl_typesupport_introspection_cpp\n'}
[9.750615] (move_program) StdoutLine: {'line': b'-- Using all available rosidl_typesupport_cpp: rosidl_typesupport_fastrtps_cpp;rosidl_typesupport_introspection_cpp\n'}
[9.838290] (-) TimerEvent: {}
[9.885142] (robotic_arm_model_v3) CommandEnded: {'returncode': 0}
[9.893827] (robotic_arm_model_v3) JobProgress: {'identifier': 'robotic_arm_model_v3', 'progress': 'install'}
[9.941297] (-) TimerEvent: {}
[9.989426] (robotic_arm_model_v3) Command: {'cmd': ['/usr/bin/cmake', '--install', '/home/bot/ros2_ws/build/robotic_arm_model_v3'], 'cwd': '/home/bot/ros2_ws/build/robotic_arm_model_v3', 'env': OrderedDict({'LESSOPEN': '| /usr/bin/lesspipe %s', 'USER': 'bot', 'XDG_SESSION_TYPE': 'wayland', 'CLUTTER_DISABLE_MIPMAPPED_TEXT': '1', 'SHLVL': '1', 'LD_LIBRARY_PATH': '/opt/ros/jazzy/opt/rviz_ogre_vendor/lib:/opt/ros/jazzy/lib/aarch64-linux-gnu:/opt/ros/jazzy/opt/gz_math_vendor/lib:/opt/ros/jazzy/opt/gz_utils_vendor/lib:/opt/ros/jazzy/opt/gz_cmake_vendor/lib:/opt/ros/jazzy/lib', 'HOME': '/home/bot', 'OLDPWD': '/home/bot/ros2_ws', 'DESKTOP_SESSION': 'ubuntu', 'ROS_PYTHON_VERSION': '3', 'GNOME_SHELL_SESSION_MODE': 'ubuntu', 'GTK_MODULES': 'gail:atk-bridge', 'SYSTEMD_EXEC_PID': '2617', 'GSM_SKIP_SSH_AGENT_WORKAROUND': 'true', 'DBUS_SESSION_BUS_ADDRESS': 'unix:path=/run/user/1000/bus', 'COLORTERM': 'truecolor', 'DEBUGINFOD_URLS': 'https://debuginfod.ubuntu.com', 'IM_CONFIG_PHASE': '1', 'WAYLAND_DISPLAY': 'wayland-0', 'COLCON_PREFIX_PATH': '/home/bot/ros2_ws/install', 'ROS_DISTRO': 'jazzy', 'LOGNAME': 'bot', '_': '/usr/bin/colcon', 'ROS_VERSION': '2', 'MEMORY_PRESSURE_WATCH': '/sys/fs/cgroup/user.slice/user-1000.slice/user@1000.service/session.slice/org.gnome.Shell@wayland.service/memory.pressure', 'XDG_SESSION_CLASS': 'user', 'USERNAME': 'bot', 'TERM': 'xterm-256color', 'GNOME_DESKTOP_SESSION_ID': 'this-is-deprecated', 'PATH': '/opt/ros/jazzy/bin:/usr/local/sbin:/usr/local/bin:/usr/sbin:/usr/bin:/sbin:/bin:/usr/games:/usr/local/games:/snap/bin:/snap/bin', 'SESSION_MANAGER': 'local/bot-desktop:@/tmp/.ICE-unix/2578,unix/bot-desktop:/tmp/.ICE-unix/2578', 'XDG_MENU_PREFIX': 'gnome-', 'GNOME_TERMINAL_SCREEN': '/org/gnome/Terminal/screen/de76cddb_b4ae_43fd_97f5_18e99a9e050f', 'GNOME_SETUP_DISPLAY': ':1', 'XDG_RUNTIME_DIR': '/run/user/1000', 'DISPLAY': ':0', 'LANG': 'en_US.UTF-8', 'XDG_CURRENT_DESKTOP': 'ubuntu:GNOME', 'XMODIFIERS': '@im=ibus', 'XDG_SESSION_DESKTOP': 'ubuntu', 'XAUTHORITY': '/run/user/1000/.mutter-Xwaylandauth.MBRMI3', 'LS_COLORS': 'rs=0:di=01;34:ln=01;36:mh=00:pi=40;33:so=01;35:do=01;35:bd=40;33;01:cd=40;33;01:or=40;31;01:mi=00:su=37;41:sg=30;43:ca=00:tw=30;42:ow=34;42:st=37;44:ex=01;32:*.tar=01;31:*.tgz=01;31:*.arc=01;31:*.arj=01;31:*.taz=01;31:*.lha=01;31:*.lz4=01;31:*.lzh=01;31:*.lzma=01;31:*.tlz=01;31:*.txz=01;31:*.tzo=01;31:*.t7z=01;31:*.zip=01;31:*.z=01;31:*.dz=01;31:*.gz=01;31:*.lrz=01;31:*.lz=01;31:*.lzo=01;31:*.xz=01;31:*.zst=01;31:*.tzst=01;31:*.bz2=01;31:*.bz=01;31:*.tbz=01;31:*.tbz2=01;31:*.tz=01;31:*.deb=01;31:*.rpm=01;31:*.jar=01;31:*.war=01;31:*.ear=01;31:*.sar=01;31:*.rar=01;31:*.alz=01;31:*.ace=01;31:*.zoo=01;31:*.cpio=01;31:*.7z=01;31:*.rz=01;31:*.cab=01;31:*.wim=01;31:*.swm=01;31:*.dwm=01;31:*.esd=01;31:*.avif=01;35:*.jpg=01;35:*.jpeg=01;35:*.mjpg=01;35:*.mjpeg=01;35:*.gif=01;35:*.bmp=01;35:*.pbm=01;35:*.pgm=01;35:*.ppm=01;35:*.tga=01;35:*.xbm=01;35:*.xpm=01;35:*.tif=01;35:*.tiff=01;35:*.png=01;35:*.svg=01;35:*.svgz=01;35:*.mng=01;35:*.pcx=01;35:*.mov=01;35:*.mpg=01;35:*.mpeg=01;35:*.m2v=01;35:*.mkv=01;35:*.webm=01;35:*.webp=01;35:*.ogm=01;35:*.mp4=01;35:*.m4v=01;35:*.mp4v=01;35:*.vob=01;35:*.qt=01;35:*.nuv=01;35:*.wmv=01;35:*.asf=01;35:*.rm=01;35:*.rmvb=01;35:*.flc=01;35:*.avi=01;35:*.fli=01;35:*.flv=01;35:*.gl=01;35:*.dl=01;35:*.xcf=01;35:*.xwd=01;35:*.yuv=01;35:*.cgm=01;35:*.emf=01;35:*.ogv=01;35:*.ogx=01;35:*.aac=00;36:*.au=00;36:*.flac=00;36:*.m4a=00;36:*.mid=00;36:*.midi=00;36:*.mka=00;36:*.mp3=00;36:*.mpc=00;36:*.ogg=00;36:*.ra=00;36:*.wav=00;36:*.oga=00;36:*.opus=00;36:*.spx=00;36:*.xspf=00;36:*~=00;90:*#=00;90:*.bak=00;90:*.crdownload=00;90:*.dpkg-dist=00;90:*.dpkg-new=00;90:*.dpkg-old=00;90:*.dpkg-tmp=00;90:*.old=00;90:*.orig=00;90:*.part=00;90:*.rej=00;90:*.rpmnew=00;90:*.rpmorig=00;90:*.rpmsave=00;90:*.swp=00;90:*.tmp=00;90:*.ucf-dist=00;90:*.ucf-new=00;90:*.ucf-old=00;90:', 'GNOME_TERMINAL_SERVICE': ':1.119', 'SSH_AUTH_SOCK': '/run/user/1000/keyring/ssh', 'AMENT_PREFIX_PATH': '/home/bot/ros2_ws/install/robotic_arm_v3_config:/home/bot/ros2_ws/install/robotic_arm_model_v3:/home/bot/ros2_ws/install/pose_printer:/home/bot/ros2_ws/install/moveit_controls:/home/bot/ros2_ws/install/move_program:/home/bot/ros2_ws/install/cpp_pubsub:/opt/ros/jazzy', 'SHELL': '/bin/bash', 'QT_ACCESSIBILITY': '1', 'GDMSESSION': 'ubuntu', 'LESSCLOSE': '/usr/bin/lesspipe %s %s', 'ROS_AUTOMATIC_DISCOVERY_RANGE': 'SUBNET', 'QT_IM_MODULE': 'ibus', 'PWD': '/home/bot/ros2_ws/build/robotic_arm_model_v3', 'LC_ALL': 'en_US.UTF-8', 'XDG_CONFIG_DIRS': '/etc/xdg/xdg-ubuntu:/etc/xdg', 'XDG_DATA_DIRS': '/usr/share/ubuntu:/usr/share/gnome:/usr/local/share/:/usr/share/:/var/lib/snapd/desktop', 'PYTHONPATH': '/home/bot/ros2_ws/install/pose_printer/lib/python3.12/site-packages:/home/bot/ros2_ws/install/moveit_controls/lib/python3.12/site-packages:/opt/ros/jazzy/lib/python3.12/site-packages', 'COLCON': '1', 'MEMORY_PRESSURE_WRITE': 'c29tZSAyMDAwMDAgMjAwMDAwMAA=', 'VTE_VERSION': '7600', 'CMAKE_PREFIX_PATH': '/home/bot/ros2_ws/install/robotic_arm_v3_config:/home/bot/ros2_ws/install/robotic_arm_model_v3:/home/bot/ros2_ws/install/move_program:/home/bot/ros2_ws/install/cpp_pubsub:/opt/ros/jazzy/opt/gz_math_vendor:/opt/ros/jazzy/opt/gz_utils_vendor:/opt/ros/jazzy/opt/gz_cmake_vendor:/home/bot/ros2_ws/install/pose_printer:/home/bot/ros2_ws/install/moveit_controls:/opt/ros/jazzy'}), 'shell': False}
[10.041542] (-) TimerEvent: {}
[10.083687] (robotic_arm_model_v3) StdoutLine: {'line': b'-- Install configuration: ""\n'}
[10.085376] (robotic_arm_model_v3) StdoutLine: {'line': b'-- Installing: /home/bot/ros2_ws/install/robotic_arm_model_v3/share/robotic_arm_model_v3/urdf\n'}
[10.090165] (robotic_arm_model_v3) StdoutLine: {'line': b'-- Installing: /home/bot/ros2_ws/install/robotic_arm_model_v3/share/robotic_arm_model_v3/urdf/robotic_arm_model_v3.csv\n'}
[10.095594] (robotic_arm_model_v3) StdoutLine: {'line': b'-- Installing: /home/bot/ros2_ws/install/robotic_arm_model_v3/share/robotic_arm_model_v3/urdf/robotic_arm_model_v3.urdf\n'}
[10.098303] (robotic_arm_model_v3) StdoutLine: {'line': b'-- Installing: /home/bot/ros2_ws/install/robotic_arm_model_v3/share/robotic_arm_model_v3/urdf/robotic_arm_model_v3.sdf\n'}
[10.104191] (robotic_arm_model_v3) StdoutLine: {'line': b'-- Installing: /home/bot/ros2_ws/install/robotic_arm_model_v3/share/robotic_arm_model_v3/meshes\n'}
[10.105177] (robotic_arm_model_v3) StdoutLine: {'line': b'-- Installing: /home/bot/ros2_ws/install/robotic_arm_model_v3/share/robotic_arm_model_v3/meshes/link_2.STL\n'}
[10.115035] (robotic_arm_model_v3) StdoutLine: {'line': b'-- Installing: /home/bot/ros2_ws/install/robotic_arm_model_v3/share/robotic_arm_model_v3/meshes/end_effector_bottom.STL\n'}
[10.122312] (robotic_arm_model_v3) StdoutLine: {'line': b'-- Installing: /home/bot/ros2_ws/install/robotic_arm_model_v3/share/robotic_arm_model_v3/meshes/end_effector_link.STL\n'}
[10.135363] (robotic_arm_model_v3) StdoutLine: {'line': b'-- Installing: /home/bot/ros2_ws/install/robotic_arm_model_v3/share/robotic_arm_model_v3/meshes/link_4.STL\n'}
[10.144243] (-) TimerEvent: {}
[10.181098] (moveit_controls) Command: {'cmd': ['/usr/bin/python3', '-W', 'ignore:setup.py install is deprecated', '-W', 'ignore:easy_install command is deprecated', 'setup.py', 'egg_info', '--egg-base', '../../build/moveit_controls', 'build', '--build-base', '/home/bot/ros2_ws/build/moveit_controls/build', 'install', '--record', '/home/bot/ros2_ws/build/moveit_controls/install.log', '--single-version-externally-managed', 'install_data'], 'cwd': '/home/bot/ros2_ws/src/moveit_controls', 'env': {'LESSOPEN': '| /usr/bin/lesspipe %s', 'USER': 'bot', 'XDG_SESSION_TYPE': 'wayland', 'CLUTTER_DISABLE_MIPMAPPED_TEXT': '1', 'SHLVL': '1', 'LD_LIBRARY_PATH': '/opt/ros/jazzy/opt/rviz_ogre_vendor/lib:/opt/ros/jazzy/lib/aarch64-linux-gnu:/opt/ros/jazzy/opt/gz_math_vendor/lib:/opt/ros/jazzy/opt/gz_utils_vendor/lib:/opt/ros/jazzy/opt/gz_cmake_vendor/lib:/opt/ros/jazzy/lib', 'HOME': '/home/bot', 'OLDPWD': '/home/bot/ros2_ws', 'DESKTOP_SESSION': 'ubuntu', 'ROS_PYTHON_VERSION': '3', 'GNOME_SHELL_SESSION_MODE': 'ubuntu', 'GTK_MODULES': 'gail:atk-bridge', 'SYSTEMD_EXEC_PID': '2617', 'GSM_SKIP_SSH_AGENT_WORKAROUND': 'true', 'DBUS_SESSION_BUS_ADDRESS': 'unix:path=/run/user/1000/bus', 'COLORTERM': 'truecolor', 'DEBUGINFOD_URLS': 'https://debuginfod.ubuntu.com', 'IM_CONFIG_PHASE': '1', 'WAYLAND_DISPLAY': 'wayland-0', 'COLCON_PREFIX_PATH': '/home/bot/ros2_ws/install', 'ROS_DISTRO': 'jazzy', 'LOGNAME': 'bot', '_': '/usr/bin/colcon', 'ROS_VERSION': '2', 'MEMORY_PRESSURE_WATCH': '/sys/fs/cgroup/user.slice/user-1000.slice/user@1000.service/session.slice/org.gnome.Shell@wayland.service/memory.pressure', 'XDG_SESSION_CLASS': 'user', 'USERNAME': 'bot', 'TERM': 'xterm-256color', 'GNOME_DESKTOP_SESSION_ID': 'this-is-deprecated', 'PATH': '/opt/ros/jazzy/bin:/usr/local/sbin:/usr/local/bin:/usr/sbin:/usr/bin:/sbin:/bin:/usr/games:/usr/local/games:/snap/bin:/snap/bin', 'SESSION_MANAGER': 'local/bot-desktop:@/tmp/.ICE-unix/2578,unix/bot-desktop:/tmp/.ICE-unix/2578', 'XDG_MENU_PREFIX': 'gnome-', 'GNOME_TERMINAL_SCREEN': '/org/gnome/Terminal/screen/de76cddb_b4ae_43fd_97f5_18e99a9e050f', 'GNOME_SETUP_DISPLAY': ':1', 'XDG_RUNTIME_DIR': '/run/user/1000', 'DISPLAY': ':0', 'LANG': 'en_US.UTF-8', 'XDG_CURRENT_DESKTOP': 'ubuntu:GNOME', 'XMODIFIERS': '@im=ibus', 'XDG_SESSION_DESKTOP': 'ubuntu', 'XAUTHORITY': '/run/user/1000/.mutter-Xwaylandauth.MBRMI3', 'LS_COLORS': 'rs=0:di=01;34:ln=01;36:mh=00:pi=40;33:so=01;35:do=01;35:bd=40;33;01:cd=40;33;01:or=40;31;01:mi=00:su=37;41:sg=30;43:ca=00:tw=30;42:ow=34;42:st=37;44:ex=01;32:*.tar=01;31:*.tgz=01;31:*.arc=01;31:*.arj=01;31:*.taz=01;31:*.lha=01;31:*.lz4=01;31:*.lzh=01;31:*.lzma=01;31:*.tlz=01;31:*.txz=01;31:*.tzo=01;31:*.t7z=01;31:*.zip=01;31:*.z=01;31:*.dz=01;31:*.gz=01;31:*.lrz=01;31:*.lz=01;31:*.lzo=01;31:*.xz=01;31:*.zst=01;31:*.tzst=01;31:*.bz2=01;31:*.bz=01;31:*.tbz=01;31:*.tbz2=01;31:*.tz=01;31:*.deb=01;31:*.rpm=01;31:*.jar=01;31:*.war=01;31:*.ear=01;31:*.sar=01;31:*.rar=01;31:*.alz=01;31:*.ace=01;31:*.zoo=01;31:*.cpio=01;31:*.7z=01;31:*.rz=01;31:*.cab=01;31:*.wim=01;31:*.swm=01;31:*.dwm=01;31:*.esd=01;31:*.avif=01;35:*.jpg=01;35:*.jpeg=01;35:*.mjpg=01;35:*.mjpeg=01;35:*.gif=01;35:*.bmp=01;35:*.pbm=01;35:*.pgm=01;35:*.ppm=01;35:*.tga=01;35:*.xbm=01;35:*.xpm=01;35:*.tif=01;35:*.tiff=01;35:*.png=01;35:*.svg=01;35:*.svgz=01;35:*.mng=01;35:*.pcx=01;35:*.mov=01;35:*.mpg=01;35:*.mpeg=01;35:*.m2v=01;35:*.mkv=01;35:*.webm=01;35:*.webp=01;35:*.ogm=01;35:*.mp4=01;35:*.m4v=01;35:*.mp4v=01;35:*.vob=01;35:*.qt=01;35:*.nuv=01;35:*.wmv=01;35:*.asf=01;35:*.rm=01;35:*.rmvb=01;35:*.flc=01;35:*.avi=01;35:*.fli=01;35:*.flv=01;35:*.gl=01;35:*.dl=01;35:*.xcf=01;35:*.xwd=01;35:*.yuv=01;35:*.cgm=01;35:*.emf=01;35:*.ogv=01;35:*.ogx=01;35:*.aac=00;36:*.au=00;36:*.flac=00;36:*.m4a=00;36:*.mid=00;36:*.midi=00;36:*.mka=00;36:*.mp3=00;36:*.mpc=00;36:*.ogg=00;36:*.ra=00;36:*.wav=00;36:*.oga=00;36:*.opus=00;36:*.spx=00;36:*.xspf=00;36:*~=00;90:*#=00;90:*.bak=00;90:*.crdownload=00;90:*.dpkg-dist=00;90:*.dpkg-new=00;90:*.dpkg-old=00;90:*.dpkg-tmp=00;90:*.old=00;90:*.orig=00;90:*.part=00;90:*.rej=00;90:*.rpmnew=00;90:*.rpmorig=00;90:*.rpmsave=00;90:*.swp=00;90:*.tmp=00;90:*.ucf-dist=00;90:*.ucf-new=00;90:*.ucf-old=00;90:', 'GNOME_TERMINAL_SERVICE': ':1.119', 'SSH_AUTH_SOCK': '/run/user/1000/keyring/ssh', 'AMENT_PREFIX_PATH': '/home/bot/ros2_ws/install/robotic_arm_v3_config:/home/bot/ros2_ws/install/robotic_arm_model_v3:/home/bot/ros2_ws/install/pose_printer:/home/bot/ros2_ws/install/moveit_controls:/home/bot/ros2_ws/install/move_program:/home/bot/ros2_ws/install/cpp_pubsub:/opt/ros/jazzy', 'SHELL': '/bin/bash', 'QT_ACCESSIBILITY': '1', 'GDMSESSION': 'ubuntu', 'LESSCLOSE': '/usr/bin/lesspipe %s %s', 'ROS_AUTOMATIC_DISCOVERY_RANGE': 'SUBNET', 'QT_IM_MODULE': 'ibus', 'PWD': '/home/bot/ros2_ws/build/moveit_controls', 'LC_ALL': 'en_US.UTF-8', 'XDG_CONFIG_DIRS': '/etc/xdg/xdg-ubuntu:/etc/xdg', 'XDG_DATA_DIRS': '/usr/share/ubuntu:/usr/share/gnome:/usr/local/share/:/usr/share/:/var/lib/snapd/desktop', 'PYTHONPATH': '/home/bot/ros2_ws/build/moveit_controls/prefix_override:/usr/lib/python3/dist-packages/colcon_core/task/python/colcon_distutils_commands:/home/bot/ros2_ws/install/moveit_controls/lib/python3.12/site-packages:/home/bot/ros2_ws/install/pose_printer/lib/python3.12/site-packages:/home/bot/ros2_ws/install/moveit_controls/lib/python3.12/site-packages:/opt/ros/jazzy/lib/python3.12/site-packages', 'COLCON': '1', 'MEMORY_PRESSURE_WRITE': 'c29tZSAyMDAwMDAgMjAwMDAwMAA=', 'VTE_VERSION': '7600', 'CMAKE_PREFIX_PATH': '/home/bot/ros2_ws/install/robotic_arm_v3_config:/home/bot/ros2_ws/install/robotic_arm_model_v3:/home/bot/ros2_ws/install/move_program:/home/bot/ros2_ws/install/cpp_pubsub:/opt/ros/jazzy/opt/gz_math_vendor:/opt/ros/jazzy/opt/gz_utils_vendor:/opt/ros/jazzy/opt/gz_cmake_vendor'}, 'shell': False}
[10.185804] (robotic_arm_model_v3) StdoutLine: {'line': b'-- Installing: /home/bot/ros2_ws/install/robotic_arm_model_v3/share/robotic_arm_model_v3/meshes/link_1.STL\n'}
[10.187498] (robotic_arm_model_v3) StdoutLine: {'line': b'-- Installing: /home/bot/ros2_ws/install/robotic_arm_model_v3/share/robotic_arm_model_v3/meshes/link_3.STL\n'}
[10.213298] (robotic_arm_model_v3) StdoutLine: {'line': b'-- Installing: /home/bot/ros2_ws/install/robotic_arm_model_v3/share/robotic_arm_model_v3/meshes/base_link.STL\n'}
[10.229424] (robotic_arm_model_v3) StdoutLine: {'line': b'-- Installing: /home/bot/ros2_ws/install/robotic_arm_model_v3/share/robotic_arm_model_v3/meshes/end_effector_top.STL\n'}
[10.246186] (robotic_arm_model_v3) StdoutLine: {'line': b'-- Installing: /home/bot/ros2_ws/install/robotic_arm_model_v3/share/ament_index/resource_index/package_run_dependencies/robotic_arm_model_v3\n'}
[10.246871] (-) TimerEvent: {}
[10.269252] (robotic_arm_model_v3) StdoutLine: {'line': b'-- Installing: /home/bot/ros2_ws/install/robotic_arm_model_v3/share/ament_index/resource_index/parent_prefix_path/robotic_arm_model_v3\n'}
[10.293538] (robotic_arm_model_v3) StdoutLine: {'line': b'-- Installing: /home/bot/ros2_ws/install/robotic_arm_model_v3/share/robotic_arm_model_v3/environment/ament_prefix_path.sh\n'}
[10.297852] (robotic_arm_model_v3) StdoutLine: {'line': b'-- Installing: /home/bot/ros2_ws/install/robotic_arm_model_v3/share/robotic_arm_model_v3/environment/ament_prefix_path.dsv\n'}
[10.303213] (robotic_arm_model_v3) StdoutLine: {'line': b'-- Installing: /home/bot/ros2_ws/install/robotic_arm_model_v3/share/robotic_arm_model_v3/environment/path.sh\n'}
[10.303632] (robotic_arm_model_v3) StdoutLine: {'line': b'-- Installing: /home/bot/ros2_ws/install/robotic_arm_model_v3/share/robotic_arm_model_v3/environment/path.dsv\n'}
[10.303965] (robotic_arm_model_v3) StdoutLine: {'line': b'-- Installing: /home/bot/ros2_ws/install/robotic_arm_model_v3/share/robotic_arm_model_v3/local_setup.bash\n'}
[10.310116] (robotic_arm_model_v3) StdoutLine: {'line': b'-- Installing: /home/bot/ros2_ws/install/robotic_arm_model_v3/share/robotic_arm_model_v3/local_setup.sh\n'}
[10.310786] (robotic_arm_model_v3) StdoutLine: {'line': b'-- Installing: /home/bot/ros2_ws/install/robotic_arm_model_v3/share/robotic_arm_model_v3/local_setup.zsh\n'}
[10.315142] (robotic_arm_model_v3) StdoutLine: {'line': b'-- Installing: /home/bot/ros2_ws/install/robotic_arm_model_v3/share/robotic_arm_model_v3/local_setup.dsv\n'}
[10.318741] (robotic_arm_model_v3) StdoutLine: {'line': b'-- Installing: /home/bot/ros2_ws/install/robotic_arm_model_v3/share/robotic_arm_model_v3/package.dsv\n'}
[10.322272] (robotic_arm_model_v3) StdoutLine: {'line': b'-- Installing: /home/bot/ros2_ws/install/robotic_arm_model_v3/share/ament_index/resource_index/packages/robotic_arm_model_v3\n'}
[10.324430] (robotic_arm_model_v3) StdoutLine: {'line': b'-- Installing: /home/bot/ros2_ws/install/robotic_arm_model_v3/share/robotic_arm_model_v3/cmake/robotic_arm_model_v3Config.cmake\n'}
[10.328480] (robotic_arm_model_v3) StdoutLine: {'line': b'-- Installing: /home/bot/ros2_ws/install/robotic_arm_model_v3/share/robotic_arm_model_v3/cmake/robotic_arm_model_v3Config-version.cmake\n'}
[10.329242] (robotic_arm_model_v3) StdoutLine: {'line': b'-- Installing: /home/bot/ros2_ws/install/robotic_arm_model_v3/share/robotic_arm_model_v3/package.xml\n'}
[10.341341] (robotic_arm_model_v3) CommandEnded: {'returncode': 0}
[10.349339] (-) TimerEvent: {}
[10.454113] (-) TimerEvent: {}
[10.558775] (-) TimerEvent: {}
[10.623513] (robotic_arm_model_v3) JobEnded: {'identifier': 'robotic_arm_model_v3', 'rc': 0}
[10.627797] (pose_printer) JobStarted: {'identifier': 'pose_printer'}
[10.659205] (-) TimerEvent: {}
[10.763131] (-) TimerEvent: {}
[10.863945] (-) TimerEvent: {}
[10.964737] (-) TimerEvent: {}
[11.051641] (cpp_pubsub) StdoutLine: {'line': b'-- Found rmw_implementation_cmake: 7.3.2 (/opt/ros/jazzy/share/rmw_implementation_cmake/cmake)\n'}
[11.064048] (move_program) StdoutLine: {'line': b'-- Found rmw_implementation_cmake: 7.3.2 (/opt/ros/jazzy/share/rmw_implementation_cmake/cmake)\n'}
[11.066272] (-) TimerEvent: {}
[11.140157] (cpp_pubsub) StdoutLine: {'line': b'-- Found rmw_fastrtps_cpp: 8.4.3 (/opt/ros/jazzy/share/rmw_fastrtps_cpp/cmake)\n'}
[11.157920] (move_program) StdoutLine: {'line': b'-- Found rmw_fastrtps_cpp: 8.4.3 (/opt/ros/jazzy/share/rmw_fastrtps_cpp/cmake)\n'}
[11.168127] (-) TimerEvent: {}
[11.268936] (-) TimerEvent: {}
[11.372457] (-) TimerEvent: {}
[11.474170] (-) TimerEvent: {}
[11.578122] (-) TimerEvent: {}
[11.679035] (-) TimerEvent: {}
[11.779848] (-) TimerEvent: {}
[11.882134] (-) TimerEvent: {}
[11.986160] (-) TimerEvent: {}
[12.087717] (-) TimerEvent: {}
[12.189425] (-) TimerEvent: {}
[12.253300] (cpp_pubsub) StdoutLine: {'line': b'-- Found OpenSSL: /usr/lib/aarch64-linux-gnu/libcrypto.so (found version "3.0.13")  \n'}
[12.289620] (-) TimerEvent: {}
[12.331908] (move_program) StdoutLine: {'line': b'-- Found OpenSSL: /usr/lib/aarch64-linux-gnu/libcrypto.so (found version "3.0.13")  \n'}
[12.391445] (-) TimerEvent: {}
[12.418263] (cpp_pubsub) StdoutLine: {'line': b'-- Found FastRTPS: /opt/ros/jazzy/include (Required is at least version "2.13") \n'}
[12.494294] (move_program) StdoutLine: {'line': b'-- Found FastRTPS: /opt/ros/jazzy/include (Required is at least version "2.13") \n'}
[12.495017] (-) TimerEvent: {}
[12.561109] (cpp_pubsub) StdoutLine: {'line': b"-- Using RMW implementation 'rmw_fastrtps_cpp' as default\n"}
[12.598158] (-) TimerEvent: {}
[12.637670] (move_program) StdoutLine: {'line': b"-- Using RMW implementation 'rmw_fastrtps_cpp' as default\n"}
[12.698354] (-) TimerEvent: {}
[12.766727] (moveit_controls) StdoutLine: {'line': b'running egg_info\n'}
[12.769125] (moveit_controls) StdoutLine: {'line': b'creating ../../build/moveit_controls/moveit_controls.egg-info\n'}
[12.800138] (-) TimerEvent: {}
[12.903501] (-) TimerEvent: {}
[12.960893] (moveit_controls) StdoutLine: {'line': b'writing ../../build/moveit_controls/moveit_controls.egg-info/PKG-INFO\n'}
[12.963432] (moveit_controls) StdoutLine: {'line': b'writing dependency_links to ../../build/moveit_controls/moveit_controls.egg-info/dependency_links.txt\n'}
[12.966106] (moveit_controls) StdoutLine: {'line': b'writing entry points to ../../build/moveit_controls/moveit_controls.egg-info/entry_points.txt\n'}
[12.966954] (moveit_controls) StdoutLine: {'line': b'writing requirements to ../../build/moveit_controls/moveit_controls.egg-info/requires.txt\n'}
[12.967812] (moveit_controls) StdoutLine: {'line': b'writing top-level names to ../../build/moveit_controls/moveit_controls.egg-info/top_level.txt\n'}
[12.968752] (moveit_controls) StdoutLine: {'line': b"writing manifest file '../../build/moveit_controls/moveit_controls.egg-info/SOURCES.txt'\n"}
[13.003710] (-) TimerEvent: {}
[13.107472] (-) TimerEvent: {}
[13.209126] (-) TimerEvent: {}
[13.288736] (cpp_pubsub) StdoutLine: {'line': b'-- Found std_msgs: 5.3.6 (/opt/ros/jazzy/share/std_msgs/cmake)\n'}
[13.289600] (move_program) StdoutLine: {'line': b'-- Found moveit_ros_planning_interface: 2.12.3 (/opt/ros/jazzy/share/moveit_ros_planning_interface/cmake)\n'}
[13.290250] (moveit_controls) StdoutLine: {'line': b"reading manifest file '../../build/moveit_controls/moveit_controls.egg-info/SOURCES.txt'\n"}
[13.291858] (moveit_controls) StdoutLine: {'line': b"writing manifest file '../../build/moveit_controls/moveit_controls.egg-info/SOURCES.txt'\n"}
[13.292895] (moveit_controls) StdoutLine: {'line': b'running build\n'}
[13.293779] (moveit_controls) StdoutLine: {'line': b'running build_py\n'}
[13.295142] (moveit_controls) StdoutLine: {'line': b'creating /home/bot/ros2_ws/build/moveit_controls/build\n'}
[13.296408] (moveit_controls) StdoutLine: {'line': b'creating /home/bot/ros2_ws/build/moveit_controls/build/lib\n'}
[13.296938] (moveit_controls) StdoutLine: {'line': b'creating /home/bot/ros2_ws/build/moveit_controls/build/lib/moveit_controls\n'}
[13.297757] (moveit_controls) StdoutLine: {'line': b'copying moveit_controls/__init__.py -> /home/bot/ros2_ws/build/moveit_controls/build/lib/moveit_controls\n'}
[13.298723] (moveit_controls) StdoutLine: {'line': b'running install\n'}
[13.311139] (-) TimerEvent: {}
[13.339774] (moveit_controls) StdoutLine: {'line': b'running install_lib\n'}
[13.412122] (-) TimerEvent: {}
[13.502166] (moveit_controls) StdoutLine: {'line': b'creating /home/bot/ros2_ws/install/moveit_controls/lib/python3.12/site-packages/moveit_controls\n'}
[13.507173] (moveit_controls) StdoutLine: {'line': b'copying /home/bot/ros2_ws/build/moveit_controls/build/lib/moveit_controls/__init__.py -> /home/bot/ros2_ws/install/moveit_controls/lib/python3.12/site-packages/moveit_controls\n'}
[13.507773] (moveit_controls) StdoutLine: {'line': b'byte-compiling /home/bot/ros2_ws/install/moveit_controls/lib/python3.12/site-packages/moveit_controls/__init__.py to __init__.cpython-312.pyc\n'}
[13.510428] (moveit_controls) StdoutLine: {'line': b'running install_data\n'}
[13.512068] (moveit_controls) StdoutLine: {'line': b'creating /home/bot/ros2_ws/install/moveit_controls/share/ament_index\n'}
[13.512644] (-) TimerEvent: {}
[13.519128] (moveit_controls) StdoutLine: {'line': b'creating /home/bot/ros2_ws/install/moveit_controls/share/ament_index/resource_index\n'}
[13.519969] (moveit_controls) StdoutLine: {'line': b'creating /home/bot/ros2_ws/install/moveit_controls/share/ament_index/resource_index/packages\n'}
[13.520719] (moveit_controls) StdoutLine: {'line': b'copying resource/moveit_controls -> /home/bot/ros2_ws/install/moveit_controls/share/ament_index/resource_index/packages\n'}
[13.527256] (moveit_controls) StdoutLine: {'line': b'copying package.xml -> /home/bot/ros2_ws/install/moveit_controls/share/moveit_controls\n'}
[13.527841] (moveit_controls) StdoutLine: {'line': b'running install_egg_info\n'}
[13.614125] (-) TimerEvent: {}
[13.710489] (moveit_controls) StdoutLine: {'line': b'Copying ../../build/moveit_controls/moveit_controls.egg-info to /home/bot/ros2_ws/install/moveit_controls/lib/python3.12/site-packages/moveit_controls-0.0.0-py3.12.egg-info\n'}
[13.714313] (-) TimerEvent: {}
[13.720888] (moveit_controls) StdoutLine: {'line': b'running install_scripts\n'}
[13.814524] (-) TimerEvent: {}
[13.915636] (-) TimerEvent: {}
[13.984256] (cpp_pubsub) StdoutLine: {'line': b'-- Configuring done (13.7s)\n'}
[14.017147] (-) TimerEvent: {}
[14.089352] (cpp_pubsub) StdoutLine: {'line': b'-- Generating done (0.1s)\n'}
[14.119123] (cpp_pubsub) StdoutLine: {'line': b'-- Build files have been written to: /home/bot/ros2_ws/build/cpp_pubsub\n'}
[14.119771] (-) TimerEvent: {}
[14.180931] (cpp_pubsub) CommandEnded: {'returncode': 0}
[14.182288] (cpp_pubsub) JobProgress: {'identifier': 'cpp_pubsub', 'progress': 'build'}
[14.182432] (cpp_pubsub) Command: {'cmd': ['/usr/bin/cmake', '--build', '/home/bot/ros2_ws/build/cpp_pubsub', '--', '-j4', '-l4'], 'cwd': '/home/bot/ros2_ws/build/cpp_pubsub', 'env': OrderedDict({'LESSOPEN': '| /usr/bin/lesspipe %s', 'USER': 'bot', 'XDG_SESSION_TYPE': 'wayland', 'CLUTTER_DISABLE_MIPMAPPED_TEXT': '1', 'SHLVL': '1', 'LD_LIBRARY_PATH': '/opt/ros/jazzy/opt/rviz_ogre_vendor/lib:/opt/ros/jazzy/lib/aarch64-linux-gnu:/opt/ros/jazzy/opt/gz_math_vendor/lib:/opt/ros/jazzy/opt/gz_utils_vendor/lib:/opt/ros/jazzy/opt/gz_cmake_vendor/lib:/opt/ros/jazzy/lib', 'HOME': '/home/bot', 'OLDPWD': '/home/bot/ros2_ws', 'DESKTOP_SESSION': 'ubuntu', 'ROS_PYTHON_VERSION': '3', 'GNOME_SHELL_SESSION_MODE': 'ubuntu', 'GTK_MODULES': 'gail:atk-bridge', 'SYSTEMD_EXEC_PID': '2617', 'GSM_SKIP_SSH_AGENT_WORKAROUND': 'true', 'DBUS_SESSION_BUS_ADDRESS': 'unix:path=/run/user/1000/bus', 'COLORTERM': 'truecolor', 'DEBUGINFOD_URLS': 'https://debuginfod.ubuntu.com', 'IM_CONFIG_PHASE': '1', 'WAYLAND_DISPLAY': 'wayland-0', 'COLCON_PREFIX_PATH': '/home/bot/ros2_ws/install', 'ROS_DISTRO': 'jazzy', 'LOGNAME': 'bot', '_': '/usr/bin/colcon', 'ROS_VERSION': '2', 'MEMORY_PRESSURE_WATCH': '/sys/fs/cgroup/user.slice/user-1000.slice/user@1000.service/session.slice/org.gnome.Shell@wayland.service/memory.pressure', 'XDG_SESSION_CLASS': 'user', 'USERNAME': 'bot', 'TERM': 'xterm-256color', 'GNOME_DESKTOP_SESSION_ID': 'this-is-deprecated', 'PATH': '/opt/ros/jazzy/bin:/usr/local/sbin:/usr/local/bin:/usr/sbin:/usr/bin:/sbin:/bin:/usr/games:/usr/local/games:/snap/bin:/snap/bin', 'SESSION_MANAGER': 'local/bot-desktop:@/tmp/.ICE-unix/2578,unix/bot-desktop:/tmp/.ICE-unix/2578', 'XDG_MENU_PREFIX': 'gnome-', 'GNOME_TERMINAL_SCREEN': '/org/gnome/Terminal/screen/de76cddb_b4ae_43fd_97f5_18e99a9e050f', 'GNOME_SETUP_DISPLAY': ':1', 'XDG_RUNTIME_DIR': '/run/user/1000', 'DISPLAY': ':0', 'LANG': 'en_US.UTF-8', 'XDG_CURRENT_DESKTOP': 'ubuntu:GNOME', 'XMODIFIERS': '@im=ibus', 'XDG_SESSION_DESKTOP': 'ubuntu', 'XAUTHORITY': '/run/user/1000/.mutter-Xwaylandauth.MBRMI3', 'LS_COLORS': 'rs=0:di=01;34:ln=01;36:mh=00:pi=40;33:so=01;35:do=01;35:bd=40;33;01:cd=40;33;01:or=40;31;01:mi=00:su=37;41:sg=30;43:ca=00:tw=30;42:ow=34;42:st=37;44:ex=01;32:*.tar=01;31:*.tgz=01;31:*.arc=01;31:*.arj=01;31:*.taz=01;31:*.lha=01;31:*.lz4=01;31:*.lzh=01;31:*.lzma=01;31:*.tlz=01;31:*.txz=01;31:*.tzo=01;31:*.t7z=01;31:*.zip=01;31:*.z=01;31:*.dz=01;31:*.gz=01;31:*.lrz=01;31:*.lz=01;31:*.lzo=01;31:*.xz=01;31:*.zst=01;31:*.tzst=01;31:*.bz2=01;31:*.bz=01;31:*.tbz=01;31:*.tbz2=01;31:*.tz=01;31:*.deb=01;31:*.rpm=01;31:*.jar=01;31:*.war=01;31:*.ear=01;31:*.sar=01;31:*.rar=01;31:*.alz=01;31:*.ace=01;31:*.zoo=01;31:*.cpio=01;31:*.7z=01;31:*.rz=01;31:*.cab=01;31:*.wim=01;31:*.swm=01;31:*.dwm=01;31:*.esd=01;31:*.avif=01;35:*.jpg=01;35:*.jpeg=01;35:*.mjpg=01;35:*.mjpeg=01;35:*.gif=01;35:*.bmp=01;35:*.pbm=01;35:*.pgm=01;35:*.ppm=01;35:*.tga=01;35:*.xbm=01;35:*.xpm=01;35:*.tif=01;35:*.tiff=01;35:*.png=01;35:*.svg=01;35:*.svgz=01;35:*.mng=01;35:*.pcx=01;35:*.mov=01;35:*.mpg=01;35:*.mpeg=01;35:*.m2v=01;35:*.mkv=01;35:*.webm=01;35:*.webp=01;35:*.ogm=01;35:*.mp4=01;35:*.m4v=01;35:*.mp4v=01;35:*.vob=01;35:*.qt=01;35:*.nuv=01;35:*.wmv=01;35:*.asf=01;35:*.rm=01;35:*.rmvb=01;35:*.flc=01;35:*.avi=01;35:*.fli=01;35:*.flv=01;35:*.gl=01;35:*.dl=01;35:*.xcf=01;35:*.xwd=01;35:*.yuv=01;35:*.cgm=01;35:*.emf=01;35:*.ogv=01;35:*.ogx=01;35:*.aac=00;36:*.au=00;36:*.flac=00;36:*.m4a=00;36:*.mid=00;36:*.midi=00;36:*.mka=00;36:*.mp3=00;36:*.mpc=00;36:*.ogg=00;36:*.ra=00;36:*.wav=00;36:*.oga=00;36:*.opus=00;36:*.spx=00;36:*.xspf=00;36:*~=00;90:*#=00;90:*.bak=00;90:*.crdownload=00;90:*.dpkg-dist=00;90:*.dpkg-new=00;90:*.dpkg-old=00;90:*.dpkg-tmp=00;90:*.old=00;90:*.orig=00;90:*.part=00;90:*.rej=00;90:*.rpmnew=00;90:*.rpmorig=00;90:*.rpmsave=00;90:*.swp=00;90:*.tmp=00;90:*.ucf-dist=00;90:*.ucf-new=00;90:*.ucf-old=00;90:', 'GNOME_TERMINAL_SERVICE': ':1.119', 'SSH_AUTH_SOCK': '/run/user/1000/keyring/ssh', 'AMENT_PREFIX_PATH': '/home/bot/ros2_ws/install/robotic_arm_v3_config:/home/bot/ros2_ws/install/robotic_arm_model_v3:/home/bot/ros2_ws/install/pose_printer:/home/bot/ros2_ws/install/moveit_controls:/home/bot/ros2_ws/install/move_program:/home/bot/ros2_ws/install/cpp_pubsub:/opt/ros/jazzy', 'SHELL': '/bin/bash', 'QT_ACCESSIBILITY': '1', 'GDMSESSION': 'ubuntu', 'LESSCLOSE': '/usr/bin/lesspipe %s %s', 'ROS_AUTOMATIC_DISCOVERY_RANGE': 'SUBNET', 'QT_IM_MODULE': 'ibus', 'PWD': '/home/bot/ros2_ws/build/cpp_pubsub', 'LC_ALL': 'en_US.UTF-8', 'XDG_CONFIG_DIRS': '/etc/xdg/xdg-ubuntu:/etc/xdg', 'XDG_DATA_DIRS': '/usr/share/ubuntu:/usr/share/gnome:/usr/local/share/:/usr/share/:/var/lib/snapd/desktop', 'PYTHONPATH': '/home/bot/ros2_ws/install/pose_printer/lib/python3.12/site-packages:/home/bot/ros2_ws/install/moveit_controls/lib/python3.12/site-packages:/opt/ros/jazzy/lib/python3.12/site-packages', 'COLCON': '1', 'MEMORY_PRESSURE_WRITE': 'c29tZSAyMDAwMDAgMjAwMDAwMAA=', 'VTE_VERSION': '7600', 'CMAKE_PREFIX_PATH': '/home/bot/ros2_ws/install/robotic_arm_v3_config:/home/bot/ros2_ws/install/robotic_arm_model_v3:/home/bot/ros2_ws/install/move_program:/home/bot/ros2_ws/install/cpp_pubsub:/opt/ros/jazzy/opt/gz_math_vendor:/opt/ros/jazzy/opt/gz_utils_vendor:/opt/ros/jazzy/opt/gz_cmake_vendor:/home/bot/ros2_ws/install/pose_printer:/home/bot/ros2_ws/install/moveit_controls:/opt/ros/jazzy'}), 'shell': False}
[14.222131] (-) TimerEvent: {}
[14.322836] (-) TimerEvent: {}
[14.423606] (-) TimerEvent: {}
[14.525795] (-) TimerEvent: {}
[14.606623] (cpp_pubsub) StdoutLine: {'line': b'[ 25%] \x1b[32mBuilding CXX object CMakeFiles/talker.dir/src/publisher_lambda_function.cpp.o\x1b[0m\n'}
[14.614178] (cpp_pubsub) StdoutLine: {'line': b'[ 50%] \x1b[32mBuilding CXX object CMakeFiles/listener.dir/src/subscriber_lambda_function.cpp.o\x1b[0m\n'}
[14.626066] (-) TimerEvent: {}
[14.687140] (move_program) StdoutLine: {'line': b'-- Found Boost: /usr/lib/aarch64-linux-gnu/cmake/Boost-1.83.0/BoostConfig.cmake (found version "1.83.0") found components: date_time filesystem program_options system thread \n'}
[14.726233] (-) TimerEvent: {}
[14.827104] (-) TimerEvent: {}
[14.927884] (-) TimerEvent: {}
[15.006093] (moveit_controls) StdoutLine: {'line': b'Installing move_to_xyz script to /home/bot/ros2_ws/install/moveit_controls/lib/moveit_controls\n'}
[15.009106] (moveit_controls) StdoutLine: {'line': b'Installing target_listener script to /home/bot/ros2_ws/install/moveit_controls/lib/moveit_controls\n'}
[15.013128] (moveit_controls) StdoutLine: {'line': b"writing list of installed files to '/home/bot/ros2_ws/build/moveit_controls/install.log'\n"}
[15.029146] (-) TimerEvent: {}
[15.130185] (-) TimerEvent: {}
[15.235582] (-) TimerEvent: {}
[15.263714] (moveit_controls) CommandEnded: {'returncode': 0}
[15.297519] (moveit_controls) JobEnded: {'identifier': 'moveit_controls', 'rc': 0}
[15.299074] (robotic_arm_config) JobStarted: {'identifier': 'robotic_arm_config'}
[15.338192] (-) TimerEvent: {}
[15.359447] (robotic_arm_config) JobProgress: {'identifier': 'robotic_arm_config', 'progress': 'cmake'}
[15.374107] (robotic_arm_config) Command: {'cmd': ['/usr/bin/cmake', '/home/bot/ros2_ws/src/robotic_arm_config', '-DCMAKE_INSTALL_PREFIX=/home/bot/ros2_ws/install/robotic_arm_config'], 'cwd': '/home/bot/ros2_ws/build/robotic_arm_config', 'env': OrderedDict({'LESSOPEN': '| /usr/bin/lesspipe %s', 'USER': 'bot', 'XDG_SESSION_TYPE': 'wayland', 'CLUTTER_DISABLE_MIPMAPPED_TEXT': '1', 'SHLVL': '1', 'LD_LIBRARY_PATH': '/opt/ros/jazzy/opt/rviz_ogre_vendor/lib:/opt/ros/jazzy/lib/aarch64-linux-gnu:/opt/ros/jazzy/opt/gz_math_vendor/lib:/opt/ros/jazzy/opt/gz_utils_vendor/lib:/opt/ros/jazzy/opt/gz_cmake_vendor/lib:/opt/ros/jazzy/lib', 'HOME': '/home/bot', 'OLDPWD': '/home/bot/ros2_ws', 'DESKTOP_SESSION': 'ubuntu', 'ROS_PYTHON_VERSION': '3', 'GNOME_SHELL_SESSION_MODE': 'ubuntu', 'GTK_MODULES': 'gail:atk-bridge', 'SYSTEMD_EXEC_PID': '2617', 'GSM_SKIP_SSH_AGENT_WORKAROUND': 'true', 'DBUS_SESSION_BUS_ADDRESS': 'unix:path=/run/user/1000/bus', 'COLORTERM': 'truecolor', 'DEBUGINFOD_URLS': 'https://debuginfod.ubuntu.com', 'IM_CONFIG_PHASE': '1', 'WAYLAND_DISPLAY': 'wayland-0', 'COLCON_PREFIX_PATH': '/home/bot/ros2_ws/install', 'ROS_DISTRO': 'jazzy', 'LOGNAME': 'bot', '_': '/usr/bin/colcon', 'ROS_VERSION': '2', 'MEMORY_PRESSURE_WATCH': '/sys/fs/cgroup/user.slice/user-1000.slice/user@1000.service/session.slice/org.gnome.Shell@wayland.service/memory.pressure', 'XDG_SESSION_CLASS': 'user', 'USERNAME': 'bot', 'TERM': 'xterm-256color', 'GNOME_DESKTOP_SESSION_ID': 'this-is-deprecated', 'PATH': '/opt/ros/jazzy/bin:/usr/local/sbin:/usr/local/bin:/usr/sbin:/usr/bin:/sbin:/bin:/usr/games:/usr/local/games:/snap/bin:/snap/bin', 'SESSION_MANAGER': 'local/bot-desktop:@/tmp/.ICE-unix/2578,unix/bot-desktop:/tmp/.ICE-unix/2578', 'XDG_MENU_PREFIX': 'gnome-', 'GNOME_TERMINAL_SCREEN': '/org/gnome/Terminal/screen/de76cddb_b4ae_43fd_97f5_18e99a9e050f', 'GNOME_SETUP_DISPLAY': ':1', 'XDG_RUNTIME_DIR': '/run/user/1000', 'DISPLAY': ':0', 'LANG': 'en_US.UTF-8', 'XDG_CURRENT_DESKTOP': 'ubuntu:GNOME', 'XMODIFIERS': '@im=ibus', 'XDG_SESSION_DESKTOP': 'ubuntu', 'XAUTHORITY': '/run/user/1000/.mutter-Xwaylandauth.MBRMI3', 'LS_COLORS': 'rs=0:di=01;34:ln=01;36:mh=00:pi=40;33:so=01;35:do=01;35:bd=40;33;01:cd=40;33;01:or=40;31;01:mi=00:su=37;41:sg=30;43:ca=00:tw=30;42:ow=34;42:st=37;44:ex=01;32:*.tar=01;31:*.tgz=01;31:*.arc=01;31:*.arj=01;31:*.taz=01;31:*.lha=01;31:*.lz4=01;31:*.lzh=01;31:*.lzma=01;31:*.tlz=01;31:*.txz=01;31:*.tzo=01;31:*.t7z=01;31:*.zip=01;31:*.z=01;31:*.dz=01;31:*.gz=01;31:*.lrz=01;31:*.lz=01;31:*.lzo=01;31:*.xz=01;31:*.zst=01;31:*.tzst=01;31:*.bz2=01;31:*.bz=01;31:*.tbz=01;31:*.tbz2=01;31:*.tz=01;31:*.deb=01;31:*.rpm=01;31:*.jar=01;31:*.war=01;31:*.ear=01;31:*.sar=01;31:*.rar=01;31:*.alz=01;31:*.ace=01;31:*.zoo=01;31:*.cpio=01;31:*.7z=01;31:*.rz=01;31:*.cab=01;31:*.wim=01;31:*.swm=01;31:*.dwm=01;31:*.esd=01;31:*.avif=01;35:*.jpg=01;35:*.jpeg=01;35:*.mjpg=01;35:*.mjpeg=01;35:*.gif=01;35:*.bmp=01;35:*.pbm=01;35:*.pgm=01;35:*.ppm=01;35:*.tga=01;35:*.xbm=01;35:*.xpm=01;35:*.tif=01;35:*.tiff=01;35:*.png=01;35:*.svg=01;35:*.svgz=01;35:*.mng=01;35:*.pcx=01;35:*.mov=01;35:*.mpg=01;35:*.mpeg=01;35:*.m2v=01;35:*.mkv=01;35:*.webm=01;35:*.webp=01;35:*.ogm=01;35:*.mp4=01;35:*.m4v=01;35:*.mp4v=01;35:*.vob=01;35:*.qt=01;35:*.nuv=01;35:*.wmv=01;35:*.asf=01;35:*.rm=01;35:*.rmvb=01;35:*.flc=01;35:*.avi=01;35:*.fli=01;35:*.flv=01;35:*.gl=01;35:*.dl=01;35:*.xcf=01;35:*.xwd=01;35:*.yuv=01;35:*.cgm=01;35:*.emf=01;35:*.ogv=01;35:*.ogx=01;35:*.aac=00;36:*.au=00;36:*.flac=00;36:*.m4a=00;36:*.mid=00;36:*.midi=00;36:*.mka=00;36:*.mp3=00;36:*.mpc=00;36:*.ogg=00;36:*.ra=00;36:*.wav=00;36:*.oga=00;36:*.opus=00;36:*.spx=00;36:*.xspf=00;36:*~=00;90:*#=00;90:*.bak=00;90:*.crdownload=00;90:*.dpkg-dist=00;90:*.dpkg-new=00;90:*.dpkg-old=00;90:*.dpkg-tmp=00;90:*.old=00;90:*.orig=00;90:*.part=00;90:*.rej=00;90:*.rpmnew=00;90:*.rpmorig=00;90:*.rpmsave=00;90:*.swp=00;90:*.tmp=00;90:*.ucf-dist=00;90:*.ucf-new=00;90:*.ucf-old=00;90:', 'GNOME_TERMINAL_SERVICE': ':1.119', 'SSH_AUTH_SOCK': '/run/user/1000/keyring/ssh', 'AMENT_PREFIX_PATH': '/home/bot/ros2_ws/install/robotic_arm_v3_config:/home/bot/ros2_ws/install/robotic_arm_model_v3:/home/bot/ros2_ws/install/pose_printer:/home/bot/ros2_ws/install/moveit_controls:/home/bot/ros2_ws/install/move_program:/home/bot/ros2_ws/install/cpp_pubsub:/opt/ros/jazzy', 'SHELL': '/bin/bash', 'QT_ACCESSIBILITY': '1', 'GDMSESSION': 'ubuntu', 'LESSCLOSE': '/usr/bin/lesspipe %s %s', 'ROS_AUTOMATIC_DISCOVERY_RANGE': 'SUBNET', 'QT_IM_MODULE': 'ibus', 'PWD': '/home/bot/ros2_ws/build/robotic_arm_config', 'LC_ALL': 'en_US.UTF-8', 'XDG_CONFIG_DIRS': '/etc/xdg/xdg-ubuntu:/etc/xdg', 'XDG_DATA_DIRS': '/usr/share/ubuntu:/usr/share/gnome:/usr/local/share/:/usr/share/:/var/lib/snapd/desktop', 'PYTHONPATH': '/home/bot/ros2_ws/install/pose_printer/lib/python3.12/site-packages:/home/bot/ros2_ws/install/moveit_controls/lib/python3.12/site-packages:/opt/ros/jazzy/lib/python3.12/site-packages', 'COLCON': '1', 'MEMORY_PRESSURE_WRITE': 'c29tZSAyMDAwMDAgMjAwMDAwMAA=', 'VTE_VERSION': '7600', 'CMAKE_PREFIX_PATH': '/home/bot/ros2_ws/install/robotic_arm_v3_config:/home/bot/ros2_ws/install/robotic_arm_model_v3:/home/bot/ros2_ws/install/move_program:/home/bot/ros2_ws/install/cpp_pubsub:/opt/ros/jazzy/opt/gz_math_vendor:/opt/ros/jazzy/opt/gz_utils_vendor:/opt/ros/jazzy/opt/gz_cmake_vendor:/home/bot/ros2_ws/install/pose_printer:/home/bot/ros2_ws/install/moveit_controls:/opt/ros/jazzy'}), 'shell': False}
[15.438382] (-) TimerEvent: {}
[15.542453] (-) TimerEvent: {}
[15.643234] (-) TimerEvent: {}
[15.744039] (-) TimerEvent: {}
[15.817562] (robotic_arm_config) StdoutLine: {'line': b'-- The C compiler identification is GNU 13.3.0\n'}
[15.844819] (-) TimerEvent: {}
[15.946350] (-) TimerEvent: {}
[16.051491] (-) TimerEvent: {}
[16.152363] (-) TimerEvent: {}
[16.216204] (robotic_arm_config) StdoutLine: {'line': b'-- The CXX compiler identification is GNU 13.3.0\n'}
[16.252600] (-) TimerEvent: {}
[16.356284] (robotic_arm_config) StdoutLine: {'line': b'-- Detecting C compiler ABI info\n'}
[16.356912] (-) TimerEvent: {}
[16.460133] (-) TimerEvent: {}
[16.560925] (-) TimerEvent: {}
[16.665378] (-) TimerEvent: {}
[16.766149] (-) TimerEvent: {}
[16.867160] (-) TimerEvent: {}
[16.968141] (-) TimerEvent: {}
[17.071236] (-) TimerEvent: {}
[17.136493] (robotic_arm_config) StdoutLine: {'line': b'-- Detecting C compiler ABI info - done\n'}
[17.171467] (-) TimerEvent: {}
[17.185240] (robotic_arm_config) StdoutLine: {'line': b'-- Check for working C compiler: /usr/bin/cc - skipped\n'}
[17.188338] (robotic_arm_config) StdoutLine: {'line': b'-- Detecting C compile features\n'}
[17.195464] (robotic_arm_config) StdoutLine: {'line': b'-- Detecting C compile features - done\n'}
[17.221913] (pose_printer) Command: {'cmd': ['/usr/bin/python3', '-W', 'ignore:setup.py install is deprecated', '-W', 'ignore:easy_install command is deprecated', 'setup.py', 'egg_info', '--egg-base', '../../build/pose_printer', 'build', '--build-base', '/home/bot/ros2_ws/build/pose_printer/build', 'install', '--record', '/home/bot/ros2_ws/build/pose_printer/install.log', '--single-version-externally-managed', 'install_data'], 'cwd': '/home/bot/ros2_ws/src/pose_printer', 'env': {'LESSOPEN': '| /usr/bin/lesspipe %s', 'USER': 'bot', 'XDG_SESSION_TYPE': 'wayland', 'CLUTTER_DISABLE_MIPMAPPED_TEXT': '1', 'SHLVL': '1', 'LD_LIBRARY_PATH': '/opt/ros/jazzy/opt/rviz_ogre_vendor/lib:/opt/ros/jazzy/lib/aarch64-linux-gnu:/opt/ros/jazzy/opt/gz_math_vendor/lib:/opt/ros/jazzy/opt/gz_utils_vendor/lib:/opt/ros/jazzy/opt/gz_cmake_vendor/lib:/opt/ros/jazzy/lib', 'HOME': '/home/bot', 'OLDPWD': '/home/bot/ros2_ws', 'DESKTOP_SESSION': 'ubuntu', 'ROS_PYTHON_VERSION': '3', 'GNOME_SHELL_SESSION_MODE': 'ubuntu', 'GTK_MODULES': 'gail:atk-bridge', 'SYSTEMD_EXEC_PID': '2617', 'GSM_SKIP_SSH_AGENT_WORKAROUND': 'true', 'DBUS_SESSION_BUS_ADDRESS': 'unix:path=/run/user/1000/bus', 'COLORTERM': 'truecolor', 'DEBUGINFOD_URLS': 'https://debuginfod.ubuntu.com', 'IM_CONFIG_PHASE': '1', 'WAYLAND_DISPLAY': 'wayland-0', 'COLCON_PREFIX_PATH': '/home/bot/ros2_ws/install', 'ROS_DISTRO': 'jazzy', 'LOGNAME': 'bot', '_': '/usr/bin/colcon', 'ROS_VERSION': '2', 'MEMORY_PRESSURE_WATCH': '/sys/fs/cgroup/user.slice/user-1000.slice/user@1000.service/session.slice/org.gnome.Shell@wayland.service/memory.pressure', 'XDG_SESSION_CLASS': 'user', 'USERNAME': 'bot', 'TERM': 'xterm-256color', 'GNOME_DESKTOP_SESSION_ID': 'this-is-deprecated', 'PATH': '/opt/ros/jazzy/bin:/usr/local/sbin:/usr/local/bin:/usr/sbin:/usr/bin:/sbin:/bin:/usr/games:/usr/local/games:/snap/bin:/snap/bin', 'SESSION_MANAGER': 'local/bot-desktop:@/tmp/.ICE-unix/2578,unix/bot-desktop:/tmp/.ICE-unix/2578', 'XDG_MENU_PREFIX': 'gnome-', 'GNOME_TERMINAL_SCREEN': '/org/gnome/Terminal/screen/de76cddb_b4ae_43fd_97f5_18e99a9e050f', 'GNOME_SETUP_DISPLAY': ':1', 'XDG_RUNTIME_DIR': '/run/user/1000', 'DISPLAY': ':0', 'LANG': 'en_US.UTF-8', 'XDG_CURRENT_DESKTOP': 'ubuntu:GNOME', 'XMODIFIERS': '@im=ibus', 'XDG_SESSION_DESKTOP': 'ubuntu', 'XAUTHORITY': '/run/user/1000/.mutter-Xwaylandauth.MBRMI3', 'LS_COLORS': 'rs=0:di=01;34:ln=01;36:mh=00:pi=40;33:so=01;35:do=01;35:bd=40;33;01:cd=40;33;01:or=40;31;01:mi=00:su=37;41:sg=30;43:ca=00:tw=30;42:ow=34;42:st=37;44:ex=01;32:*.tar=01;31:*.tgz=01;31:*.arc=01;31:*.arj=01;31:*.taz=01;31:*.lha=01;31:*.lz4=01;31:*.lzh=01;31:*.lzma=01;31:*.tlz=01;31:*.txz=01;31:*.tzo=01;31:*.t7z=01;31:*.zip=01;31:*.z=01;31:*.dz=01;31:*.gz=01;31:*.lrz=01;31:*.lz=01;31:*.lzo=01;31:*.xz=01;31:*.zst=01;31:*.tzst=01;31:*.bz2=01;31:*.bz=01;31:*.tbz=01;31:*.tbz2=01;31:*.tz=01;31:*.deb=01;31:*.rpm=01;31:*.jar=01;31:*.war=01;31:*.ear=01;31:*.sar=01;31:*.rar=01;31:*.alz=01;31:*.ace=01;31:*.zoo=01;31:*.cpio=01;31:*.7z=01;31:*.rz=01;31:*.cab=01;31:*.wim=01;31:*.swm=01;31:*.dwm=01;31:*.esd=01;31:*.avif=01;35:*.jpg=01;35:*.jpeg=01;35:*.mjpg=01;35:*.mjpeg=01;35:*.gif=01;35:*.bmp=01;35:*.pbm=01;35:*.pgm=01;35:*.ppm=01;35:*.tga=01;35:*.xbm=01;35:*.xpm=01;35:*.tif=01;35:*.tiff=01;35:*.png=01;35:*.svg=01;35:*.svgz=01;35:*.mng=01;35:*.pcx=01;35:*.mov=01;35:*.mpg=01;35:*.mpeg=01;35:*.m2v=01;35:*.mkv=01;35:*.webm=01;35:*.webp=01;35:*.ogm=01;35:*.mp4=01;35:*.m4v=01;35:*.mp4v=01;35:*.vob=01;35:*.qt=01;35:*.nuv=01;35:*.wmv=01;35:*.asf=01;35:*.rm=01;35:*.rmvb=01;35:*.flc=01;35:*.avi=01;35:*.fli=01;35:*.flv=01;35:*.gl=01;35:*.dl=01;35:*.xcf=01;35:*.xwd=01;35:*.yuv=01;35:*.cgm=01;35:*.emf=01;35:*.ogv=01;35:*.ogx=01;35:*.aac=00;36:*.au=00;36:*.flac=00;36:*.m4a=00;36:*.mid=00;36:*.midi=00;36:*.mka=00;36:*.mp3=00;36:*.mpc=00;36:*.ogg=00;36:*.ra=00;36:*.wav=00;36:*.oga=00;36:*.opus=00;36:*.spx=00;36:*.xspf=00;36:*~=00;90:*#=00;90:*.bak=00;90:*.crdownload=00;90:*.dpkg-dist=00;90:*.dpkg-new=00;90:*.dpkg-old=00;90:*.dpkg-tmp=00;90:*.old=00;90:*.orig=00;90:*.part=00;90:*.rej=00;90:*.rpmnew=00;90:*.rpmorig=00;90:*.rpmsave=00;90:*.swp=00;90:*.tmp=00;90:*.ucf-dist=00;90:*.ucf-new=00;90:*.ucf-old=00;90:', 'GNOME_TERMINAL_SERVICE': ':1.119', 'SSH_AUTH_SOCK': '/run/user/1000/keyring/ssh', 'AMENT_PREFIX_PATH': '/home/bot/ros2_ws/install/robotic_arm_v3_config:/home/bot/ros2_ws/install/robotic_arm_model_v3:/home/bot/ros2_ws/install/pose_printer:/home/bot/ros2_ws/install/moveit_controls:/home/bot/ros2_ws/install/move_program:/home/bot/ros2_ws/install/cpp_pubsub:/opt/ros/jazzy', 'SHELL': '/bin/bash', 'QT_ACCESSIBILITY': '1', 'GDMSESSION': 'ubuntu', 'LESSCLOSE': '/usr/bin/lesspipe %s %s', 'ROS_AUTOMATIC_DISCOVERY_RANGE': 'SUBNET', 'QT_IM_MODULE': 'ibus', 'PWD': '/home/bot/ros2_ws/build/pose_printer', 'LC_ALL': 'en_US.UTF-8', 'XDG_CONFIG_DIRS': '/etc/xdg/xdg-ubuntu:/etc/xdg', 'XDG_DATA_DIRS': '/usr/share/ubuntu:/usr/share/gnome:/usr/local/share/:/usr/share/:/var/lib/snapd/desktop', 'PYTHONPATH': '/home/bot/ros2_ws/build/pose_printer/prefix_override:/usr/lib/python3/dist-packages/colcon_core/task/python/colcon_distutils_commands:/home/bot/ros2_ws/install/pose_printer/lib/python3.12/site-packages:/home/bot/ros2_ws/install/pose_printer/lib/python3.12/site-packages:/home/bot/ros2_ws/install/moveit_controls/lib/python3.12/site-packages:/opt/ros/jazzy/lib/python3.12/site-packages', 'COLCON': '1', 'MEMORY_PRESSURE_WRITE': 'c29tZSAyMDAwMDAgMjAwMDAwMAA=', 'VTE_VERSION': '7600', 'CMAKE_PREFIX_PATH': '/home/bot/ros2_ws/install/robotic_arm_v3_config:/home/bot/ros2_ws/install/robotic_arm_model_v3:/home/bot/ros2_ws/install/move_program:/home/bot/ros2_ws/install/cpp_pubsub:/opt/ros/jazzy/opt/gz_math_vendor:/opt/ros/jazzy/opt/gz_utils_vendor:/opt/ros/jazzy/opt/gz_cmake_vendor'}, 'shell': False}
[17.273760] (-) TimerEvent: {}
[17.277863] (robotic_arm_config) StdoutLine: {'line': b'-- Detecting CXX compiler ABI info\n'}
[17.375460] (-) TimerEvent: {}
[17.481165] (-) TimerEvent: {}
[17.582066] (-) TimerEvent: {}
[17.682916] (-) TimerEvent: {}
[17.785156] (-) TimerEvent: {}
[17.890172] (-) TimerEvent: {}
[17.898154] (move_program) StdoutLine: {'line': b'-- Found Boost: /usr/lib/aarch64-linux-gnu/cmake/Boost-1.83.0/BoostConfig.cmake (found version "1.83.0") found components: chrono date_time filesystem iostreams program_options regex serialization system thread \n'}
[18.000154] (-) TimerEvent: {}
[18.088126] (robotic_arm_config) StdoutLine: {'line': b'-- Detecting CXX compiler ABI info - done\n'}
[18.100330] (-) TimerEvent: {}
[18.160335] (robotic_arm_config) StdoutLine: {'line': b'-- Check for working CXX compiler: /usr/bin/c++ - skipped\n'}
[18.165244] (robotic_arm_config) StdoutLine: {'line': b'-- Detecting CXX compile features\n'}
[18.165784] (robotic_arm_config) StdoutLine: {'line': b'-- Detecting CXX compile features - done\n'}
[18.201018] (-) TimerEvent: {}
[18.204523] (robotic_arm_config) StdoutLine: {'line': b'-- Found ament_cmake: 2.5.4 (/opt/ros/jazzy/share/ament_cmake/cmake)\n'}
[18.302145] (-) TimerEvent: {}
[18.402922] (-) TimerEvent: {}
[18.506200] (-) TimerEvent: {}
[18.607102] (-) TimerEvent: {}
[18.708058] (-) TimerEvent: {}
[18.798236] (move_program) StdoutLine: {'line': b'-- Found parameter_traits: 0.5.0 (/opt/ros/jazzy/share/parameter_traits/cmake)\n'}
[18.815206] (-) TimerEvent: {}
[18.946160] (-) TimerEvent: {}
[19.047201] (-) TimerEvent: {}
[19.152257] (-) TimerEvent: {}
[19.220343] (move_program) StdoutLine: {'line': b'-- Found rclcpp_lifecycle: 28.1.13 (/opt/ros/jazzy/share/rclcpp_lifecycle/cmake)\n'}
[19.252520] (-) TimerEvent: {}
[19.294400] (robotic_arm_config) StdoutLine: {'line': b'-- Found Python3: /usr/bin/python3 (found version "3.12.3") found components: Interpreter \n'}
[19.355193] (-) TimerEvent: {}
[19.456093] (-) TimerEvent: {}
[19.561179] (-) TimerEvent: {}
[19.662141] (-) TimerEvent: {}
[19.719244] (pose_printer) StdoutLine: {'line': b'running egg_info\n'}
[19.727141] (pose_printer) StdoutLine: {'line': b'creating ../../build/pose_printer/pose_printer.egg-info\n'}
[19.764164] (-) TimerEvent: {}
[19.829383] (move_program) StdoutLine: {'line': b'-- Found Boost: /usr/lib/aarch64-linux-gnu/cmake/Boost-1.83.0/BoostConfig.cmake (found version "1.83.0") found components: filesystem \n'}
[19.869137] (-) TimerEvent: {}
[19.970245] (-) TimerEvent: {}
[20.074792] (-) TimerEvent: {}
[20.135584] (pose_printer) StdoutLine: {'line': b'writing ../../build/pose_printer/pose_printer.egg-info/PKG-INFO\n'}
[20.138582] (pose_printer) StdoutLine: {'line': b'writing dependency_links to ../../build/pose_printer/pose_printer.egg-info/dependency_links.txt\n'}
[20.139786] (pose_printer) StdoutLine: {'line': b'writing entry points to ../../build/pose_printer/pose_printer.egg-info/entry_points.txt\n'}
[20.140744] (pose_printer) StdoutLine: {'line': b'writing requirements to ../../build/pose_printer/pose_printer.egg-info/requires.txt\n'}
[20.145487] (pose_printer) StdoutLine: {'line': b'writing top-level names to ../../build/pose_printer/pose_printer.egg-info/top_level.txt\n'}
[20.146050] (pose_printer) StdoutLine: {'line': b"writing manifest file '../../build/pose_printer/pose_printer.egg-info/SOURCES.txt'\n"}
[20.176196] (-) TimerEvent: {}
[20.281123] (-) TimerEvent: {}
[20.382037] (-) TimerEvent: {}
[20.487296] (-) TimerEvent: {}
[20.588417] (-) TimerEvent: {}
[20.707156] (-) TimerEvent: {}
[20.808133] (-) TimerEvent: {}
[20.910091] (-) TimerEvent: {}
[20.981328] (pose_printer) StdoutLine: {'line': b"reading manifest file '../../build/pose_printer/pose_printer.egg-info/SOURCES.txt'\n"}
[20.982387] (pose_printer) StdoutLine: {'line': b"writing manifest file '../../build/pose_printer/pose_printer.egg-info/SOURCES.txt'\n"}
[20.987285] (pose_printer) StdoutLine: {'line': b'running build\n'}
[20.988101] (pose_printer) StdoutLine: {'line': b'running build_py\n'}
[20.994151] (pose_printer) StdoutLine: {'line': b'creating /home/bot/ros2_ws/build/pose_printer/build\n'}
[20.994862] (pose_printer) StdoutLine: {'line': b'creating /home/bot/ros2_ws/build/pose_printer/build/lib\n'}
[20.995658] (pose_printer) StdoutLine: {'line': b'creating /home/bot/ros2_ws/build/pose_printer/build/lib/pose_printer\n'}
[20.996229] (pose_printer) StdoutLine: {'line': b'copying pose_printer/__init__.py -> /home/bot/ros2_ws/build/pose_printer/build/lib/pose_printer\n'}
[21.000122] (pose_printer) StdoutLine: {'line': b'copying pose_printer/pose_printer_node.py -> /home/bot/ros2_ws/build/pose_printer/build/lib/pose_printer\n'}
[21.007661] (pose_printer) StdoutLine: {'line': b'running install\n'}
[21.014139] (-) TimerEvent: {}
[21.114841] (-) TimerEvent: {}
[21.161322] (move_program) StdoutLine: {'line': b'-- Found Eigen3: TRUE (found version "3.4.0") \n'}
[21.206520] (move_program) StdoutLine: {'line': b'-- Ensuring Eigen3 include directory is part of orocos-kdl CMake target\n'}
[21.207166] (pose_printer) StdoutLine: {'line': b'running install_lib\n'}
[21.223600] (-) TimerEvent: {}
[21.329762] (-) TimerEvent: {}
[21.430802] (-) TimerEvent: {}
[21.531895] (pose_printer) StdoutLine: {'line': b'creating /home/bot/ros2_ws/install/pose_printer/lib/python3.12/site-packages/pose_printer\n'}
[21.532677] (-) TimerEvent: {}
[21.539111] (pose_printer) StdoutLine: {'line': b'copying /home/bot/ros2_ws/build/pose_printer/build/lib/pose_printer/__init__.py -> /home/bot/ros2_ws/install/pose_printer/lib/python3.12/site-packages/pose_printer\n'}
[21.540067] (pose_printer) StdoutLine: {'line': b'copying /home/bot/ros2_ws/build/pose_printer/build/lib/pose_printer/pose_printer_node.py -> /home/bot/ros2_ws/install/pose_printer/lib/python3.12/site-packages/pose_printer\n'}
[21.552138] (pose_printer) StdoutLine: {'line': b'byte-compiling /home/bot/ros2_ws/install/pose_printer/lib/python3.12/site-packages/pose_printer/__init__.py to __init__.cpython-312.pyc\n'}
[21.560128] (pose_printer) StdoutLine: {'line': b'byte-compiling /home/bot/ros2_ws/install/pose_printer/lib/python3.12/site-packages/pose_printer/pose_printer_node.py to pose_printer_node.cpython-312.pyc\n'}
[21.572258] (pose_printer) StdoutLine: {'line': b'running install_data\n'}
[21.574207] (pose_printer) StdoutLine: {'line': b'creating /home/bot/ros2_ws/install/pose_printer/share/ament_index\n'}
[21.576851] (pose_printer) StdoutLine: {'line': b'creating /home/bot/ros2_ws/install/pose_printer/share/ament_index/resource_index\n'}
[21.579567] (pose_printer) StdoutLine: {'line': b'creating /home/bot/ros2_ws/install/pose_printer/share/ament_index/resource_index/packages\n'}
[21.580324] (pose_printer) StdoutLine: {'line': b'copying resource/pose_printer -> /home/bot/ros2_ws/install/pose_printer/share/ament_index/resource_index/packages\n'}
[21.584423] (pose_printer) StdoutLine: {'line': b'copying package.xml -> /home/bot/ros2_ws/install/pose_printer/share/pose_printer\n'}
[21.586242] (pose_printer) StdoutLine: {'line': b'running install_egg_info\n'}
[21.634874] (-) TimerEvent: {}
[21.740190] (-) TimerEvent: {}
[21.841169] (robotic_arm_config) StdoutLine: {'line': b'-- Configuring done (6.4s)\n'}
[21.841845] (-) TimerEvent: {}
[21.907846] (robotic_arm_config) StdoutLine: {'line': b'-- Generating done (0.0s)\n'}
[21.934315] (robotic_arm_config) StdoutLine: {'line': b'-- Build files have been written to: /home/bot/ros2_ws/build/robotic_arm_config\n'}
[21.947143] (-) TimerEvent: {}
[21.979443] (pose_printer) StdoutLine: {'line': b'Copying ../../build/pose_printer/pose_printer.egg-info to /home/bot/ros2_ws/install/pose_printer/lib/python3.12/site-packages/pose_printer-0.0.0-py3.12.egg-info\n'}
[21.992831] (pose_printer) StdoutLine: {'line': b'running install_scripts\n'}
[22.002217] (robotic_arm_config) CommandEnded: {'returncode': 0}
[22.015870] (robotic_arm_config) JobProgress: {'identifier': 'robotic_arm_config', 'progress': 'build'}
[22.016184] (robotic_arm_config) Command: {'cmd': ['/usr/bin/cmake', '--build', '/home/bot/ros2_ws/build/robotic_arm_config', '--', '-j4', '-l4'], 'cwd': '/home/bot/ros2_ws/build/robotic_arm_config', 'env': OrderedDict({'LESSOPEN': '| /usr/bin/lesspipe %s', 'USER': 'bot', 'XDG_SESSION_TYPE': 'wayland', 'CLUTTER_DISABLE_MIPMAPPED_TEXT': '1', 'SHLVL': '1', 'LD_LIBRARY_PATH': '/opt/ros/jazzy/opt/rviz_ogre_vendor/lib:/opt/ros/jazzy/lib/aarch64-linux-gnu:/opt/ros/jazzy/opt/gz_math_vendor/lib:/opt/ros/jazzy/opt/gz_utils_vendor/lib:/opt/ros/jazzy/opt/gz_cmake_vendor/lib:/opt/ros/jazzy/lib', 'HOME': '/home/bot', 'OLDPWD': '/home/bot/ros2_ws', 'DESKTOP_SESSION': 'ubuntu', 'ROS_PYTHON_VERSION': '3', 'GNOME_SHELL_SESSION_MODE': 'ubuntu', 'GTK_MODULES': 'gail:atk-bridge', 'SYSTEMD_EXEC_PID': '2617', 'GSM_SKIP_SSH_AGENT_WORKAROUND': 'true', 'DBUS_SESSION_BUS_ADDRESS': 'unix:path=/run/user/1000/bus', 'COLORTERM': 'truecolor', 'DEBUGINFOD_URLS': 'https://debuginfod.ubuntu.com', 'IM_CONFIG_PHASE': '1', 'WAYLAND_DISPLAY': 'wayland-0', 'COLCON_PREFIX_PATH': '/home/bot/ros2_ws/install', 'ROS_DISTRO': 'jazzy', 'LOGNAME': 'bot', '_': '/usr/bin/colcon', 'ROS_VERSION': '2', 'MEMORY_PRESSURE_WATCH': '/sys/fs/cgroup/user.slice/user-1000.slice/user@1000.service/session.slice/org.gnome.Shell@wayland.service/memory.pressure', 'XDG_SESSION_CLASS': 'user', 'USERNAME': 'bot', 'TERM': 'xterm-256color', 'GNOME_DESKTOP_SESSION_ID': 'this-is-deprecated', 'PATH': '/opt/ros/jazzy/bin:/usr/local/sbin:/usr/local/bin:/usr/sbin:/usr/bin:/sbin:/bin:/usr/games:/usr/local/games:/snap/bin:/snap/bin', 'SESSION_MANAGER': 'local/bot-desktop:@/tmp/.ICE-unix/2578,unix/bot-desktop:/tmp/.ICE-unix/2578', 'XDG_MENU_PREFIX': 'gnome-', 'GNOME_TERMINAL_SCREEN': '/org/gnome/Terminal/screen/de76cddb_b4ae_43fd_97f5_18e99a9e050f', 'GNOME_SETUP_DISPLAY': ':1', 'XDG_RUNTIME_DIR': '/run/user/1000', 'DISPLAY': ':0', 'LANG': 'en_US.UTF-8', 'XDG_CURRENT_DESKTOP': 'ubuntu:GNOME', 'XMODIFIERS': '@im=ibus', 'XDG_SESSION_DESKTOP': 'ubuntu', 'XAUTHORITY': '/run/user/1000/.mutter-Xwaylandauth.MBRMI3', 'LS_COLORS': 'rs=0:di=01;34:ln=01;36:mh=00:pi=40;33:so=01;35:do=01;35:bd=40;33;01:cd=40;33;01:or=40;31;01:mi=00:su=37;41:sg=30;43:ca=00:tw=30;42:ow=34;42:st=37;44:ex=01;32:*.tar=01;31:*.tgz=01;31:*.arc=01;31:*.arj=01;31:*.taz=01;31:*.lha=01;31:*.lz4=01;31:*.lzh=01;31:*.lzma=01;31:*.tlz=01;31:*.txz=01;31:*.tzo=01;31:*.t7z=01;31:*.zip=01;31:*.z=01;31:*.dz=01;31:*.gz=01;31:*.lrz=01;31:*.lz=01;31:*.lzo=01;31:*.xz=01;31:*.zst=01;31:*.tzst=01;31:*.bz2=01;31:*.bz=01;31:*.tbz=01;31:*.tbz2=01;31:*.tz=01;31:*.deb=01;31:*.rpm=01;31:*.jar=01;31:*.war=01;31:*.ear=01;31:*.sar=01;31:*.rar=01;31:*.alz=01;31:*.ace=01;31:*.zoo=01;31:*.cpio=01;31:*.7z=01;31:*.rz=01;31:*.cab=01;31:*.wim=01;31:*.swm=01;31:*.dwm=01;31:*.esd=01;31:*.avif=01;35:*.jpg=01;35:*.jpeg=01;35:*.mjpg=01;35:*.mjpeg=01;35:*.gif=01;35:*.bmp=01;35:*.pbm=01;35:*.pgm=01;35:*.ppm=01;35:*.tga=01;35:*.xbm=01;35:*.xpm=01;35:*.tif=01;35:*.tiff=01;35:*.png=01;35:*.svg=01;35:*.svgz=01;35:*.mng=01;35:*.pcx=01;35:*.mov=01;35:*.mpg=01;35:*.mpeg=01;35:*.m2v=01;35:*.mkv=01;35:*.webm=01;35:*.webp=01;35:*.ogm=01;35:*.mp4=01;35:*.m4v=01;35:*.mp4v=01;35:*.vob=01;35:*.qt=01;35:*.nuv=01;35:*.wmv=01;35:*.asf=01;35:*.rm=01;35:*.rmvb=01;35:*.flc=01;35:*.avi=01;35:*.fli=01;35:*.flv=01;35:*.gl=01;35:*.dl=01;35:*.xcf=01;35:*.xwd=01;35:*.yuv=01;35:*.cgm=01;35:*.emf=01;35:*.ogv=01;35:*.ogx=01;35:*.aac=00;36:*.au=00;36:*.flac=00;36:*.m4a=00;36:*.mid=00;36:*.midi=00;36:*.mka=00;36:*.mp3=00;36:*.mpc=00;36:*.ogg=00;36:*.ra=00;36:*.wav=00;36:*.oga=00;36:*.opus=00;36:*.spx=00;36:*.xspf=00;36:*~=00;90:*#=00;90:*.bak=00;90:*.crdownload=00;90:*.dpkg-dist=00;90:*.dpkg-new=00;90:*.dpkg-old=00;90:*.dpkg-tmp=00;90:*.old=00;90:*.orig=00;90:*.part=00;90:*.rej=00;90:*.rpmnew=00;90:*.rpmorig=00;90:*.rpmsave=00;90:*.swp=00;90:*.tmp=00;90:*.ucf-dist=00;90:*.ucf-new=00;90:*.ucf-old=00;90:', 'GNOME_TERMINAL_SERVICE': ':1.119', 'SSH_AUTH_SOCK': '/run/user/1000/keyring/ssh', 'AMENT_PREFIX_PATH': '/home/bot/ros2_ws/install/robotic_arm_v3_config:/home/bot/ros2_ws/install/robotic_arm_model_v3:/home/bot/ros2_ws/install/pose_printer:/home/bot/ros2_ws/install/moveit_controls:/home/bot/ros2_ws/install/move_program:/home/bot/ros2_ws/install/cpp_pubsub:/opt/ros/jazzy', 'SHELL': '/bin/bash', 'QT_ACCESSIBILITY': '1', 'GDMSESSION': 'ubuntu', 'LESSCLOSE': '/usr/bin/lesspipe %s %s', 'ROS_AUTOMATIC_DISCOVERY_RANGE': 'SUBNET', 'QT_IM_MODULE': 'ibus', 'PWD': '/home/bot/ros2_ws/build/robotic_arm_config', 'LC_ALL': 'en_US.UTF-8', 'XDG_CONFIG_DIRS': '/etc/xdg/xdg-ubuntu:/etc/xdg', 'XDG_DATA_DIRS': '/usr/share/ubuntu:/usr/share/gnome:/usr/local/share/:/usr/share/:/var/lib/snapd/desktop', 'PYTHONPATH': '/home/bot/ros2_ws/install/pose_printer/lib/python3.12/site-packages:/home/bot/ros2_ws/install/moveit_controls/lib/python3.12/site-packages:/opt/ros/jazzy/lib/python3.12/site-packages', 'COLCON': '1', 'MEMORY_PRESSURE_WRITE': 'c29tZSAyMDAwMDAgMjAwMDAwMAA=', 'VTE_VERSION': '7600', 'CMAKE_PREFIX_PATH': '/home/bot/ros2_ws/install/robotic_arm_v3_config:/home/bot/ros2_ws/install/robotic_arm_model_v3:/home/bot/ros2_ws/install/move_program:/home/bot/ros2_ws/install/cpp_pubsub:/opt/ros/jazzy/opt/gz_math_vendor:/opt/ros/jazzy/opt/gz_utils_vendor:/opt/ros/jazzy/opt/gz_cmake_vendor:/home/bot/ros2_ws/install/pose_printer:/home/bot/ros2_ws/install/moveit_controls:/opt/ros/jazzy'}), 'shell': False}
[22.048155] (-) TimerEvent: {}
[22.150554] (-) TimerEvent: {}
[22.253588] (-) TimerEvent: {}
[22.356190] (-) TimerEvent: {}
[22.450623] (robotic_arm_config) CommandEnded: {'returncode': 0}
[22.458953] (robotic_arm_config) JobProgress: {'identifier': 'robotic_arm_config', 'progress': 'install'}
[22.459272] (-) TimerEvent: {}
[22.463514] (robotic_arm_config) Command: {'cmd': ['/usr/bin/cmake', '--install', '/home/bot/ros2_ws/build/robotic_arm_config'], 'cwd': '/home/bot/ros2_ws/build/robotic_arm_config', 'env': OrderedDict({'LESSOPEN': '| /usr/bin/lesspipe %s', 'USER': 'bot', 'XDG_SESSION_TYPE': 'wayland', 'CLUTTER_DISABLE_MIPMAPPED_TEXT': '1', 'SHLVL': '1', 'LD_LIBRARY_PATH': '/opt/ros/jazzy/opt/rviz_ogre_vendor/lib:/opt/ros/jazzy/lib/aarch64-linux-gnu:/opt/ros/jazzy/opt/gz_math_vendor/lib:/opt/ros/jazzy/opt/gz_utils_vendor/lib:/opt/ros/jazzy/opt/gz_cmake_vendor/lib:/opt/ros/jazzy/lib', 'HOME': '/home/bot', 'OLDPWD': '/home/bot/ros2_ws', 'DESKTOP_SESSION': 'ubuntu', 'ROS_PYTHON_VERSION': '3', 'GNOME_SHELL_SESSION_MODE': 'ubuntu', 'GTK_MODULES': 'gail:atk-bridge', 'SYSTEMD_EXEC_PID': '2617', 'GSM_SKIP_SSH_AGENT_WORKAROUND': 'true', 'DBUS_SESSION_BUS_ADDRESS': 'unix:path=/run/user/1000/bus', 'COLORTERM': 'truecolor', 'DEBUGINFOD_URLS': 'https://debuginfod.ubuntu.com', 'IM_CONFIG_PHASE': '1', 'WAYLAND_DISPLAY': 'wayland-0', 'COLCON_PREFIX_PATH': '/home/bot/ros2_ws/install', 'ROS_DISTRO': 'jazzy', 'LOGNAME': 'bot', '_': '/usr/bin/colcon', 'ROS_VERSION': '2', 'MEMORY_PRESSURE_WATCH': '/sys/fs/cgroup/user.slice/user-1000.slice/user@1000.service/session.slice/org.gnome.Shell@wayland.service/memory.pressure', 'XDG_SESSION_CLASS': 'user', 'USERNAME': 'bot', 'TERM': 'xterm-256color', 'GNOME_DESKTOP_SESSION_ID': 'this-is-deprecated', 'PATH': '/opt/ros/jazzy/bin:/usr/local/sbin:/usr/local/bin:/usr/sbin:/usr/bin:/sbin:/bin:/usr/games:/usr/local/games:/snap/bin:/snap/bin', 'SESSION_MANAGER': 'local/bot-desktop:@/tmp/.ICE-unix/2578,unix/bot-desktop:/tmp/.ICE-unix/2578', 'XDG_MENU_PREFIX': 'gnome-', 'GNOME_TERMINAL_SCREEN': '/org/gnome/Terminal/screen/de76cddb_b4ae_43fd_97f5_18e99a9e050f', 'GNOME_SETUP_DISPLAY': ':1', 'XDG_RUNTIME_DIR': '/run/user/1000', 'DISPLAY': ':0', 'LANG': 'en_US.UTF-8', 'XDG_CURRENT_DESKTOP': 'ubuntu:GNOME', 'XMODIFIERS': '@im=ibus', 'XDG_SESSION_DESKTOP': 'ubuntu', 'XAUTHORITY': '/run/user/1000/.mutter-Xwaylandauth.MBRMI3', 'LS_COLORS': 'rs=0:di=01;34:ln=01;36:mh=00:pi=40;33:so=01;35:do=01;35:bd=40;33;01:cd=40;33;01:or=40;31;01:mi=00:su=37;41:sg=30;43:ca=00:tw=30;42:ow=34;42:st=37;44:ex=01;32:*.tar=01;31:*.tgz=01;31:*.arc=01;31:*.arj=01;31:*.taz=01;31:*.lha=01;31:*.lz4=01;31:*.lzh=01;31:*.lzma=01;31:*.tlz=01;31:*.txz=01;31:*.tzo=01;31:*.t7z=01;31:*.zip=01;31:*.z=01;31:*.dz=01;31:*.gz=01;31:*.lrz=01;31:*.lz=01;31:*.lzo=01;31:*.xz=01;31:*.zst=01;31:*.tzst=01;31:*.bz2=01;31:*.bz=01;31:*.tbz=01;31:*.tbz2=01;31:*.tz=01;31:*.deb=01;31:*.rpm=01;31:*.jar=01;31:*.war=01;31:*.ear=01;31:*.sar=01;31:*.rar=01;31:*.alz=01;31:*.ace=01;31:*.zoo=01;31:*.cpio=01;31:*.7z=01;31:*.rz=01;31:*.cab=01;31:*.wim=01;31:*.swm=01;31:*.dwm=01;31:*.esd=01;31:*.avif=01;35:*.jpg=01;35:*.jpeg=01;35:*.mjpg=01;35:*.mjpeg=01;35:*.gif=01;35:*.bmp=01;35:*.pbm=01;35:*.pgm=01;35:*.ppm=01;35:*.tga=01;35:*.xbm=01;35:*.xpm=01;35:*.tif=01;35:*.tiff=01;35:*.png=01;35:*.svg=01;35:*.svgz=01;35:*.mng=01;35:*.pcx=01;35:*.mov=01;35:*.mpg=01;35:*.mpeg=01;35:*.m2v=01;35:*.mkv=01;35:*.webm=01;35:*.webp=01;35:*.ogm=01;35:*.mp4=01;35:*.m4v=01;35:*.mp4v=01;35:*.vob=01;35:*.qt=01;35:*.nuv=01;35:*.wmv=01;35:*.asf=01;35:*.rm=01;35:*.rmvb=01;35:*.flc=01;35:*.avi=01;35:*.fli=01;35:*.flv=01;35:*.gl=01;35:*.dl=01;35:*.xcf=01;35:*.xwd=01;35:*.yuv=01;35:*.cgm=01;35:*.emf=01;35:*.ogv=01;35:*.ogx=01;35:*.aac=00;36:*.au=00;36:*.flac=00;36:*.m4a=00;36:*.mid=00;36:*.midi=00;36:*.mka=00;36:*.mp3=00;36:*.mpc=00;36:*.ogg=00;36:*.ra=00;36:*.wav=00;36:*.oga=00;36:*.opus=00;36:*.spx=00;36:*.xspf=00;36:*~=00;90:*#=00;90:*.bak=00;90:*.crdownload=00;90:*.dpkg-dist=00;90:*.dpkg-new=00;90:*.dpkg-old=00;90:*.dpkg-tmp=00;90:*.old=00;90:*.orig=00;90:*.part=00;90:*.rej=00;90:*.rpmnew=00;90:*.rpmorig=00;90:*.rpmsave=00;90:*.swp=00;90:*.tmp=00;90:*.ucf-dist=00;90:*.ucf-new=00;90:*.ucf-old=00;90:', 'GNOME_TERMINAL_SERVICE': ':1.119', 'SSH_AUTH_SOCK': '/run/user/1000/keyring/ssh', 'AMENT_PREFIX_PATH': '/home/bot/ros2_ws/install/robotic_arm_v3_config:/home/bot/ros2_ws/install/robotic_arm_model_v3:/home/bot/ros2_ws/install/pose_printer:/home/bot/ros2_ws/install/moveit_controls:/home/bot/ros2_ws/install/move_program:/home/bot/ros2_ws/install/cpp_pubsub:/opt/ros/jazzy', 'SHELL': '/bin/bash', 'QT_ACCESSIBILITY': '1', 'GDMSESSION': 'ubuntu', 'LESSCLOSE': '/usr/bin/lesspipe %s %s', 'ROS_AUTOMATIC_DISCOVERY_RANGE': 'SUBNET', 'QT_IM_MODULE': 'ibus', 'PWD': '/home/bot/ros2_ws/build/robotic_arm_config', 'LC_ALL': 'en_US.UTF-8', 'XDG_CONFIG_DIRS': '/etc/xdg/xdg-ubuntu:/etc/xdg', 'XDG_DATA_DIRS': '/usr/share/ubuntu:/usr/share/gnome:/usr/local/share/:/usr/share/:/var/lib/snapd/desktop', 'PYTHONPATH': '/home/bot/ros2_ws/install/pose_printer/lib/python3.12/site-packages:/home/bot/ros2_ws/install/moveit_controls/lib/python3.12/site-packages:/opt/ros/jazzy/lib/python3.12/site-packages', 'COLCON': '1', 'MEMORY_PRESSURE_WRITE': 'c29tZSAyMDAwMDAgMjAwMDAwMAA=', 'VTE_VERSION': '7600', 'CMAKE_PREFIX_PATH': '/home/bot/ros2_ws/install/robotic_arm_v3_config:/home/bot/ros2_ws/install/robotic_arm_model_v3:/home/bot/ros2_ws/install/move_program:/home/bot/ros2_ws/install/cpp_pubsub:/opt/ros/jazzy/opt/gz_math_vendor:/opt/ros/jazzy/opt/gz_utils_vendor:/opt/ros/jazzy/opt/gz_cmake_vendor:/home/bot/ros2_ws/install/pose_printer:/home/bot/ros2_ws/install/moveit_controls:/opt/ros/jazzy'}), 'shell': False}
[22.559571] (-) TimerEvent: {}
[22.663191] (-) TimerEvent: {}
[22.700908] (robotic_arm_config) StdoutLine: {'line': b'-- Install configuration: ""\n'}
[22.705213] (robotic_arm_config) StdoutLine: {'line': b'-- Installing: /home/bot/ros2_ws/install/robotic_arm_config/share/ament_index/resource_index/package_run_dependencies/robotic_arm_config\n'}
[22.708222] (robotic_arm_config) StdoutLine: {'line': b'-- Installing: /home/bot/ros2_ws/install/robotic_arm_config/share/ament_index/resource_index/parent_prefix_path/robotic_arm_config\n'}
[22.715184] (robotic_arm_config) StdoutLine: {'line': b'-- Installing: /home/bot/ros2_ws/install/robotic_arm_config/share/robotic_arm_config/environment/ament_prefix_path.sh\n'}
[22.717600] (robotic_arm_config) StdoutLine: {'line': b'-- Installing: /home/bot/ros2_ws/install/robotic_arm_config/share/robotic_arm_config/environment/ament_prefix_path.dsv\n'}
[22.720250] (robotic_arm_config) StdoutLine: {'line': b'-- Installing: /home/bot/ros2_ws/install/robotic_arm_config/share/robotic_arm_config/environment/path.sh\n'}
[22.724278] (robotic_arm_config) StdoutLine: {'line': b'-- Installing: /home/bot/ros2_ws/install/robotic_arm_config/share/robotic_arm_config/environment/path.dsv\n'}
[22.726161] (robotic_arm_config) StdoutLine: {'line': b'-- Installing: /home/bot/ros2_ws/install/robotic_arm_config/share/robotic_arm_config/local_setup.bash\n'}
[22.729850] (robotic_arm_config) StdoutLine: {'line': b'-- Installing: /home/bot/ros2_ws/install/robotic_arm_config/share/robotic_arm_config/local_setup.sh\n'}
[22.733650] (robotic_arm_config) StdoutLine: {'line': b'-- Installing: /home/bot/ros2_ws/install/robotic_arm_config/share/robotic_arm_config/local_setup.zsh\n'}
[22.739274] (robotic_arm_config) StdoutLine: {'line': b'-- Installing: /home/bot/ros2_ws/install/robotic_arm_config/share/robotic_arm_config/local_setup.dsv\n'}
[22.740094] (robotic_arm_config) StdoutLine: {'line': b'-- Installing: /home/bot/ros2_ws/install/robotic_arm_config/share/robotic_arm_config/package.dsv\n'}
[22.743391] (robotic_arm_config) StdoutLine: {'line': b'-- Installing: /home/bot/ros2_ws/install/robotic_arm_config/share/ament_index/resource_index/packages/robotic_arm_config\n'}
[22.753881] (robotic_arm_config) StdoutLine: {'line': b'-- Installing: /home/bot/ros2_ws/install/robotic_arm_config/share/robotic_arm_config/cmake/robotic_arm_configConfig.cmake\n'}
[22.754734] (robotic_arm_config) StdoutLine: {'line': b'-- Installing: /home/bot/ros2_ws/install/robotic_arm_config/share/robotic_arm_config/cmake/robotic_arm_configConfig-version.cmake\n'}
[22.759311] (robotic_arm_config) StdoutLine: {'line': b'-- Installing: /home/bot/ros2_ws/install/robotic_arm_config/share/robotic_arm_config/package.xml\n'}
[22.764218] (robotic_arm_config) StdoutLine: {'line': b'-- Installing: /home/bot/ros2_ws/install/robotic_arm_config/share/robotic_arm_config/launch\n'}
[22.765261] (-) TimerEvent: {}
[22.766088] (robotic_arm_config) StdoutLine: {'line': b'-- Installing: /home/bot/ros2_ws/install/robotic_arm_config/share/robotic_arm_config/launch/moveit_rviz.launch.py\n'}
[22.773200] (robotic_arm_config) StdoutLine: {'line': b'-- Installing: /home/bot/ros2_ws/install/robotic_arm_config/share/robotic_arm_config/launch/static_virtual_joint_tfs.launch.py\n'}
[22.774380] (robotic_arm_config) StdoutLine: {'line': b'-- Installing: /home/bot/ros2_ws/install/robotic_arm_config/share/robotic_arm_config/launch/setup_assistant.launch.py\n'}
[22.781228] (robotic_arm_config) StdoutLine: {'line': b'-- Installing: /home/bot/ros2_ws/install/robotic_arm_config/share/robotic_arm_config/launch/move_group.launch.py\n'}
[22.785408] (robotic_arm_config) StdoutLine: {'line': b'-- Installing: /home/bot/ros2_ws/install/robotic_arm_config/share/robotic_arm_config/launch/rsp.launch.py\n'}
[22.786177] (robotic_arm_config) StdoutLine: {'line': b'-- Installing: /home/bot/ros2_ws/install/robotic_arm_config/share/robotic_arm_config/launch/warehouse_db.launch.py\n'}
[22.796436] (robotic_arm_config) StdoutLine: {'line': b'-- Installing: /home/bot/ros2_ws/install/robotic_arm_config/share/robotic_arm_config/launch/spawn_controllers.launch.py\n'}
[22.802781] (robotic_arm_config) StdoutLine: {'line': b'-- Installing: /home/bot/ros2_ws/install/robotic_arm_config/share/robotic_arm_config/launch/demo.launch.py\n'}
[22.803783] (robotic_arm_config) StdoutLine: {'line': b'-- Installing: /home/bot/ros2_ws/install/robotic_arm_config/share/robotic_arm_config/config\n'}
[22.811187] (robotic_arm_config) StdoutLine: {'line': b'-- Installing: /home/bot/ros2_ws/install/robotic_arm_config/share/robotic_arm_config/config/robotic_arm.srdf\n'}
[22.812386] (robotic_arm_config) StdoutLine: {'line': b'-- Installing: /home/bot/ros2_ws/install/robotic_arm_config/share/robotic_arm_config/config/joint_limits.yaml\n'}
[22.814851] (robotic_arm_config) StdoutLine: {'line': b'-- Installing: /home/bot/ros2_ws/install/robotic_arm_config/share/robotic_arm_config/config/kinematics.yaml\n'}
[22.819304] (robotic_arm_config) StdoutLine: {'line': b'-- Installing: /home/bot/ros2_ws/install/robotic_arm_config/share/robotic_arm_config/config/initial_positions.yaml\n'}
[22.822551] (robotic_arm_config) StdoutLine: {'line': b'-- Installing: /home/bot/ros2_ws/install/robotic_arm_config/share/robotic_arm_config/config/robotic_arm.urdf.xacro\n'}
[22.827359] (robotic_arm_config) StdoutLine: {'line': b'-- Installing: /home/bot/ros2_ws/install/robotic_arm_config/share/robotic_arm_config/config/moveit_controllers.yaml\n'}
[22.830608] (robotic_arm_config) StdoutLine: {'line': b'-- Installing: /home/bot/ros2_ws/install/robotic_arm_config/share/robotic_arm_config/config/ros2_controllers.yaml\n'}
[22.834690] (robotic_arm_config) StdoutLine: {'line': b'-- Installing: /home/bot/ros2_ws/install/robotic_arm_config/share/robotic_arm_config/config/pilz_cartesian_limits.yaml\n'}
[22.839404] (robotic_arm_config) StdoutLine: {'line': b'-- Installing: /home/bot/ros2_ws/install/robotic_arm_config/share/robotic_arm_config/config/robotic_arm.ros2_control.xacro\n'}
[22.843482] (robotic_arm_config) StdoutLine: {'line': b'-- Installing: /home/bot/ros2_ws/install/robotic_arm_config/share/robotic_arm_config/config/moveit.rviz\n'}
[22.847241] (robotic_arm_config) StdoutLine: {'line': b'-- Installing: /home/bot/ros2_ws/install/robotic_arm_config/share/robotic_arm_config/.setup_assistant\n'}
[22.865754] (-) TimerEvent: {}
[22.887718] (robotic_arm_config) CommandEnded: {'returncode': 0}
[22.970357] (-) TimerEvent: {}
[23.064475] (robotic_arm_config) JobEnded: {'identifier': 'robotic_arm_config', 'rc': 0}
[23.077866] (-) TimerEvent: {}
[23.081245] (robotic_arm_moveit) JobStarted: {'identifier': 'robotic_arm_moveit'}
[23.170877] (robotic_arm_moveit) JobProgress: {'identifier': 'robotic_arm_moveit', 'progress': 'cmake'}
[23.175389] (robotic_arm_moveit) Command: {'cmd': ['/usr/bin/cmake', '/home/bot/ros2_ws/src/robotic_arm_moveit', '-DCMAKE_INSTALL_PREFIX=/home/bot/ros2_ws/install/robotic_arm_moveit'], 'cwd': '/home/bot/ros2_ws/build/robotic_arm_moveit', 'env': OrderedDict({'LESSOPEN': '| /usr/bin/lesspipe %s', 'USER': 'bot', 'XDG_SESSION_TYPE': 'wayland', 'CLUTTER_DISABLE_MIPMAPPED_TEXT': '1', 'SHLVL': '1', 'LD_LIBRARY_PATH': '/opt/ros/jazzy/opt/rviz_ogre_vendor/lib:/opt/ros/jazzy/lib/aarch64-linux-gnu:/opt/ros/jazzy/opt/gz_math_vendor/lib:/opt/ros/jazzy/opt/gz_utils_vendor/lib:/opt/ros/jazzy/opt/gz_cmake_vendor/lib:/opt/ros/jazzy/lib', 'HOME': '/home/bot', 'OLDPWD': '/home/bot/ros2_ws', 'DESKTOP_SESSION': 'ubuntu', 'ROS_PYTHON_VERSION': '3', 'GNOME_SHELL_SESSION_MODE': 'ubuntu', 'GTK_MODULES': 'gail:atk-bridge', 'SYSTEMD_EXEC_PID': '2617', 'GSM_SKIP_SSH_AGENT_WORKAROUND': 'true', 'DBUS_SESSION_BUS_ADDRESS': 'unix:path=/run/user/1000/bus', 'COLORTERM': 'truecolor', 'DEBUGINFOD_URLS': 'https://debuginfod.ubuntu.com', 'IM_CONFIG_PHASE': '1', 'WAYLAND_DISPLAY': 'wayland-0', 'COLCON_PREFIX_PATH': '/home/bot/ros2_ws/install', 'ROS_DISTRO': 'jazzy', 'LOGNAME': 'bot', '_': '/usr/bin/colcon', 'ROS_VERSION': '2', 'MEMORY_PRESSURE_WATCH': '/sys/fs/cgroup/user.slice/user-1000.slice/user@1000.service/session.slice/org.gnome.Shell@wayland.service/memory.pressure', 'XDG_SESSION_CLASS': 'user', 'USERNAME': 'bot', 'TERM': 'xterm-256color', 'GNOME_DESKTOP_SESSION_ID': 'this-is-deprecated', 'PATH': '/opt/ros/jazzy/bin:/usr/local/sbin:/usr/local/bin:/usr/sbin:/usr/bin:/sbin:/bin:/usr/games:/usr/local/games:/snap/bin:/snap/bin', 'SESSION_MANAGER': 'local/bot-desktop:@/tmp/.ICE-unix/2578,unix/bot-desktop:/tmp/.ICE-unix/2578', 'XDG_MENU_PREFIX': 'gnome-', 'GNOME_TERMINAL_SCREEN': '/org/gnome/Terminal/screen/de76cddb_b4ae_43fd_97f5_18e99a9e050f', 'GNOME_SETUP_DISPLAY': ':1', 'XDG_RUNTIME_DIR': '/run/user/1000', 'DISPLAY': ':0', 'LANG': 'en_US.UTF-8', 'XDG_CURRENT_DESKTOP': 'ubuntu:GNOME', 'XMODIFIERS': '@im=ibus', 'XDG_SESSION_DESKTOP': 'ubuntu', 'XAUTHORITY': '/run/user/1000/.mutter-Xwaylandauth.MBRMI3', 'LS_COLORS': 'rs=0:di=01;34:ln=01;36:mh=00:pi=40;33:so=01;35:do=01;35:bd=40;33;01:cd=40;33;01:or=40;31;01:mi=00:su=37;41:sg=30;43:ca=00:tw=30;42:ow=34;42:st=37;44:ex=01;32:*.tar=01;31:*.tgz=01;31:*.arc=01;31:*.arj=01;31:*.taz=01;31:*.lha=01;31:*.lz4=01;31:*.lzh=01;31:*.lzma=01;31:*.tlz=01;31:*.txz=01;31:*.tzo=01;31:*.t7z=01;31:*.zip=01;31:*.z=01;31:*.dz=01;31:*.gz=01;31:*.lrz=01;31:*.lz=01;31:*.lzo=01;31:*.xz=01;31:*.zst=01;31:*.tzst=01;31:*.bz2=01;31:*.bz=01;31:*.tbz=01;31:*.tbz2=01;31:*.tz=01;31:*.deb=01;31:*.rpm=01;31:*.jar=01;31:*.war=01;31:*.ear=01;31:*.sar=01;31:*.rar=01;31:*.alz=01;31:*.ace=01;31:*.zoo=01;31:*.cpio=01;31:*.7z=01;31:*.rz=01;31:*.cab=01;31:*.wim=01;31:*.swm=01;31:*.dwm=01;31:*.esd=01;31:*.avif=01;35:*.jpg=01;35:*.jpeg=01;35:*.mjpg=01;35:*.mjpeg=01;35:*.gif=01;35:*.bmp=01;35:*.pbm=01;35:*.pgm=01;35:*.ppm=01;35:*.tga=01;35:*.xbm=01;35:*.xpm=01;35:*.tif=01;35:*.tiff=01;35:*.png=01;35:*.svg=01;35:*.svgz=01;35:*.mng=01;35:*.pcx=01;35:*.mov=01;35:*.mpg=01;35:*.mpeg=01;35:*.m2v=01;35:*.mkv=01;35:*.webm=01;35:*.webp=01;35:*.ogm=01;35:*.mp4=01;35:*.m4v=01;35:*.mp4v=01;35:*.vob=01;35:*.qt=01;35:*.nuv=01;35:*.wmv=01;35:*.asf=01;35:*.rm=01;35:*.rmvb=01;35:*.flc=01;35:*.avi=01;35:*.fli=01;35:*.flv=01;35:*.gl=01;35:*.dl=01;35:*.xcf=01;35:*.xwd=01;35:*.yuv=01;35:*.cgm=01;35:*.emf=01;35:*.ogv=01;35:*.ogx=01;35:*.aac=00;36:*.au=00;36:*.flac=00;36:*.m4a=00;36:*.mid=00;36:*.midi=00;36:*.mka=00;36:*.mp3=00;36:*.mpc=00;36:*.ogg=00;36:*.ra=00;36:*.wav=00;36:*.oga=00;36:*.opus=00;36:*.spx=00;36:*.xspf=00;36:*~=00;90:*#=00;90:*.bak=00;90:*.crdownload=00;90:*.dpkg-dist=00;90:*.dpkg-new=00;90:*.dpkg-old=00;90:*.dpkg-tmp=00;90:*.old=00;90:*.orig=00;90:*.part=00;90:*.rej=00;90:*.rpmnew=00;90:*.rpmorig=00;90:*.rpmsave=00;90:*.swp=00;90:*.tmp=00;90:*.ucf-dist=00;90:*.ucf-new=00;90:*.ucf-old=00;90:', 'GNOME_TERMINAL_SERVICE': ':1.119', 'SSH_AUTH_SOCK': '/run/user/1000/keyring/ssh', 'AMENT_PREFIX_PATH': '/home/bot/ros2_ws/install/robotic_arm_v3_config:/home/bot/ros2_ws/install/robotic_arm_model_v3:/home/bot/ros2_ws/install/pose_printer:/home/bot/ros2_ws/install/moveit_controls:/home/bot/ros2_ws/install/move_program:/home/bot/ros2_ws/install/cpp_pubsub:/opt/ros/jazzy', 'SHELL': '/bin/bash', 'QT_ACCESSIBILITY': '1', 'GDMSESSION': 'ubuntu', 'LESSCLOSE': '/usr/bin/lesspipe %s %s', 'ROS_AUTOMATIC_DISCOVERY_RANGE': 'SUBNET', 'QT_IM_MODULE': 'ibus', 'PWD': '/home/bot/ros2_ws/build/robotic_arm_moveit', 'LC_ALL': 'en_US.UTF-8', 'XDG_CONFIG_DIRS': '/etc/xdg/xdg-ubuntu:/etc/xdg', 'XDG_DATA_DIRS': '/usr/share/ubuntu:/usr/share/gnome:/usr/local/share/:/usr/share/:/var/lib/snapd/desktop', 'PYTHONPATH': '/home/bot/ros2_ws/install/pose_printer/lib/python3.12/site-packages:/home/bot/ros2_ws/install/moveit_controls/lib/python3.12/site-packages:/opt/ros/jazzy/lib/python3.12/site-packages', 'COLCON': '1', 'MEMORY_PRESSURE_WRITE': 'c29tZSAyMDAwMDAgMjAwMDAwMAA=', 'VTE_VERSION': '7600', 'CMAKE_PREFIX_PATH': '/home/bot/ros2_ws/install/robotic_arm_v3_config:/home/bot/ros2_ws/install/robotic_arm_model_v3:/home/bot/ros2_ws/install/move_program:/home/bot/ros2_ws/install/cpp_pubsub:/opt/ros/jazzy/opt/gz_math_vendor:/opt/ros/jazzy/opt/gz_utils_vendor:/opt/ros/jazzy/opt/gz_cmake_vendor:/home/bot/ros2_ws/install/pose_printer:/home/bot/ros2_ws/install/moveit_controls:/opt/ros/jazzy'}), 'shell': False}
[23.187946] (-) TimerEvent: {}
[23.289209] (-) TimerEvent: {}
[23.399551] (-) TimerEvent: {}
[23.500517] (-) TimerEvent: {}
[23.601444] (-) TimerEvent: {}
[23.705529] (-) TimerEvent: {}
[23.810157] (-) TimerEvent: {}
[23.911112] (-) TimerEvent: {}
[23.974030] (robotic_arm_moveit) StdoutLine: {'line': b'-- The C compiler identification is GNU 13.3.0\n'}
[24.012160] (-) TimerEvent: {}
[24.117160] (-) TimerEvent: {}
[24.220142] (-) TimerEvent: {}
[24.324417] (-) TimerEvent: {}
[24.385534] (move_program) StdoutLine: {'line': b'-- Found Boost: /usr/lib/aarch64-linux-gnu/cmake/Boost-1.83.0/BoostConfig.cmake (found version "1.83.0") found components: system filesystem date_time program_options thread chrono \n'}
[24.428207] (-) TimerEvent: {}
[24.511255] (pose_printer) StdoutLine: {'line': b'Installing pose_printer script to /home/bot/ros2_ws/install/pose_printer/lib/pose_printer\n'}
[24.519241] (pose_printer) StdoutLine: {'line': b"writing list of installed files to '/home/bot/ros2_ws/build/pose_printer/install.log'\n"}
[24.528478] (-) TimerEvent: {}
[24.638237] (-) TimerEvent: {}
[24.739502] (-) TimerEvent: {}
[24.840680] (-) TimerEvent: {}
[24.861953] (robotic_arm_moveit) StdoutLine: {'line': b'-- The CXX compiler identification is GNU 13.3.0\n'}
[24.906758] (pose_printer) CommandEnded: {'returncode': 0}
[24.957230] (-) TimerEvent: {}
[25.011841] (pose_printer) JobEnded: {'identifier': 'pose_printer', 'rc': 0}
[25.018604] (robotic_arm_v3_config) JobStarted: {'identifier': 'robotic_arm_v3_config'}
[25.034363] (move_program) StdoutLine: {'line': b'-- Found Boost: /usr/lib/aarch64-linux-gnu/cmake/Boost-1.83.0/BoostConfig.cmake (found version "1.83.0") found components: thread system filesystem regex date_time program_options \n'}
[25.058567] (-) TimerEvent: {}
[25.064238] (robotic_arm_moveit) StdoutLine: {'line': b'-- Detecting C compiler ABI info\n'}
[25.110455] (robotic_arm_v3_config) JobProgress: {'identifier': 'robotic_arm_v3_config', 'progress': 'cmake'}
[25.118899] (robotic_arm_v3_config) Command: {'cmd': ['/usr/bin/cmake', '/home/bot/ros2_ws/src/robotic_arm_v3_config', '-DCMAKE_INSTALL_PREFIX=/home/bot/ros2_ws/install/robotic_arm_v3_config'], 'cwd': '/home/bot/ros2_ws/build/robotic_arm_v3_config', 'env': OrderedDict({'LESSOPEN': '| /usr/bin/lesspipe %s', 'USER': 'bot', 'XDG_SESSION_TYPE': 'wayland', 'CLUTTER_DISABLE_MIPMAPPED_TEXT': '1', 'SHLVL': '1', 'LD_LIBRARY_PATH': '/opt/ros/jazzy/opt/rviz_ogre_vendor/lib:/opt/ros/jazzy/lib/aarch64-linux-gnu:/opt/ros/jazzy/opt/gz_math_vendor/lib:/opt/ros/jazzy/opt/gz_utils_vendor/lib:/opt/ros/jazzy/opt/gz_cmake_vendor/lib:/opt/ros/jazzy/lib', 'HOME': '/home/bot', 'OLDPWD': '/home/bot/ros2_ws', 'DESKTOP_SESSION': 'ubuntu', 'ROS_PYTHON_VERSION': '3', 'GNOME_SHELL_SESSION_MODE': 'ubuntu', 'GTK_MODULES': 'gail:atk-bridge', 'SYSTEMD_EXEC_PID': '2617', 'GSM_SKIP_SSH_AGENT_WORKAROUND': 'true', 'DBUS_SESSION_BUS_ADDRESS': 'unix:path=/run/user/1000/bus', 'COLORTERM': 'truecolor', 'DEBUGINFOD_URLS': 'https://debuginfod.ubuntu.com', 'IM_CONFIG_PHASE': '1', 'WAYLAND_DISPLAY': 'wayland-0', 'COLCON_PREFIX_PATH': '/home/bot/ros2_ws/install', 'ROS_DISTRO': 'jazzy', 'LOGNAME': 'bot', '_': '/usr/bin/colcon', 'ROS_VERSION': '2', 'MEMORY_PRESSURE_WATCH': '/sys/fs/cgroup/user.slice/user-1000.slice/user@1000.service/session.slice/org.gnome.Shell@wayland.service/memory.pressure', 'XDG_SESSION_CLASS': 'user', 'USERNAME': 'bot', 'TERM': 'xterm-256color', 'GNOME_DESKTOP_SESSION_ID': 'this-is-deprecated', 'PATH': '/opt/ros/jazzy/bin:/usr/local/sbin:/usr/local/bin:/usr/sbin:/usr/bin:/sbin:/bin:/usr/games:/usr/local/games:/snap/bin:/snap/bin', 'SESSION_MANAGER': 'local/bot-desktop:@/tmp/.ICE-unix/2578,unix/bot-desktop:/tmp/.ICE-unix/2578', 'XDG_MENU_PREFIX': 'gnome-', 'GNOME_TERMINAL_SCREEN': '/org/gnome/Terminal/screen/de76cddb_b4ae_43fd_97f5_18e99a9e050f', 'GNOME_SETUP_DISPLAY': ':1', 'XDG_RUNTIME_DIR': '/run/user/1000', 'DISPLAY': ':0', 'LANG': 'en_US.UTF-8', 'XDG_CURRENT_DESKTOP': 'ubuntu:GNOME', 'XMODIFIERS': '@im=ibus', 'XDG_SESSION_DESKTOP': 'ubuntu', 'XAUTHORITY': '/run/user/1000/.mutter-Xwaylandauth.MBRMI3', 'LS_COLORS': 'rs=0:di=01;34:ln=01;36:mh=00:pi=40;33:so=01;35:do=01;35:bd=40;33;01:cd=40;33;01:or=40;31;01:mi=00:su=37;41:sg=30;43:ca=00:tw=30;42:ow=34;42:st=37;44:ex=01;32:*.tar=01;31:*.tgz=01;31:*.arc=01;31:*.arj=01;31:*.taz=01;31:*.lha=01;31:*.lz4=01;31:*.lzh=01;31:*.lzma=01;31:*.tlz=01;31:*.txz=01;31:*.tzo=01;31:*.t7z=01;31:*.zip=01;31:*.z=01;31:*.dz=01;31:*.gz=01;31:*.lrz=01;31:*.lz=01;31:*.lzo=01;31:*.xz=01;31:*.zst=01;31:*.tzst=01;31:*.bz2=01;31:*.bz=01;31:*.tbz=01;31:*.tbz2=01;31:*.tz=01;31:*.deb=01;31:*.rpm=01;31:*.jar=01;31:*.war=01;31:*.ear=01;31:*.sar=01;31:*.rar=01;31:*.alz=01;31:*.ace=01;31:*.zoo=01;31:*.cpio=01;31:*.7z=01;31:*.rz=01;31:*.cab=01;31:*.wim=01;31:*.swm=01;31:*.dwm=01;31:*.esd=01;31:*.avif=01;35:*.jpg=01;35:*.jpeg=01;35:*.mjpg=01;35:*.mjpeg=01;35:*.gif=01;35:*.bmp=01;35:*.pbm=01;35:*.pgm=01;35:*.ppm=01;35:*.tga=01;35:*.xbm=01;35:*.xpm=01;35:*.tif=01;35:*.tiff=01;35:*.png=01;35:*.svg=01;35:*.svgz=01;35:*.mng=01;35:*.pcx=01;35:*.mov=01;35:*.mpg=01;35:*.mpeg=01;35:*.m2v=01;35:*.mkv=01;35:*.webm=01;35:*.webp=01;35:*.ogm=01;35:*.mp4=01;35:*.m4v=01;35:*.mp4v=01;35:*.vob=01;35:*.qt=01;35:*.nuv=01;35:*.wmv=01;35:*.asf=01;35:*.rm=01;35:*.rmvb=01;35:*.flc=01;35:*.avi=01;35:*.fli=01;35:*.flv=01;35:*.gl=01;35:*.dl=01;35:*.xcf=01;35:*.xwd=01;35:*.yuv=01;35:*.cgm=01;35:*.emf=01;35:*.ogv=01;35:*.ogx=01;35:*.aac=00;36:*.au=00;36:*.flac=00;36:*.m4a=00;36:*.mid=00;36:*.midi=00;36:*.mka=00;36:*.mp3=00;36:*.mpc=00;36:*.ogg=00;36:*.ra=00;36:*.wav=00;36:*.oga=00;36:*.opus=00;36:*.spx=00;36:*.xspf=00;36:*~=00;90:*#=00;90:*.bak=00;90:*.crdownload=00;90:*.dpkg-dist=00;90:*.dpkg-new=00;90:*.dpkg-old=00;90:*.dpkg-tmp=00;90:*.old=00;90:*.orig=00;90:*.part=00;90:*.rej=00;90:*.rpmnew=00;90:*.rpmorig=00;90:*.rpmsave=00;90:*.swp=00;90:*.tmp=00;90:*.ucf-dist=00;90:*.ucf-new=00;90:*.ucf-old=00;90:', 'GNOME_TERMINAL_SERVICE': ':1.119', 'SSH_AUTH_SOCK': '/run/user/1000/keyring/ssh', 'AMENT_PREFIX_PATH': '/home/bot/ros2_ws/install/robotic_arm_v3_config:/home/bot/ros2_ws/install/robotic_arm_model_v3:/home/bot/ros2_ws/install/pose_printer:/home/bot/ros2_ws/install/moveit_controls:/home/bot/ros2_ws/install/move_program:/home/bot/ros2_ws/install/cpp_pubsub:/opt/ros/jazzy', 'SHELL': '/bin/bash', 'QT_ACCESSIBILITY': '1', 'GDMSESSION': 'ubuntu', 'LESSCLOSE': '/usr/bin/lesspipe %s %s', 'ROS_AUTOMATIC_DISCOVERY_RANGE': 'SUBNET', 'QT_IM_MODULE': 'ibus', 'PWD': '/home/bot/ros2_ws/build/robotic_arm_v3_config', 'LC_ALL': 'en_US.UTF-8', 'XDG_CONFIG_DIRS': '/etc/xdg/xdg-ubuntu:/etc/xdg', 'XDG_DATA_DIRS': '/usr/share/ubuntu:/usr/share/gnome:/usr/local/share/:/usr/share/:/var/lib/snapd/desktop', 'PYTHONPATH': '/home/bot/ros2_ws/install/pose_printer/lib/python3.12/site-packages:/home/bot/ros2_ws/install/moveit_controls/lib/python3.12/site-packages:/opt/ros/jazzy/lib/python3.12/site-packages', 'COLCON': '1', 'MEMORY_PRESSURE_WRITE': 'c29tZSAyMDAwMDAgMjAwMDAwMAA=', 'VTE_VERSION': '7600', 'CMAKE_PREFIX_PATH': '/home/bot/ros2_ws/install/robotic_arm_model_v3:/home/bot/ros2_ws/install/robotic_arm_v3_config:/home/bot/ros2_ws/install/move_program:/home/bot/ros2_ws/install/cpp_pubsub:/opt/ros/jazzy/opt/gz_math_vendor:/opt/ros/jazzy/opt/gz_utils_vendor:/opt/ros/jazzy/opt/gz_cmake_vendor:/home/bot/ros2_ws/install/pose_printer:/home/bot/ros2_ws/install/moveit_controls:/opt/ros/jazzy'}), 'shell': False}
[25.158862] (-) TimerEvent: {}
[25.262183] (-) TimerEvent: {}
[25.315657] (move_program) StdoutLine: {'line': b'-- Found Boost: /usr/lib/aarch64-linux-gnu/cmake/Boost-1.83.0/BoostConfig.cmake (found version "1.83.0") found components: system filesystem date_time program_options thread \n'}
[25.362520] (-) TimerEvent: {}
[25.465235] (-) TimerEvent: {}
[25.566303] (-) TimerEvent: {}
[25.670572] (-) TimerEvent: {}
[25.739032] (robotic_arm_v3_config) StdoutLine: {'line': b'-- The C compiler identification is GNU 13.3.0\n'}
[25.773241] (-) TimerEvent: {}
[25.874383] (-) TimerEvent: {}
[25.975215] (-) TimerEvent: {}
[26.078788] (-) TimerEvent: {}
[26.181679] (-) TimerEvent: {}
[26.277421] (robotic_arm_moveit) StdoutLine: {'line': b'-- Detecting C compiler ABI info - done\n'}
[26.282555] (-) TimerEvent: {}
[26.334037] (robotic_arm_moveit) StdoutLine: {'line': b'-- Check for working C compiler: /usr/bin/cc - skipped\n'}
[26.335102] (robotic_arm_moveit) StdoutLine: {'line': b'-- Detecting C compile features\n'}
[26.340202] (robotic_arm_moveit) StdoutLine: {'line': b'-- Detecting C compile features - done\n'}
[26.386198] (-) TimerEvent: {}
[26.487732] (-) TimerEvent: {}
[26.497201] (robotic_arm_moveit) StdoutLine: {'line': b'-- Detecting CXX compiler ABI info\n'}
[26.518262] (robotic_arm_v3_config) StdoutLine: {'line': b'-- The CXX compiler identification is GNU 13.3.0\n'}
[26.588075] (-) TimerEvent: {}
[26.689101] (-) TimerEvent: {}
[26.747613] (robotic_arm_v3_config) StdoutLine: {'line': b'-- Detecting C compiler ABI info\n'}
[26.790275] (-) TimerEvent: {}
[26.846250] (move_program) StdoutLine: {'line': b'-- Configuring done (26.5s)\n'}
[26.890968] (-) TimerEvent: {}
[26.997180] (-) TimerEvent: {}
[27.098176] (-) TimerEvent: {}
[27.200912] (-) TimerEvent: {}
[27.307168] (-) TimerEvent: {}
[27.408229] (-) TimerEvent: {}
[27.467420] (move_program) StdoutLine: {'line': b'-- Generating done (0.5s)\n'}
[27.508427] (-) TimerEvent: {}
[27.551263] (move_program) StdoutLine: {'line': b'-- Build files have been written to: /home/bot/ros2_ws/build/move_program\n'}
[27.611288] (-) TimerEvent: {}
[27.684183] (move_program) CommandEnded: {'returncode': 0}
[27.688877] (move_program) JobProgress: {'identifier': 'move_program', 'progress': 'build'}
[27.700123] (move_program) Command: {'cmd': ['/usr/bin/cmake', '--build', '/home/bot/ros2_ws/build/move_program', '--', '-j4', '-l4'], 'cwd': '/home/bot/ros2_ws/build/move_program', 'env': OrderedDict({'LESSOPEN': '| /usr/bin/lesspipe %s', 'USER': 'bot', 'XDG_SESSION_TYPE': 'wayland', 'CLUTTER_DISABLE_MIPMAPPED_TEXT': '1', 'SHLVL': '1', 'LD_LIBRARY_PATH': '/opt/ros/jazzy/opt/rviz_ogre_vendor/lib:/opt/ros/jazzy/lib/aarch64-linux-gnu:/opt/ros/jazzy/opt/gz_math_vendor/lib:/opt/ros/jazzy/opt/gz_utils_vendor/lib:/opt/ros/jazzy/opt/gz_cmake_vendor/lib:/opt/ros/jazzy/lib', 'HOME': '/home/bot', 'OLDPWD': '/home/bot/ros2_ws', 'DESKTOP_SESSION': 'ubuntu', 'ROS_PYTHON_VERSION': '3', 'GNOME_SHELL_SESSION_MODE': 'ubuntu', 'GTK_MODULES': 'gail:atk-bridge', 'SYSTEMD_EXEC_PID': '2617', 'GSM_SKIP_SSH_AGENT_WORKAROUND': 'true', 'DBUS_SESSION_BUS_ADDRESS': 'unix:path=/run/user/1000/bus', 'COLORTERM': 'truecolor', 'DEBUGINFOD_URLS': 'https://debuginfod.ubuntu.com', 'IM_CONFIG_PHASE': '1', 'WAYLAND_DISPLAY': 'wayland-0', 'COLCON_PREFIX_PATH': '/home/bot/ros2_ws/install', 'ROS_DISTRO': 'jazzy', 'LOGNAME': 'bot', '_': '/usr/bin/colcon', 'ROS_VERSION': '2', 'MEMORY_PRESSURE_WATCH': '/sys/fs/cgroup/user.slice/user-1000.slice/user@1000.service/session.slice/org.gnome.Shell@wayland.service/memory.pressure', 'XDG_SESSION_CLASS': 'user', 'USERNAME': 'bot', 'TERM': 'xterm-256color', 'GNOME_DESKTOP_SESSION_ID': 'this-is-deprecated', 'PATH': '/opt/ros/jazzy/bin:/usr/local/sbin:/usr/local/bin:/usr/sbin:/usr/bin:/sbin:/bin:/usr/games:/usr/local/games:/snap/bin:/snap/bin', 'SESSION_MANAGER': 'local/bot-desktop:@/tmp/.ICE-unix/2578,unix/bot-desktop:/tmp/.ICE-unix/2578', 'XDG_MENU_PREFIX': 'gnome-', 'GNOME_TERMINAL_SCREEN': '/org/gnome/Terminal/screen/de76cddb_b4ae_43fd_97f5_18e99a9e050f', 'GNOME_SETUP_DISPLAY': ':1', 'XDG_RUNTIME_DIR': '/run/user/1000', 'DISPLAY': ':0', 'LANG': 'en_US.UTF-8', 'XDG_CURRENT_DESKTOP': 'ubuntu:GNOME', 'XMODIFIERS': '@im=ibus', 'XDG_SESSION_DESKTOP': 'ubuntu', 'XAUTHORITY': '/run/user/1000/.mutter-Xwaylandauth.MBRMI3', 'LS_COLORS': 'rs=0:di=01;34:ln=01;36:mh=00:pi=40;33:so=01;35:do=01;35:bd=40;33;01:cd=40;33;01:or=40;31;01:mi=00:su=37;41:sg=30;43:ca=00:tw=30;42:ow=34;42:st=37;44:ex=01;32:*.tar=01;31:*.tgz=01;31:*.arc=01;31:*.arj=01;31:*.taz=01;31:*.lha=01;31:*.lz4=01;31:*.lzh=01;31:*.lzma=01;31:*.tlz=01;31:*.txz=01;31:*.tzo=01;31:*.t7z=01;31:*.zip=01;31:*.z=01;31:*.dz=01;31:*.gz=01;31:*.lrz=01;31:*.lz=01;31:*.lzo=01;31:*.xz=01;31:*.zst=01;31:*.tzst=01;31:*.bz2=01;31:*.bz=01;31:*.tbz=01;31:*.tbz2=01;31:*.tz=01;31:*.deb=01;31:*.rpm=01;31:*.jar=01;31:*.war=01;31:*.ear=01;31:*.sar=01;31:*.rar=01;31:*.alz=01;31:*.ace=01;31:*.zoo=01;31:*.cpio=01;31:*.7z=01;31:*.rz=01;31:*.cab=01;31:*.wim=01;31:*.swm=01;31:*.dwm=01;31:*.esd=01;31:*.avif=01;35:*.jpg=01;35:*.jpeg=01;35:*.mjpg=01;35:*.mjpeg=01;35:*.gif=01;35:*.bmp=01;35:*.pbm=01;35:*.pgm=01;35:*.ppm=01;35:*.tga=01;35:*.xbm=01;35:*.xpm=01;35:*.tif=01;35:*.tiff=01;35:*.png=01;35:*.svg=01;35:*.svgz=01;35:*.mng=01;35:*.pcx=01;35:*.mov=01;35:*.mpg=01;35:*.mpeg=01;35:*.m2v=01;35:*.mkv=01;35:*.webm=01;35:*.webp=01;35:*.ogm=01;35:*.mp4=01;35:*.m4v=01;35:*.mp4v=01;35:*.vob=01;35:*.qt=01;35:*.nuv=01;35:*.wmv=01;35:*.asf=01;35:*.rm=01;35:*.rmvb=01;35:*.flc=01;35:*.avi=01;35:*.fli=01;35:*.flv=01;35:*.gl=01;35:*.dl=01;35:*.xcf=01;35:*.xwd=01;35:*.yuv=01;35:*.cgm=01;35:*.emf=01;35:*.ogv=01;35:*.ogx=01;35:*.aac=00;36:*.au=00;36:*.flac=00;36:*.m4a=00;36:*.mid=00;36:*.midi=00;36:*.mka=00;36:*.mp3=00;36:*.mpc=00;36:*.ogg=00;36:*.ra=00;36:*.wav=00;36:*.oga=00;36:*.opus=00;36:*.spx=00;36:*.xspf=00;36:*~=00;90:*#=00;90:*.bak=00;90:*.crdownload=00;90:*.dpkg-dist=00;90:*.dpkg-new=00;90:*.dpkg-old=00;90:*.dpkg-tmp=00;90:*.old=00;90:*.orig=00;90:*.part=00;90:*.rej=00;90:*.rpmnew=00;90:*.rpmorig=00;90:*.rpmsave=00;90:*.swp=00;90:*.tmp=00;90:*.ucf-dist=00;90:*.ucf-new=00;90:*.ucf-old=00;90:', 'GNOME_TERMINAL_SERVICE': ':1.119', 'SSH_AUTH_SOCK': '/run/user/1000/keyring/ssh', 'AMENT_PREFIX_PATH': '/home/bot/ros2_ws/install/robotic_arm_v3_config:/home/bot/ros2_ws/install/robotic_arm_model_v3:/home/bot/ros2_ws/install/pose_printer:/home/bot/ros2_ws/install/moveit_controls:/home/bot/ros2_ws/install/move_program:/home/bot/ros2_ws/install/cpp_pubsub:/opt/ros/jazzy', 'SHELL': '/bin/bash', 'QT_ACCESSIBILITY': '1', 'GDMSESSION': 'ubuntu', 'LESSCLOSE': '/usr/bin/lesspipe %s %s', 'ROS_AUTOMATIC_DISCOVERY_RANGE': 'SUBNET', 'QT_IM_MODULE': 'ibus', 'PWD': '/home/bot/ros2_ws/build/move_program', 'LC_ALL': 'en_US.UTF-8', 'XDG_CONFIG_DIRS': '/etc/xdg/xdg-ubuntu:/etc/xdg', 'XDG_DATA_DIRS': '/usr/share/ubuntu:/usr/share/gnome:/usr/local/share/:/usr/share/:/var/lib/snapd/desktop', 'PYTHONPATH': '/home/bot/ros2_ws/install/pose_printer/lib/python3.12/site-packages:/home/bot/ros2_ws/install/moveit_controls/lib/python3.12/site-packages:/opt/ros/jazzy/lib/python3.12/site-packages', 'COLCON': '1', 'MEMORY_PRESSURE_WRITE': 'c29tZSAyMDAwMDAgMjAwMDAwMAA=', 'VTE_VERSION': '7600', 'CMAKE_PREFIX_PATH': '/home/bot/ros2_ws/install/robotic_arm_v3_config:/home/bot/ros2_ws/install/robotic_arm_model_v3:/home/bot/ros2_ws/install/move_program:/home/bot/ros2_ws/install/cpp_pubsub:/opt/ros/jazzy/opt/gz_math_vendor:/opt/ros/jazzy/opt/gz_utils_vendor:/opt/ros/jazzy/opt/gz_cmake_vendor:/home/bot/ros2_ws/install/pose_printer:/home/bot/ros2_ws/install/moveit_controls:/opt/ros/jazzy'}), 'shell': False}
[27.715169] (-) TimerEvent: {}
[27.817561] (-) TimerEvent: {}
[27.921183] (-) TimerEvent: {}
[28.022262] (-) TimerEvent: {}
[28.066721] (robotic_arm_moveit) StdoutLine: {'line': b'-- Detecting CXX compiler ABI info - done\n'}
[28.086328] (robotic_arm_v3_config) StdoutLine: {'line': b'-- Detecting C compiler ABI info - done\n'}
[28.124217] (-) TimerEvent: {}
[28.182564] (robotic_arm_moveit) StdoutLine: {'line': b'-- Check for working CXX compiler: /usr/bin/c++ - skipped\n'}
[28.184323] (robotic_arm_moveit) StdoutLine: {'line': b'-- Detecting CXX compile features\n'}
[28.187678] (robotic_arm_moveit) StdoutLine: {'line': b'-- Detecting CXX compile features - done\n'}
[28.191453] (robotic_arm_v3_config) StdoutLine: {'line': b'-- Check for working C compiler: /usr/bin/cc - skipped\n'}
[28.194352] (robotic_arm_v3_config) StdoutLine: {'line': b'-- Detecting C compile features\n'}
[28.197010] (robotic_arm_v3_config) StdoutLine: {'line': b'-- Detecting C compile features - done\n'}
[28.226926] (-) TimerEvent: {}
[28.277422] (robotic_arm_moveit) StdoutLine: {'line': b'-- Found ament_cmake: 2.5.4 (/opt/ros/jazzy/share/ament_cmake/cmake)\n'}
[28.311237] (robotic_arm_v3_config) StdoutLine: {'line': b'-- Detecting CXX compiler ABI info\n'}
[28.330384] (-) TimerEvent: {}
[28.431385] (-) TimerEvent: {}
[28.435242] (move_program) StdoutLine: {'line': b'[ 50%] \x1b[32mBuilding CXX object CMakeFiles/move_program.dir/src/move_program.cpp.o\x1b[0m\n'}
[28.536755] (-) TimerEvent: {}
[28.637864] (-) TimerEvent: {}
[28.739088] (-) TimerEvent: {}
[28.844269] (-) TimerEvent: {}
[28.948128] (-) TimerEvent: {}
[29.048947] (-) TimerEvent: {}
[29.152229] (-) TimerEvent: {}
[29.254174] (-) TimerEvent: {}
[29.358149] (-) TimerEvent: {}
[29.460167] (-) TimerEvent: {}
[29.561330] (-) TimerEvent: {}
[29.574265] (robotic_arm_v3_config) StdoutLine: {'line': b'-- Detecting CXX compiler ABI info - done\n'}
[29.664155] (-) TimerEvent: {}
[29.678388] (robotic_arm_v3_config) StdoutLine: {'line': b'-- Check for working CXX compiler: /usr/bin/c++ - skipped\n'}
[29.680859] (robotic_arm_v3_config) StdoutLine: {'line': b'-- Detecting CXX compile features\n'}
[29.691504] (robotic_arm_v3_config) StdoutLine: {'line': b'-- Detecting CXX compile features - done\n'}
[29.766169] (-) TimerEvent: {}
[29.783403] (robotic_arm_v3_config) StdoutLine: {'line': b'-- Found ament_cmake: 2.5.4 (/opt/ros/jazzy/share/ament_cmake/cmake)\n'}
[29.867118] (-) TimerEvent: {}
[29.957052] (robotic_arm_moveit) StdoutLine: {'line': b'-- Found Python3: /usr/bin/python3 (found version "3.12.3") found components: Interpreter \n'}
[29.970161] (-) TimerEvent: {}
[30.076160] (-) TimerEvent: {}
[30.182155] (-) TimerEvent: {}
[30.286137] (-) TimerEvent: {}
[30.405140] (-) TimerEvent: {}
[30.516159] (-) TimerEvent: {}
[30.619159] (-) TimerEvent: {}
[30.729018] (-) TimerEvent: {}
[30.845352] (-) TimerEvent: {}
[30.951206] (-) TimerEvent: {}
[31.054404] (-) TimerEvent: {}
[31.156164] (-) TimerEvent: {}
[31.259490] (-) TimerEvent: {}
[31.364561] (-) TimerEvent: {}
[31.468585] (-) TimerEvent: {}
[31.571800] (-) TimerEvent: {}
[31.677719] (-) TimerEvent: {}
[31.716345] (robotic_arm_moveit) StdoutLine: {'line': b'-- Found moveit_ros_planning_interface: 2.12.3 (/opt/ros/jazzy/share/moveit_ros_planning_interface/cmake)\n'}
[31.782155] (-) TimerEvent: {}
[31.888147] (-) TimerEvent: {}
[31.988911] (-) TimerEvent: {}
[32.084696] (robotic_arm_v3_config) StdoutLine: {'line': b'-- Found Python3: /usr/bin/python3 (found version "3.12.3") found components: Interpreter \n'}
[32.089193] (-) TimerEvent: {}
[32.191468] (-) TimerEvent: {}
[32.298204] (-) TimerEvent: {}
[32.404162] (-) TimerEvent: {}
[32.507169] (-) TimerEvent: {}
[32.608245] (-) TimerEvent: {}
[32.709731] (-) TimerEvent: {}
[32.813171] (-) TimerEvent: {}
[32.914145] (-) TimerEvent: {}
[33.015321] (-) TimerEvent: {}
[33.120167] (-) TimerEvent: {}
[33.221087] (-) TimerEvent: {}
[33.324702] (-) TimerEvent: {}
[33.430174] (-) TimerEvent: {}
[33.531322] (-) TimerEvent: {}
[33.573407] (robotic_arm_moveit) StdoutLine: {'line': b'-- Found Boost: /usr/lib/aarch64-linux-gnu/cmake/Boost-1.83.0/BoostConfig.cmake (found version "1.83.0") found components: date_time filesystem program_options system thread \n'}
[33.633158] (-) TimerEvent: {}
[33.736167] (-) TimerEvent: {}
[33.837154] (-) TimerEvent: {}
[33.938030] (-) TimerEvent: {}
[34.041153] (-) TimerEvent: {}
[34.149181] (-) TimerEvent: {}
[34.253197] (-) TimerEvent: {}
[34.375273] (-) TimerEvent: {}
[34.480260] (-) TimerEvent: {}
[34.489628] (robotic_arm_v3_config) StdoutLine: {'line': b'-- Configuring done (9.3s)\n'}
[34.556920] (robotic_arm_v3_config) StdoutLine: {'line': b'-- Generating done (0.0s)\n'}
[34.571212] (robotic_arm_v3_config) StdoutLine: {'line': b'-- Build files have been written to: /home/bot/ros2_ws/build/robotic_arm_v3_config\n'}
[34.575668] (robotic_arm_moveit) StdoutLine: {'line': b'-- Found rosidl_generator_c: 4.6.6 (/opt/ros/jazzy/share/rosidl_generator_c/cmake)\n'}
[34.583224] (-) TimerEvent: {}
[34.605408] (robotic_arm_v3_config) CommandEnded: {'returncode': 0}
[34.618453] (robotic_arm_v3_config) JobProgress: {'identifier': 'robotic_arm_v3_config', 'progress': 'build'}
[34.618644] (robotic_arm_v3_config) Command: {'cmd': ['/usr/bin/cmake', '--build', '/home/bot/ros2_ws/build/robotic_arm_v3_config', '--', '-j4', '-l4'], 'cwd': '/home/bot/ros2_ws/build/robotic_arm_v3_config', 'env': OrderedDict({'LESSOPEN': '| /usr/bin/lesspipe %s', 'USER': 'bot', 'XDG_SESSION_TYPE': 'wayland', 'CLUTTER_DISABLE_MIPMAPPED_TEXT': '1', 'SHLVL': '1', 'LD_LIBRARY_PATH': '/opt/ros/jazzy/opt/rviz_ogre_vendor/lib:/opt/ros/jazzy/lib/aarch64-linux-gnu:/opt/ros/jazzy/opt/gz_math_vendor/lib:/opt/ros/jazzy/opt/gz_utils_vendor/lib:/opt/ros/jazzy/opt/gz_cmake_vendor/lib:/opt/ros/jazzy/lib', 'HOME': '/home/bot', 'OLDPWD': '/home/bot/ros2_ws', 'DESKTOP_SESSION': 'ubuntu', 'ROS_PYTHON_VERSION': '3', 'GNOME_SHELL_SESSION_MODE': 'ubuntu', 'GTK_MODULES': 'gail:atk-bridge', 'SYSTEMD_EXEC_PID': '2617', 'GSM_SKIP_SSH_AGENT_WORKAROUND': 'true', 'DBUS_SESSION_BUS_ADDRESS': 'unix:path=/run/user/1000/bus', 'COLORTERM': 'truecolor', 'DEBUGINFOD_URLS': 'https://debuginfod.ubuntu.com', 'IM_CONFIG_PHASE': '1', 'WAYLAND_DISPLAY': 'wayland-0', 'COLCON_PREFIX_PATH': '/home/bot/ros2_ws/install', 'ROS_DISTRO': 'jazzy', 'LOGNAME': 'bot', '_': '/usr/bin/colcon', 'ROS_VERSION': '2', 'MEMORY_PRESSURE_WATCH': '/sys/fs/cgroup/user.slice/user-1000.slice/user@1000.service/session.slice/org.gnome.Shell@wayland.service/memory.pressure', 'XDG_SESSION_CLASS': 'user', 'USERNAME': 'bot', 'TERM': 'xterm-256color', 'GNOME_DESKTOP_SESSION_ID': 'this-is-deprecated', 'PATH': '/opt/ros/jazzy/bin:/usr/local/sbin:/usr/local/bin:/usr/sbin:/usr/bin:/sbin:/bin:/usr/games:/usr/local/games:/snap/bin:/snap/bin', 'SESSION_MANAGER': 'local/bot-desktop:@/tmp/.ICE-unix/2578,unix/bot-desktop:/tmp/.ICE-unix/2578', 'XDG_MENU_PREFIX': 'gnome-', 'GNOME_TERMINAL_SCREEN': '/org/gnome/Terminal/screen/de76cddb_b4ae_43fd_97f5_18e99a9e050f', 'GNOME_SETUP_DISPLAY': ':1', 'XDG_RUNTIME_DIR': '/run/user/1000', 'DISPLAY': ':0', 'LANG': 'en_US.UTF-8', 'XDG_CURRENT_DESKTOP': 'ubuntu:GNOME', 'XMODIFIERS': '@im=ibus', 'XDG_SESSION_DESKTOP': 'ubuntu', 'XAUTHORITY': '/run/user/1000/.mutter-Xwaylandauth.MBRMI3', 'LS_COLORS': 'rs=0:di=01;34:ln=01;36:mh=00:pi=40;33:so=01;35:do=01;35:bd=40;33;01:cd=40;33;01:or=40;31;01:mi=00:su=37;41:sg=30;43:ca=00:tw=30;42:ow=34;42:st=37;44:ex=01;32:*.tar=01;31:*.tgz=01;31:*.arc=01;31:*.arj=01;31:*.taz=01;31:*.lha=01;31:*.lz4=01;31:*.lzh=01;31:*.lzma=01;31:*.tlz=01;31:*.txz=01;31:*.tzo=01;31:*.t7z=01;31:*.zip=01;31:*.z=01;31:*.dz=01;31:*.gz=01;31:*.lrz=01;31:*.lz=01;31:*.lzo=01;31:*.xz=01;31:*.zst=01;31:*.tzst=01;31:*.bz2=01;31:*.bz=01;31:*.tbz=01;31:*.tbz2=01;31:*.tz=01;31:*.deb=01;31:*.rpm=01;31:*.jar=01;31:*.war=01;31:*.ear=01;31:*.sar=01;31:*.rar=01;31:*.alz=01;31:*.ace=01;31:*.zoo=01;31:*.cpio=01;31:*.7z=01;31:*.rz=01;31:*.cab=01;31:*.wim=01;31:*.swm=01;31:*.dwm=01;31:*.esd=01;31:*.avif=01;35:*.jpg=01;35:*.jpeg=01;35:*.mjpg=01;35:*.mjpeg=01;35:*.gif=01;35:*.bmp=01;35:*.pbm=01;35:*.pgm=01;35:*.ppm=01;35:*.tga=01;35:*.xbm=01;35:*.xpm=01;35:*.tif=01;35:*.tiff=01;35:*.png=01;35:*.svg=01;35:*.svgz=01;35:*.mng=01;35:*.pcx=01;35:*.mov=01;35:*.mpg=01;35:*.mpeg=01;35:*.m2v=01;35:*.mkv=01;35:*.webm=01;35:*.webp=01;35:*.ogm=01;35:*.mp4=01;35:*.m4v=01;35:*.mp4v=01;35:*.vob=01;35:*.qt=01;35:*.nuv=01;35:*.wmv=01;35:*.asf=01;35:*.rm=01;35:*.rmvb=01;35:*.flc=01;35:*.avi=01;35:*.fli=01;35:*.flv=01;35:*.gl=01;35:*.dl=01;35:*.xcf=01;35:*.xwd=01;35:*.yuv=01;35:*.cgm=01;35:*.emf=01;35:*.ogv=01;35:*.ogx=01;35:*.aac=00;36:*.au=00;36:*.flac=00;36:*.m4a=00;36:*.mid=00;36:*.midi=00;36:*.mka=00;36:*.mp3=00;36:*.mpc=00;36:*.ogg=00;36:*.ra=00;36:*.wav=00;36:*.oga=00;36:*.opus=00;36:*.spx=00;36:*.xspf=00;36:*~=00;90:*#=00;90:*.bak=00;90:*.crdownload=00;90:*.dpkg-dist=00;90:*.dpkg-new=00;90:*.dpkg-old=00;90:*.dpkg-tmp=00;90:*.old=00;90:*.orig=00;90:*.part=00;90:*.rej=00;90:*.rpmnew=00;90:*.rpmorig=00;90:*.rpmsave=00;90:*.swp=00;90:*.tmp=00;90:*.ucf-dist=00;90:*.ucf-new=00;90:*.ucf-old=00;90:', 'GNOME_TERMINAL_SERVICE': ':1.119', 'SSH_AUTH_SOCK': '/run/user/1000/keyring/ssh', 'AMENT_PREFIX_PATH': '/home/bot/ros2_ws/install/robotic_arm_v3_config:/home/bot/ros2_ws/install/robotic_arm_model_v3:/home/bot/ros2_ws/install/pose_printer:/home/bot/ros2_ws/install/moveit_controls:/home/bot/ros2_ws/install/move_program:/home/bot/ros2_ws/install/cpp_pubsub:/opt/ros/jazzy', 'SHELL': '/bin/bash', 'QT_ACCESSIBILITY': '1', 'GDMSESSION': 'ubuntu', 'LESSCLOSE': '/usr/bin/lesspipe %s %s', 'ROS_AUTOMATIC_DISCOVERY_RANGE': 'SUBNET', 'QT_IM_MODULE': 'ibus', 'PWD': '/home/bot/ros2_ws/build/robotic_arm_v3_config', 'LC_ALL': 'en_US.UTF-8', 'XDG_CONFIG_DIRS': '/etc/xdg/xdg-ubuntu:/etc/xdg', 'XDG_DATA_DIRS': '/usr/share/ubuntu:/usr/share/gnome:/usr/local/share/:/usr/share/:/var/lib/snapd/desktop', 'PYTHONPATH': '/home/bot/ros2_ws/install/pose_printer/lib/python3.12/site-packages:/home/bot/ros2_ws/install/moveit_controls/lib/python3.12/site-packages:/opt/ros/jazzy/lib/python3.12/site-packages', 'COLCON': '1', 'MEMORY_PRESSURE_WRITE': 'c29tZSAyMDAwMDAgMjAwMDAwMAA=', 'VTE_VERSION': '7600', 'CMAKE_PREFIX_PATH': '/home/bot/ros2_ws/install/robotic_arm_model_v3:/home/bot/ros2_ws/install/robotic_arm_v3_config:/home/bot/ros2_ws/install/move_program:/home/bot/ros2_ws/install/cpp_pubsub:/opt/ros/jazzy/opt/gz_math_vendor:/opt/ros/jazzy/opt/gz_utils_vendor:/opt/ros/jazzy/opt/gz_cmake_vendor:/home/bot/ros2_ws/install/pose_printer:/home/bot/ros2_ws/install/moveit_controls:/opt/ros/jazzy'}), 'shell': False}
[34.683494] (-) TimerEvent: {}
[34.788586] (-) TimerEvent: {}
[34.799651] (robotic_arm_moveit) StdoutLine: {'line': b'-- Found rosidl_generator_cpp: 4.6.6 (/opt/ros/jazzy/share/rosidl_generator_cpp/cmake)\n'}
[34.891164] (-) TimerEvent: {}
[34.981492] (robotic_arm_v3_config) CommandEnded: {'returncode': 0}
[34.986343] (robotic_arm_v3_config) JobProgress: {'identifier': 'robotic_arm_v3_config', 'progress': 'install'}
[34.987752] (robotic_arm_v3_config) Command: {'cmd': ['/usr/bin/cmake', '--install', '/home/bot/ros2_ws/build/robotic_arm_v3_config'], 'cwd': '/home/bot/ros2_ws/build/robotic_arm_v3_config', 'env': OrderedDict({'LESSOPEN': '| /usr/bin/lesspipe %s', 'USER': 'bot', 'XDG_SESSION_TYPE': 'wayland', 'CLUTTER_DISABLE_MIPMAPPED_TEXT': '1', 'SHLVL': '1', 'LD_LIBRARY_PATH': '/opt/ros/jazzy/opt/rviz_ogre_vendor/lib:/opt/ros/jazzy/lib/aarch64-linux-gnu:/opt/ros/jazzy/opt/gz_math_vendor/lib:/opt/ros/jazzy/opt/gz_utils_vendor/lib:/opt/ros/jazzy/opt/gz_cmake_vendor/lib:/opt/ros/jazzy/lib', 'HOME': '/home/bot', 'OLDPWD': '/home/bot/ros2_ws', 'DESKTOP_SESSION': 'ubuntu', 'ROS_PYTHON_VERSION': '3', 'GNOME_SHELL_SESSION_MODE': 'ubuntu', 'GTK_MODULES': 'gail:atk-bridge', 'SYSTEMD_EXEC_PID': '2617', 'GSM_SKIP_SSH_AGENT_WORKAROUND': 'true', 'DBUS_SESSION_BUS_ADDRESS': 'unix:path=/run/user/1000/bus', 'COLORTERM': 'truecolor', 'DEBUGINFOD_URLS': 'https://debuginfod.ubuntu.com', 'IM_CONFIG_PHASE': '1', 'WAYLAND_DISPLAY': 'wayland-0', 'COLCON_PREFIX_PATH': '/home/bot/ros2_ws/install', 'ROS_DISTRO': 'jazzy', 'LOGNAME': 'bot', '_': '/usr/bin/colcon', 'ROS_VERSION': '2', 'MEMORY_PRESSURE_WATCH': '/sys/fs/cgroup/user.slice/user-1000.slice/user@1000.service/session.slice/org.gnome.Shell@wayland.service/memory.pressure', 'XDG_SESSION_CLASS': 'user', 'USERNAME': 'bot', 'TERM': 'xterm-256color', 'GNOME_DESKTOP_SESSION_ID': 'this-is-deprecated', 'PATH': '/opt/ros/jazzy/bin:/usr/local/sbin:/usr/local/bin:/usr/sbin:/usr/bin:/sbin:/bin:/usr/games:/usr/local/games:/snap/bin:/snap/bin', 'SESSION_MANAGER': 'local/bot-desktop:@/tmp/.ICE-unix/2578,unix/bot-desktop:/tmp/.ICE-unix/2578', 'XDG_MENU_PREFIX': 'gnome-', 'GNOME_TERMINAL_SCREEN': '/org/gnome/Terminal/screen/de76cddb_b4ae_43fd_97f5_18e99a9e050f', 'GNOME_SETUP_DISPLAY': ':1', 'XDG_RUNTIME_DIR': '/run/user/1000', 'DISPLAY': ':0', 'LANG': 'en_US.UTF-8', 'XDG_CURRENT_DESKTOP': 'ubuntu:GNOME', 'XMODIFIERS': '@im=ibus', 'XDG_SESSION_DESKTOP': 'ubuntu', 'XAUTHORITY': '/run/user/1000/.mutter-Xwaylandauth.MBRMI3', 'LS_COLORS': 'rs=0:di=01;34:ln=01;36:mh=00:pi=40;33:so=01;35:do=01;35:bd=40;33;01:cd=40;33;01:or=40;31;01:mi=00:su=37;41:sg=30;43:ca=00:tw=30;42:ow=34;42:st=37;44:ex=01;32:*.tar=01;31:*.tgz=01;31:*.arc=01;31:*.arj=01;31:*.taz=01;31:*.lha=01;31:*.lz4=01;31:*.lzh=01;31:*.lzma=01;31:*.tlz=01;31:*.txz=01;31:*.tzo=01;31:*.t7z=01;31:*.zip=01;31:*.z=01;31:*.dz=01;31:*.gz=01;31:*.lrz=01;31:*.lz=01;31:*.lzo=01;31:*.xz=01;31:*.zst=01;31:*.tzst=01;31:*.bz2=01;31:*.bz=01;31:*.tbz=01;31:*.tbz2=01;31:*.tz=01;31:*.deb=01;31:*.rpm=01;31:*.jar=01;31:*.war=01;31:*.ear=01;31:*.sar=01;31:*.rar=01;31:*.alz=01;31:*.ace=01;31:*.zoo=01;31:*.cpio=01;31:*.7z=01;31:*.rz=01;31:*.cab=01;31:*.wim=01;31:*.swm=01;31:*.dwm=01;31:*.esd=01;31:*.avif=01;35:*.jpg=01;35:*.jpeg=01;35:*.mjpg=01;35:*.mjpeg=01;35:*.gif=01;35:*.bmp=01;35:*.pbm=01;35:*.pgm=01;35:*.ppm=01;35:*.tga=01;35:*.xbm=01;35:*.xpm=01;35:*.tif=01;35:*.tiff=01;35:*.png=01;35:*.svg=01;35:*.svgz=01;35:*.mng=01;35:*.pcx=01;35:*.mov=01;35:*.mpg=01;35:*.mpeg=01;35:*.m2v=01;35:*.mkv=01;35:*.webm=01;35:*.webp=01;35:*.ogm=01;35:*.mp4=01;35:*.m4v=01;35:*.mp4v=01;35:*.vob=01;35:*.qt=01;35:*.nuv=01;35:*.wmv=01;35:*.asf=01;35:*.rm=01;35:*.rmvb=01;35:*.flc=01;35:*.avi=01;35:*.fli=01;35:*.flv=01;35:*.gl=01;35:*.dl=01;35:*.xcf=01;35:*.xwd=01;35:*.yuv=01;35:*.cgm=01;35:*.emf=01;35:*.ogv=01;35:*.ogx=01;35:*.aac=00;36:*.au=00;36:*.flac=00;36:*.m4a=00;36:*.mid=00;36:*.midi=00;36:*.mka=00;36:*.mp3=00;36:*.mpc=00;36:*.ogg=00;36:*.ra=00;36:*.wav=00;36:*.oga=00;36:*.opus=00;36:*.spx=00;36:*.xspf=00;36:*~=00;90:*#=00;90:*.bak=00;90:*.crdownload=00;90:*.dpkg-dist=00;90:*.dpkg-new=00;90:*.dpkg-old=00;90:*.dpkg-tmp=00;90:*.old=00;90:*.orig=00;90:*.part=00;90:*.rej=00;90:*.rpmnew=00;90:*.rpmorig=00;90:*.rpmsave=00;90:*.swp=00;90:*.tmp=00;90:*.ucf-dist=00;90:*.ucf-new=00;90:*.ucf-old=00;90:', 'GNOME_TERMINAL_SERVICE': ':1.119', 'SSH_AUTH_SOCK': '/run/user/1000/keyring/ssh', 'AMENT_PREFIX_PATH': '/home/bot/ros2_ws/install/robotic_arm_v3_config:/home/bot/ros2_ws/install/robotic_arm_model_v3:/home/bot/ros2_ws/install/pose_printer:/home/bot/ros2_ws/install/moveit_controls:/home/bot/ros2_ws/install/move_program:/home/bot/ros2_ws/install/cpp_pubsub:/opt/ros/jazzy', 'SHELL': '/bin/bash', 'QT_ACCESSIBILITY': '1', 'GDMSESSION': 'ubuntu', 'LESSCLOSE': '/usr/bin/lesspipe %s %s', 'ROS_AUTOMATIC_DISCOVERY_RANGE': 'SUBNET', 'QT_IM_MODULE': 'ibus', 'PWD': '/home/bot/ros2_ws/build/robotic_arm_v3_config', 'LC_ALL': 'en_US.UTF-8', 'XDG_CONFIG_DIRS': '/etc/xdg/xdg-ubuntu:/etc/xdg', 'XDG_DATA_DIRS': '/usr/share/ubuntu:/usr/share/gnome:/usr/local/share/:/usr/share/:/var/lib/snapd/desktop', 'PYTHONPATH': '/home/bot/ros2_ws/install/pose_printer/lib/python3.12/site-packages:/home/bot/ros2_ws/install/moveit_controls/lib/python3.12/site-packages:/opt/ros/jazzy/lib/python3.12/site-packages', 'COLCON': '1', 'MEMORY_PRESSURE_WRITE': 'c29tZSAyMDAwMDAgMjAwMDAwMAA=', 'VTE_VERSION': '7600', 'CMAKE_PREFIX_PATH': '/home/bot/ros2_ws/install/robotic_arm_model_v3:/home/bot/ros2_ws/install/robotic_arm_v3_config:/home/bot/ros2_ws/install/move_program:/home/bot/ros2_ws/install/cpp_pubsub:/opt/ros/jazzy/opt/gz_math_vendor:/opt/ros/jazzy/opt/gz_utils_vendor:/opt/ros/jazzy/opt/gz_cmake_vendor:/home/bot/ros2_ws/install/pose_printer:/home/bot/ros2_ws/install/moveit_controls:/opt/ros/jazzy'}), 'shell': False}
[34.993941] (-) TimerEvent: {}
[35.019753] (robotic_arm_moveit) StdoutLine: {'line': b'-- Using all available rosidl_typesupport_c: rosidl_typesupport_fastrtps_c;rosidl_typesupport_introspection_c\n'}
[35.060220] (robotic_arm_v3_config) StdoutLine: {'line': b'-- Install configuration: ""\n'}
[35.064200] (robotic_arm_v3_config) StdoutLine: {'line': b'-- Installing: /home/bot/ros2_ws/install/robotic_arm_v3_config/share/ament_index/resource_index/package_run_dependencies/robotic_arm_v3_config\n'}
[35.067219] (robotic_arm_v3_config) StdoutLine: {'line': b'-- Installing: /home/bot/ros2_ws/install/robotic_arm_v3_config/share/ament_index/resource_index/parent_prefix_path/robotic_arm_v3_config\n'}
[35.072215] (robotic_arm_v3_config) StdoutLine: {'line': b'-- Installing: /home/bot/ros2_ws/install/robotic_arm_v3_config/share/robotic_arm_v3_config/environment/ament_prefix_path.sh\n'}
[35.073912] (robotic_arm_v3_config) StdoutLine: {'line': b'-- Installing: /home/bot/ros2_ws/install/robotic_arm_v3_config/share/robotic_arm_v3_config/environment/ament_prefix_path.dsv\n'}
[35.078184] (robotic_arm_v3_config) StdoutLine: {'line': b'-- Installing: /home/bot/ros2_ws/install/robotic_arm_v3_config/share/robotic_arm_v3_config/environment/path.sh\n'}
[35.081963] (robotic_arm_v3_config) StdoutLine: {'line': b'-- Installing: /home/bot/ros2_ws/install/robotic_arm_v3_config/share/robotic_arm_v3_config/environment/path.dsv\n'}
[35.083366] (robotic_arm_v3_config) StdoutLine: {'line': b'-- Installing: /home/bot/ros2_ws/install/robotic_arm_v3_config/share/robotic_arm_v3_config/local_setup.bash\n'}
[35.088166] (robotic_arm_v3_config) StdoutLine: {'line': b'-- Installing: /home/bot/ros2_ws/install/robotic_arm_v3_config/share/robotic_arm_v3_config/local_setup.sh\n'}
[35.089591] (robotic_arm_v3_config) StdoutLine: {'line': b'-- Installing: /home/bot/ros2_ws/install/robotic_arm_v3_config/share/robotic_arm_v3_config/local_setup.zsh\n'}
[35.093205] (robotic_arm_v3_config) StdoutLine: {'line': b'-- Installing: /home/bot/ros2_ws/install/robotic_arm_v3_config/share/robotic_arm_v3_config/local_setup.dsv\n'}
[35.094253] (-) TimerEvent: {}
[35.099476] (robotic_arm_v3_config) StdoutLine: {'line': b'-- Installing: /home/bot/ros2_ws/install/robotic_arm_v3_config/share/robotic_arm_v3_config/package.dsv\n'}
[35.108194] (robotic_arm_v3_config) StdoutLine: {'line': b'-- Installing: /home/bot/ros2_ws/install/robotic_arm_v3_config/share/ament_index/resource_index/packages/robotic_arm_v3_config\n'}
[35.115218] (robotic_arm_v3_config) StdoutLine: {'line': b'-- Installing: /home/bot/ros2_ws/install/robotic_arm_v3_config/share/robotic_arm_v3_config/cmake/robotic_arm_v3_configConfig.cmake\n'}
[35.116142] (robotic_arm_v3_config) StdoutLine: {'line': b'-- Installing: /home/bot/ros2_ws/install/robotic_arm_v3_config/share/robotic_arm_v3_config/cmake/robotic_arm_v3_configConfig-version.cmake\n'}
[35.120462] (robotic_arm_v3_config) StdoutLine: {'line': b'-- Installing: /home/bot/ros2_ws/install/robotic_arm_v3_config/share/robotic_arm_v3_config/package.xml\n'}
[35.126539] (robotic_arm_v3_config) StdoutLine: {'line': b'-- Installing: /home/bot/ros2_ws/install/robotic_arm_v3_config/share/robotic_arm_v3_config/launch\n'}
[35.129237] (robotic_arm_v3_config) StdoutLine: {'line': b'-- Installing: /home/bot/ros2_ws/install/robotic_arm_v3_config/share/robotic_arm_v3_config/launch/moveit_rviz.launch.py\n'}
[35.135288] (robotic_arm_v3_config) StdoutLine: {'line': b'-- Installing: /home/bot/ros2_ws/install/robotic_arm_v3_config/share/robotic_arm_v3_config/launch/static_virtual_joint_tfs.launch.py\n'}
[35.143084] (robotic_arm_v3_config) StdoutLine: {'line': b'-- Installing: /home/bot/ros2_ws/install/robotic_arm_v3_config/share/robotic_arm_v3_config/launch/setup_assistant.launch.py\n'}
[35.144152] (robotic_arm_v3_config) StdoutLine: {'line': b'-- Installing: /home/bot/ros2_ws/install/robotic_arm_v3_config/share/robotic_arm_v3_config/launch/move_group.launch.py\n'}
[35.161772] (robotic_arm_v3_config) StdoutLine: {'line': b'-- Installing: /home/bot/ros2_ws/install/robotic_arm_v3_config/share/robotic_arm_v3_config/launch/rsp.launch.py\n'}
[35.162777] (robotic_arm_v3_config) StdoutLine: {'line': b'-- Installing: /home/bot/ros2_ws/install/robotic_arm_v3_config/share/robotic_arm_v3_config/launch/warehouse_db.launch.py\n'}
[35.163827] (robotic_arm_v3_config) StdoutLine: {'line': b'-- Installing: /home/bot/ros2_ws/install/robotic_arm_v3_config/share/robotic_arm_v3_config/launch/spawn_controllers.launch.py\n'}
[35.164927] (robotic_arm_v3_config) StdoutLine: {'line': b'-- Installing: /home/bot/ros2_ws/install/robotic_arm_v3_config/share/robotic_arm_v3_config/launch/spawn_moveit\n'}
[35.173480] (robotic_arm_v3_config) StdoutLine: {'line': b'-- Installing: /home/bot/ros2_ws/install/robotic_arm_v3_config/share/robotic_arm_v3_config/launch/demo_with_controllers.launch.py\n'}
[35.180207] (robotic_arm_v3_config) StdoutLine: {'line': b'-- Installing: /home/bot/ros2_ws/install/robotic_arm_v3_config/share/robotic_arm_v3_config/launch/demo.launch.py\n'}
[35.184150] (robotic_arm_v3_config) StdoutLine: {'line': b'-- Installing: /home/bot/ros2_ws/install/robotic_arm_v3_config/share/robotic_arm_v3_config/config\n'}
[35.190154] (robotic_arm_v3_config) StdoutLine: {'line': b'-- Installing: /home/bot/ros2_ws/install/robotic_arm_v3_config/share/robotic_arm_v3_config/config/robotic_arm_model_v3.srdf\n'}
[35.197254] (robotic_arm_v3_config) StdoutLine: {'line': b'-- Installing: /home/bot/ros2_ws/install/robotic_arm_v3_config/share/robotic_arm_v3_config/config/joint_limits.yaml\n'}
[35.198609] (-) TimerEvent: {}
[35.201932] (robotic_arm_v3_config) StdoutLine: {'line': b'-- Installing: /home/bot/ros2_ws/install/robotic_arm_v3_config/share/robotic_arm_v3_config/config/ros_gz_bridge.yaml\n'}
[35.209242] (robotic_arm_v3_config) StdoutLine: {'line': b'-- Installing: /home/bot/ros2_ws/install/robotic_arm_v3_config/share/robotic_arm_v3_config/config/kinematics.yaml\n'}
[35.210016] (robotic_arm_v3_config) StdoutLine: {'line': b'-- Installing: /home/bot/ros2_ws/install/robotic_arm_v3_config/share/robotic_arm_v3_config/config/initial_positions.yaml\n'}
[35.221309] (robotic_arm_v3_config) StdoutLine: {'line': b'-- Installing: /home/bot/ros2_ws/install/robotic_arm_v3_config/share/robotic_arm_v3_config/config/bridge.yaml\n'}
[35.227205] (robotic_arm_v3_config) StdoutLine: {'line': b'-- Installing: /home/bot/ros2_ws/install/robotic_arm_v3_config/share/robotic_arm_v3_config/config/robotic_arm_model_v3.ros2_control.xacro\n'}
[35.229940] (robotic_arm_v3_config) StdoutLine: {'line': b'-- Installing: /home/bot/ros2_ws/install/robotic_arm_v3_config/share/robotic_arm_v3_config/config/moveit_controllers.yaml\n'}
[35.238067] (robotic_arm_v3_config) StdoutLine: {'line': b'-- Installing: /home/bot/ros2_ws/install/robotic_arm_v3_config/share/robotic_arm_v3_config/config/ros2_controllers.yaml\n'}
[35.239589] (robotic_arm_v3_config) StdoutLine: {'line': b'-- Installing: /home/bot/ros2_ws/install/robotic_arm_v3_config/share/robotic_arm_v3_config/config/pilz_cartesian_limits.yaml\n'}
[35.247218] (robotic_arm_v3_config) StdoutLine: {'line': b'-- Installing: /home/bot/ros2_ws/install/robotic_arm_v3_config/share/robotic_arm_v3_config/config/moveit.rviz\n'}
[35.253191] (robotic_arm_v3_config) StdoutLine: {'line': b'-- Installing: /home/bot/ros2_ws/install/robotic_arm_v3_config/share/robotic_arm_v3_config/config/robotic_arm_model_v3.urdf.xacro\n'}
[35.254426] (robotic_arm_moveit) StdoutLine: {'line': b'-- Using all available rosidl_typesupport_cpp: rosidl_typesupport_fastrtps_cpp;rosidl_typesupport_introspection_cpp\n'}
[35.261197] (robotic_arm_v3_config) StdoutLine: {'line': b'-- Installing: /home/bot/ros2_ws/install/robotic_arm_v3_config/share/robotic_arm_v3_config/.setup_assistant\n'}
[35.279412] (robotic_arm_v3_config) CommandEnded: {'returncode': 0}
[35.300689] (-) TimerEvent: {}
[35.401726] (-) TimerEvent: {}
[35.482511] (robotic_arm_v3_config) JobEnded: {'identifier': 'robotic_arm_v3_config', 'rc': 0}
[35.505685] (-) TimerEvent: {}
[35.606727] (-) TimerEvent: {}
[35.708103] (-) TimerEvent: {}
[35.809202] (-) TimerEvent: {}
[35.917472] (-) TimerEvent: {}
[36.021623] (-) TimerEvent: {}
[36.122715] (-) TimerEvent: {}
[36.226456] (-) TimerEvent: {}
[36.327539] (-) TimerEvent: {}
[36.431651] (-) TimerEvent: {}
[36.535700] (-) TimerEvent: {}
[36.639496] (-) TimerEvent: {}
[36.740563] (-) TimerEvent: {}
[36.846841] (-) TimerEvent: {}
[36.949180] (-) TimerEvent: {}
[37.050188] (-) TimerEvent: {}
[37.151253] (-) TimerEvent: {}
[37.255601] (-) TimerEvent: {}
[37.364506] (-) TimerEvent: {}
[37.465572] (-) TimerEvent: {}
[37.571279] (-) TimerEvent: {}
[37.677210] (-) TimerEvent: {}
[37.787486] (-) TimerEvent: {}
[37.888648] (-) TimerEvent: {}
[37.991849] (-) TimerEvent: {}
[38.095505] (-) TimerEvent: {}
[38.206656] (-) TimerEvent: {}
[38.307644] (-) TimerEvent: {}
[38.412634] (-) TimerEvent: {}
[38.514154] (-) TimerEvent: {}
[38.616166] (-) TimerEvent: {}
[38.719564] (-) TimerEvent: {}
[38.820500] (-) TimerEvent: {}
[38.908877] (robotic_arm_moveit) StdoutLine: {'line': b'-- Found Boost: /usr/lib/aarch64-linux-gnu/cmake/Boost-1.83.0/BoostConfig.cmake (found version "1.83.0") found components: chrono date_time filesystem iostreams program_options regex serialization system thread \n'}
[38.922160] (-) TimerEvent: {}
[39.023117] (-) TimerEvent: {}
[39.126600] (-) TimerEvent: {}
[39.229247] (-) TimerEvent: {}
[39.337209] (-) TimerEvent: {}
[39.440147] (-) TimerEvent: {}
[39.540927] (-) TimerEvent: {}
[39.641944] (-) TimerEvent: {}
[39.742965] (-) TimerEvent: {}
[39.843766] (-) TimerEvent: {}
[39.944672] (-) TimerEvent: {}
[40.045889] (-) TimerEvent: {}
[40.146820] (-) TimerEvent: {}
[40.247751] (-) TimerEvent: {}
[40.348928] (-) TimerEvent: {}
[40.449780] (-) TimerEvent: {}
[40.557269] (-) TimerEvent: {}
[40.664306] (-) TimerEvent: {}
[40.768151] (-) TimerEvent: {}
[40.877510] (-) TimerEvent: {}
[40.979098] (-) TimerEvent: {}
[41.081166] (-) TimerEvent: {}
[41.188148] (-) TimerEvent: {}
[41.293188] (-) TimerEvent: {}
[41.403159] (-) TimerEvent: {}
[41.512876] (-) TimerEvent: {}
[41.617504] (-) TimerEvent: {}
[41.712950] (robotic_arm_moveit) StdoutLine: {'line': b'-- Found parameter_traits: 0.5.0 (/opt/ros/jazzy/share/parameter_traits/cmake)\n'}
[41.720167] (-) TimerEvent: {}
[41.824166] (-) TimerEvent: {}
[41.925011] (-) TimerEvent: {}
[42.032155] (-) TimerEvent: {}
[42.136226] (-) TimerEvent: {}
[42.237179] (-) TimerEvent: {}
[42.353166] (-) TimerEvent: {}
[42.454048] (-) TimerEvent: {}
[42.556227] (-) TimerEvent: {}
[42.657155] (-) TimerEvent: {}
[42.758027] (-) TimerEvent: {}
[42.860166] (-) TimerEvent: {}
[42.912207] (robotic_arm_moveit) StdoutLine: {'line': b'-- Found rmw_implementation_cmake: 7.3.2 (/opt/ros/jazzy/share/rmw_implementation_cmake/cmake)\n'}
[42.960460] (-) TimerEvent: {}
[42.994220] (robotic_arm_moveit) StdoutLine: {'line': b'-- Found rmw_fastrtps_cpp: 8.4.3 (/opt/ros/jazzy/share/rmw_fastrtps_cpp/cmake)\n'}
[43.060704] (-) TimerEvent: {}
[43.161651] (-) TimerEvent: {}
[43.265153] (-) TimerEvent: {}
[43.366509] (-) TimerEvent: {}
[43.477346] (-) TimerEvent: {}
[43.580226] (-) TimerEvent: {}
[43.681614] (-) TimerEvent: {}
[43.782456] (-) TimerEvent: {}
[43.883269] (-) TimerEvent: {}
[43.984079] (-) TimerEvent: {}
[44.086184] (-) TimerEvent: {}
[44.187029] (-) TimerEvent: {}
[44.288162] (-) TimerEvent: {}
[44.391600] (-) TimerEvent: {}
[44.492518] (-) TimerEvent: {}
[44.596264] (-) TimerEvent: {}
[44.697494] (-) TimerEvent: {}
[44.801166] (-) TimerEvent: {}
[44.902150] (-) TimerEvent: {}
[45.003422] (-) TimerEvent: {}
[45.089957] (robotic_arm_moveit) StdoutLine: {'line': b'-- Found OpenSSL: /usr/lib/aarch64-linux-gnu/libcrypto.so (found version "3.0.13")  \n'}
[45.103735] (-) TimerEvent: {}
[45.206114] (-) TimerEvent: {}
[45.217231] (robotic_arm_moveit) StdoutLine: {'line': b'-- Found FastRTPS: /opt/ros/jazzy/include (Required is at least version "2.13") \n'}
[45.306356] (-) TimerEvent: {}
[45.412580] (-) TimerEvent: {}
[45.460532] (robotic_arm_moveit) StdoutLine: {'line': b"-- Using RMW implementation 'rmw_fastrtps_cpp' as default\n"}
[45.512934] (-) TimerEvent: {}
[45.615067] (-) TimerEvent: {}
[45.717558] (-) TimerEvent: {}
[45.823665] (-) TimerEvent: {}
[45.924708] (-) TimerEvent: {}
[46.025811] (-) TimerEvent: {}
[46.128673] (-) TimerEvent: {}
[46.231698] (-) TimerEvent: {}
[46.341486] (-) TimerEvent: {}
[46.442488] (-) TimerEvent: {}
[46.554637] (-) TimerEvent: {}
[46.633295] (robotic_arm_moveit) StdoutLine: {'line': b'-- Found rclcpp_lifecycle: 28.1.13 (/opt/ros/jazzy/share/rclcpp_lifecycle/cmake)\n'}
[46.654937] (-) TimerEvent: {}
[46.761184] (-) TimerEvent: {}
[46.865202] (-) TimerEvent: {}
[46.966640] (-) TimerEvent: {}
[47.069171] (-) TimerEvent: {}
[47.172785] (-) TimerEvent: {}
[47.278590] (-) TimerEvent: {}
[47.384699] (-) TimerEvent: {}
[47.400619] (robotic_arm_moveit) StdoutLine: {'line': b'-- Found Boost: /usr/lib/aarch64-linux-gnu/cmake/Boost-1.83.0/BoostConfig.cmake (found version "1.83.0") found components: filesystem \n'}
[47.489178] (-) TimerEvent: {}
[47.590167] (-) TimerEvent: {}
[47.691036] (-) TimerEvent: {}
[47.793607] (-) TimerEvent: {}
[47.898278] (-) TimerEvent: {}
[48.000227] (-) TimerEvent: {}
[48.101900] (-) TimerEvent: {}
[48.210324] (-) TimerEvent: {}
[48.311480] (-) TimerEvent: {}
[48.413269] (-) TimerEvent: {}
[48.515214] (-) TimerEvent: {}
[48.617197] (-) TimerEvent: {}
[48.718195] (-) TimerEvent: {}
[48.819161] (-) TimerEvent: {}
[48.923486] (-) TimerEvent: {}
[49.024302] (-) TimerEvent: {}
[49.125084] (-) TimerEvent: {}
[49.225830] (-) TimerEvent: {}
[49.326718] (-) TimerEvent: {}
[49.427568] (-) TimerEvent: {}
[49.528538] (-) TimerEvent: {}
[49.632656] (-) TimerEvent: {}
[49.735285] (-) TimerEvent: {}
[49.836128] (-) TimerEvent: {}
[49.936912] (-) TimerEvent: {}
[50.038038] (-) TimerEvent: {}
[50.139196] (-) TimerEvent: {}
[50.240038] (-) TimerEvent: {}
[50.341040] (-) TimerEvent: {}
[50.442028] (-) TimerEvent: {}
[50.544361] (-) TimerEvent: {}
[50.645291] (-) TimerEvent: {}
[50.746177] (-) TimerEvent: {}
[50.847018] (-) TimerEvent: {}
[50.947817] (-) TimerEvent: {}
[51.048944] (-) TimerEvent: {}
[51.149823] (-) TimerEvent: {}
[51.250630] (-) TimerEvent: {}
[51.351461] (-) TimerEvent: {}
[51.452212] (-) TimerEvent: {}
[51.554160] (-) TimerEvent: {}
[51.655141] (-) TimerEvent: {}
[51.760231] (-) TimerEvent: {}
[51.864178] (-) TimerEvent: {}
[51.965065] (-) TimerEvent: {}
[52.065888] (-) TimerEvent: {}
[52.166761] (-) TimerEvent: {}
[52.269744] (-) TimerEvent: {}
[52.371427] (-) TimerEvent: {}
[52.472157] (-) TimerEvent: {}
[52.575193] (-) TimerEvent: {}
[52.728099] (-) TimerEvent: {}
[52.832630] (-) TimerEvent: {}
[52.943188] (-) TimerEvent: {}
[53.044299] (-) TimerEvent: {}
[53.146178] (-) TimerEvent: {}
[53.250159] (-) TimerEvent: {}
[53.351181] (-) TimerEvent: {}
[53.452171] (-) TimerEvent: {}
[53.553035] (-) TimerEvent: {}
[53.653763] (-) TimerEvent: {}
[53.757408] (-) TimerEvent: {}
[53.858209] (-) TimerEvent: {}
[53.959340] (-) TimerEvent: {}
[54.060495] (-) TimerEvent: {}
[54.162192] (-) TimerEvent: {}
[54.263761] (-) TimerEvent: {}
[54.323523] (robotic_arm_moveit) StdoutLine: {'line': b'-- Found Eigen3: TRUE (found version "3.4.0") \n'}
[54.324804] (robotic_arm_moveit) StdoutLine: {'line': b'-- Ensuring Eigen3 include directory is part of orocos-kdl CMake target\n'}
[54.365360] (-) TimerEvent: {}
[54.468267] (-) TimerEvent: {}
[54.569149] (-) TimerEvent: {}
[54.670066] (-) TimerEvent: {}
[54.771099] (-) TimerEvent: {}
[54.872217] (-) TimerEvent: {}
[54.973881] (-) TimerEvent: {}
[55.074944] (-) TimerEvent: {}
[55.177023] (-) TimerEvent: {}
[55.277792] (-) TimerEvent: {}
[55.378737] (-) TimerEvent: {}
[55.482244] (-) TimerEvent: {}
[55.583138] (-) TimerEvent: {}
[55.683961] (-) TimerEvent: {}
[55.784849] (-) TimerEvent: {}
[55.885750] (-) TimerEvent: {}
[55.986634] (-) TimerEvent: {}
[56.087661] (-) TimerEvent: {}
[56.188916] (-) TimerEvent: {}
[56.292753] (-) TimerEvent: {}
[56.394257] (-) TimerEvent: {}
[56.495832] (-) TimerEvent: {}
[56.597215] (-) TimerEvent: {}
[56.700113] (-) TimerEvent: {}
[56.816845] (-) TimerEvent: {}
[56.924221] (-) TimerEvent: {}
[57.029641] (-) TimerEvent: {}
[57.133482] (-) TimerEvent: {}
[57.240202] (-) TimerEvent: {}
[57.341135] (-) TimerEvent: {}
[57.442146] (-) TimerEvent: {}
[57.543558] (-) TimerEvent: {}
[57.646102] (-) TimerEvent: {}
[57.750209] (-) TimerEvent: {}
[57.851063] (-) TimerEvent: {}
[57.952094] (-) TimerEvent: {}
[58.052870] (-) TimerEvent: {}
[58.156169] (-) TimerEvent: {}
[58.257149] (-) TimerEvent: {}
[58.358127] (-) TimerEvent: {}
[58.464167] (-) TimerEvent: {}
[58.565149] (-) TimerEvent: {}
[58.670527] (-) TimerEvent: {}
[58.771533] (-) TimerEvent: {}
[58.874189] (-) TimerEvent: {}
[58.975291] (-) TimerEvent: {}
[59.076672] (-) TimerEvent: {}
[59.181237] (-) TimerEvent: {}
[59.282569] (-) TimerEvent: {}
[59.386700] (-) TimerEvent: {}
[59.488119] (-) TimerEvent: {}
[59.591646] (-) TimerEvent: {}
[59.692900] (-) TimerEvent: {}
[59.803201] (-) TimerEvent: {}
[59.904300] (-) TimerEvent: {}
[60.007145] (-) TimerEvent: {}
[60.110738] (-) TimerEvent: {}
[60.213769] (-) TimerEvent: {}
[60.325247] (-) TimerEvent: {}
[60.445850] (-) TimerEvent: {}
[60.568242] (-) TimerEvent: {}
[60.676255] (-) TimerEvent: {}
[60.782211] (-) TimerEvent: {}
[60.883233] (-) TimerEvent: {}
[60.985215] (-) TimerEvent: {}
[61.094205] (-) TimerEvent: {}
[61.211809] (-) TimerEvent: {}
[61.313062] (-) TimerEvent: {}
[61.420239] (-) TimerEvent: {}
[61.549222] (-) TimerEvent: {}
[61.656195] (-) TimerEvent: {}
[61.757201] (-) TimerEvent: {}
[61.858503] (-) TimerEvent: {}
[61.964745] (-) TimerEvent: {}
[62.068680] (-) TimerEvent: {}
[62.174551] (-) TimerEvent: {}
[62.285659] (-) TimerEvent: {}
[62.399490] (-) TimerEvent: {}
[62.500653] (-) TimerEvent: {}
[62.604151] (-) TimerEvent: {}
[62.703278] (robotic_arm_moveit) StdoutLine: {'line': b'-- Found Boost: /usr/lib/aarch64-linux-gnu/cmake/Boost-1.83.0/BoostConfig.cmake (found version "1.83.0") found components: system filesystem date_time program_options thread chrono \n'}
[62.704453] (-) TimerEvent: {}
[62.808520] (-) TimerEvent: {}
[62.911542] (-) TimerEvent: {}
[63.015057] (-) TimerEvent: {}
[63.120169] (-) TimerEvent: {}
[63.221113] (-) TimerEvent: {}
[63.323579] (-) TimerEvent: {}
[63.424760] (-) TimerEvent: {}
[63.528521] (-) TimerEvent: {}
[63.579381] (robotic_arm_moveit) StdoutLine: {'line': b'-- Found Boost: /usr/lib/aarch64-linux-gnu/cmake/Boost-1.83.0/BoostConfig.cmake (found version "1.83.0") found components: thread system filesystem regex date_time program_options \n'}
[63.628732] (-) TimerEvent: {}
[63.732850] (-) TimerEvent: {}
[63.838953] (-) TimerEvent: {}
[63.942359] (-) TimerEvent: {}
[64.046368] (-) TimerEvent: {}
[64.148174] (-) TimerEvent: {}
[64.249052] (-) TimerEvent: {}
[64.351718] (-) TimerEvent: {}
[64.456686] (-) TimerEvent: {}
[64.557894] (-) TimerEvent: {}
[64.659568] (-) TimerEvent: {}
[64.763455] (-) TimerEvent: {}
[64.864350] (-) TimerEvent: {}
[64.965715] (-) TimerEvent: {}
[64.987808] (robotic_arm_moveit) StdoutLine: {'line': b'-- Found Boost: /usr/lib/aarch64-linux-gnu/cmake/Boost-1.83.0/BoostConfig.cmake (found version "1.83.0") found components: system filesystem date_time program_options thread \n'}
[65.065914] (-) TimerEvent: {}
[65.178585] (-) TimerEvent: {}
[65.282580] (-) TimerEvent: {}
[65.383581] (-) TimerEvent: {}
[65.491205] (-) TimerEvent: {}
[65.592162] (-) TimerEvent: {}
[65.693164] (-) TimerEvent: {}
[65.793967] (-) TimerEvent: {}
[65.894870] (-) TimerEvent: {}
[65.996053] (-) TimerEvent: {}
[66.096901] (-) TimerEvent: {}
[66.198092] (-) TimerEvent: {}
[66.299046] (-) TimerEvent: {}
[66.399885] (-) TimerEvent: {}
[66.432014] (robotic_arm_moveit) StdoutLine: {'line': b'-- Found ament_lint_auto: 0.17.3 (/opt/ros/jazzy/share/ament_lint_auto/cmake)\n'}
[66.500805] (-) TimerEvent: {}
[66.602383] (-) TimerEvent: {}
[66.703362] (-) TimerEvent: {}
[66.805572] (-) TimerEvent: {}
[66.907291] (-) TimerEvent: {}
[67.010175] (-) TimerEvent: {}
[67.111333] (-) TimerEvent: {}
[67.217207] (-) TimerEvent: {}
[67.318184] (-) TimerEvent: {}
[67.427419] (-) TimerEvent: {}
[67.533458] (-) TimerEvent: {}
[67.634928] (-) TimerEvent: {}
[67.739591] (-) TimerEvent: {}
[67.847688] (-) TimerEvent: {}
[67.854005] (cpp_pubsub) StdoutLine: {'line': b'[ 75%] \x1b[32m\x1b[1mLinking CXX executable talker\x1b[0m\n'}
[67.952158] (-) TimerEvent: {}
[68.053138] (-) TimerEvent: {}
[68.154111] (-) TimerEvent: {}
[68.255796] (-) TimerEvent: {}
[68.356909] (-) TimerEvent: {}
[68.462786] (-) TimerEvent: {}
[68.495627] (robotic_arm_moveit) StdoutLine: {'line': b"-- Added test 'cppcheck' to perform static code analysis on C / C++ code\n"}
[68.500232] (robotic_arm_moveit) StdoutLine: {'line': b'-- Configured cppcheck include dirs: $<BUILD_INTERFACE:/home/bot/ros2_ws/src/robotic_arm_moveit/include>\n'}
[68.505665] (robotic_arm_moveit) StdoutLine: {'line': b'-- Configured cppcheck exclude dirs and/or files: \n'}
[68.519332] (robotic_arm_moveit) StdoutLine: {'line': b"-- Added test 'lint_cmake' to check CMake code style\n"}
[68.545773] (robotic_arm_moveit) StdoutLine: {'line': b"-- Added test 'uncrustify' to check C / C++ code style\n"}
[68.550219] (robotic_arm_moveit) StdoutLine: {'line': b'-- Configured uncrustify additional arguments: \n'}
[68.553850] (robotic_arm_moveit) StdoutLine: {'line': b"-- Added test 'xmllint' to check XML markup files\n"}
[68.564306] (-) TimerEvent: {}
[68.594439] (robotic_arm_moveit) StdoutLine: {'line': b'-- Configuring done (45.3s)\n'}
[68.664602] (-) TimerEvent: {}
[68.766846] (-) TimerEvent: {}
[68.869067] (-) TimerEvent: {}
[68.973516] (-) TimerEvent: {}
[69.074954] (-) TimerEvent: {}
[69.176064] (-) TimerEvent: {}
[69.279182] (-) TimerEvent: {}
[69.326457] (robotic_arm_moveit) StdoutLine: {'line': b'-- Generating done (0.3s)\n'}
[69.382322] (-) TimerEvent: {}
[69.383822] (robotic_arm_moveit) StdoutLine: {'line': b'-- Build files have been written to: /home/bot/ros2_ws/build/robotic_arm_moveit\n'}
[69.482531] (-) TimerEvent: {}
[69.519705] (robotic_arm_moveit) CommandEnded: {'returncode': 0}
[69.536476] (robotic_arm_moveit) JobProgress: {'identifier': 'robotic_arm_moveit', 'progress': 'build'}
[69.536682] (robotic_arm_moveit) Command: {'cmd': ['/usr/bin/cmake', '--build', '/home/bot/ros2_ws/build/robotic_arm_moveit', '--', '-j4', '-l4'], 'cwd': '/home/bot/ros2_ws/build/robotic_arm_moveit', 'env': OrderedDict({'LESSOPEN': '| /usr/bin/lesspipe %s', 'USER': 'bot', 'XDG_SESSION_TYPE': 'wayland', 'CLUTTER_DISABLE_MIPMAPPED_TEXT': '1', 'SHLVL': '1', 'LD_LIBRARY_PATH': '/opt/ros/jazzy/opt/rviz_ogre_vendor/lib:/opt/ros/jazzy/lib/aarch64-linux-gnu:/opt/ros/jazzy/opt/gz_math_vendor/lib:/opt/ros/jazzy/opt/gz_utils_vendor/lib:/opt/ros/jazzy/opt/gz_cmake_vendor/lib:/opt/ros/jazzy/lib', 'HOME': '/home/bot', 'OLDPWD': '/home/bot/ros2_ws', 'DESKTOP_SESSION': 'ubuntu', 'ROS_PYTHON_VERSION': '3', 'GNOME_SHELL_SESSION_MODE': 'ubuntu', 'GTK_MODULES': 'gail:atk-bridge', 'SYSTEMD_EXEC_PID': '2617', 'GSM_SKIP_SSH_AGENT_WORKAROUND': 'true', 'DBUS_SESSION_BUS_ADDRESS': 'unix:path=/run/user/1000/bus', 'COLORTERM': 'truecolor', 'DEBUGINFOD_URLS': 'https://debuginfod.ubuntu.com', 'IM_CONFIG_PHASE': '1', 'WAYLAND_DISPLAY': 'wayland-0', 'COLCON_PREFIX_PATH': '/home/bot/ros2_ws/install', 'ROS_DISTRO': 'jazzy', 'LOGNAME': 'bot', '_': '/usr/bin/colcon', 'ROS_VERSION': '2', 'MEMORY_PRESSURE_WATCH': '/sys/fs/cgroup/user.slice/user-1000.slice/user@1000.service/session.slice/org.gnome.Shell@wayland.service/memory.pressure', 'XDG_SESSION_CLASS': 'user', 'USERNAME': 'bot', 'TERM': 'xterm-256color', 'GNOME_DESKTOP_SESSION_ID': 'this-is-deprecated', 'PATH': '/opt/ros/jazzy/bin:/usr/local/sbin:/usr/local/bin:/usr/sbin:/usr/bin:/sbin:/bin:/usr/games:/usr/local/games:/snap/bin:/snap/bin', 'SESSION_MANAGER': 'local/bot-desktop:@/tmp/.ICE-unix/2578,unix/bot-desktop:/tmp/.ICE-unix/2578', 'XDG_MENU_PREFIX': 'gnome-', 'GNOME_TERMINAL_SCREEN': '/org/gnome/Terminal/screen/de76cddb_b4ae_43fd_97f5_18e99a9e050f', 'GNOME_SETUP_DISPLAY': ':1', 'XDG_RUNTIME_DIR': '/run/user/1000', 'DISPLAY': ':0', 'LANG': 'en_US.UTF-8', 'XDG_CURRENT_DESKTOP': 'ubuntu:GNOME', 'XMODIFIERS': '@im=ibus', 'XDG_SESSION_DESKTOP': 'ubuntu', 'XAUTHORITY': '/run/user/1000/.mutter-Xwaylandauth.MBRMI3', 'LS_COLORS': 'rs=0:di=01;34:ln=01;36:mh=00:pi=40;33:so=01;35:do=01;35:bd=40;33;01:cd=40;33;01:or=40;31;01:mi=00:su=37;41:sg=30;43:ca=00:tw=30;42:ow=34;42:st=37;44:ex=01;32:*.tar=01;31:*.tgz=01;31:*.arc=01;31:*.arj=01;31:*.taz=01;31:*.lha=01;31:*.lz4=01;31:*.lzh=01;31:*.lzma=01;31:*.tlz=01;31:*.txz=01;31:*.tzo=01;31:*.t7z=01;31:*.zip=01;31:*.z=01;31:*.dz=01;31:*.gz=01;31:*.lrz=01;31:*.lz=01;31:*.lzo=01;31:*.xz=01;31:*.zst=01;31:*.tzst=01;31:*.bz2=01;31:*.bz=01;31:*.tbz=01;31:*.tbz2=01;31:*.tz=01;31:*.deb=01;31:*.rpm=01;31:*.jar=01;31:*.war=01;31:*.ear=01;31:*.sar=01;31:*.rar=01;31:*.alz=01;31:*.ace=01;31:*.zoo=01;31:*.cpio=01;31:*.7z=01;31:*.rz=01;31:*.cab=01;31:*.wim=01;31:*.swm=01;31:*.dwm=01;31:*.esd=01;31:*.avif=01;35:*.jpg=01;35:*.jpeg=01;35:*.mjpg=01;35:*.mjpeg=01;35:*.gif=01;35:*.bmp=01;35:*.pbm=01;35:*.pgm=01;35:*.ppm=01;35:*.tga=01;35:*.xbm=01;35:*.xpm=01;35:*.tif=01;35:*.tiff=01;35:*.png=01;35:*.svg=01;35:*.svgz=01;35:*.mng=01;35:*.pcx=01;35:*.mov=01;35:*.mpg=01;35:*.mpeg=01;35:*.m2v=01;35:*.mkv=01;35:*.webm=01;35:*.webp=01;35:*.ogm=01;35:*.mp4=01;35:*.m4v=01;35:*.mp4v=01;35:*.vob=01;35:*.qt=01;35:*.nuv=01;35:*.wmv=01;35:*.asf=01;35:*.rm=01;35:*.rmvb=01;35:*.flc=01;35:*.avi=01;35:*.fli=01;35:*.flv=01;35:*.gl=01;35:*.dl=01;35:*.xcf=01;35:*.xwd=01;35:*.yuv=01;35:*.cgm=01;35:*.emf=01;35:*.ogv=01;35:*.ogx=01;35:*.aac=00;36:*.au=00;36:*.flac=00;36:*.m4a=00;36:*.mid=00;36:*.midi=00;36:*.mka=00;36:*.mp3=00;36:*.mpc=00;36:*.ogg=00;36:*.ra=00;36:*.wav=00;36:*.oga=00;36:*.opus=00;36:*.spx=00;36:*.xspf=00;36:*~=00;90:*#=00;90:*.bak=00;90:*.crdownload=00;90:*.dpkg-dist=00;90:*.dpkg-new=00;90:*.dpkg-old=00;90:*.dpkg-tmp=00;90:*.old=00;90:*.orig=00;90:*.part=00;90:*.rej=00;90:*.rpmnew=00;90:*.rpmorig=00;90:*.rpmsave=00;90:*.swp=00;90:*.tmp=00;90:*.ucf-dist=00;90:*.ucf-new=00;90:*.ucf-old=00;90:', 'GNOME_TERMINAL_SERVICE': ':1.119', 'SSH_AUTH_SOCK': '/run/user/1000/keyring/ssh', 'AMENT_PREFIX_PATH': '/home/bot/ros2_ws/install/robotic_arm_v3_config:/home/bot/ros2_ws/install/robotic_arm_model_v3:/home/bot/ros2_ws/install/pose_printer:/home/bot/ros2_ws/install/moveit_controls:/home/bot/ros2_ws/install/move_program:/home/bot/ros2_ws/install/cpp_pubsub:/opt/ros/jazzy', 'SHELL': '/bin/bash', 'QT_ACCESSIBILITY': '1', 'GDMSESSION': 'ubuntu', 'LESSCLOSE': '/usr/bin/lesspipe %s %s', 'ROS_AUTOMATIC_DISCOVERY_RANGE': 'SUBNET', 'QT_IM_MODULE': 'ibus', 'PWD': '/home/bot/ros2_ws/build/robotic_arm_moveit', 'LC_ALL': 'en_US.UTF-8', 'XDG_CONFIG_DIRS': '/etc/xdg/xdg-ubuntu:/etc/xdg', 'XDG_DATA_DIRS': '/usr/share/ubuntu:/usr/share/gnome:/usr/local/share/:/usr/share/:/var/lib/snapd/desktop', 'PYTHONPATH': '/home/bot/ros2_ws/install/pose_printer/lib/python3.12/site-packages:/home/bot/ros2_ws/install/moveit_controls/lib/python3.12/site-packages:/opt/ros/jazzy/lib/python3.12/site-packages', 'COLCON': '1', 'MEMORY_PRESSURE_WRITE': 'c29tZSAyMDAwMDAgMjAwMDAwMAA=', 'VTE_VERSION': '7600', 'CMAKE_PREFIX_PATH': '/home/bot/ros2_ws/install/robotic_arm_v3_config:/home/bot/ros2_ws/install/robotic_arm_model_v3:/home/bot/ros2_ws/install/move_program:/home/bot/ros2_ws/install/cpp_pubsub:/opt/ros/jazzy/opt/gz_math_vendor:/opt/ros/jazzy/opt/gz_utils_vendor:/opt/ros/jazzy/opt/gz_cmake_vendor:/home/bot/ros2_ws/install/pose_printer:/home/bot/ros2_ws/install/moveit_controls:/opt/ros/jazzy'}), 'shell': False}
[69.590198] (-) TimerEvent: {}
[69.691311] (-) TimerEvent: {}
[69.793632] (-) TimerEvent: {}
[69.898168] (-) TimerEvent: {}
[69.999095] (-) TimerEvent: {}
[70.127237] (-) TimerEvent: {}
[70.230216] (-) TimerEvent: {}
[70.274504] (robotic_arm_moveit) StdoutLine: {'line': b'[ 50%] \x1b[32mBuilding CXX object CMakeFiles/robotic_arm_moveit.dir/src/robotic_arm_moveit.cpp.o\x1b[0m\n'}
[70.330488] (-) TimerEvent: {}
[70.431572] (-) TimerEvent: {}
[70.536168] (-) TimerEvent: {}
[70.636958] (-) TimerEvent: {}
[70.678412] (cpp_pubsub) StdoutLine: {'line': b'[ 75%] Built target talker\n'}
[70.737171] (-) TimerEvent: {}
[70.840504] (-) TimerEvent: {}
[70.941399] (-) TimerEvent: {}
[71.043087] (-) TimerEvent: {}
[71.146047] (-) TimerEvent: {}
[71.250437] (-) TimerEvent: {}
[71.354398] (-) TimerEvent: {}
[71.455387] (-) TimerEvent: {}
[71.562192] (-) TimerEvent: {}
[71.663117] (-) TimerEvent: {}
[71.766404] (-) TimerEvent: {}
[71.867226] (-) TimerEvent: {}
[71.968079] (-) TimerEvent: {}
[72.068907] (-) TimerEvent: {}
[72.171347] (-) TimerEvent: {}
[72.275936] (-) TimerEvent: {}
[72.377209] (-) TimerEvent: {}
[72.478195] (-) TimerEvent: {}
[72.582153] (-) TimerEvent: {}
[72.685691] (-) TimerEvent: {}
[72.786552] (-) TimerEvent: {}
[72.890414] (-) TimerEvent: {}
[72.991343] (-) TimerEvent: {}
[73.092474] (-) TimerEvent: {}
[73.195419] (-) TimerEvent: {}
[73.296409] (-) TimerEvent: {}
[73.397329] (-) TimerEvent: {}
[73.498191] (-) TimerEvent: {}
[73.599270] (-) TimerEvent: {}
[73.700203] (-) TimerEvent: {}
[73.801127] (-) TimerEvent: {}
[73.902025] (-) TimerEvent: {}
[74.003120] (-) TimerEvent: {}
[74.104196] (-) TimerEvent: {}
[74.205106] (-) TimerEvent: {}
[74.305927] (-) TimerEvent: {}
[74.406880] (-) TimerEvent: {}
[74.507752] (-) TimerEvent: {}
[74.608712] (-) TimerEvent: {}
[74.709805] (-) TimerEvent: {}
[74.811149] (-) TimerEvent: {}
[74.912096] (-) TimerEvent: {}
[75.013034] (-) TimerEvent: {}
[75.113946] (-) TimerEvent: {}
[75.215498] (-) TimerEvent: {}
[75.318188] (-) TimerEvent: {}
[75.419079] (-) TimerEvent: {}
[75.521175] (-) TimerEvent: {}
[75.621932] (-) TimerEvent: {}
[75.723567] (-) TimerEvent: {}
[75.825175] (-) TimerEvent: {}
[75.926207] (-) TimerEvent: {}
[76.027347] (-) TimerEvent: {}
[76.128416] (-) TimerEvent: {}
[76.229311] (-) TimerEvent: {}
[76.330226] (-) TimerEvent: {}
[76.431299] (-) TimerEvent: {}
[76.532346] (-) TimerEvent: {}
[76.633368] (-) TimerEvent: {}
[76.734260] (-) TimerEvent: {}
[76.835141] (-) TimerEvent: {}
[76.935847] (-) TimerEvent: {}
[77.036614] (-) TimerEvent: {}
[77.137390] (-) TimerEvent: {}
[77.238124] (-) TimerEvent: {}
[77.338857] (-) TimerEvent: {}
[77.439624] (-) TimerEvent: {}
[77.540431] (-) TimerEvent: {}
[77.648566] (-) TimerEvent: {}
[77.752495] (-) TimerEvent: {}
[77.853508] (-) TimerEvent: {}
[77.954438] (-) TimerEvent: {}
[78.055403] (-) TimerEvent: {}
[78.158385] (-) TimerEvent: {}
[78.259171] (-) TimerEvent: {}
[78.360029] (-) TimerEvent: {}
[78.460883] (-) TimerEvent: {}
[78.561798] (-) TimerEvent: {}
[78.662656] (-) TimerEvent: {}
[78.763453] (-) TimerEvent: {}
[78.864199] (-) TimerEvent: {}
[78.965135] (-) TimerEvent: {}
[79.069412] (-) TimerEvent: {}
[79.170204] (-) TimerEvent: {}
[79.272243] (-) TimerEvent: {}
[79.373291] (-) TimerEvent: {}
[79.477185] (-) TimerEvent: {}
[79.578462] (-) TimerEvent: {}
[79.681167] (-) TimerEvent: {}
[79.787193] (-) TimerEvent: {}
[79.890185] (-) TimerEvent: {}
[79.996876] (-) TimerEvent: {}
[80.102400] (-) TimerEvent: {}
[80.218584] (-) TimerEvent: {}
[80.321612] (-) TimerEvent: {}
[80.425650] (-) TimerEvent: {}
[80.429220] (cpp_pubsub) StdoutLine: {'line': b'[100%] \x1b[32m\x1b[1mLinking CXX executable listener\x1b[0m\n'}
[80.525879] (-) TimerEvent: {}
[80.626812] (-) TimerEvent: {}
[80.730579] (-) TimerEvent: {}
[80.834691] (-) TimerEvent: {}
[80.936066] (-) TimerEvent: {}
[81.039765] (-) TimerEvent: {}
[81.143707] (-) TimerEvent: {}
[81.247894] (-) TimerEvent: {}
[81.350660] (-) TimerEvent: {}
[81.454217] (-) TimerEvent: {}
[81.555197] (-) TimerEvent: {}
[81.656175] (-) TimerEvent: {}
[81.759170] (-) TimerEvent: {}
[81.860313] (-) TimerEvent: {}
[81.961198] (-) TimerEvent: {}
[82.062399] (-) TimerEvent: {}
[82.166427] (-) TimerEvent: {}
[82.267402] (-) TimerEvent: {}
[82.370173] (-) TimerEvent: {}
[82.403243] (cpp_pubsub) StdoutLine: {'line': b'[100%] Built target listener\n'}
[82.470489] (-) TimerEvent: {}
[82.483470] (cpp_pubsub) CommandEnded: {'returncode': 0}
[82.492856] (cpp_pubsub) JobProgress: {'identifier': 'cpp_pubsub', 'progress': 'install'}
[82.495302] (cpp_pubsub) Command: {'cmd': ['/usr/bin/cmake', '--install', '/home/bot/ros2_ws/build/cpp_pubsub'], 'cwd': '/home/bot/ros2_ws/build/cpp_pubsub', 'env': OrderedDict({'LESSOPEN': '| /usr/bin/lesspipe %s', 'USER': 'bot', 'XDG_SESSION_TYPE': 'wayland', 'CLUTTER_DISABLE_MIPMAPPED_TEXT': '1', 'SHLVL': '1', 'LD_LIBRARY_PATH': '/opt/ros/jazzy/opt/rviz_ogre_vendor/lib:/opt/ros/jazzy/lib/aarch64-linux-gnu:/opt/ros/jazzy/opt/gz_math_vendor/lib:/opt/ros/jazzy/opt/gz_utils_vendor/lib:/opt/ros/jazzy/opt/gz_cmake_vendor/lib:/opt/ros/jazzy/lib', 'HOME': '/home/bot', 'OLDPWD': '/home/bot/ros2_ws', 'DESKTOP_SESSION': 'ubuntu', 'ROS_PYTHON_VERSION': '3', 'GNOME_SHELL_SESSION_MODE': 'ubuntu', 'GTK_MODULES': 'gail:atk-bridge', 'SYSTEMD_EXEC_PID': '2617', 'GSM_SKIP_SSH_AGENT_WORKAROUND': 'true', 'DBUS_SESSION_BUS_ADDRESS': 'unix:path=/run/user/1000/bus', 'COLORTERM': 'truecolor', 'DEBUGINFOD_URLS': 'https://debuginfod.ubuntu.com', 'IM_CONFIG_PHASE': '1', 'WAYLAND_DISPLAY': 'wayland-0', 'COLCON_PREFIX_PATH': '/home/bot/ros2_ws/install', 'ROS_DISTRO': 'jazzy', 'LOGNAME': 'bot', '_': '/usr/bin/colcon', 'ROS_VERSION': '2', 'MEMORY_PRESSURE_WATCH': '/sys/fs/cgroup/user.slice/user-1000.slice/user@1000.service/session.slice/org.gnome.Shell@wayland.service/memory.pressure', 'XDG_SESSION_CLASS': 'user', 'USERNAME': 'bot', 'TERM': 'xterm-256color', 'GNOME_DESKTOP_SESSION_ID': 'this-is-deprecated', 'PATH': '/opt/ros/jazzy/bin:/usr/local/sbin:/usr/local/bin:/usr/sbin:/usr/bin:/sbin:/bin:/usr/games:/usr/local/games:/snap/bin:/snap/bin', 'SESSION_MANAGER': 'local/bot-desktop:@/tmp/.ICE-unix/2578,unix/bot-desktop:/tmp/.ICE-unix/2578', 'XDG_MENU_PREFIX': 'gnome-', 'GNOME_TERMINAL_SCREEN': '/org/gnome/Terminal/screen/de76cddb_b4ae_43fd_97f5_18e99a9e050f', 'GNOME_SETUP_DISPLAY': ':1', 'XDG_RUNTIME_DIR': '/run/user/1000', 'DISPLAY': ':0', 'LANG': 'en_US.UTF-8', 'XDG_CURRENT_DESKTOP': 'ubuntu:GNOME', 'XMODIFIERS': '@im=ibus', 'XDG_SESSION_DESKTOP': 'ubuntu', 'XAUTHORITY': '/run/user/1000/.mutter-Xwaylandauth.MBRMI3', 'LS_COLORS': 'rs=0:di=01;34:ln=01;36:mh=00:pi=40;33:so=01;35:do=01;35:bd=40;33;01:cd=40;33;01:or=40;31;01:mi=00:su=37;41:sg=30;43:ca=00:tw=30;42:ow=34;42:st=37;44:ex=01;32:*.tar=01;31:*.tgz=01;31:*.arc=01;31:*.arj=01;31:*.taz=01;31:*.lha=01;31:*.lz4=01;31:*.lzh=01;31:*.lzma=01;31:*.tlz=01;31:*.txz=01;31:*.tzo=01;31:*.t7z=01;31:*.zip=01;31:*.z=01;31:*.dz=01;31:*.gz=01;31:*.lrz=01;31:*.lz=01;31:*.lzo=01;31:*.xz=01;31:*.zst=01;31:*.tzst=01;31:*.bz2=01;31:*.bz=01;31:*.tbz=01;31:*.tbz2=01;31:*.tz=01;31:*.deb=01;31:*.rpm=01;31:*.jar=01;31:*.war=01;31:*.ear=01;31:*.sar=01;31:*.rar=01;31:*.alz=01;31:*.ace=01;31:*.zoo=01;31:*.cpio=01;31:*.7z=01;31:*.rz=01;31:*.cab=01;31:*.wim=01;31:*.swm=01;31:*.dwm=01;31:*.esd=01;31:*.avif=01;35:*.jpg=01;35:*.jpeg=01;35:*.mjpg=01;35:*.mjpeg=01;35:*.gif=01;35:*.bmp=01;35:*.pbm=01;35:*.pgm=01;35:*.ppm=01;35:*.tga=01;35:*.xbm=01;35:*.xpm=01;35:*.tif=01;35:*.tiff=01;35:*.png=01;35:*.svg=01;35:*.svgz=01;35:*.mng=01;35:*.pcx=01;35:*.mov=01;35:*.mpg=01;35:*.mpeg=01;35:*.m2v=01;35:*.mkv=01;35:*.webm=01;35:*.webp=01;35:*.ogm=01;35:*.mp4=01;35:*.m4v=01;35:*.mp4v=01;35:*.vob=01;35:*.qt=01;35:*.nuv=01;35:*.wmv=01;35:*.asf=01;35:*.rm=01;35:*.rmvb=01;35:*.flc=01;35:*.avi=01;35:*.fli=01;35:*.flv=01;35:*.gl=01;35:*.dl=01;35:*.xcf=01;35:*.xwd=01;35:*.yuv=01;35:*.cgm=01;35:*.emf=01;35:*.ogv=01;35:*.ogx=01;35:*.aac=00;36:*.au=00;36:*.flac=00;36:*.m4a=00;36:*.mid=00;36:*.midi=00;36:*.mka=00;36:*.mp3=00;36:*.mpc=00;36:*.ogg=00;36:*.ra=00;36:*.wav=00;36:*.oga=00;36:*.opus=00;36:*.spx=00;36:*.xspf=00;36:*~=00;90:*#=00;90:*.bak=00;90:*.crdownload=00;90:*.dpkg-dist=00;90:*.dpkg-new=00;90:*.dpkg-old=00;90:*.dpkg-tmp=00;90:*.old=00;90:*.orig=00;90:*.part=00;90:*.rej=00;90:*.rpmnew=00;90:*.rpmorig=00;90:*.rpmsave=00;90:*.swp=00;90:*.tmp=00;90:*.ucf-dist=00;90:*.ucf-new=00;90:*.ucf-old=00;90:', 'GNOME_TERMINAL_SERVICE': ':1.119', 'SSH_AUTH_SOCK': '/run/user/1000/keyring/ssh', 'AMENT_PREFIX_PATH': '/home/bot/ros2_ws/install/robotic_arm_v3_config:/home/bot/ros2_ws/install/robotic_arm_model_v3:/home/bot/ros2_ws/install/pose_printer:/home/bot/ros2_ws/install/moveit_controls:/home/bot/ros2_ws/install/move_program:/home/bot/ros2_ws/install/cpp_pubsub:/opt/ros/jazzy', 'SHELL': '/bin/bash', 'QT_ACCESSIBILITY': '1', 'GDMSESSION': 'ubuntu', 'LESSCLOSE': '/usr/bin/lesspipe %s %s', 'ROS_AUTOMATIC_DISCOVERY_RANGE': 'SUBNET', 'QT_IM_MODULE': 'ibus', 'PWD': '/home/bot/ros2_ws/build/cpp_pubsub', 'LC_ALL': 'en_US.UTF-8', 'XDG_CONFIG_DIRS': '/etc/xdg/xdg-ubuntu:/etc/xdg', 'XDG_DATA_DIRS': '/usr/share/ubuntu:/usr/share/gnome:/usr/local/share/:/usr/share/:/var/lib/snapd/desktop', 'PYTHONPATH': '/home/bot/ros2_ws/install/pose_printer/lib/python3.12/site-packages:/home/bot/ros2_ws/install/moveit_controls/lib/python3.12/site-packages:/opt/ros/jazzy/lib/python3.12/site-packages', 'COLCON': '1', 'MEMORY_PRESSURE_WRITE': 'c29tZSAyMDAwMDAgMjAwMDAwMAA=', 'VTE_VERSION': '7600', 'CMAKE_PREFIX_PATH': '/home/bot/ros2_ws/install/robotic_arm_v3_config:/home/bot/ros2_ws/install/robotic_arm_model_v3:/home/bot/ros2_ws/install/move_program:/home/bot/ros2_ws/install/cpp_pubsub:/opt/ros/jazzy/opt/gz_math_vendor:/opt/ros/jazzy/opt/gz_utils_vendor:/opt/ros/jazzy/opt/gz_cmake_vendor:/home/bot/ros2_ws/install/pose_printer:/home/bot/ros2_ws/install/moveit_controls:/opt/ros/jazzy'}), 'shell': False}
[82.551674] (cpp_pubsub) StdoutLine: {'line': b'-- Install configuration: ""\n'}
[82.552953] (cpp_pubsub) StdoutLine: {'line': b'-- Installing: /home/bot/ros2_ws/install/cpp_pubsub/lib/cpp_pubsub/talker\n'}
[82.565010] (cpp_pubsub) StdoutLine: {'line': b'-- Set non-toolchain portion of runtime path of "/home/bot/ros2_ws/install/cpp_pubsub/lib/cpp_pubsub/talker" to ""\n'}
[82.566257] (cpp_pubsub) StdoutLine: {'line': b'-- Installing: /home/bot/ros2_ws/install/cpp_pubsub/lib/cpp_pubsub/listener\n'}
[82.570698] (-) TimerEvent: {}
[82.608897] (cpp_pubsub) StdoutLine: {'line': b'-- Set non-toolchain portion of runtime path of "/home/bot/ros2_ws/install/cpp_pubsub/lib/cpp_pubsub/listener" to ""\n'}
[82.616170] (cpp_pubsub) StdoutLine: {'line': b'-- Up-to-date: /home/bot/ros2_ws/install/cpp_pubsub/lib/cpp_pubsub/talker\n'}
[82.618767] (cpp_pubsub) StdoutLine: {'line': b'-- Installing: /home/bot/ros2_ws/install/cpp_pubsub/share/ament_index/resource_index/package_run_dependencies/cpp_pubsub\n'}
[82.628223] (cpp_pubsub) StdoutLine: {'line': b'-- Installing: /home/bot/ros2_ws/install/cpp_pubsub/share/ament_index/resource_index/parent_prefix_path/cpp_pubsub\n'}
[82.632114] (cpp_pubsub) StdoutLine: {'line': b'-- Installing: /home/bot/ros2_ws/install/cpp_pubsub/share/cpp_pubsub/environment/ament_prefix_path.sh\n'}
[82.633679] (cpp_pubsub) StdoutLine: {'line': b'-- Installing: /home/bot/ros2_ws/install/cpp_pubsub/share/cpp_pubsub/environment/ament_prefix_path.dsv\n'}
[82.636389] (cpp_pubsub) StdoutLine: {'line': b'-- Installing: /home/bot/ros2_ws/install/cpp_pubsub/share/cpp_pubsub/environment/path.sh\n'}
[82.638038] (cpp_pubsub) StdoutLine: {'line': b'-- Installing: /home/bot/ros2_ws/install/cpp_pubsub/share/cpp_pubsub/environment/path.dsv\n'}
[82.640667] (cpp_pubsub) StdoutLine: {'line': b'-- Installing: /home/bot/ros2_ws/install/cpp_pubsub/share/cpp_pubsub/local_setup.bash\n'}
[82.643336] (cpp_pubsub) StdoutLine: {'line': b'-- Installing: /home/bot/ros2_ws/install/cpp_pubsub/share/cpp_pubsub/local_setup.sh\n'}
[82.646320] (cpp_pubsub) StdoutLine: {'line': b'-- Installing: /home/bot/ros2_ws/install/cpp_pubsub/share/cpp_pubsub/local_setup.zsh\n'}
[82.648308] (cpp_pubsub) StdoutLine: {'line': b'-- Installing: /home/bot/ros2_ws/install/cpp_pubsub/share/cpp_pubsub/local_setup.dsv\n'}
[82.650291] (cpp_pubsub) StdoutLine: {'line': b'-- Installing: /home/bot/ros2_ws/install/cpp_pubsub/share/cpp_pubsub/package.dsv\n'}
[82.652710] (cpp_pubsub) StdoutLine: {'line': b'-- Installing: /home/bot/ros2_ws/install/cpp_pubsub/share/ament_index/resource_index/packages/cpp_pubsub\n'}
[82.654716] (cpp_pubsub) StdoutLine: {'line': b'-- Installing: /home/bot/ros2_ws/install/cpp_pubsub/share/cpp_pubsub/cmake/cpp_pubsubConfig.cmake\n'}
[82.656585] (cpp_pubsub) StdoutLine: {'line': b'-- Installing: /home/bot/ros2_ws/install/cpp_pubsub/share/cpp_pubsub/cmake/cpp_pubsubConfig-version.cmake\n'}
[82.659598] (cpp_pubsub) StdoutLine: {'line': b'-- Installing: /home/bot/ros2_ws/install/cpp_pubsub/share/cpp_pubsub/package.xml\n'}
[82.669268] (cpp_pubsub) CommandEnded: {'returncode': 0}
[82.673641] (-) TimerEvent: {}
[82.777912] (-) TimerEvent: {}
[82.801012] (cpp_pubsub) JobEnded: {'identifier': 'cpp_pubsub', 'rc': 0}
[82.878144] (-) TimerEvent: {}
[82.978887] (-) TimerEvent: {}
[83.079773] (-) TimerEvent: {}
[83.180610] (-) TimerEvent: {}
[83.281409] (-) TimerEvent: {}
[83.382240] (-) TimerEvent: {}
[83.483142] (-) TimerEvent: {}
[83.583908] (-) TimerEvent: {}
[83.684735] (-) TimerEvent: {}
[83.785553] (-) TimerEvent: {}
[83.886357] (-) TimerEvent: {}
[83.987156] (-) TimerEvent: {}
[84.087901] (-) TimerEvent: {}
[84.188721] (-) TimerEvent: {}
[84.289662] (-) TimerEvent: {}
[84.390479] (-) TimerEvent: {}
[84.491277] (-) TimerEvent: {}
[84.592127] (-) TimerEvent: {}
[84.693085] (-) TimerEvent: {}
[84.794023] (-) TimerEvent: {}
[84.894899] (-) TimerEvent: {}
[84.995774] (-) TimerEvent: {}
[85.096671] (-) TimerEvent: {}
[85.197537] (-) TimerEvent: {}
[85.298402] (-) TimerEvent: {}
[85.399179] (-) TimerEvent: {}
[85.500117] (-) TimerEvent: {}
[85.600874] (-) TimerEvent: {}
[85.701696] (-) TimerEvent: {}
[85.802538] (-) TimerEvent: {}
[85.903367] (-) TimerEvent: {}
[86.004148] (-) TimerEvent: {}
[86.104909] (-) TimerEvent: {}
[86.205705] (-) TimerEvent: {}
[86.306532] (-) TimerEvent: {}
[86.407401] (-) TimerEvent: {}
[86.508294] (-) TimerEvent: {}
[86.609130] (-) TimerEvent: {}
[86.709913] (-) TimerEvent: {}
[86.810717] (-) TimerEvent: {}
[86.911601] (-) TimerEvent: {}
[87.012416] (-) TimerEvent: {}
[87.113209] (-) TimerEvent: {}
[87.214072] (-) TimerEvent: {}
[87.314912] (-) TimerEvent: {}
[87.415774] (-) TimerEvent: {}
[87.516638] (-) TimerEvent: {}
[87.617475] (-) TimerEvent: {}
[87.718321] (-) TimerEvent: {}
[87.819131] (-) TimerEvent: {}
[87.922193] (-) TimerEvent: {}
[88.023018] (-) TimerEvent: {}
[88.123780] (-) TimerEvent: {}
[88.224623] (-) TimerEvent: {}
[88.325501] (-) TimerEvent: {}
[88.426409] (-) TimerEvent: {}
[88.527207] (-) TimerEvent: {}
[88.631398] (-) TimerEvent: {}
[88.732201] (-) TimerEvent: {}
[88.833035] (-) TimerEvent: {}
[88.936492] (-) TimerEvent: {}
[89.037304] (-) TimerEvent: {}
[89.138150] (-) TimerEvent: {}
[89.238910] (-) TimerEvent: {}
[89.339712] (-) TimerEvent: {}
[89.440559] (-) TimerEvent: {}
[89.541457] (-) TimerEvent: {}
[89.644501] (-) TimerEvent: {}
[89.745319] (-) TimerEvent: {}
[89.849202] (-) TimerEvent: {}
[89.954212] (-) TimerEvent: {}
[90.055660] (-) TimerEvent: {}
[90.158520] (-) TimerEvent: {}
[90.259407] (-) TimerEvent: {}
[90.361197] (-) TimerEvent: {}
[90.462151] (-) TimerEvent: {}
[90.555864] (robotic_arm_moveit) StderrLine: {'line': b'In file included from \x1b[01m\x1b[K/home/bot/ros2_ws/src/robotic_arm_moveit/src/robotic_arm_moveit.cpp:4\x1b[m\x1b[K:\n'}
[90.556893] (robotic_arm_moveit) StderrLine: {'line': b'\x1b[01m\x1b[K/opt/ros/jazzy/include/moveit_ros_planning_interface/moveit/move_group_interface/move_group_interface.h:51:77:\x1b[m\x1b[K \x1b[01;36m\x1b[Knote: \x1b[m\x1b[K\xe2\x80\x98\x1b[01m\x1b[K#pragma message: .h header is obsolete. Please use the .hpp header instead.\x1b[m\x1b[K\xe2\x80\x99\n'}
[90.557720] (robotic_arm_moveit) StderrLine: {'line': b'   51 | #pragma message(".h header is obsolete. Please use the .hpp header instead."\x1b[01;36m\x1b[K)\x1b[m\x1b[K\n'}
[90.558583] (robotic_arm_moveit) StderrLine: {'line': b'      |                                                                             \x1b[01;36m\x1b[K^\x1b[m\x1b[K\n'}
[90.562337] (-) TimerEvent: {}
[90.665155] (-) TimerEvent: {}
[90.765906] (-) TimerEvent: {}
[90.866703] (-) TimerEvent: {}
[90.969227] (-) TimerEvent: {}
[91.072484] (-) TimerEvent: {}
[91.173371] (-) TimerEvent: {}
[91.274201] (-) TimerEvent: {}
[91.377039] (-) TimerEvent: {}
[91.480138] (-) TimerEvent: {}
[91.580905] (-) TimerEvent: {}
[91.682155] (-) TimerEvent: {}
[91.783192] (-) TimerEvent: {}
[91.883968] (-) TimerEvent: {}
[91.984793] (-) TimerEvent: {}
[92.085657] (-) TimerEvent: {}
[92.186660] (-) TimerEvent: {}
[92.287496] (-) TimerEvent: {}
[92.388564] (-) TimerEvent: {}
[92.489677] (-) TimerEvent: {}
[92.590528] (-) TimerEvent: {}
[92.691425] (-) TimerEvent: {}
[92.792320] (-) TimerEvent: {}
[92.896420] (-) TimerEvent: {}
[92.998059] (-) TimerEvent: {}
[93.099095] (-) TimerEvent: {}
[93.200544] (-) TimerEvent: {}
[93.301673] (-) TimerEvent: {}
[93.402589] (-) TimerEvent: {}
[93.503512] (-) TimerEvent: {}
[93.604395] (-) TimerEvent: {}
[93.705170] (-) TimerEvent: {}
[93.806055] (-) TimerEvent: {}
[93.906946] (-) TimerEvent: {}
[94.007804] (-) TimerEvent: {}
[94.108675] (-) TimerEvent: {}
[94.209577] (-) TimerEvent: {}
[94.310520] (-) TimerEvent: {}
[94.411327] (-) TimerEvent: {}
[94.512132] (-) TimerEvent: {}
[94.612896] (-) TimerEvent: {}
[94.713949] (-) TimerEvent: {}
[94.814719] (-) TimerEvent: {}
[94.915543] (-) TimerEvent: {}
[95.016298] (-) TimerEvent: {}
[95.117127] (-) TimerEvent: {}
[95.217950] (-) TimerEvent: {}
[95.318781] (-) TimerEvent: {}
[95.419642] (-) TimerEvent: {}
[95.520468] (-) TimerEvent: {}
[95.621337] (-) TimerEvent: {}
[95.722206] (-) TimerEvent: {}
[95.823057] (-) TimerEvent: {}
[95.923945] (-) TimerEvent: {}
[96.024756] (-) TimerEvent: {}
[96.125631] (-) TimerEvent: {}
[96.226545] (-) TimerEvent: {}
[96.327458] (-) TimerEvent: {}
[96.428328] (-) TimerEvent: {}
[96.529109] (-) TimerEvent: {}
[96.629954] (-) TimerEvent: {}
[96.730763] (-) TimerEvent: {}
[96.831637] (-) TimerEvent: {}
[96.932491] (-) TimerEvent: {}
[97.033344] (-) TimerEvent: {}
[97.134167] (-) TimerEvent: {}
[97.180542] (move_program) StdoutLine: {'line': b'[100%] \x1b[32m\x1b[1mLinking CXX executable move_program\x1b[0m\n'}
[97.234364] (-) TimerEvent: {}
[97.335342] (-) TimerEvent: {}
[97.441078] (-) TimerEvent: {}
[97.541870] (-) TimerEvent: {}
[97.642683] (-) TimerEvent: {}
[97.743396] (-) TimerEvent: {}
[97.844124] (-) TimerEvent: {}
[97.944858] (-) TimerEvent: {}
[98.045614] (-) TimerEvent: {}
[98.146492] (-) TimerEvent: {}
[98.247242] (-) TimerEvent: {}
[98.347956] (-) TimerEvent: {}
[98.448789] (-) TimerEvent: {}
[98.549824] (-) TimerEvent: {}
[98.650882] (-) TimerEvent: {}
[98.752226] (-) TimerEvent: {}
[98.853550] (-) TimerEvent: {}
[98.954350] (-) TimerEvent: {}
[99.055359] (-) TimerEvent: {}
[99.156352] (-) TimerEvent: {}
[99.257310] (-) TimerEvent: {}
[99.361600] (-) TimerEvent: {}
[99.462468] (-) TimerEvent: {}
[99.565230] (-) TimerEvent: {}
[99.666047] (-) TimerEvent: {}
[99.768172] (-) TimerEvent: {}
[99.869018] (-) TimerEvent: {}
[99.970230] (-) TimerEvent: {}
[100.073198] (-) TimerEvent: {}
[100.174361] (-) TimerEvent: {}
[100.255702] (move_program) StdoutLine: {'line': b'[100%] Built target move_program\n'}
[100.277153] (-) TimerEvent: {}
[100.328745] (move_program) CommandEnded: {'returncode': 0}
[100.334115] (move_program) JobProgress: {'identifier': 'move_program', 'progress': 'install'}
[100.340233] (move_program) Command: {'cmd': ['/usr/bin/cmake', '--install', '/home/bot/ros2_ws/build/move_program'], 'cwd': '/home/bot/ros2_ws/build/move_program', 'env': OrderedDict({'LESSOPEN': '| /usr/bin/lesspipe %s', 'USER': 'bot', 'XDG_SESSION_TYPE': 'wayland', 'CLUTTER_DISABLE_MIPMAPPED_TEXT': '1', 'SHLVL': '1', 'LD_LIBRARY_PATH': '/opt/ros/jazzy/opt/rviz_ogre_vendor/lib:/opt/ros/jazzy/lib/aarch64-linux-gnu:/opt/ros/jazzy/opt/gz_math_vendor/lib:/opt/ros/jazzy/opt/gz_utils_vendor/lib:/opt/ros/jazzy/opt/gz_cmake_vendor/lib:/opt/ros/jazzy/lib', 'HOME': '/home/bot', 'OLDPWD': '/home/bot/ros2_ws', 'DESKTOP_SESSION': 'ubuntu', 'ROS_PYTHON_VERSION': '3', 'GNOME_SHELL_SESSION_MODE': 'ubuntu', 'GTK_MODULES': 'gail:atk-bridge', 'SYSTEMD_EXEC_PID': '2617', 'GSM_SKIP_SSH_AGENT_WORKAROUND': 'true', 'DBUS_SESSION_BUS_ADDRESS': 'unix:path=/run/user/1000/bus', 'COLORTERM': 'truecolor', 'DEBUGINFOD_URLS': 'https://debuginfod.ubuntu.com', 'IM_CONFIG_PHASE': '1', 'WAYLAND_DISPLAY': 'wayland-0', 'COLCON_PREFIX_PATH': '/home/bot/ros2_ws/install', 'ROS_DISTRO': 'jazzy', 'LOGNAME': 'bot', '_': '/usr/bin/colcon', 'ROS_VERSION': '2', 'MEMORY_PRESSURE_WATCH': '/sys/fs/cgroup/user.slice/user-1000.slice/user@1000.service/session.slice/org.gnome.Shell@wayland.service/memory.pressure', 'XDG_SESSION_CLASS': 'user', 'USERNAME': 'bot', 'TERM': 'xterm-256color', 'GNOME_DESKTOP_SESSION_ID': 'this-is-deprecated', 'PATH': '/opt/ros/jazzy/bin:/usr/local/sbin:/usr/local/bin:/usr/sbin:/usr/bin:/sbin:/bin:/usr/games:/usr/local/games:/snap/bin:/snap/bin', 'SESSION_MANAGER': 'local/bot-desktop:@/tmp/.ICE-unix/2578,unix/bot-desktop:/tmp/.ICE-unix/2578', 'XDG_MENU_PREFIX': 'gnome-', 'GNOME_TERMINAL_SCREEN': '/org/gnome/Terminal/screen/de76cddb_b4ae_43fd_97f5_18e99a9e050f', 'GNOME_SETUP_DISPLAY': ':1', 'XDG_RUNTIME_DIR': '/run/user/1000', 'DISPLAY': ':0', 'LANG': 'en_US.UTF-8', 'XDG_CURRENT_DESKTOP': 'ubuntu:GNOME', 'XMODIFIERS': '@im=ibus', 'XDG_SESSION_DESKTOP': 'ubuntu', 'XAUTHORITY': '/run/user/1000/.mutter-Xwaylandauth.MBRMI3', 'LS_COLORS': 'rs=0:di=01;34:ln=01;36:mh=00:pi=40;33:so=01;35:do=01;35:bd=40;33;01:cd=40;33;01:or=40;31;01:mi=00:su=37;41:sg=30;43:ca=00:tw=30;42:ow=34;42:st=37;44:ex=01;32:*.tar=01;31:*.tgz=01;31:*.arc=01;31:*.arj=01;31:*.taz=01;31:*.lha=01;31:*.lz4=01;31:*.lzh=01;31:*.lzma=01;31:*.tlz=01;31:*.txz=01;31:*.tzo=01;31:*.t7z=01;31:*.zip=01;31:*.z=01;31:*.dz=01;31:*.gz=01;31:*.lrz=01;31:*.lz=01;31:*.lzo=01;31:*.xz=01;31:*.zst=01;31:*.tzst=01;31:*.bz2=01;31:*.bz=01;31:*.tbz=01;31:*.tbz2=01;31:*.tz=01;31:*.deb=01;31:*.rpm=01;31:*.jar=01;31:*.war=01;31:*.ear=01;31:*.sar=01;31:*.rar=01;31:*.alz=01;31:*.ace=01;31:*.zoo=01;31:*.cpio=01;31:*.7z=01;31:*.rz=01;31:*.cab=01;31:*.wim=01;31:*.swm=01;31:*.dwm=01;31:*.esd=01;31:*.avif=01;35:*.jpg=01;35:*.jpeg=01;35:*.mjpg=01;35:*.mjpeg=01;35:*.gif=01;35:*.bmp=01;35:*.pbm=01;35:*.pgm=01;35:*.ppm=01;35:*.tga=01;35:*.xbm=01;35:*.xpm=01;35:*.tif=01;35:*.tiff=01;35:*.png=01;35:*.svg=01;35:*.svgz=01;35:*.mng=01;35:*.pcx=01;35:*.mov=01;35:*.mpg=01;35:*.mpeg=01;35:*.m2v=01;35:*.mkv=01;35:*.webm=01;35:*.webp=01;35:*.ogm=01;35:*.mp4=01;35:*.m4v=01;35:*.mp4v=01;35:*.vob=01;35:*.qt=01;35:*.nuv=01;35:*.wmv=01;35:*.asf=01;35:*.rm=01;35:*.rmvb=01;35:*.flc=01;35:*.avi=01;35:*.fli=01;35:*.flv=01;35:*.gl=01;35:*.dl=01;35:*.xcf=01;35:*.xwd=01;35:*.yuv=01;35:*.cgm=01;35:*.emf=01;35:*.ogv=01;35:*.ogx=01;35:*.aac=00;36:*.au=00;36:*.flac=00;36:*.m4a=00;36:*.mid=00;36:*.midi=00;36:*.mka=00;36:*.mp3=00;36:*.mpc=00;36:*.ogg=00;36:*.ra=00;36:*.wav=00;36:*.oga=00;36:*.opus=00;36:*.spx=00;36:*.xspf=00;36:*~=00;90:*#=00;90:*.bak=00;90:*.crdownload=00;90:*.dpkg-dist=00;90:*.dpkg-new=00;90:*.dpkg-old=00;90:*.dpkg-tmp=00;90:*.old=00;90:*.orig=00;90:*.part=00;90:*.rej=00;90:*.rpmnew=00;90:*.rpmorig=00;90:*.rpmsave=00;90:*.swp=00;90:*.tmp=00;90:*.ucf-dist=00;90:*.ucf-new=00;90:*.ucf-old=00;90:', 'GNOME_TERMINAL_SERVICE': ':1.119', 'SSH_AUTH_SOCK': '/run/user/1000/keyring/ssh', 'AMENT_PREFIX_PATH': '/home/bot/ros2_ws/install/robotic_arm_v3_config:/home/bot/ros2_ws/install/robotic_arm_model_v3:/home/bot/ros2_ws/install/pose_printer:/home/bot/ros2_ws/install/moveit_controls:/home/bot/ros2_ws/install/move_program:/home/bot/ros2_ws/install/cpp_pubsub:/opt/ros/jazzy', 'SHELL': '/bin/bash', 'QT_ACCESSIBILITY': '1', 'GDMSESSION': 'ubuntu', 'LESSCLOSE': '/usr/bin/lesspipe %s %s', 'ROS_AUTOMATIC_DISCOVERY_RANGE': 'SUBNET', 'QT_IM_MODULE': 'ibus', 'PWD': '/home/bot/ros2_ws/build/move_program', 'LC_ALL': 'en_US.UTF-8', 'XDG_CONFIG_DIRS': '/etc/xdg/xdg-ubuntu:/etc/xdg', 'XDG_DATA_DIRS': '/usr/share/ubuntu:/usr/share/gnome:/usr/local/share/:/usr/share/:/var/lib/snapd/desktop', 'PYTHONPATH': '/home/bot/ros2_ws/install/pose_printer/lib/python3.12/site-packages:/home/bot/ros2_ws/install/moveit_controls/lib/python3.12/site-packages:/opt/ros/jazzy/lib/python3.12/site-packages', 'COLCON': '1', 'MEMORY_PRESSURE_WRITE': 'c29tZSAyMDAwMDAgMjAwMDAwMAA=', 'VTE_VERSION': '7600', 'CMAKE_PREFIX_PATH': '/home/bot/ros2_ws/install/robotic_arm_v3_config:/home/bot/ros2_ws/install/robotic_arm_model_v3:/home/bot/ros2_ws/install/move_program:/home/bot/ros2_ws/install/cpp_pubsub:/opt/ros/jazzy/opt/gz_math_vendor:/opt/ros/jazzy/opt/gz_utils_vendor:/opt/ros/jazzy/opt/gz_cmake_vendor:/home/bot/ros2_ws/install/pose_printer:/home/bot/ros2_ws/install/moveit_controls:/opt/ros/jazzy'}), 'shell': False}
[100.379156] (-) TimerEvent: {}
[100.396405] (move_program) StdoutLine: {'line': b'-- Install configuration: ""\n'}
[100.397198] (move_program) StdoutLine: {'line': b'-- Installing: /home/bot/ros2_ws/install/move_program/lib/move_program/move_program\n'}
[100.402560] (move_program) StdoutLine: {'line': b'-- Set non-toolchain portion of runtime path of "/home/bot/ros2_ws/install/move_program/lib/move_program/move_program" to ""\n'}
[100.405146] (move_program) StdoutLine: {'line': b'-- Installing: /home/bot/ros2_ws/install/move_program/share/ament_index/resource_index/package_run_dependencies/move_program\n'}
[100.405951] (move_program) StdoutLine: {'line': b'-- Installing: /home/bot/ros2_ws/install/move_program/share/ament_index/resource_index/parent_prefix_path/move_program\n'}
[100.407806] (move_program) StdoutLine: {'line': b'-- Installing: /home/bot/ros2_ws/install/move_program/share/move_program/environment/ament_prefix_path.sh\n'}
[100.409157] (move_program) StdoutLine: {'line': b'-- Installing: /home/bot/ros2_ws/install/move_program/share/move_program/environment/ament_prefix_path.dsv\n'}
[100.410543] (move_program) StdoutLine: {'line': b'-- Installing: /home/bot/ros2_ws/install/move_program/share/move_program/environment/path.sh\n'}
[100.411884] (move_program) StdoutLine: {'line': b'-- Installing: /home/bot/ros2_ws/install/move_program/share/move_program/environment/path.dsv\n'}
[100.413229] (move_program) StdoutLine: {'line': b'-- Installing: /home/bot/ros2_ws/install/move_program/share/move_program/local_setup.bash\n'}
[100.415227] (move_program) StdoutLine: {'line': b'-- Installing: /home/bot/ros2_ws/install/move_program/share/move_program/local_setup.sh\n'}
[100.417210] (move_program) StdoutLine: {'line': b'-- Installing: /home/bot/ros2_ws/install/move_program/share/move_program/local_setup.zsh\n'}
[100.419260] (move_program) StdoutLine: {'line': b'-- Installing: /home/bot/ros2_ws/install/move_program/share/move_program/local_setup.dsv\n'}
[100.421398] (move_program) StdoutLine: {'line': b'-- Installing: /home/bot/ros2_ws/install/move_program/share/move_program/package.dsv\n'}
[100.423246] (move_program) StdoutLine: {'line': b'-- Installing: /home/bot/ros2_ws/install/move_program/share/ament_index/resource_index/packages/move_program\n'}
[100.425094] (move_program) StdoutLine: {'line': b'-- Installing: /home/bot/ros2_ws/install/move_program/share/move_program/cmake/move_programConfig.cmake\n'}
[100.426951] (move_program) StdoutLine: {'line': b'-- Installing: /home/bot/ros2_ws/install/move_program/share/move_program/cmake/move_programConfig-version.cmake\n'}
[100.429711] (move_program) StdoutLine: {'line': b'-- Installing: /home/bot/ros2_ws/install/move_program/share/move_program/package.xml\n'}
[100.438612] (move_program) CommandEnded: {'returncode': 0}
[100.479702] (-) TimerEvent: {}
[100.533529] (move_program) JobEnded: {'identifier': 'move_program', 'rc': 0}
[100.579922] (-) TimerEvent: {}
[100.680630] (-) TimerEvent: {}
[100.784388] (-) TimerEvent: {}
[100.885083] (-) TimerEvent: {}
[100.985758] (-) TimerEvent: {}
[101.086479] (-) TimerEvent: {}
[101.187156] (-) TimerEvent: {}
[101.287878] (-) TimerEvent: {}
[101.388613] (-) TimerEvent: {}
[101.489342] (-) TimerEvent: {}
[101.590051] (-) TimerEvent: {}
[101.690702] (-) TimerEvent: {}
[101.791400] (-) TimerEvent: {}
[101.892130] (-) TimerEvent: {}
[101.992860] (-) TimerEvent: {}
[102.093645] (-) TimerEvent: {}
[102.194398] (-) TimerEvent: {}
[102.295130] (-) TimerEvent: {}
[102.395781] (-) TimerEvent: {}
[102.496517] (-) TimerEvent: {}
[102.597232] (-) TimerEvent: {}
[102.697903] (-) TimerEvent: {}
[102.798608] (-) TimerEvent: {}
[102.899329] (-) TimerEvent: {}
[103.000053] (-) TimerEvent: {}
[103.100762] (-) TimerEvent: {}
[103.201534] (-) TimerEvent: {}
[103.302249] (-) TimerEvent: {}
[103.403059] (-) TimerEvent: {}
[103.503697] (-) TimerEvent: {}
[103.604425] (-) TimerEvent: {}
[103.705295] (-) TimerEvent: {}
[103.806095] (-) TimerEvent: {}
[103.906927] (-) TimerEvent: {}
[104.007845] (-) TimerEvent: {}
[104.111807] (-) TimerEvent: {}
[104.214568] (-) TimerEvent: {}
[104.317246] (-) TimerEvent: {}
[104.418315] (-) TimerEvent: {}
[104.519279] (-) TimerEvent: {}
[104.620191] (-) TimerEvent: {}
[104.721196] (-) TimerEvent: {}
[104.822029] (-) TimerEvent: {}
[104.922878] (-) TimerEvent: {}
[105.023702] (-) TimerEvent: {}
[105.124554] (-) TimerEvent: {}
[105.225421] (-) TimerEvent: {}
[105.326169] (-) TimerEvent: {}
[105.426911] (-) TimerEvent: {}
[105.527637] (-) TimerEvent: {}
[105.628425] (-) TimerEvent: {}
[105.729122] (-) TimerEvent: {}
[105.829783] (-) TimerEvent: {}
[105.930540] (-) TimerEvent: {}
[106.031270] (-) TimerEvent: {}
[106.131941] (-) TimerEvent: {}
[106.232700] (-) TimerEvent: {}
[106.333437] (-) TimerEvent: {}
[106.434135] (-) TimerEvent: {}
[106.534852] (-) TimerEvent: {}
[106.635565] (-) TimerEvent: {}
[106.736282] (-) TimerEvent: {}
[106.837041] (-) TimerEvent: {}
[106.937708] (-) TimerEvent: {}
[107.038438] (-) TimerEvent: {}
[107.139162] (-) TimerEvent: {}
[107.239909] (-) TimerEvent: {}
[107.340633] (-) TimerEvent: {}
[107.441417] (-) TimerEvent: {}
[107.542157] (-) TimerEvent: {}
[107.642826] (-) TimerEvent: {}
[107.743558] (-) TimerEvent: {}
[107.844351] (-) TimerEvent: {}
[107.945070] (-) TimerEvent: {}
[108.045772] (-) TimerEvent: {}
[108.146503] (-) TimerEvent: {}
[108.247170] (-) TimerEvent: {}
[108.347856] (-) TimerEvent: {}
[108.448585] (-) TimerEvent: {}
[108.549487] (-) TimerEvent: {}
[108.650143] (-) TimerEvent: {}
[108.750813] (-) TimerEvent: {}
[108.851541] (-) TimerEvent: {}
[108.952287] (-) TimerEvent: {}
[109.052947] (-) TimerEvent: {}
[109.153669] (-) TimerEvent: {}
[109.254449] (-) TimerEvent: {}
[109.355151] (-) TimerEvent: {}
[109.455815] (-) TimerEvent: {}
[109.556731] (-) TimerEvent: {}
[109.657517] (-) TimerEvent: {}
[109.758277] (-) TimerEvent: {}
[109.859014] (-) TimerEvent: {}
[109.959730] (-) TimerEvent: {}
[110.060498] (-) TimerEvent: {}
[110.161383] (-) TimerEvent: {}
[110.262133] (-) TimerEvent: {}
[110.362841] (-) TimerEvent: {}
[110.463573] (-) TimerEvent: {}
[110.564389] (-) TimerEvent: {}
[110.665125] (-) TimerEvent: {}
[110.765811] (-) TimerEvent: {}
[110.866574] (-) TimerEvent: {}
[110.967337] (-) TimerEvent: {}
[111.068078] (-) TimerEvent: {}
[111.168727] (-) TimerEvent: {}
[111.269462] (-) TimerEvent: {}
[111.370139] (-) TimerEvent: {}
[111.470829] (-) TimerEvent: {}
[111.571557] (-) TimerEvent: {}
[111.672285] (-) TimerEvent: {}
[111.772946] (-) TimerEvent: {}
[111.873650] (-) TimerEvent: {}
[111.974435] (-) TimerEvent: {}
[112.075171] (-) TimerEvent: {}
[112.175812] (-) TimerEvent: {}
[112.276484] (-) TimerEvent: {}
[112.377135] (-) TimerEvent: {}
[112.477895] (-) TimerEvent: {}
[112.578942] (-) TimerEvent: {}
[112.679707] (-) TimerEvent: {}
[112.780412] (-) TimerEvent: {}
[112.881125] (-) TimerEvent: {}
[112.981898] (-) TimerEvent: {}
[113.082651] (-) TimerEvent: {}
[113.128614] (robotic_arm_moveit) StdoutLine: {'line': b'[100%] \x1b[32m\x1b[1mLinking CXX executable robotic_arm_moveit\x1b[0m\n'}
[113.182831] (-) TimerEvent: {}
[113.283544] (-) TimerEvent: {}
[113.384327] (-) TimerEvent: {}
[113.485108] (-) TimerEvent: {}
[113.586042] (-) TimerEvent: {}
[113.686702] (-) TimerEvent: {}
[113.787545] (-) TimerEvent: {}
[113.888384] (-) TimerEvent: {}
[113.989147] (-) TimerEvent: {}
[114.089896] (-) TimerEvent: {}
[114.190511] (-) TimerEvent: {}
[114.291123] (-) TimerEvent: {}
[114.391721] (-) TimerEvent: {}
[114.492354] (-) TimerEvent: {}
[114.593067] (-) TimerEvent: {}
[114.693669] (-) TimerEvent: {}
[114.794373] (-) TimerEvent: {}
[114.895065] (-) TimerEvent: {}
[114.995654] (-) TimerEvent: {}
[115.096278] (-) TimerEvent: {}
[115.196869] (-) TimerEvent: {}
[115.297527] (-) TimerEvent: {}
[115.398115] (-) TimerEvent: {}
[115.498709] (-) TimerEvent: {}
[115.599336] (-) TimerEvent: {}
[115.699955] (-) TimerEvent: {}
[115.800605] (-) TimerEvent: {}
[115.901246] (-) TimerEvent: {}
[116.001871] (-) TimerEvent: {}
[116.102505] (-) TimerEvent: {}
[116.203107] (-) TimerEvent: {}
[116.303689] (-) TimerEvent: {}
[116.404300] (-) TimerEvent: {}
[116.504889] (-) TimerEvent: {}
[116.605511] (-) TimerEvent: {}
[116.706109] (-) TimerEvent: {}
[116.806693] (-) TimerEvent: {}
[116.907355] (-) TimerEvent: {}
[117.007959] (-) TimerEvent: {}
[117.108567] (-) TimerEvent: {}
[117.209155] (-) TimerEvent: {}
[117.309764] (-) TimerEvent: {}
[117.413339] (-) TimerEvent: {}
[117.514059] (-) TimerEvent: {}
[117.614809] (-) TimerEvent: {}
[117.715465] (-) TimerEvent: {}
[117.816417] (-) TimerEvent: {}
[117.917106] (-) TimerEvent: {}
[118.017906] (-) TimerEvent: {}
[118.073219] (robotic_arm_moveit) StdoutLine: {'line': b'[100%] Built target robotic_arm_moveit\n'}
[118.118147] (-) TimerEvent: {}
[118.130828] (robotic_arm_moveit) CommandEnded: {'returncode': 0}
[118.135052] (robotic_arm_moveit) JobProgress: {'identifier': 'robotic_arm_moveit', 'progress': 'install'}
[118.136300] (robotic_arm_moveit) Command: {'cmd': ['/usr/bin/cmake', '--install', '/home/bot/ros2_ws/build/robotic_arm_moveit'], 'cwd': '/home/bot/ros2_ws/build/robotic_arm_moveit', 'env': OrderedDict({'LESSOPEN': '| /usr/bin/lesspipe %s', 'USER': 'bot', 'XDG_SESSION_TYPE': 'wayland', 'CLUTTER_DISABLE_MIPMAPPED_TEXT': '1', 'SHLVL': '1', 'LD_LIBRARY_PATH': '/opt/ros/jazzy/opt/rviz_ogre_vendor/lib:/opt/ros/jazzy/lib/aarch64-linux-gnu:/opt/ros/jazzy/opt/gz_math_vendor/lib:/opt/ros/jazzy/opt/gz_utils_vendor/lib:/opt/ros/jazzy/opt/gz_cmake_vendor/lib:/opt/ros/jazzy/lib', 'HOME': '/home/bot', 'OLDPWD': '/home/bot/ros2_ws', 'DESKTOP_SESSION': 'ubuntu', 'ROS_PYTHON_VERSION': '3', 'GNOME_SHELL_SESSION_MODE': 'ubuntu', 'GTK_MODULES': 'gail:atk-bridge', 'SYSTEMD_EXEC_PID': '2617', 'GSM_SKIP_SSH_AGENT_WORKAROUND': 'true', 'DBUS_SESSION_BUS_ADDRESS': 'unix:path=/run/user/1000/bus', 'COLORTERM': 'truecolor', 'DEBUGINFOD_URLS': 'https://debuginfod.ubuntu.com', 'IM_CONFIG_PHASE': '1', 'WAYLAND_DISPLAY': 'wayland-0', 'COLCON_PREFIX_PATH': '/home/bot/ros2_ws/install', 'ROS_DISTRO': 'jazzy', 'LOGNAME': 'bot', '_': '/usr/bin/colcon', 'ROS_VERSION': '2', 'MEMORY_PRESSURE_WATCH': '/sys/fs/cgroup/user.slice/user-1000.slice/user@1000.service/session.slice/org.gnome.Shell@wayland.service/memory.pressure', 'XDG_SESSION_CLASS': 'user', 'USERNAME': 'bot', 'TERM': 'xterm-256color', 'GNOME_DESKTOP_SESSION_ID': 'this-is-deprecated', 'PATH': '/opt/ros/jazzy/bin:/usr/local/sbin:/usr/local/bin:/usr/sbin:/usr/bin:/sbin:/bin:/usr/games:/usr/local/games:/snap/bin:/snap/bin', 'SESSION_MANAGER': 'local/bot-desktop:@/tmp/.ICE-unix/2578,unix/bot-desktop:/tmp/.ICE-unix/2578', 'XDG_MENU_PREFIX': 'gnome-', 'GNOME_TERMINAL_SCREEN': '/org/gnome/Terminal/screen/de76cddb_b4ae_43fd_97f5_18e99a9e050f', 'GNOME_SETUP_DISPLAY': ':1', 'XDG_RUNTIME_DIR': '/run/user/1000', 'DISPLAY': ':0', 'LANG': 'en_US.UTF-8', 'XDG_CURRENT_DESKTOP': 'ubuntu:GNOME', 'XMODIFIERS': '@im=ibus', 'XDG_SESSION_DESKTOP': 'ubuntu', 'XAUTHORITY': '/run/user/1000/.mutter-Xwaylandauth.MBRMI3', 'LS_COLORS': 'rs=0:di=01;34:ln=01;36:mh=00:pi=40;33:so=01;35:do=01;35:bd=40;33;01:cd=40;33;01:or=40;31;01:mi=00:su=37;41:sg=30;43:ca=00:tw=30;42:ow=34;42:st=37;44:ex=01;32:*.tar=01;31:*.tgz=01;31:*.arc=01;31:*.arj=01;31:*.taz=01;31:*.lha=01;31:*.lz4=01;31:*.lzh=01;31:*.lzma=01;31:*.tlz=01;31:*.txz=01;31:*.tzo=01;31:*.t7z=01;31:*.zip=01;31:*.z=01;31:*.dz=01;31:*.gz=01;31:*.lrz=01;31:*.lz=01;31:*.lzo=01;31:*.xz=01;31:*.zst=01;31:*.tzst=01;31:*.bz2=01;31:*.bz=01;31:*.tbz=01;31:*.tbz2=01;31:*.tz=01;31:*.deb=01;31:*.rpm=01;31:*.jar=01;31:*.war=01;31:*.ear=01;31:*.sar=01;31:*.rar=01;31:*.alz=01;31:*.ace=01;31:*.zoo=01;31:*.cpio=01;31:*.7z=01;31:*.rz=01;31:*.cab=01;31:*.wim=01;31:*.swm=01;31:*.dwm=01;31:*.esd=01;31:*.avif=01;35:*.jpg=01;35:*.jpeg=01;35:*.mjpg=01;35:*.mjpeg=01;35:*.gif=01;35:*.bmp=01;35:*.pbm=01;35:*.pgm=01;35:*.ppm=01;35:*.tga=01;35:*.xbm=01;35:*.xpm=01;35:*.tif=01;35:*.tiff=01;35:*.png=01;35:*.svg=01;35:*.svgz=01;35:*.mng=01;35:*.pcx=01;35:*.mov=01;35:*.mpg=01;35:*.mpeg=01;35:*.m2v=01;35:*.mkv=01;35:*.webm=01;35:*.webp=01;35:*.ogm=01;35:*.mp4=01;35:*.m4v=01;35:*.mp4v=01;35:*.vob=01;35:*.qt=01;35:*.nuv=01;35:*.wmv=01;35:*.asf=01;35:*.rm=01;35:*.rmvb=01;35:*.flc=01;35:*.avi=01;35:*.fli=01;35:*.flv=01;35:*.gl=01;35:*.dl=01;35:*.xcf=01;35:*.xwd=01;35:*.yuv=01;35:*.cgm=01;35:*.emf=01;35:*.ogv=01;35:*.ogx=01;35:*.aac=00;36:*.au=00;36:*.flac=00;36:*.m4a=00;36:*.mid=00;36:*.midi=00;36:*.mka=00;36:*.mp3=00;36:*.mpc=00;36:*.ogg=00;36:*.ra=00;36:*.wav=00;36:*.oga=00;36:*.opus=00;36:*.spx=00;36:*.xspf=00;36:*~=00;90:*#=00;90:*.bak=00;90:*.crdownload=00;90:*.dpkg-dist=00;90:*.dpkg-new=00;90:*.dpkg-old=00;90:*.dpkg-tmp=00;90:*.old=00;90:*.orig=00;90:*.part=00;90:*.rej=00;90:*.rpmnew=00;90:*.rpmorig=00;90:*.rpmsave=00;90:*.swp=00;90:*.tmp=00;90:*.ucf-dist=00;90:*.ucf-new=00;90:*.ucf-old=00;90:', 'GNOME_TERMINAL_SERVICE': ':1.119', 'SSH_AUTH_SOCK': '/run/user/1000/keyring/ssh', 'AMENT_PREFIX_PATH': '/home/bot/ros2_ws/install/robotic_arm_v3_config:/home/bot/ros2_ws/install/robotic_arm_model_v3:/home/bot/ros2_ws/install/pose_printer:/home/bot/ros2_ws/install/moveit_controls:/home/bot/ros2_ws/install/move_program:/home/bot/ros2_ws/install/cpp_pubsub:/opt/ros/jazzy', 'SHELL': '/bin/bash', 'QT_ACCESSIBILITY': '1', 'GDMSESSION': 'ubuntu', 'LESSCLOSE': '/usr/bin/lesspipe %s %s', 'ROS_AUTOMATIC_DISCOVERY_RANGE': 'SUBNET', 'QT_IM_MODULE': 'ibus', 'PWD': '/home/bot/ros2_ws/build/robotic_arm_moveit', 'LC_ALL': 'en_US.UTF-8', 'XDG_CONFIG_DIRS': '/etc/xdg/xdg-ubuntu:/etc/xdg', 'XDG_DATA_DIRS': '/usr/share/ubuntu:/usr/share/gnome:/usr/local/share/:/usr/share/:/var/lib/snapd/desktop', 'PYTHONPATH': '/home/bot/ros2_ws/install/pose_printer/lib/python3.12/site-packages:/home/bot/ros2_ws/install/moveit_controls/lib/python3.12/site-packages:/opt/ros/jazzy/lib/python3.12/site-packages', 'COLCON': '1', 'MEMORY_PRESSURE_WRITE': 'c29tZSAyMDAwMDAgMjAwMDAwMAA=', 'VTE_VERSION': '7600', 'CMAKE_PREFIX_PATH': '/home/bot/ros2_ws/install/robotic_arm_v3_config:/home/bot/ros2_ws/install/robotic_arm_model_v3:/home/bot/ros2_ws/install/move_program:/home/bot/ros2_ws/install/cpp_pubsub:/opt/ros/jazzy/opt/gz_math_vendor:/opt/ros/jazzy/opt/gz_utils_vendor:/opt/ros/jazzy/opt/gz_cmake_vendor:/home/bot/ros2_ws/install/pose_printer:/home/bot/ros2_ws/install/moveit_controls:/opt/ros/jazzy'}), 'shell': False}
[118.180577] (robotic_arm_moveit) StdoutLine: {'line': b'-- Install configuration: ""\n'}
[118.181490] (robotic_arm_moveit) StdoutLine: {'line': b'-- Installing: /home/bot/ros2_ws/install/robotic_arm_moveit/lib/robotic_arm_moveit/robotic_arm_moveit\n'}
[118.184843] (robotic_arm_moveit) StdoutLine: {'line': b'-- Set non-toolchain portion of runtime path of "/home/bot/ros2_ws/install/robotic_arm_moveit/lib/robotic_arm_moveit/robotic_arm_moveit" to ""\n'}
[118.185966] (robotic_arm_moveit) StdoutLine: {'line': b'-- Installing: /home/bot/ros2_ws/install/robotic_arm_moveit/share/ament_index/resource_index/package_run_dependencies/robotic_arm_moveit\n'}
[118.187694] (robotic_arm_moveit) StdoutLine: {'line': b'-- Installing: /home/bot/ros2_ws/install/robotic_arm_moveit/share/ament_index/resource_index/parent_prefix_path/robotic_arm_moveit\n'}
[118.189307] (robotic_arm_moveit) StdoutLine: {'line': b'-- Installing: /home/bot/ros2_ws/install/robotic_arm_moveit/share/robotic_arm_moveit/environment/ament_prefix_path.sh\n'}
[118.190429] (robotic_arm_moveit) StdoutLine: {'line': b'-- Installing: /home/bot/ros2_ws/install/robotic_arm_moveit/share/robotic_arm_moveit/environment/ament_prefix_path.dsv\n'}
[118.191582] (robotic_arm_moveit) StdoutLine: {'line': b'-- Installing: /home/bot/ros2_ws/install/robotic_arm_moveit/share/robotic_arm_moveit/environment/path.sh\n'}
[118.192735] (robotic_arm_moveit) StdoutLine: {'line': b'-- Installing: /home/bot/ros2_ws/install/robotic_arm_moveit/share/robotic_arm_moveit/environment/path.dsv\n'}
[118.193854] (robotic_arm_moveit) StdoutLine: {'line': b'-- Installing: /home/bot/ros2_ws/install/robotic_arm_moveit/share/robotic_arm_moveit/local_setup.bash\n'}
[118.194967] (robotic_arm_moveit) StdoutLine: {'line': b'-- Installing: /home/bot/ros2_ws/install/robotic_arm_moveit/share/robotic_arm_moveit/local_setup.sh\n'}
[118.196110] (robotic_arm_moveit) StdoutLine: {'line': b'-- Installing: /home/bot/ros2_ws/install/robotic_arm_moveit/share/robotic_arm_moveit/local_setup.zsh\n'}
[118.197209] (robotic_arm_moveit) StdoutLine: {'line': b'-- Installing: /home/bot/ros2_ws/install/robotic_arm_moveit/share/robotic_arm_moveit/local_setup.dsv\n'}
[118.198290] (robotic_arm_moveit) StdoutLine: {'line': b'-- Installing: /home/bot/ros2_ws/install/robotic_arm_moveit/share/robotic_arm_moveit/package.dsv\n'}
[118.199687] (robotic_arm_moveit) StdoutLine: {'line': b'-- Installing: /home/bot/ros2_ws/install/robotic_arm_moveit/share/ament_index/resource_index/packages/robotic_arm_moveit\n'}
[118.201142] (robotic_arm_moveit) StdoutLine: {'line': b'-- Installing: /home/bot/ros2_ws/install/robotic_arm_moveit/share/robotic_arm_moveit/cmake/robotic_arm_moveitConfig.cmake\n'}
[118.202257] (robotic_arm_moveit) StdoutLine: {'line': b'-- Installing: /home/bot/ros2_ws/install/robotic_arm_moveit/share/robotic_arm_moveit/cmake/robotic_arm_moveitConfig-version.cmake\n'}
[118.203394] (robotic_arm_moveit) StdoutLine: {'line': b'-- Installing: /home/bot/ros2_ws/install/robotic_arm_moveit/share/robotic_arm_moveit/package.xml\n'}
[118.210245] (robotic_arm_moveit) CommandEnded: {'returncode': 0}
[118.218571] (-) TimerEvent: {}
[118.270513] (robotic_arm_moveit) JobEnded: {'identifier': 'robotic_arm_moveit', 'rc': 0}
[118.275124] (-) EventReactorShutdown: {}
