[0.010s] Invoking command in '/home/andre/ros2_ws/src/build/moveit_task_constructor_msgs': AMENT_PREFIX_PATH=/home/andre/ros2_ws/src/install/moveit_msgs:${AMENT_PREFIX_PATH} CMAKE_PREFIX_PATH=/home/andre/ros2_ws/src/install/moveit_msgs:/home/andre/ros2_ws/install:/opt/ros/jazzy/opt/gz_sim_vendor:/opt/ros/jazzy/opt/gz_sensors_vendor:/opt/ros/jazzy/opt/gz_physics_vendor:/opt/ros/jazzy/opt/sdformat_vendor:/opt/ros/jazzy/opt/gz_gui_vendor:/opt/ros/jazzy/opt/gz_transport_vendor:/opt/ros/jazzy/opt/gz_rendering_vendor:/opt/ros/jazzy/opt/gz_plugin_vendor:/opt/ros/jazzy/opt/gz_fuel_tools_vendor:/opt/ros/jazzy/opt/gz_msgs_vendor:/opt/ros/jazzy/opt/gz_common_vendor:/opt/ros/jazzy/opt/gz_math_vendor:/opt/ros/jazzy/opt/gz_utils_vendor:/opt/ros/jazzy/opt/gz_tools_vendor:/opt/ros/jazzy/opt/gz_ogre_next_vendor:/opt/ros/jazzy/opt/gz_dartsim_vendor:/opt/ros/jazzy/opt/gz_cmake_vendor:/opt/ros/jazzy DEBUGINFOD_URLS=https://debuginfod.ubuntu.com LD_LIBRARY_PATH=/home/andre/ros2_ws/src/install/moveit_msgs/lib:${LD_LIBRARY_PATH} PYTHONPATH=/home/andre/ros2_ws/src/install/moveit_msgs/lib/python3.12/site-packages:${PYTHONPATH} /usr/bin/cmake /home/andre/ros2_ws/src/moveit_task_constructor/msgs -DCMAKE_BUILD_TYPE=Release -DCMAKE_INSTALL_PREFIX=/home/andre/ros2_ws/src/install/moveit_task_constructor_msgs
[0.066s] -- The C compiler identification is GNU 13.3.0
[0.127s] -- The CXX compiler identification is GNU 13.3.0
[0.144s] -- Detecting C compiler ABI info
[0.234s] -- Detecting C compiler ABI info - done
[0.245s] -- Check for working C compiler: /usr/bin/cc - skipped
[0.245s] -- Detecting C compile features
[0.246s] -- Detecting C compile features - done
[0.255s] -- Detecting CXX compiler ABI info
[0.357s] -- Detecting CXX compiler ABI info - done
[0.369s] -- Check for working CXX compiler: /usr/bin/c++ - skipped
[0.369s] -- Detecting CXX compile features
[0.369s] -- Detecting CXX compile features - done
[0.374s] -- Found ament_cmake: 2.5.4 (/opt/ros/jazzy/share/ament_cmake/cmake)
[0.541s] -- Found Python3: /usr/bin/python3 (found version "3.12.3") found components: Interpreter 
[0.675s] -- Found builtin_interfaces: 2.0.3 (/opt/ros/jazzy/share/builtin_interfaces/cmake)
[0.727s] -- Found rosidl_generator_c: 4.6.6 (/opt/ros/jazzy/share/rosidl_generator_c/cmake)
[0.748s] -- Found rosidl_generator_cpp: 4.6.6 (/opt/ros/jazzy/share/rosidl_generator_cpp/cmake)
[0.769s] -- Using all available rosidl_typesupport_c: rosidl_typesupport_fastrtps_c;rosidl_typesupport_introspection_c
[0.793s] -- Using all available rosidl_typesupport_cpp: rosidl_typesupport_fastrtps_cpp;rosidl_typesupport_introspection_cpp
[0.812s] -- Found moveit_msgs: 2.7.1 (/home/andre/ros2_ws/src/install/moveit_msgs/share/moveit_msgs/cmake)
[1.209s] -- Found rosidl_default_generators: 1.6.0 (/opt/ros/jazzy/share/rosidl_default_generators/cmake)
[1.230s] -- Found rosidl_adapter: 4.6.6 (/opt/ros/jazzy/share/rosidl_adapter/cmake)
[1.235s] -- Found visualization_msgs: 5.3.6 (/opt/ros/jazzy/share/visualization_msgs/cmake)
[2.130s] -- Found ament_cmake_ros: 0.12.0 (/opt/ros/jazzy/share/ament_cmake_ros/cmake)
[3.538s] -- Using all available rosidl_typesupport_c: rosidl_typesupport_fastrtps_c;rosidl_typesupport_introspection_c
[4.082s] -- Using all available rosidl_typesupport_cpp: rosidl_typesupport_fastrtps_cpp;rosidl_typesupport_introspection_cpp
[4.087s] -- Found python_cmake_module: 0.11.1 (/opt/ros/jazzy/share/python_cmake_module/cmake)
[4.261s] -- Found PythonExtra: /usr/bin/python3  
[4.945s] -- Found Python3: /usr/bin/python3 (found version "3.12.3") found components: Interpreter Development NumPy Development.Module Development.Embed 
[5.177s] -- Configuring done (5.2s)
[5.410s] -- Generating done (0.2s)
[5.457s] -- Build files have been written to: /home/andre/ros2_ws/src/build/moveit_task_constructor_msgs
[5.493s] Invoked command in '/home/andre/ros2_ws/src/build/moveit_task_constructor_msgs' returned '0': AMENT_PREFIX_PATH=/home/andre/ros2_ws/src/install/moveit_msgs:${AMENT_PREFIX_PATH} CMAKE_PREFIX_PATH=/home/andre/ros2_ws/src/install/moveit_msgs:/home/andre/ros2_ws/install:/opt/ros/jazzy/opt/gz_sim_vendor:/opt/ros/jazzy/opt/gz_sensors_vendor:/opt/ros/jazzy/opt/gz_physics_vendor:/opt/ros/jazzy/opt/sdformat_vendor:/opt/ros/jazzy/opt/gz_gui_vendor:/opt/ros/jazzy/opt/gz_transport_vendor:/opt/ros/jazzy/opt/gz_rendering_vendor:/opt/ros/jazzy/opt/gz_plugin_vendor:/opt/ros/jazzy/opt/gz_fuel_tools_vendor:/opt/ros/jazzy/opt/gz_msgs_vendor:/opt/ros/jazzy/opt/gz_common_vendor:/opt/ros/jazzy/opt/gz_math_vendor:/opt/ros/jazzy/opt/gz_utils_vendor:/opt/ros/jazzy/opt/gz_tools_vendor:/opt/ros/jazzy/opt/gz_ogre_next_vendor:/opt/ros/jazzy/opt/gz_dartsim_vendor:/opt/ros/jazzy/opt/gz_cmake_vendor:/opt/ros/jazzy DEBUGINFOD_URLS=https://debuginfod.ubuntu.com LD_LIBRARY_PATH=/home/andre/ros2_ws/src/install/moveit_msgs/lib:${LD_LIBRARY_PATH} PYTHONPATH=/home/andre/ros2_ws/src/install/moveit_msgs/lib/python3.12/site-packages:${PYTHONPATH} /usr/bin/cmake /home/andre/ros2_ws/src/moveit_task_constructor/msgs -DCMAKE_BUILD_TYPE=Release -DCMAKE_INSTALL_PREFIX=/home/andre/ros2_ws/src/install/moveit_task_constructor_msgs
[5.494s] Invoking command in '/home/andre/ros2_ws/src/build/moveit_task_constructor_msgs': AMENT_PREFIX_PATH=/home/andre/ros2_ws/src/install/moveit_msgs:${AMENT_PREFIX_PATH} CMAKE_PREFIX_PATH=/home/andre/ros2_ws/src/install/moveit_msgs:/home/andre/ros2_ws/install:/opt/ros/jazzy/opt/gz_sim_vendor:/opt/ros/jazzy/opt/gz_sensors_vendor:/opt/ros/jazzy/opt/gz_physics_vendor:/opt/ros/jazzy/opt/sdformat_vendor:/opt/ros/jazzy/opt/gz_gui_vendor:/opt/ros/jazzy/opt/gz_transport_vendor:/opt/ros/jazzy/opt/gz_rendering_vendor:/opt/ros/jazzy/opt/gz_plugin_vendor:/opt/ros/jazzy/opt/gz_fuel_tools_vendor:/opt/ros/jazzy/opt/gz_msgs_vendor:/opt/ros/jazzy/opt/gz_common_vendor:/opt/ros/jazzy/opt/gz_math_vendor:/opt/ros/jazzy/opt/gz_utils_vendor:/opt/ros/jazzy/opt/gz_tools_vendor:/opt/ros/jazzy/opt/gz_ogre_next_vendor:/opt/ros/jazzy/opt/gz_dartsim_vendor:/opt/ros/jazzy/opt/gz_cmake_vendor:/opt/ros/jazzy DEBUGINFOD_URLS=https://debuginfod.ubuntu.com LD_LIBRARY_PATH=/home/andre/ros2_ws/src/install/moveit_msgs/lib:${LD_LIBRARY_PATH} PYTHONPATH=/home/andre/ros2_ws/src/install/moveit_msgs/lib/python3.12/site-packages:${PYTHONPATH} /usr/bin/cmake --build /home/andre/ros2_ws/src/build/moveit_task_constructor_msgs -- -j4 -l4
[5.610s] [  0%] Built target ament_cmake_python_copy_moveit_task_constructor_msgs
[5.626s] [  1%] [34m[1mGenerating type hashes for ROS interfaces[0m
[6.583s] running egg_info
[6.585s] creating moveit_task_constructor_msgs.egg-info
[6.697s] writing moveit_task_constructor_msgs.egg-info/PKG-INFO
[6.699s] writing dependency_links to moveit_task_constructor_msgs.egg-info/dependency_links.txt
[6.700s] writing top-level names to moveit_task_constructor_msgs.egg-info/top_level.txt
[6.700s] writing manifest file 'moveit_task_constructor_msgs.egg-info/SOURCES.txt'
[6.866s] [  1%] Built target moveit_task_constructor_msgs__rosidl_generator_type_description
[6.903s] [  2%] [34m[1mGenerating C code for ROS interfaces[0m
[6.929s] [  2%] [34m[1mGenerating C++ code for ROS interfaces[0m
[7.042s] reading manifest file 'moveit_task_constructor_msgs.egg-info/SOURCES.txt'
[7.047s] writing manifest file 'moveit_task_constructor_msgs.egg-info/SOURCES.txt'
[7.146s] [  2%] Built target ament_cmake_python_build_moveit_task_constructor_msgs_egg
[10.034s] [  2%] Built target moveit_task_constructor_msgs__cpp
[11.117s] [  2%] [32mBuilding C object CMakeFiles/moveit_task_constructor_msgs__rosidl_generator_c.dir/rosidl_generator_c/moveit_task_constructor_msgs/msg/detail/solution__description.c.o[0m
[11.122s] [  3%] [32mBuilding C object CMakeFiles/moveit_task_constructor_msgs__rosidl_generator_c.dir/rosidl_generator_c/moveit_task_constructor_msgs/msg/detail/property__functions.c.o[0m
[11.123s] [  3%] [32mBuilding C object CMakeFiles/moveit_task_constructor_msgs__rosidl_generator_c.dir/rosidl_generator_c/moveit_task_constructor_msgs/msg/detail/property__description.c.o[0m
[11.127s] [  4%] [32mBuilding C object CMakeFiles/moveit_task_constructor_msgs__rosidl_generator_c.dir/rosidl_generator_c/moveit_task_constructor_msgs/msg/detail/property__type_support.c.o[0m
[11.231s] [  5%] [32mBuilding C object CMakeFiles/moveit_task_constructor_msgs__rosidl_generator_c.dir/rosidl_generator_c/moveit_task_constructor_msgs/msg/detail/solution__functions.c.o[0m
[11.248s] [  6%] [32mBuilding C object CMakeFiles/moveit_task_constructor_msgs__rosidl_generator_c.dir/rosidl_generator_c/moveit_task_constructor_msgs/msg/detail/solution__type_support.c.o[0m
[11.374s] [  6%] [32mBuilding C object CMakeFiles/moveit_task_constructor_msgs__rosidl_generator_c.dir/rosidl_generator_c/moveit_task_constructor_msgs/msg/detail/solution_info__description.c.o[0m
[11.408s] [  8%] [32mBuilding C object CMakeFiles/moveit_task_constructor_msgs__rosidl_generator_c.dir/rosidl_generator_c/moveit_task_constructor_msgs/msg/detail/solution_info__type_support.c.o[0m
[11.409s] [  7%] [32mBuilding C object CMakeFiles/moveit_task_constructor_msgs__rosidl_generator_c.dir/rosidl_generator_c/moveit_task_constructor_msgs/msg/detail/solution_info__functions.c.o[0m
[11.519s] [  9%] [32mBuilding C object CMakeFiles/moveit_task_constructor_msgs__rosidl_generator_c.dir/rosidl_generator_c/moveit_task_constructor_msgs/msg/detail/stage_description__description.c.o[0m
[11.545s] [  9%] [32mBuilding C object CMakeFiles/moveit_task_constructor_msgs__rosidl_generator_c.dir/rosidl_generator_c/moveit_task_constructor_msgs/msg/detail/stage_description__functions.c.o[0m
[11.564s] [ 10%] [32mBuilding C object CMakeFiles/moveit_task_constructor_msgs__rosidl_generator_c.dir/rosidl_generator_c/moveit_task_constructor_msgs/msg/detail/stage_description__type_support.c.o[0m
[11.654s] [ 11%] [32mBuilding C object CMakeFiles/moveit_task_constructor_msgs__rosidl_generator_c.dir/rosidl_generator_c/moveit_task_constructor_msgs/msg/detail/stage_statistics__description.c.o[0m
[11.666s] [ 11%] [32mBuilding C object CMakeFiles/moveit_task_constructor_msgs__rosidl_generator_c.dir/rosidl_generator_c/moveit_task_constructor_msgs/msg/detail/stage_statistics__functions.c.o[0m
[11.728s] [ 12%] [32mBuilding C object CMakeFiles/moveit_task_constructor_msgs__rosidl_generator_c.dir/rosidl_generator_c/moveit_task_constructor_msgs/msg/detail/stage_statistics__type_support.c.o[0m
[11.781s] [ 13%] [32mBuilding C object CMakeFiles/moveit_task_constructor_msgs__rosidl_generator_c.dir/rosidl_generator_c/moveit_task_constructor_msgs/msg/detail/sub_solution__description.c.o[0m
[11.826s] [ 13%] [32mBuilding C object CMakeFiles/moveit_task_constructor_msgs__rosidl_generator_c.dir/rosidl_generator_c/moveit_task_constructor_msgs/msg/detail/sub_solution__functions.c.o[0m
[11.840s] [ 14%] [32mBuilding C object CMakeFiles/moveit_task_constructor_msgs__rosidl_generator_c.dir/rosidl_generator_c/moveit_task_constructor_msgs/msg/detail/sub_solution__type_support.c.o[0m
[11.950s] [ 15%] [32mBuilding C object CMakeFiles/moveit_task_constructor_msgs__rosidl_generator_c.dir/rosidl_generator_c/moveit_task_constructor_msgs/msg/detail/sub_trajectory__description.c.o[0m
[11.961s] [ 15%] [32mBuilding C object CMakeFiles/moveit_task_constructor_msgs__rosidl_generator_c.dir/rosidl_generator_c/moveit_task_constructor_msgs/msg/detail/sub_trajectory__functions.c.o[0m
[11.961s] [ 16%] [32mBuilding C object CMakeFiles/moveit_task_constructor_msgs__rosidl_generator_c.dir/rosidl_generator_c/moveit_task_constructor_msgs/msg/detail/sub_trajectory__type_support.c.o[0m
[12.086s] [ 17%] [32mBuilding C object CMakeFiles/moveit_task_constructor_msgs__rosidl_generator_c.dir/rosidl_generator_c/moveit_task_constructor_msgs/msg/detail/task_description__description.c.o[0m
[12.124s] [ 18%] [32mBuilding C object CMakeFiles/moveit_task_constructor_msgs__rosidl_generator_c.dir/rosidl_generator_c/moveit_task_constructor_msgs/msg/detail/task_description__functions.c.o[0m
[12.225s] [ 18%] [32mBuilding C object CMakeFiles/moveit_task_constructor_msgs__rosidl_generator_c.dir/rosidl_generator_c/moveit_task_constructor_msgs/msg/detail/task_description__type_support.c.o[0m
[12.228s] [ 19%] [32mBuilding C object CMakeFiles/moveit_task_constructor_msgs__rosidl_generator_c.dir/rosidl_generator_c/moveit_task_constructor_msgs/msg/detail/task_statistics__description.c.o[0m
[12.293s] [ 20%] [32mBuilding C object CMakeFiles/moveit_task_constructor_msgs__rosidl_generator_c.dir/rosidl_generator_c/moveit_task_constructor_msgs/msg/detail/task_statistics__functions.c.o[0m
[12.331s] [ 20%] [32mBuilding C object CMakeFiles/moveit_task_constructor_msgs__rosidl_generator_c.dir/rosidl_generator_c/moveit_task_constructor_msgs/msg/detail/task_statistics__type_support.c.o[0m
[12.363s] [ 21%] [32mBuilding C object CMakeFiles/moveit_task_constructor_msgs__rosidl_generator_c.dir/rosidl_generator_c/moveit_task_constructor_msgs/msg/detail/trajectory_execution_info__description.c.o[0m
[12.413s] [ 22%] [32mBuilding C object CMakeFiles/moveit_task_constructor_msgs__rosidl_generator_c.dir/rosidl_generator_c/moveit_task_constructor_msgs/msg/detail/trajectory_execution_info__functions.c.o[0m
[12.423s] [ 22%] [32mBuilding C object CMakeFiles/moveit_task_constructor_msgs__rosidl_generator_c.dir/rosidl_generator_c/moveit_task_constructor_msgs/msg/detail/trajectory_execution_info__type_support.c.o[0m
[12.497s] [ 23%] [32mBuilding C object CMakeFiles/moveit_task_constructor_msgs__rosidl_generator_c.dir/rosidl_generator_c/moveit_task_constructor_msgs/srv/detail/get_solution__description.c.o[0m
[12.522s] [ 24%] [32mBuilding C object CMakeFiles/moveit_task_constructor_msgs__rosidl_generator_c.dir/rosidl_generator_c/moveit_task_constructor_msgs/srv/detail/get_solution__functions.c.o[0m
[12.679s] [ 25%] [32mBuilding C object CMakeFiles/moveit_task_constructor_msgs__rosidl_generator_c.dir/rosidl_generator_c/moveit_task_constructor_msgs/srv/detail/get_solution__type_support.c.o[0m
[12.750s] [ 25%] [32mBuilding C object CMakeFiles/moveit_task_constructor_msgs__rosidl_generator_c.dir/rosidl_generator_c/moveit_task_constructor_msgs/action/detail/execute_task_solution__description.c.o[0m
[12.859s] [ 26%] [32mBuilding C object CMakeFiles/moveit_task_constructor_msgs__rosidl_generator_c.dir/rosidl_generator_c/moveit_task_constructor_msgs/action/detail/execute_task_solution__functions.c.o[0m
[12.987s] [ 27%] [32mBuilding C object CMakeFiles/moveit_task_constructor_msgs__rosidl_generator_c.dir/rosidl_generator_c/moveit_task_constructor_msgs/action/detail/execute_task_solution__type_support.c.o[0m
[13.920s] [ 27%] [32m[1mLinking C shared library libmoveit_task_constructor_msgs__rosidl_generator_c.so[0m
[14.104s] [ 27%] Built target moveit_task_constructor_msgs__rosidl_generator_c
[14.138s] [ 28%] [34m[1mGenerating C type support for eProsima Fast-RTPS[0m
[14.138s] [ 28%] [34m[1mGenerating C++ type support dispatch for ROS interfaces[0m
[14.138s] [ 29%] [34m[1mGenerating C introspection for ROS interfaces[0m
[14.142s] [ 30%] [34m[1mGenerating C++ type support for eProsima Fast-RTPS[0m
[17.165s] [ 31%] [32mBuilding CXX object CMakeFiles/moveit_task_constructor_msgs__rosidl_typesupport_cpp.dir/rosidl_typesupport_cpp/moveit_task_constructor_msgs/msg/property__type_support.cpp.o[0m
[17.688s] [ 31%] [32mBuilding C object CMakeFiles/moveit_task_constructor_msgs__rosidl_typesupport_introspection_c.dir/rosidl_typesupport_introspection_c/moveit_task_constructor_msgs/msg/detail/property__type_support.c.o[0m
[17.756s] [ 32%] [32mBuilding C object CMakeFiles/moveit_task_constructor_msgs__rosidl_typesupport_introspection_c.dir/rosidl_typesupport_introspection_c/moveit_task_constructor_msgs/msg/detail/solution__type_support.c.o[0m
[17.853s] [ 33%] [32mBuilding CXX object CMakeFiles/moveit_task_constructor_msgs__rosidl_typesupport_cpp.dir/rosidl_typesupport_cpp/moveit_task_constructor_msgs/msg/solution__type_support.cpp.o[0m
[17.922s] [ 34%] [32mBuilding C object CMakeFiles/moveit_task_constructor_msgs__rosidl_typesupport_introspection_c.dir/rosidl_typesupport_introspection_c/moveit_task_constructor_msgs/msg/detail/solution_info__type_support.c.o[0m
[18.107s] [ 34%] [32mBuilding C object CMakeFiles/moveit_task_constructor_msgs__rosidl_typesupport_introspection_c.dir/rosidl_typesupport_introspection_c/moveit_task_constructor_msgs/msg/detail/stage_description__type_support.c.o[0m
[18.190s] [ 35%] [32mBuilding CXX object CMakeFiles/moveit_task_constructor_msgs__rosidl_typesupport_fastrtps_c.dir/rosidl_typesupport_fastrtps_c/moveit_task_constructor_msgs/msg/detail/property__type_support_c.cpp.o[0m
[18.250s] [ 36%] [32mBuilding CXX object CMakeFiles/moveit_task_constructor_msgs__rosidl_typesupport_fastrtps_cpp.dir/rosidl_typesupport_fastrtps_cpp/moveit_task_constructor_msgs/msg/detail/dds_fastrtps/property__type_support.cpp.o[0m
[18.269s] [ 37%] [32mBuilding C object CMakeFiles/moveit_task_constructor_msgs__rosidl_typesupport_introspection_c.dir/rosidl_typesupport_introspection_c/moveit_task_constructor_msgs/msg/detail/stage_statistics__type_support.c.o[0m
[18.460s] [ 38%] [32mBuilding C object CMakeFiles/moveit_task_constructor_msgs__rosidl_typesupport_introspection_c.dir/rosidl_typesupport_introspection_c/moveit_task_constructor_msgs/msg/detail/sub_solution__type_support.c.o[0m
[18.674s] [ 38%] [32mBuilding C object CMakeFiles/moveit_task_constructor_msgs__rosidl_typesupport_introspection_c.dir/rosidl_typesupport_introspection_c/moveit_task_constructor_msgs/msg/detail/sub_trajectory__type_support.c.o[0m
[18.850s] [ 39%] [32mBuilding C object CMakeFiles/moveit_task_constructor_msgs__rosidl_typesupport_introspection_c.dir/rosidl_typesupport_introspection_c/moveit_task_constructor_msgs/msg/detail/task_description__type_support.c.o[0m
[18.866s] [ 40%] [32mBuilding CXX object CMakeFiles/moveit_task_constructor_msgs__rosidl_typesupport_cpp.dir/rosidl_typesupport_cpp/moveit_task_constructor_msgs/msg/solution_info__type_support.cpp.o[0m
[19.063s] [ 41%] [32mBuilding C object CMakeFiles/moveit_task_constructor_msgs__rosidl_typesupport_introspection_c.dir/rosidl_typesupport_introspection_c/moveit_task_constructor_msgs/msg/detail/task_statistics__type_support.c.o[0m
[19.210s] [ 42%] [32mBuilding C object CMakeFiles/moveit_task_constructor_msgs__rosidl_typesupport_introspection_c.dir/rosidl_typesupport_introspection_c/moveit_task_constructor_msgs/msg/detail/trajectory_execution_info__type_support.c.o[0m
[19.359s] [ 42%] [32mBuilding C object CMakeFiles/moveit_task_constructor_msgs__rosidl_typesupport_introspection_c.dir/rosidl_typesupport_introspection_c/moveit_task_constructor_msgs/srv/detail/get_solution__type_support.c.o[0m
[19.600s] [ 43%] [32mBuilding C object CMakeFiles/moveit_task_constructor_msgs__rosidl_typesupport_introspection_c.dir/rosidl_typesupport_introspection_c/moveit_task_constructor_msgs/action/detail/execute_task_solution__type_support.c.o[0m
[19.700s] [ 44%] [32mBuilding CXX object CMakeFiles/moveit_task_constructor_msgs__rosidl_typesupport_fastrtps_c.dir/rosidl_typesupport_fastrtps_c/moveit_task_constructor_msgs/msg/detail/solution__type_support_c.cpp.o[0m
[19.929s] [ 44%] [32mBuilding CXX object CMakeFiles/moveit_task_constructor_msgs__rosidl_typesupport_cpp.dir/rosidl_typesupport_cpp/moveit_task_constructor_msgs/msg/stage_description__type_support.cpp.o[0m
[20.037s] [ 45%] [32m[1mLinking C shared library libmoveit_task_constructor_msgs__rosidl_typesupport_introspection_c.so[0m
[20.107s] [ 45%] [32mBuilding CXX object CMakeFiles/moveit_task_constructor_msgs__rosidl_typesupport_fastrtps_cpp.dir/rosidl_typesupport_fastrtps_cpp/moveit_task_constructor_msgs/msg/detail/dds_fastrtps/solution__type_support.cpp.o[0m
[20.184s] [ 45%] Built target moveit_task_constructor_msgs__rosidl_typesupport_introspection_c
[20.850s] [ 46%] [32mBuilding CXX object CMakeFiles/moveit_task_constructor_msgs__rosidl_typesupport_cpp.dir/rosidl_typesupport_cpp/moveit_task_constructor_msgs/msg/stage_statistics__type_support.cpp.o[0m
[21.175s] [ 46%] [32mBuilding CXX object CMakeFiles/moveit_task_constructor_msgs__rosidl_typesupport_fastrtps_c.dir/rosidl_typesupport_fastrtps_c/moveit_task_constructor_msgs/msg/detail/solution_info__type_support_c.cpp.o[0m
[21.357s] [ 47%] [32mBuilding CXX object CMakeFiles/moveit_task_constructor_msgs__rosidl_typesupport_cpp.dir/rosidl_typesupport_cpp/moveit_task_constructor_msgs/msg/sub_solution__type_support.cpp.o[0m
[22.014s] [ 47%] [32mBuilding CXX object CMakeFiles/moveit_task_constructor_msgs__rosidl_typesupport_cpp.dir/rosidl_typesupport_cpp/moveit_task_constructor_msgs/msg/sub_trajectory__type_support.cpp.o[0m
[22.342s] [ 48%] [32mBuilding CXX object CMakeFiles/moveit_task_constructor_msgs__rosidl_typesupport_fastrtps_c.dir/rosidl_typesupport_fastrtps_c/moveit_task_constructor_msgs/msg/detail/stage_description__type_support_c.cpp.o[0m
[23.113s] [ 49%] [32mBuilding CXX object CMakeFiles/moveit_task_constructor_msgs__rosidl_typesupport_cpp.dir/rosidl_typesupport_cpp/moveit_task_constructor_msgs/msg/task_description__type_support.cpp.o[0m
[23.397s] [ 50%] [32mBuilding CXX object CMakeFiles/moveit_task_constructor_msgs__rosidl_typesupport_fastrtps_cpp.dir/rosidl_typesupport_fastrtps_cpp/moveit_task_constructor_msgs/msg/detail/dds_fastrtps/solution_info__type_support.cpp.o[0m
[23.580s] [ 51%] [32mBuilding CXX object CMakeFiles/moveit_task_constructor_msgs__rosidl_typesupport_fastrtps_c.dir/rosidl_typesupport_fastrtps_c/moveit_task_constructor_msgs/msg/detail/stage_statistics__type_support_c.cpp.o[0m
[23.814s] [ 52%] [32mBuilding CXX object CMakeFiles/moveit_task_constructor_msgs__rosidl_typesupport_cpp.dir/rosidl_typesupport_cpp/moveit_task_constructor_msgs/msg/task_statistics__type_support.cpp.o[0m
[24.439s] [ 52%] [32mBuilding CXX object CMakeFiles/moveit_task_constructor_msgs__rosidl_typesupport_cpp.dir/rosidl_typesupport_cpp/moveit_task_constructor_msgs/msg/trajectory_execution_info__type_support.cpp.o[0m
[24.693s] [ 52%] [32mBuilding CXX object CMakeFiles/moveit_task_constructor_msgs__rosidl_typesupport_fastrtps_c.dir/rosidl_typesupport_fastrtps_c/moveit_task_constructor_msgs/msg/detail/sub_solution__type_support_c.cpp.o[0m
[25.223s] [ 53%] [32mBuilding CXX object CMakeFiles/moveit_task_constructor_msgs__rosidl_typesupport_cpp.dir/rosidl_typesupport_cpp/moveit_task_constructor_msgs/srv/get_solution__type_support.cpp.o[0m
[25.664s] [ 54%] [32mBuilding CXX object CMakeFiles/moveit_task_constructor_msgs__rosidl_typesupport_fastrtps_cpp.dir/rosidl_typesupport_fastrtps_cpp/moveit_task_constructor_msgs/msg/detail/dds_fastrtps/stage_description__type_support.cpp.o[0m
[25.843s] [ 55%] [32mBuilding CXX object CMakeFiles/moveit_task_constructor_msgs__rosidl_typesupport_fastrtps_c.dir/rosidl_typesupport_fastrtps_c/moveit_task_constructor_msgs/msg/detail/sub_trajectory__type_support_c.cpp.o[0m
[26.848s] [ 56%] [32mBuilding CXX object CMakeFiles/moveit_task_constructor_msgs__rosidl_typesupport_fastrtps_c.dir/rosidl_typesupport_fastrtps_c/moveit_task_constructor_msgs/msg/detail/task_description__type_support_c.cpp.o[0m
[26.953s] [ 56%] [32mBuilding CXX object CMakeFiles/moveit_task_constructor_msgs__rosidl_typesupport_fastrtps_cpp.dir/rosidl_typesupport_fastrtps_cpp/moveit_task_constructor_msgs/msg/detail/dds_fastrtps/stage_statistics__type_support.cpp.o[0m
[27.667s] [ 56%] [32mBuilding CXX object CMakeFiles/moveit_task_constructor_msgs__rosidl_typesupport_fastrtps_c.dir/rosidl_typesupport_fastrtps_c/moveit_task_constructor_msgs/msg/detail/task_statistics__type_support_c.cpp.o[0m
[27.930s] [ 57%] [32mBuilding CXX object CMakeFiles/moveit_task_constructor_msgs__rosidl_typesupport_fastrtps_cpp.dir/rosidl_typesupport_fastrtps_cpp/moveit_task_constructor_msgs/msg/detail/dds_fastrtps/sub_solution__type_support.cpp.o[0m
[28.448s] [ 58%] [32mBuilding CXX object CMakeFiles/moveit_task_constructor_msgs__rosidl_typesupport_fastrtps_c.dir/rosidl_typesupport_fastrtps_c/moveit_task_constructor_msgs/msg/detail/trajectory_execution_info__type_support_c.cpp.o[0m
[28.775s] [ 59%] [32mBuilding CXX object CMakeFiles/moveit_task_constructor_msgs__rosidl_typesupport_fastrtps_cpp.dir/rosidl_typesupport_fastrtps_cpp/moveit_task_constructor_msgs/msg/detail/dds_fastrtps/sub_trajectory__type_support.cpp.o[0m
[29.105s] [ 60%] [32mBuilding CXX object CMakeFiles/moveit_task_constructor_msgs__rosidl_typesupport_cpp.dir/rosidl_typesupport_cpp/moveit_task_constructor_msgs/action/execute_task_solution__type_support.cpp.o[0m
[29.202s] [ 61%] [32mBuilding CXX object CMakeFiles/moveit_task_constructor_msgs__rosidl_typesupport_fastrtps_c.dir/rosidl_typesupport_fastrtps_c/moveit_task_constructor_msgs/srv/detail/get_solution__type_support_c.cpp.o[0m
[29.590s] [ 61%] [32mBuilding CXX object CMakeFiles/moveit_task_constructor_msgs__rosidl_typesupport_fastrtps_cpp.dir/rosidl_typesupport_fastrtps_cpp/moveit_task_constructor_msgs/msg/detail/dds_fastrtps/task_description__type_support.cpp.o[0m
[30.078s] [ 61%] [32mBuilding CXX object CMakeFiles/moveit_task_constructor_msgs__rosidl_typesupport_fastrtps_c.dir/rosidl_typesupport_fastrtps_c/moveit_task_constructor_msgs/action/detail/execute_task_solution__type_support_c.cpp.o[0m
[30.489s] [ 62%] [32mBuilding CXX object CMakeFiles/moveit_task_constructor_msgs__rosidl_typesupport_fastrtps_cpp.dir/rosidl_typesupport_fastrtps_cpp/moveit_task_constructor_msgs/msg/detail/dds_fastrtps/task_statistics__type_support.cpp.o[0m
[31.355s] [ 63%] [32mBuilding CXX object CMakeFiles/moveit_task_constructor_msgs__rosidl_typesupport_fastrtps_cpp.dir/rosidl_typesupport_fastrtps_cpp/moveit_task_constructor_msgs/msg/detail/dds_fastrtps/trajectory_execution_info__type_support.cpp.o[0m
[31.364s] [ 64%] [32m[1mLinking CXX shared library libmoveit_task_constructor_msgs__rosidl_typesupport_fastrtps_c.so[0m
[31.507s] [ 64%] Built target moveit_task_constructor_msgs__rosidl_typesupport_fastrtps_c
[32.147s] [ 65%] [32mBuilding CXX object CMakeFiles/moveit_task_constructor_msgs__rosidl_typesupport_fastrtps_cpp.dir/rosidl_typesupport_fastrtps_cpp/moveit_task_constructor_msgs/srv/detail/dds_fastrtps/get_solution__type_support.cpp.o[0m
[32.816s] [ 65%] [32m[1mLinking CXX shared library libmoveit_task_constructor_msgs__rosidl_typesupport_cpp.so[0m
[32.923s] [ 65%] Built target moveit_task_constructor_msgs__rosidl_typesupport_cpp
[35.508s] [ 65%] [32mBuilding CXX object CMakeFiles/moveit_task_constructor_msgs__rosidl_typesupport_fastrtps_cpp.dir/rosidl_typesupport_fastrtps_cpp/moveit_task_constructor_msgs/action/detail/dds_fastrtps/execute_task_solution__type_support.cpp.o[0m
[38.997s] [ 66%] [32m[1mLinking CXX shared library libmoveit_task_constructor_msgs__rosidl_typesupport_fastrtps_cpp.so[0m
[39.115s] [ 66%] Built target moveit_task_constructor_msgs__rosidl_typesupport_fastrtps_cpp
[39.128s] [ 66%] [34m[1mGenerating C++ introspection for ROS interfaces[0m
[40.282s] [ 68%] [32mBuilding CXX object CMakeFiles/moveit_task_constructor_msgs__rosidl_typesupport_introspection_cpp.dir/rosidl_typesupport_introspection_cpp/moveit_task_constructor_msgs/msg/detail/solution__type_support.cpp.o[0m
[40.282s] [ 68%] [32mBuilding CXX object CMakeFiles/moveit_task_constructor_msgs__rosidl_typesupport_introspection_cpp.dir/rosidl_typesupport_introspection_cpp/moveit_task_constructor_msgs/msg/detail/property__type_support.cpp.o[0m
[40.748s] [ 68%] [32mBuilding CXX object CMakeFiles/moveit_task_constructor_msgs__rosidl_typesupport_introspection_cpp.dir/rosidl_typesupport_introspection_cpp/moveit_task_constructor_msgs/msg/detail/solution_info__type_support.cpp.o[0m
[41.778s] [ 69%] [32mBuilding CXX object CMakeFiles/moveit_task_constructor_msgs__rosidl_typesupport_introspection_cpp.dir/rosidl_typesupport_introspection_cpp/moveit_task_constructor_msgs/msg/detail/stage_description__type_support.cpp.o[0m
[42.349s] [ 70%] [32mBuilding CXX object CMakeFiles/moveit_task_constructor_msgs__rosidl_typesupport_introspection_cpp.dir/rosidl_typesupport_introspection_cpp/moveit_task_constructor_msgs/msg/detail/stage_statistics__type_support.cpp.o[0m
[42.605s] [ 70%] [32mBuilding CXX object CMakeFiles/moveit_task_constructor_msgs__rosidl_typesupport_introspection_cpp.dir/rosidl_typesupport_introspection_cpp/moveit_task_constructor_msgs/msg/detail/sub_solution__type_support.cpp.o[0m
[43.227s] [ 71%] [32mBuilding CXX object CMakeFiles/moveit_task_constructor_msgs__rosidl_typesupport_introspection_cpp.dir/rosidl_typesupport_introspection_cpp/moveit_task_constructor_msgs/msg/detail/sub_trajectory__type_support.cpp.o[0m
[43.854s] [ 72%] [32mBuilding CXX object CMakeFiles/moveit_task_constructor_msgs__rosidl_typesupport_introspection_cpp.dir/rosidl_typesupport_introspection_cpp/moveit_task_constructor_msgs/msg/detail/task_description__type_support.cpp.o[0m
[46.488s] [ 72%] [32mBuilding CXX object CMakeFiles/moveit_task_constructor_msgs__rosidl_typesupport_introspection_cpp.dir/rosidl_typesupport_introspection_cpp/moveit_task_constructor_msgs/msg/detail/trajectory_execution_info__type_support.cpp.o[0m
[46.983s] [ 73%] [32mBuilding CXX object CMakeFiles/moveit_task_constructor_msgs__rosidl_typesupport_introspection_cpp.dir/rosidl_typesupport_introspection_cpp/moveit_task_constructor_msgs/srv/detail/get_solution__type_support.cpp.o[0m
[51.255s] [ 74%] [32mBuilding CXX object CMakeFiles/moveit_task_constructor_msgs__rosidl_typesupport_introspection_cpp.dir/rosidl_typesupport_introspection_cpp/moveit_task_constructor_msgs/action/detail/execute_task_solution__type_support.cpp.o[0m
[56.145s] [ 75%] [32mBuilding CXX object CMakeFiles/moveit_task_constructor_msgs__rosidl_typesupport_introspection_cpp.dir/rosidl_typesupport_introspection_cpp/moveit_task_constructor_msgs/msg/detail/task_statistics__type_support.cpp.o[0m
[56.732s] [ 75%] [32m[1mLinking CXX shared library libmoveit_task_constructor_msgs__rosidl_typesupport_introspection_cpp.so[0m
[56.868s] [ 75%] Built target moveit_task_constructor_msgs__rosidl_typesupport_introspection_cpp
[56.882s] [ 76%] [34m[1mGenerating C type support dispatch for ROS interfaces[0m
[57.902s] [ 76%] [32mBuilding CXX object CMakeFiles/moveit_task_constructor_msgs__rosidl_typesupport_c.dir/rosidl_typesupport_c/moveit_task_constructor_msgs/msg/property__type_support.cpp.o[0m
[57.959s] [ 76%] [32mBuilding CXX object CMakeFiles/moveit_task_constructor_msgs__rosidl_typesupport_c.dir/rosidl_typesupport_c/moveit_task_constructor_msgs/msg/stage_description__type_support.cpp.o[0m
[58.017s] [ 77%] [32mBuilding CXX object CMakeFiles/moveit_task_constructor_msgs__rosidl_typesupport_c.dir/rosidl_typesupport_c/moveit_task_constructor_msgs/msg/stage_statistics__type_support.cpp.o[0m
[58.077s] [ 78%] [32mBuilding CXX object CMakeFiles/moveit_task_constructor_msgs__rosidl_typesupport_c.dir/rosidl_typesupport_c/moveit_task_constructor_msgs/msg/sub_solution__type_support.cpp.o[0m
[58.137s] [ 79%] [32mBuilding CXX object CMakeFiles/moveit_task_constructor_msgs__rosidl_typesupport_c.dir/rosidl_typesupport_c/moveit_task_constructor_msgs/msg/sub_trajectory__type_support.cpp.o[0m
[58.206s] [ 79%] [32mBuilding CXX object CMakeFiles/moveit_task_constructor_msgs__rosidl_typesupport_c.dir/rosidl_typesupport_c/moveit_task_constructor_msgs/msg/task_description__type_support.cpp.o[0m
[58.265s] [ 80%] [32mBuilding CXX object CMakeFiles/moveit_task_constructor_msgs__rosidl_typesupport_c.dir/rosidl_typesupport_c/moveit_task_constructor_msgs/msg/task_statistics__type_support.cpp.o[0m
[58.325s] [ 81%] [32mBuilding CXX object CMakeFiles/moveit_task_constructor_msgs__rosidl_typesupport_c.dir/rosidl_typesupport_c/moveit_task_constructor_msgs/msg/trajectory_execution_info__type_support.cpp.o[0m
[58.384s] [ 81%] [32mBuilding CXX object CMakeFiles/moveit_task_constructor_msgs__rosidl_typesupport_c.dir/rosidl_typesupport_c/moveit_task_constructor_msgs/srv/get_solution__type_support.cpp.o[0m
[58.462s] [ 82%] [32mBuilding CXX object CMakeFiles/moveit_task_constructor_msgs__rosidl_typesupport_c.dir/rosidl_typesupport_c/moveit_task_constructor_msgs/action/execute_task_solution__type_support.cpp.o[0m
[58.556s] [ 83%] [32mBuilding CXX object CMakeFiles/moveit_task_constructor_msgs__rosidl_typesupport_c.dir/rosidl_typesupport_c/moveit_task_constructor_msgs/msg/solution_info__type_support.cpp.o[0m
[58.617s] [ 84%] [32mBuilding CXX object CMakeFiles/moveit_task_constructor_msgs__rosidl_typesupport_c.dir/rosidl_typesupport_c/moveit_task_constructor_msgs/msg/solution__type_support.cpp.o[0m
[58.688s] [ 85%] [32m[1mLinking CXX shared library libmoveit_task_constructor_msgs__rosidl_typesupport_c.so[0m
[58.746s] [ 85%] Built target moveit_task_constructor_msgs__rosidl_typesupport_c
[58.773s] [ 85%] Built target moveit_task_constructor_msgs
[58.803s] [ 86%] [34m[1mGenerating Python code for ROS interfaces[0m
[61.731s] [ 86%] Built target moveit_task_constructor_msgs__py
[61.761s] [ 87%] [32mBuilding C object CMakeFiles/moveit_task_constructor_msgs__rosidl_generator_py.dir/rosidl_generator_py/moveit_task_constructor_msgs/msg/_property_s.c.o[0m
[61.774s] [ 88%] [32mBuilding C object CMakeFiles/moveit_task_constructor_msgs__rosidl_generator_py.dir/rosidl_generator_py/moveit_task_constructor_msgs/msg/_solution_s.c.o[0m
[61.991s] [ 89%] [32mBuilding C object CMakeFiles/moveit_task_constructor_msgs__rosidl_generator_py.dir/rosidl_generator_py/moveit_task_constructor_msgs/msg/_stage_description_s.c.o[0m
[62.244s] [ 90%] [32mBuilding C object CMakeFiles/moveit_task_constructor_msgs__rosidl_generator_py.dir/rosidl_generator_py/moveit_task_constructor_msgs/msg/_stage_statistics_s.c.o[0m
[62.355s] [ 90%] [32mBuilding C object CMakeFiles/moveit_task_constructor_msgs__rosidl_generator_py.dir/rosidl_generator_py/moveit_task_constructor_msgs/msg/_sub_solution_s.c.o[0m
[62.641s] [ 91%] [32mBuilding C object CMakeFiles/moveit_task_constructor_msgs__rosidl_generator_py.dir/rosidl_generator_py/moveit_task_constructor_msgs/msg/_sub_trajectory_s.c.o[0m
[62.874s] [ 92%] [32mBuilding C object CMakeFiles/moveit_task_constructor_msgs__rosidl_generator_py.dir/rosidl_generator_py/moveit_task_constructor_msgs/msg/_task_description_s.c.o[0m
[63.372s] [ 92%] [32mBuilding C object CMakeFiles/moveit_task_constructor_msgs__rosidl_generator_py.dir/rosidl_generator_py/moveit_task_constructor_msgs/msg/_trajectory_execution_info_s.c.o[0m
[63.715s] [ 93%] [32mBuilding C object CMakeFiles/moveit_task_constructor_msgs__rosidl_generator_py.dir/rosidl_generator_py/moveit_task_constructor_msgs/srv/_get_solution_s.c.o[0m
[64.131s] [ 94%] [32mBuilding C object CMakeFiles/moveit_task_constructor_msgs__rosidl_generator_py.dir/rosidl_generator_py/moveit_task_constructor_msgs/action/_execute_task_solution_s.c.o[0m
[65.022s] [ 95%] [32mBuilding C object CMakeFiles/moveit_task_constructor_msgs__rosidl_generator_py.dir/rosidl_generator_py/moveit_task_constructor_msgs/msg/_task_statistics_s.c.o[0m
[65.492s] [ 95%] [32mBuilding C object CMakeFiles/moveit_task_constructor_msgs__rosidl_generator_py.dir/rosidl_generator_py/moveit_task_constructor_msgs/msg/_solution_info_s.c.o[0m
[65.730s] [ 95%] [32m[1mLinking C shared library libmoveit_task_constructor_msgs__rosidl_generator_py.so[0m
[65.825s] [ 95%] Built target moveit_task_constructor_msgs__rosidl_generator_py
[65.850s] [ 95%] [32mBuilding C object CMakeFiles/moveit_task_constructor_msgs_s__rosidl_typesupport_fastrtps_c.dir/rosidl_generator_py/moveit_task_constructor_msgs/_moveit_task_constructor_msgs_s.ep.rosidl_typesupport_fastrtps_c.c.o[0m
[66.314s] [ 96%] [32m[1mLinking C shared module rosidl_generator_py/moveit_task_constructor_msgs/moveit_task_constructor_msgs_s__rosidl_typesupport_fastrtps_c.so[0m
[66.359s] [ 96%] Built target moveit_task_constructor_msgs_s__rosidl_typesupport_fastrtps_c
[66.382s] [ 97%] [32mBuilding C object CMakeFiles/moveit_task_constructor_msgs_s__rosidl_typesupport_c.dir/rosidl_generator_py/moveit_task_constructor_msgs/_moveit_task_constructor_msgs_s.ep.rosidl_typesupport_c.c.o[0m
[66.821s] [ 98%] [32m[1mLinking C shared module rosidl_generator_py/moveit_task_constructor_msgs/moveit_task_constructor_msgs_s__rosidl_typesupport_c.so[0m
[66.861s] [ 98%] Built target moveit_task_constructor_msgs_s__rosidl_typesupport_c
[66.884s] [ 99%] [32mBuilding C object CMakeFiles/moveit_task_constructor_msgs_s__rosidl_typesupport_introspection_c.dir/rosidl_generator_py/moveit_task_constructor_msgs/_moveit_task_constructor_msgs_s.ep.rosidl_typesupport_introspection_c.c.o[0m
[67.316s] [100%] [32m[1mLinking C shared module rosidl_generator_py/moveit_task_constructor_msgs/moveit_task_constructor_msgs_s__rosidl_typesupport_introspection_c.so[0m
[67.358s] [100%] Built target moveit_task_constructor_msgs_s__rosidl_typesupport_introspection_c
[67.372s] Invoked command in '/home/andre/ros2_ws/src/build/moveit_task_constructor_msgs' returned '0': AMENT_PREFIX_PATH=/home/andre/ros2_ws/src/install/moveit_msgs:${AMENT_PREFIX_PATH} CMAKE_PREFIX_PATH=/home/andre/ros2_ws/src/install/moveit_msgs:/home/andre/ros2_ws/install:/opt/ros/jazzy/opt/gz_sim_vendor:/opt/ros/jazzy/opt/gz_sensors_vendor:/opt/ros/jazzy/opt/gz_physics_vendor:/opt/ros/jazzy/opt/sdformat_vendor:/opt/ros/jazzy/opt/gz_gui_vendor:/opt/ros/jazzy/opt/gz_transport_vendor:/opt/ros/jazzy/opt/gz_rendering_vendor:/opt/ros/jazzy/opt/gz_plugin_vendor:/opt/ros/jazzy/opt/gz_fuel_tools_vendor:/opt/ros/jazzy/opt/gz_msgs_vendor:/opt/ros/jazzy/opt/gz_common_vendor:/opt/ros/jazzy/opt/gz_math_vendor:/opt/ros/jazzy/opt/gz_utils_vendor:/opt/ros/jazzy/opt/gz_tools_vendor:/opt/ros/jazzy/opt/gz_ogre_next_vendor:/opt/ros/jazzy/opt/gz_dartsim_vendor:/opt/ros/jazzy/opt/gz_cmake_vendor:/opt/ros/jazzy DEBUGINFOD_URLS=https://debuginfod.ubuntu.com LD_LIBRARY_PATH=/home/andre/ros2_ws/src/install/moveit_msgs/lib:${LD_LIBRARY_PATH} PYTHONPATH=/home/andre/ros2_ws/src/install/moveit_msgs/lib/python3.12/site-packages:${PYTHONPATH} /usr/bin/cmake --build /home/andre/ros2_ws/src/build/moveit_task_constructor_msgs -- -j4 -l4
[67.373s] Invoking command in '/home/andre/ros2_ws/src/build/moveit_task_constructor_msgs': AMENT_PREFIX_PATH=/home/andre/ros2_ws/src/install/moveit_msgs:${AMENT_PREFIX_PATH} CMAKE_PREFIX_PATH=/home/andre/ros2_ws/src/install/moveit_msgs:/home/andre/ros2_ws/install:/opt/ros/jazzy/opt/gz_sim_vendor:/opt/ros/jazzy/opt/gz_sensors_vendor:/opt/ros/jazzy/opt/gz_physics_vendor:/opt/ros/jazzy/opt/sdformat_vendor:/opt/ros/jazzy/opt/gz_gui_vendor:/opt/ros/jazzy/opt/gz_transport_vendor:/opt/ros/jazzy/opt/gz_rendering_vendor:/opt/ros/jazzy/opt/gz_plugin_vendor:/opt/ros/jazzy/opt/gz_fuel_tools_vendor:/opt/ros/jazzy/opt/gz_msgs_vendor:/opt/ros/jazzy/opt/gz_common_vendor:/opt/ros/jazzy/opt/gz_math_vendor:/opt/ros/jazzy/opt/gz_utils_vendor:/opt/ros/jazzy/opt/gz_tools_vendor:/opt/ros/jazzy/opt/gz_ogre_next_vendor:/opt/ros/jazzy/opt/gz_dartsim_vendor:/opt/ros/jazzy/opt/gz_cmake_vendor:/opt/ros/jazzy DEBUGINFOD_URLS=https://debuginfod.ubuntu.com LD_LIBRARY_PATH=/home/andre/ros2_ws/src/install/moveit_msgs/lib:${LD_LIBRARY_PATH} PYTHONPATH=/home/andre/ros2_ws/src/install/moveit_msgs/lib/python3.12/site-packages:${PYTHONPATH} /usr/bin/cmake --install /home/andre/ros2_ws/src/build/moveit_task_constructor_msgs
[67.383s] -- Install configuration: "Release"
[67.384s] -- Installing: /home/andre/ros2_ws/src/install/moveit_task_constructor_msgs/share/ament_index/resource_index/rosidl_interfaces/moveit_task_constructor_msgs
[67.384s] -- Installing: /home/andre/ros2_ws/src/install/moveit_task_constructor_msgs/share/moveit_task_constructor_msgs/msg/Property.json
[67.384s] -- Installing: /home/andre/ros2_ws/src/install/moveit_task_constructor_msgs/share/moveit_task_constructor_msgs/msg/Solution.json
[67.384s] -- Installing: /home/andre/ros2_ws/src/install/moveit_task_constructor_msgs/share/moveit_task_constructor_msgs/msg/SolutionInfo.json
[67.384s] -- Installing: /home/andre/ros2_ws/src/install/moveit_task_constructor_msgs/share/moveit_task_constructor_msgs/msg/StageDescription.json
[67.384s] -- Installing: /home/andre/ros2_ws/src/install/moveit_task_constructor_msgs/share/moveit_task_constructor_msgs/msg/StageStatistics.json
[67.385s] -- Installing: /home/andre/ros2_ws/src/install/moveit_task_constructor_msgs/share/moveit_task_constructor_msgs/msg/SubSolution.json
[67.385s] -- Installing: /home/andre/ros2_ws/src/install/moveit_task_constructor_msgs/share/moveit_task_constructor_msgs/msg/SubTrajectory.json
[67.385s] -- Installing: /home/andre/ros2_ws/src/install/moveit_task_constructor_msgs/share/moveit_task_constructor_msgs/msg/TaskDescription.json
[67.385s] -- Installing: /home/andre/ros2_ws/src/install/moveit_task_constructor_msgs/share/moveit_task_constructor_msgs/msg/TaskStatistics.json
[67.385s] -- Installing: /home/andre/ros2_ws/src/install/moveit_task_constructor_msgs/share/moveit_task_constructor_msgs/msg/TrajectoryExecutionInfo.json
[67.385s] -- Installing: /home/andre/ros2_ws/src/install/moveit_task_constructor_msgs/share/moveit_task_constructor_msgs/srv/GetSolution.json
[67.386s] -- Installing: /home/andre/ros2_ws/src/install/moveit_task_constructor_msgs/share/moveit_task_constructor_msgs/action/ExecuteTaskSolution.json
[67.386s] -- Installing: /home/andre/ros2_ws/src/install/moveit_task_constructor_msgs/include/moveit_task_constructor_msgs/moveit_task_constructor_msgs
[67.386s] -- Installing: /home/andre/ros2_ws/src/install/moveit_task_constructor_msgs/include/moveit_task_constructor_msgs/moveit_task_constructor_msgs/action
[67.386s] -- Installing: /home/andre/ros2_ws/src/install/moveit_task_constructor_msgs/include/moveit_task_constructor_msgs/moveit_task_constructor_msgs/action/execute_task_solution.h
[67.386s] -- Installing: /home/andre/ros2_ws/src/install/moveit_task_constructor_msgs/include/moveit_task_constructor_msgs/moveit_task_constructor_msgs/action/detail
[67.386s] -- Installing: /home/andre/ros2_ws/src/install/moveit_task_constructor_msgs/include/moveit_task_constructor_msgs/moveit_task_constructor_msgs/action/detail/execute_task_solution__type_support.h
[67.386s] -- Installing: /home/andre/ros2_ws/src/install/moveit_task_constructor_msgs/include/moveit_task_constructor_msgs/moveit_task_constructor_msgs/action/detail/execute_task_solution__type_support.c
[67.386s] -- Installing: /home/andre/ros2_ws/src/install/moveit_task_constructor_msgs/include/moveit_task_constructor_msgs/moveit_task_constructor_msgs/action/detail/execute_task_solution__description.c
[67.387s] -- Installing: /home/andre/ros2_ws/src/install/moveit_task_constructor_msgs/include/moveit_task_constructor_msgs/moveit_task_constructor_msgs/action/detail/execute_task_solution__functions.c
[67.387s] -- Installing: /home/andre/ros2_ws/src/install/moveit_task_constructor_msgs/include/moveit_task_constructor_msgs/moveit_task_constructor_msgs/action/detail/execute_task_solution__struct.h
[67.387s] -- Installing: /home/andre/ros2_ws/src/install/moveit_task_constructor_msgs/include/moveit_task_constructor_msgs/moveit_task_constructor_msgs/action/detail/execute_task_solution__functions.h
[67.387s] -- Installing: /home/andre/ros2_ws/src/install/moveit_task_constructor_msgs/include/moveit_task_constructor_msgs/moveit_task_constructor_msgs/srv
[67.387s] -- Installing: /home/andre/ros2_ws/src/install/moveit_task_constructor_msgs/include/moveit_task_constructor_msgs/moveit_task_constructor_msgs/srv/get_solution.h
[67.387s] -- Installing: /home/andre/ros2_ws/src/install/moveit_task_constructor_msgs/include/moveit_task_constructor_msgs/moveit_task_constructor_msgs/srv/detail
[67.388s] -- Installing: /home/andre/ros2_ws/src/install/moveit_task_constructor_msgs/include/moveit_task_constructor_msgs/moveit_task_constructor_msgs/srv/detail/get_solution__functions.c
[67.388s] -- Installing: /home/andre/ros2_ws/src/install/moveit_task_constructor_msgs/include/moveit_task_constructor_msgs/moveit_task_constructor_msgs/srv/detail/get_solution__struct.h
[67.388s] -- Installing: /home/andre/ros2_ws/src/install/moveit_task_constructor_msgs/include/moveit_task_constructor_msgs/moveit_task_constructor_msgs/srv/detail/get_solution__functions.h
[67.388s] -- Installing: /home/andre/ros2_ws/src/install/moveit_task_constructor_msgs/include/moveit_task_constructor_msgs/moveit_task_constructor_msgs/srv/detail/get_solution__type_support.c
[67.388s] -- Installing: /home/andre/ros2_ws/src/install/moveit_task_constructor_msgs/include/moveit_task_constructor_msgs/moveit_task_constructor_msgs/srv/detail/get_solution__description.c
[67.388s] -- Installing: /home/andre/ros2_ws/src/install/moveit_task_constructor_msgs/include/moveit_task_constructor_msgs/moveit_task_constructor_msgs/srv/detail/get_solution__type_support.h
[67.388s] -- Installing: /home/andre/ros2_ws/src/install/moveit_task_constructor_msgs/include/moveit_task_constructor_msgs/moveit_task_constructor_msgs/msg
[67.388s] -- Installing: /home/andre/ros2_ws/src/install/moveit_task_constructor_msgs/include/moveit_task_constructor_msgs/moveit_task_constructor_msgs/msg/sub_trajectory.h
[67.388s] -- Installing: /home/andre/ros2_ws/src/install/moveit_task_constructor_msgs/include/moveit_task_constructor_msgs/moveit_task_constructor_msgs/msg/trajectory_execution_info.h
[67.389s] -- Installing: /home/andre/ros2_ws/src/install/moveit_task_constructor_msgs/include/moveit_task_constructor_msgs/moveit_task_constructor_msgs/msg/stage_description.h
[67.389s] -- Installing: /home/andre/ros2_ws/src/install/moveit_task_constructor_msgs/include/moveit_task_constructor_msgs/moveit_task_constructor_msgs/msg/stage_statistics.h
[67.389s] -- Installing: /home/andre/ros2_ws/src/install/moveit_task_constructor_msgs/include/moveit_task_constructor_msgs/moveit_task_constructor_msgs/msg/property.h
[67.389s] -- Installing: /home/andre/ros2_ws/src/install/moveit_task_constructor_msgs/include/moveit_task_constructor_msgs/moveit_task_constructor_msgs/msg/solution.h
[67.389s] -- Installing: /home/andre/ros2_ws/src/install/moveit_task_constructor_msgs/include/moveit_task_constructor_msgs/moveit_task_constructor_msgs/msg/task_statistics.h
[67.389s] -- Installing: /home/andre/ros2_ws/src/install/moveit_task_constructor_msgs/include/moveit_task_constructor_msgs/moveit_task_constructor_msgs/msg/rosidl_generator_c__visibility_control.h
[67.389s] -- Installing: /home/andre/ros2_ws/src/install/moveit_task_constructor_msgs/include/moveit_task_constructor_msgs/moveit_task_constructor_msgs/msg/detail
[67.389s] -- Installing: /home/andre/ros2_ws/src/install/moveit_task_constructor_msgs/include/moveit_task_constructor_msgs/moveit_task_constructor_msgs/msg/detail/property__type_support.c
[67.389s] -- Installing: /home/andre/ros2_ws/src/install/moveit_task_constructor_msgs/include/moveit_task_constructor_msgs/moveit_task_constructor_msgs/msg/detail/sub_solution__type_support.c
[67.390s] -- Installing: /home/andre/ros2_ws/src/install/moveit_task_constructor_msgs/include/moveit_task_constructor_msgs/moveit_task_constructor_msgs/msg/detail/property__struct.h
[67.390s] -- Installing: /home/andre/ros2_ws/src/install/moveit_task_constructor_msgs/include/moveit_task_constructor_msgs/moveit_task_constructor_msgs/msg/detail/solution_info__functions.c
[67.390s] -- Installing: /home/andre/ros2_ws/src/install/moveit_task_constructor_msgs/include/moveit_task_constructor_msgs/moveit_task_constructor_msgs/msg/detail/property__functions.c
[67.390s] -- Installing: /home/andre/ros2_ws/src/install/moveit_task_constructor_msgs/include/moveit_task_constructor_msgs/moveit_task_constructor_msgs/msg/detail/solution_info__functions.h
[67.390s] -- Installing: /home/andre/ros2_ws/src/install/moveit_task_constructor_msgs/include/moveit_task_constructor_msgs/moveit_task_constructor_msgs/msg/detail/trajectory_execution_info__struct.h
[67.390s] -- Installing: /home/andre/ros2_ws/src/install/moveit_task_constructor_msgs/include/moveit_task_constructor_msgs/moveit_task_constructor_msgs/msg/detail/solution_info__struct.h
[67.390s] -- Installing: /home/andre/ros2_ws/src/install/moveit_task_constructor_msgs/include/moveit_task_constructor_msgs/moveit_task_constructor_msgs/msg/detail/sub_solution__type_support.h
[67.390s] -- Installing: /home/andre/ros2_ws/src/install/moveit_task_constructor_msgs/include/moveit_task_constructor_msgs/moveit_task_constructor_msgs/msg/detail/task_description__description.c
[67.390s] -- Installing: /home/andre/ros2_ws/src/install/moveit_task_constructor_msgs/include/moveit_task_constructor_msgs/moveit_task_constructor_msgs/msg/detail/solution_info__description.c
[67.391s] -- Installing: /home/andre/ros2_ws/src/install/moveit_task_constructor_msgs/include/moveit_task_constructor_msgs/moveit_task_constructor_msgs/msg/detail/stage_description__description.c
[67.391s] -- Installing: /home/andre/ros2_ws/src/install/moveit_task_constructor_msgs/include/moveit_task_constructor_msgs/moveit_task_constructor_msgs/msg/detail/sub_trajectory__type_support.c
[67.391s] -- Installing: /home/andre/ros2_ws/src/install/moveit_task_constructor_msgs/include/moveit_task_constructor_msgs/moveit_task_constructor_msgs/msg/detail/stage_statistics__type_support.c
[67.391s] -- Installing: /home/andre/ros2_ws/src/install/moveit_task_constructor_msgs/include/moveit_task_constructor_msgs/moveit_task_constructor_msgs/msg/detail/sub_trajectory__description.c
[67.391s] -- Installing: /home/andre/ros2_ws/src/install/moveit_task_constructor_msgs/include/moveit_task_constructor_msgs/moveit_task_constructor_msgs/msg/detail/task_statistics__description.c
[67.391s] -- Installing: /home/andre/ros2_ws/src/install/moveit_task_constructor_msgs/include/moveit_task_constructor_msgs/moveit_task_constructor_msgs/msg/detail/sub_trajectory__struct.h
[67.391s] -- Installing: /home/andre/ros2_ws/src/install/moveit_task_constructor_msgs/include/moveit_task_constructor_msgs/moveit_task_constructor_msgs/msg/detail/trajectory_execution_info__functions.h
[67.391s] -- Installing: /home/andre/ros2_ws/src/install/moveit_task_constructor_msgs/include/moveit_task_constructor_msgs/moveit_task_constructor_msgs/msg/detail/task_statistics__functions.h
[67.391s] -- Installing: /home/andre/ros2_ws/src/install/moveit_task_constructor_msgs/include/moveit_task_constructor_msgs/moveit_task_constructor_msgs/msg/detail/property__functions.h
[67.391s] -- Installing: /home/andre/ros2_ws/src/install/moveit_task_constructor_msgs/include/moveit_task_constructor_msgs/moveit_task_constructor_msgs/msg/detail/solution_info__type_support.h
[67.392s] -- Installing: /home/andre/ros2_ws/src/install/moveit_task_constructor_msgs/include/moveit_task_constructor_msgs/moveit_task_constructor_msgs/msg/detail/stage_statistics__description.c
[67.392s] -- Installing: /home/andre/ros2_ws/src/install/moveit_task_constructor_msgs/include/moveit_task_constructor_msgs/moveit_task_constructor_msgs/msg/detail/sub_solution__functions.h
[67.392s] -- Installing: /home/andre/ros2_ws/src/install/moveit_task_constructor_msgs/include/moveit_task_constructor_msgs/moveit_task_constructor_msgs/msg/detail/solution_info__type_support.c
[67.392s] -- Installing: /home/andre/ros2_ws/src/install/moveit_task_constructor_msgs/include/moveit_task_constructor_msgs/moveit_task_constructor_msgs/msg/detail/stage_description__struct.h
[67.392s] -- Installing: /home/andre/ros2_ws/src/install/moveit_task_constructor_msgs/include/moveit_task_constructor_msgs/moveit_task_constructor_msgs/msg/detail/trajectory_execution_info__type_support.c
[67.392s] -- Installing: /home/andre/ros2_ws/src/install/moveit_task_constructor_msgs/include/moveit_task_constructor_msgs/moveit_task_constructor_msgs/msg/detail/property__description.c
[67.392s] -- Installing: /home/andre/ros2_ws/src/install/moveit_task_constructor_msgs/include/moveit_task_constructor_msgs/moveit_task_constructor_msgs/msg/detail/solution__type_support.c
[67.392s] -- Installing: /home/andre/ros2_ws/src/install/moveit_task_constructor_msgs/include/moveit_task_constructor_msgs/moveit_task_constructor_msgs/msg/detail/solution__functions.c
[67.392s] -- Installing: /home/andre/ros2_ws/src/install/moveit_task_constructor_msgs/include/moveit_task_constructor_msgs/moveit_task_constructor_msgs/msg/detail/property__type_support.h
[67.392s] -- Installing: /home/andre/ros2_ws/src/install/moveit_task_constructor_msgs/include/moveit_task_constructor_msgs/moveit_task_constructor_msgs/msg/detail/trajectory_execution_info__description.c
[67.393s] -- Installing: /home/andre/ros2_ws/src/install/moveit_task_constructor_msgs/include/moveit_task_constructor_msgs/moveit_task_constructor_msgs/msg/detail/trajectory_execution_info__type_support.h
[67.393s] -- Installing: /home/andre/ros2_ws/src/install/moveit_task_constructor_msgs/include/moveit_task_constructor_msgs/moveit_task_constructor_msgs/msg/detail/stage_description__functions.h
[67.393s] -- Installing: /home/andre/ros2_ws/src/install/moveit_task_constructor_msgs/include/moveit_task_constructor_msgs/moveit_task_constructor_msgs/msg/detail/task_statistics__type_support.c
[67.393s] -- Installing: /home/andre/ros2_ws/src/install/moveit_task_constructor_msgs/include/moveit_task_constructor_msgs/moveit_task_constructor_msgs/msg/detail/task_statistics__type_support.h
[67.393s] -- Installing: /home/andre/ros2_ws/src/install/moveit_task_constructor_msgs/include/moveit_task_constructor_msgs/moveit_task_constructor_msgs/msg/detail/solution__type_support.h
[67.393s] -- Installing: /home/andre/ros2_ws/src/install/moveit_task_constructor_msgs/include/moveit_task_constructor_msgs/moveit_task_constructor_msgs/msg/detail/stage_description__type_support.h
[67.393s] -- Installing: /home/andre/ros2_ws/src/install/moveit_task_constructor_msgs/include/moveit_task_constructor_msgs/moveit_task_constructor_msgs/msg/detail/solution__struct.h
[67.393s] -- Installing: /home/andre/ros2_ws/src/install/moveit_task_constructor_msgs/include/moveit_task_constructor_msgs/moveit_task_constructor_msgs/msg/detail/trajectory_execution_info__functions.c
[67.393s] -- Installing: /home/andre/ros2_ws/src/install/moveit_task_constructor_msgs/include/moveit_task_constructor_msgs/moveit_task_constructor_msgs/msg/detail/solution__functions.h
[67.394s] -- Installing: /home/andre/ros2_ws/src/install/moveit_task_constructor_msgs/include/moveit_task_constructor_msgs/moveit_task_constructor_msgs/msg/detail/solution__description.c
[67.394s] -- Installing: /home/andre/ros2_ws/src/install/moveit_task_constructor_msgs/include/moveit_task_constructor_msgs/moveit_task_constructor_msgs/msg/detail/sub_solution__functions.c
[67.394s] -- Installing: /home/andre/ros2_ws/src/install/moveit_task_constructor_msgs/include/moveit_task_constructor_msgs/moveit_task_constructor_msgs/msg/detail/task_description__type_support.c
[67.394s] -- Installing: /home/andre/ros2_ws/src/install/moveit_task_constructor_msgs/include/moveit_task_constructor_msgs/moveit_task_constructor_msgs/msg/detail/sub_solution__struct.h
[67.394s] -- Installing: /home/andre/ros2_ws/src/install/moveit_task_constructor_msgs/include/moveit_task_constructor_msgs/moveit_task_constructor_msgs/msg/detail/task_description__struct.h
[67.394s] -- Installing: /home/andre/ros2_ws/src/install/moveit_task_constructor_msgs/include/moveit_task_constructor_msgs/moveit_task_constructor_msgs/msg/detail/stage_description__functions.c
[67.394s] -- Installing: /home/andre/ros2_ws/src/install/moveit_task_constructor_msgs/include/moveit_task_constructor_msgs/moveit_task_constructor_msgs/msg/detail/sub_trajectory__functions.c
[67.394s] -- Installing: /home/andre/ros2_ws/src/install/moveit_task_constructor_msgs/include/moveit_task_constructor_msgs/moveit_task_constructor_msgs/msg/detail/task_description__functions.h
[67.394s] -- Installing: /home/andre/ros2_ws/src/install/moveit_task_constructor_msgs/include/moveit_task_constructor_msgs/moveit_task_constructor_msgs/msg/detail/stage_statistics__struct.h
[67.395s] -- Installing: /home/andre/ros2_ws/src/install/moveit_task_constructor_msgs/include/moveit_task_constructor_msgs/moveit_task_constructor_msgs/msg/detail/stage_statistics__functions.c
[67.395s] -- Installing: /home/andre/ros2_ws/src/install/moveit_task_constructor_msgs/include/moveit_task_constructor_msgs/moveit_task_constructor_msgs/msg/detail/task_description__functions.c
[67.395s] -- Installing: /home/andre/ros2_ws/src/install/moveit_task_constructor_msgs/include/moveit_task_constructor_msgs/moveit_task_constructor_msgs/msg/detail/sub_trajectory__type_support.h
[67.395s] -- Installing: /home/andre/ros2_ws/src/install/moveit_task_constructor_msgs/include/moveit_task_constructor_msgs/moveit_task_constructor_msgs/msg/detail/stage_statistics__type_support.h
[67.395s] -- Installing: /home/andre/ros2_ws/src/install/moveit_task_constructor_msgs/include/moveit_task_constructor_msgs/moveit_task_constructor_msgs/msg/detail/stage_statistics__functions.h
[67.395s] -- Installing: /home/andre/ros2_ws/src/install/moveit_task_constructor_msgs/include/moveit_task_constructor_msgs/moveit_task_constructor_msgs/msg/detail/stage_description__type_support.c
[67.395s] -- Installing: /home/andre/ros2_ws/src/install/moveit_task_constructor_msgs/include/moveit_task_constructor_msgs/moveit_task_constructor_msgs/msg/detail/task_statistics__struct.h
[67.395s] -- Installing: /home/andre/ros2_ws/src/install/moveit_task_constructor_msgs/include/moveit_task_constructor_msgs/moveit_task_constructor_msgs/msg/detail/task_statistics__functions.c
[67.396s] -- Installing: /home/andre/ros2_ws/src/install/moveit_task_constructor_msgs/include/moveit_task_constructor_msgs/moveit_task_constructor_msgs/msg/detail/task_description__type_support.h
[67.396s] -- Installing: /home/andre/ros2_ws/src/install/moveit_task_constructor_msgs/include/moveit_task_constructor_msgs/moveit_task_constructor_msgs/msg/detail/sub_solution__description.c
[67.396s] -- Installing: /home/andre/ros2_ws/src/install/moveit_task_constructor_msgs/include/moveit_task_constructor_msgs/moveit_task_constructor_msgs/msg/detail/sub_trajectory__functions.h
[67.396s] -- Installing: /home/andre/ros2_ws/src/install/moveit_task_constructor_msgs/include/moveit_task_constructor_msgs/moveit_task_constructor_msgs/msg/task_description.h
[67.396s] -- Installing: /home/andre/ros2_ws/src/install/moveit_task_constructor_msgs/include/moveit_task_constructor_msgs/moveit_task_constructor_msgs/msg/solution_info.h
[67.396s] -- Installing: /home/andre/ros2_ws/src/install/moveit_task_constructor_msgs/include/moveit_task_constructor_msgs/moveit_task_constructor_msgs/msg/sub_solution.h
[67.396s] -- Installing: /home/andre/ros2_ws/src/install/moveit_task_constructor_msgs/share/moveit_task_constructor_msgs/environment/library_path.sh
[67.396s] -- Installing: /home/andre/ros2_ws/src/install/moveit_task_constructor_msgs/share/moveit_task_constructor_msgs/environment/library_path.dsv
[67.396s] -- Installing: /home/andre/ros2_ws/src/install/moveit_task_constructor_msgs/lib/libmoveit_task_constructor_msgs__rosidl_generator_c.so
[67.397s] -- Set non-toolchain portion of runtime path of "/home/andre/ros2_ws/src/install/moveit_task_constructor_msgs/lib/libmoveit_task_constructor_msgs__rosidl_generator_c.so" to ""
[67.398s] -- Up-to-date: /home/andre/ros2_ws/src/install/moveit_task_constructor_msgs/include/moveit_task_constructor_msgs/moveit_task_constructor_msgs
[67.398s] -- Up-to-date: /home/andre/ros2_ws/src/install/moveit_task_constructor_msgs/include/moveit_task_constructor_msgs/moveit_task_constructor_msgs/action
[67.398s] -- Up-to-date: /home/andre/ros2_ws/src/install/moveit_task_constructor_msgs/include/moveit_task_constructor_msgs/moveit_task_constructor_msgs/action/detail
[67.398s] -- Installing: /home/andre/ros2_ws/src/install/moveit_task_constructor_msgs/include/moveit_task_constructor_msgs/moveit_task_constructor_msgs/action/detail/execute_task_solution__rosidl_typesupport_fastrtps_c.h
[67.398s] -- Up-to-date: /home/andre/ros2_ws/src/install/moveit_task_constructor_msgs/include/moveit_task_constructor_msgs/moveit_task_constructor_msgs/srv
[67.398s] -- Up-to-date: /home/andre/ros2_ws/src/install/moveit_task_constructor_msgs/include/moveit_task_constructor_msgs/moveit_task_constructor_msgs/srv/detail
[67.398s] -- Installing: /home/andre/ros2_ws/src/install/moveit_task_constructor_msgs/include/moveit_task_constructor_msgs/moveit_task_constructor_msgs/srv/detail/get_solution__rosidl_typesupport_fastrtps_c.h
[67.398s] -- Up-to-date: /home/andre/ros2_ws/src/install/moveit_task_constructor_msgs/include/moveit_task_constructor_msgs/moveit_task_constructor_msgs/msg
[67.398s] -- Up-to-date: /home/andre/ros2_ws/src/install/moveit_task_constructor_msgs/include/moveit_task_constructor_msgs/moveit_task_constructor_msgs/msg/detail
[67.399s] -- Installing: /home/andre/ros2_ws/src/install/moveit_task_constructor_msgs/include/moveit_task_constructor_msgs/moveit_task_constructor_msgs/msg/detail/solution__rosidl_typesupport_fastrtps_c.h
[67.399s] -- Installing: /home/andre/ros2_ws/src/install/moveit_task_constructor_msgs/include/moveit_task_constructor_msgs/moveit_task_constructor_msgs/msg/detail/sub_trajectory__rosidl_typesupport_fastrtps_c.h
[67.399s] -- Installing: /home/andre/ros2_ws/src/install/moveit_task_constructor_msgs/include/moveit_task_constructor_msgs/moveit_task_constructor_msgs/msg/detail/stage_description__rosidl_typesupport_fastrtps_c.h
[67.399s] -- Installing: /home/andre/ros2_ws/src/install/moveit_task_constructor_msgs/include/moveit_task_constructor_msgs/moveit_task_constructor_msgs/msg/detail/trajectory_execution_info__rosidl_typesupport_fastrtps_c.h
[67.399s] -- Installing: /home/andre/ros2_ws/src/install/moveit_task_constructor_msgs/include/moveit_task_constructor_msgs/moveit_task_constructor_msgs/msg/detail/task_statistics__rosidl_typesupport_fastrtps_c.h
[67.399s] -- Installing: /home/andre/ros2_ws/src/install/moveit_task_constructor_msgs/include/moveit_task_constructor_msgs/moveit_task_constructor_msgs/msg/detail/property__rosidl_typesupport_fastrtps_c.h
[67.399s] -- Installing: /home/andre/ros2_ws/src/install/moveit_task_constructor_msgs/include/moveit_task_constructor_msgs/moveit_task_constructor_msgs/msg/detail/task_description__rosidl_typesupport_fastrtps_c.h
[67.399s] -- Installing: /home/andre/ros2_ws/src/install/moveit_task_constructor_msgs/include/moveit_task_constructor_msgs/moveit_task_constructor_msgs/msg/detail/solution_info__rosidl_typesupport_fastrtps_c.h
[67.399s] -- Installing: /home/andre/ros2_ws/src/install/moveit_task_constructor_msgs/include/moveit_task_constructor_msgs/moveit_task_constructor_msgs/msg/detail/stage_statistics__rosidl_typesupport_fastrtps_c.h
[67.399s] -- Installing: /home/andre/ros2_ws/src/install/moveit_task_constructor_msgs/include/moveit_task_constructor_msgs/moveit_task_constructor_msgs/msg/detail/sub_solution__rosidl_typesupport_fastrtps_c.h
[67.400s] -- Installing: /home/andre/ros2_ws/src/install/moveit_task_constructor_msgs/include/moveit_task_constructor_msgs/moveit_task_constructor_msgs/msg/rosidl_typesupport_fastrtps_c__visibility_control.h
[67.400s] -- Installing: /home/andre/ros2_ws/src/install/moveit_task_constructor_msgs/lib/libmoveit_task_constructor_msgs__rosidl_typesupport_fastrtps_c.so
[67.400s] -- Set non-toolchain portion of runtime path of "/home/andre/ros2_ws/src/install/moveit_task_constructor_msgs/lib/libmoveit_task_constructor_msgs__rosidl_typesupport_fastrtps_c.so" to ""
[67.400s] -- Up-to-date: /home/andre/ros2_ws/src/install/moveit_task_constructor_msgs/include/moveit_task_constructor_msgs/moveit_task_constructor_msgs
[67.400s] -- Up-to-date: /home/andre/ros2_ws/src/install/moveit_task_constructor_msgs/include/moveit_task_constructor_msgs/moveit_task_constructor_msgs/action
[67.400s] -- Installing: /home/andre/ros2_ws/src/install/moveit_task_constructor_msgs/include/moveit_task_constructor_msgs/moveit_task_constructor_msgs/action/execute_task_solution.hpp
[67.400s] -- Up-to-date: /home/andre/ros2_ws/src/install/moveit_task_constructor_msgs/include/moveit_task_constructor_msgs/moveit_task_constructor_msgs/action/detail
[67.400s] -- Installing: /home/andre/ros2_ws/src/install/moveit_task_constructor_msgs/include/moveit_task_constructor_msgs/moveit_task_constructor_msgs/action/detail/execute_task_solution__builder.hpp
[67.400s] -- Installing: /home/andre/ros2_ws/src/install/moveit_task_constructor_msgs/include/moveit_task_constructor_msgs/moveit_task_constructor_msgs/action/detail/execute_task_solution__struct.hpp
[67.401s] -- Installing: /home/andre/ros2_ws/src/install/moveit_task_constructor_msgs/include/moveit_task_constructor_msgs/moveit_task_constructor_msgs/action/detail/execute_task_solution__traits.hpp
[67.401s] -- Installing: /home/andre/ros2_ws/src/install/moveit_task_constructor_msgs/include/moveit_task_constructor_msgs/moveit_task_constructor_msgs/action/detail/execute_task_solution__type_support.hpp
[67.401s] -- Up-to-date: /home/andre/ros2_ws/src/install/moveit_task_constructor_msgs/include/moveit_task_constructor_msgs/moveit_task_constructor_msgs/srv
[67.401s] -- Up-to-date: /home/andre/ros2_ws/src/install/moveit_task_constructor_msgs/include/moveit_task_constructor_msgs/moveit_task_constructor_msgs/srv/detail
[67.401s] -- Installing: /home/andre/ros2_ws/src/install/moveit_task_constructor_msgs/include/moveit_task_constructor_msgs/moveit_task_constructor_msgs/srv/detail/get_solution__traits.hpp
[67.401s] -- Installing: /home/andre/ros2_ws/src/install/moveit_task_constructor_msgs/include/moveit_task_constructor_msgs/moveit_task_constructor_msgs/srv/detail/get_solution__builder.hpp
[67.401s] -- Installing: /home/andre/ros2_ws/src/install/moveit_task_constructor_msgs/include/moveit_task_constructor_msgs/moveit_task_constructor_msgs/srv/detail/get_solution__struct.hpp
[67.401s] -- Installing: /home/andre/ros2_ws/src/install/moveit_task_constructor_msgs/include/moveit_task_constructor_msgs/moveit_task_constructor_msgs/srv/detail/get_solution__type_support.hpp
[67.401s] -- Installing: /home/andre/ros2_ws/src/install/moveit_task_constructor_msgs/include/moveit_task_constructor_msgs/moveit_task_constructor_msgs/srv/get_solution.hpp
[67.401s] -- Up-to-date: /home/andre/ros2_ws/src/install/moveit_task_constructor_msgs/include/moveit_task_constructor_msgs/moveit_task_constructor_msgs/msg
[67.402s] -- Installing: /home/andre/ros2_ws/src/install/moveit_task_constructor_msgs/include/moveit_task_constructor_msgs/moveit_task_constructor_msgs/msg/rosidl_generator_cpp__visibility_control.hpp
[67.402s] -- Installing: /home/andre/ros2_ws/src/install/moveit_task_constructor_msgs/include/moveit_task_constructor_msgs/moveit_task_constructor_msgs/msg/property.hpp
[67.402s] -- Installing: /home/andre/ros2_ws/src/install/moveit_task_constructor_msgs/include/moveit_task_constructor_msgs/moveit_task_constructor_msgs/msg/task_description.hpp
[67.402s] -- Installing: /home/andre/ros2_ws/src/install/moveit_task_constructor_msgs/include/moveit_task_constructor_msgs/moveit_task_constructor_msgs/msg/task_statistics.hpp
[67.402s] -- Installing: /home/andre/ros2_ws/src/install/moveit_task_constructor_msgs/include/moveit_task_constructor_msgs/moveit_task_constructor_msgs/msg/stage_description.hpp
[67.402s] -- Installing: /home/andre/ros2_ws/src/install/moveit_task_constructor_msgs/include/moveit_task_constructor_msgs/moveit_task_constructor_msgs/msg/solution.hpp
[67.402s] -- Installing: /home/andre/ros2_ws/src/install/moveit_task_constructor_msgs/include/moveit_task_constructor_msgs/moveit_task_constructor_msgs/msg/solution_info.hpp
[67.402s] -- Up-to-date: /home/andre/ros2_ws/src/install/moveit_task_constructor_msgs/include/moveit_task_constructor_msgs/moveit_task_constructor_msgs/msg/detail
[67.402s] -- Installing: /home/andre/ros2_ws/src/install/moveit_task_constructor_msgs/include/moveit_task_constructor_msgs/moveit_task_constructor_msgs/msg/detail/stage_statistics__traits.hpp
[67.403s] -- Installing: /home/andre/ros2_ws/src/install/moveit_task_constructor_msgs/include/moveit_task_constructor_msgs/moveit_task_constructor_msgs/msg/detail/sub_solution__type_support.hpp
[67.403s] -- Installing: /home/andre/ros2_ws/src/install/moveit_task_constructor_msgs/include/moveit_task_constructor_msgs/moveit_task_constructor_msgs/msg/detail/sub_solution__struct.hpp
[67.403s] -- Installing: /home/andre/ros2_ws/src/install/moveit_task_constructor_msgs/include/moveit_task_constructor_msgs/moveit_task_constructor_msgs/msg/detail/sub_solution__traits.hpp
[67.403s] -- Installing: /home/andre/ros2_ws/src/install/moveit_task_constructor_msgs/include/moveit_task_constructor_msgs/moveit_task_constructor_msgs/msg/detail/task_statistics__type_support.hpp
[67.403s] -- Installing: /home/andre/ros2_ws/src/install/moveit_task_constructor_msgs/include/moveit_task_constructor_msgs/moveit_task_constructor_msgs/msg/detail/stage_description__traits.hpp
[67.403s] -- Installing: /home/andre/ros2_ws/src/install/moveit_task_constructor_msgs/include/moveit_task_constructor_msgs/moveit_task_constructor_msgs/msg/detail/solution_info__builder.hpp
[67.403s] -- Installing: /home/andre/ros2_ws/src/install/moveit_task_constructor_msgs/include/moveit_task_constructor_msgs/moveit_task_constructor_msgs/msg/detail/task_statistics__builder.hpp
[67.403s] -- Installing: /home/andre/ros2_ws/src/install/moveit_task_constructor_msgs/include/moveit_task_constructor_msgs/moveit_task_constructor_msgs/msg/detail/sub_trajectory__traits.hpp
[67.403s] -- Installing: /home/andre/ros2_ws/src/install/moveit_task_constructor_msgs/include/moveit_task_constructor_msgs/moveit_task_constructor_msgs/msg/detail/task_description__traits.hpp
[67.403s] -- Installing: /home/andre/ros2_ws/src/install/moveit_task_constructor_msgs/include/moveit_task_constructor_msgs/moveit_task_constructor_msgs/msg/detail/task_description__builder.hpp
[67.404s] -- Installing: /home/andre/ros2_ws/src/install/moveit_task_constructor_msgs/include/moveit_task_constructor_msgs/moveit_task_constructor_msgs/msg/detail/property__type_support.hpp
[67.404s] -- Installing: /home/andre/ros2_ws/src/install/moveit_task_constructor_msgs/include/moveit_task_constructor_msgs/moveit_task_constructor_msgs/msg/detail/stage_statistics__struct.hpp
[67.404s] -- Installing: /home/andre/ros2_ws/src/install/moveit_task_constructor_msgs/include/moveit_task_constructor_msgs/moveit_task_constructor_msgs/msg/detail/stage_statistics__type_support.hpp
[67.404s] -- Installing: /home/andre/ros2_ws/src/install/moveit_task_constructor_msgs/include/moveit_task_constructor_msgs/moveit_task_constructor_msgs/msg/detail/solution__type_support.hpp
[67.404s] -- Installing: /home/andre/ros2_ws/src/install/moveit_task_constructor_msgs/include/moveit_task_constructor_msgs/moveit_task_constructor_msgs/msg/detail/trajectory_execution_info__type_support.hpp
[67.404s] -- Installing: /home/andre/ros2_ws/src/install/moveit_task_constructor_msgs/include/moveit_task_constructor_msgs/moveit_task_constructor_msgs/msg/detail/task_statistics__struct.hpp
[67.404s] -- Installing: /home/andre/ros2_ws/src/install/moveit_task_constructor_msgs/include/moveit_task_constructor_msgs/moveit_task_constructor_msgs/msg/detail/sub_trajectory__builder.hpp
[67.404s] -- Installing: /home/andre/ros2_ws/src/install/moveit_task_constructor_msgs/include/moveit_task_constructor_msgs/moveit_task_constructor_msgs/msg/detail/trajectory_execution_info__struct.hpp
[67.404s] -- Installing: /home/andre/ros2_ws/src/install/moveit_task_constructor_msgs/include/moveit_task_constructor_msgs/moveit_task_constructor_msgs/msg/detail/task_description__struct.hpp
[67.404s] -- Installing: /home/andre/ros2_ws/src/install/moveit_task_constructor_msgs/include/moveit_task_constructor_msgs/moveit_task_constructor_msgs/msg/detail/sub_solution__builder.hpp
[67.405s] -- Installing: /home/andre/ros2_ws/src/install/moveit_task_constructor_msgs/include/moveit_task_constructor_msgs/moveit_task_constructor_msgs/msg/detail/trajectory_execution_info__builder.hpp
[67.405s] -- Installing: /home/andre/ros2_ws/src/install/moveit_task_constructor_msgs/include/moveit_task_constructor_msgs/moveit_task_constructor_msgs/msg/detail/property__struct.hpp
[67.405s] -- Installing: /home/andre/ros2_ws/src/install/moveit_task_constructor_msgs/include/moveit_task_constructor_msgs/moveit_task_constructor_msgs/msg/detail/property__traits.hpp
[67.405s] -- Installing: /home/andre/ros2_ws/src/install/moveit_task_constructor_msgs/include/moveit_task_constructor_msgs/moveit_task_constructor_msgs/msg/detail/stage_description__builder.hpp
[67.405s] -- Installing: /home/andre/ros2_ws/src/install/moveit_task_constructor_msgs/include/moveit_task_constructor_msgs/moveit_task_constructor_msgs/msg/detail/solution_info__traits.hpp
[67.405s] -- Installing: /home/andre/ros2_ws/src/install/moveit_task_constructor_msgs/include/moveit_task_constructor_msgs/moveit_task_constructor_msgs/msg/detail/solution_info__type_support.hpp
[67.405s] -- Installing: /home/andre/ros2_ws/src/install/moveit_task_constructor_msgs/include/moveit_task_constructor_msgs/moveit_task_constructor_msgs/msg/detail/solution__traits.hpp
[67.405s] -- Installing: /home/andre/ros2_ws/src/install/moveit_task_constructor_msgs/include/moveit_task_constructor_msgs/moveit_task_constructor_msgs/msg/detail/sub_trajectory__struct.hpp
[67.405s] -- Installing: /home/andre/ros2_ws/src/install/moveit_task_constructor_msgs/include/moveit_task_constructor_msgs/moveit_task_constructor_msgs/msg/detail/task_statistics__traits.hpp
[67.405s] -- Installing: /home/andre/ros2_ws/src/install/moveit_task_constructor_msgs/include/moveit_task_constructor_msgs/moveit_task_constructor_msgs/msg/detail/property__builder.hpp
[67.406s] -- Installing: /home/andre/ros2_ws/src/install/moveit_task_constructor_msgs/include/moveit_task_constructor_msgs/moveit_task_constructor_msgs/msg/detail/solution_info__struct.hpp
[67.406s] -- Installing: /home/andre/ros2_ws/src/install/moveit_task_constructor_msgs/include/moveit_task_constructor_msgs/moveit_task_constructor_msgs/msg/detail/solution__builder.hpp
[67.406s] -- Installing: /home/andre/ros2_ws/src/install/moveit_task_constructor_msgs/include/moveit_task_constructor_msgs/moveit_task_constructor_msgs/msg/detail/solution__struct.hpp
[67.406s] -- Installing: /home/andre/ros2_ws/src/install/moveit_task_constructor_msgs/include/moveit_task_constructor_msgs/moveit_task_constructor_msgs/msg/detail/sub_trajectory__type_support.hpp
[67.406s] -- Installing: /home/andre/ros2_ws/src/install/moveit_task_constructor_msgs/include/moveit_task_constructor_msgs/moveit_task_constructor_msgs/msg/detail/stage_statistics__builder.hpp
[67.406s] -- Installing: /home/andre/ros2_ws/src/install/moveit_task_constructor_msgs/include/moveit_task_constructor_msgs/moveit_task_constructor_msgs/msg/detail/task_description__type_support.hpp
[67.406s] -- Installing: /home/andre/ros2_ws/src/install/moveit_task_constructor_msgs/include/moveit_task_constructor_msgs/moveit_task_constructor_msgs/msg/detail/stage_description__struct.hpp
[67.406s] -- Installing: /home/andre/ros2_ws/src/install/moveit_task_constructor_msgs/include/moveit_task_constructor_msgs/moveit_task_constructor_msgs/msg/detail/stage_description__type_support.hpp
[67.406s] -- Installing: /home/andre/ros2_ws/src/install/moveit_task_constructor_msgs/include/moveit_task_constructor_msgs/moveit_task_constructor_msgs/msg/detail/trajectory_execution_info__traits.hpp
[67.406s] -- Installing: /home/andre/ros2_ws/src/install/moveit_task_constructor_msgs/include/moveit_task_constructor_msgs/moveit_task_constructor_msgs/msg/trajectory_execution_info.hpp
[67.407s] -- Installing: /home/andre/ros2_ws/src/install/moveit_task_constructor_msgs/include/moveit_task_constructor_msgs/moveit_task_constructor_msgs/msg/stage_statistics.hpp
[67.407s] -- Installing: /home/andre/ros2_ws/src/install/moveit_task_constructor_msgs/include/moveit_task_constructor_msgs/moveit_task_constructor_msgs/msg/sub_solution.hpp
[67.407s] -- Installing: /home/andre/ros2_ws/src/install/moveit_task_constructor_msgs/include/moveit_task_constructor_msgs/moveit_task_constructor_msgs/msg/sub_trajectory.hpp
[67.407s] -- Up-to-date: /home/andre/ros2_ws/src/install/moveit_task_constructor_msgs/include/moveit_task_constructor_msgs/moveit_task_constructor_msgs
[67.407s] -- Up-to-date: /home/andre/ros2_ws/src/install/moveit_task_constructor_msgs/include/moveit_task_constructor_msgs/moveit_task_constructor_msgs/action
[67.407s] -- Up-to-date: /home/andre/ros2_ws/src/install/moveit_task_constructor_msgs/include/moveit_task_constructor_msgs/moveit_task_constructor_msgs/action/detail
[67.407s] -- Installing: /home/andre/ros2_ws/src/install/moveit_task_constructor_msgs/include/moveit_task_constructor_msgs/moveit_task_constructor_msgs/action/detail/dds_fastrtps
[67.407s] -- Installing: /home/andre/ros2_ws/src/install/moveit_task_constructor_msgs/include/moveit_task_constructor_msgs/moveit_task_constructor_msgs/action/detail/execute_task_solution__rosidl_typesupport_fastrtps_cpp.hpp
[67.407s] -- Up-to-date: /home/andre/ros2_ws/src/install/moveit_task_constructor_msgs/include/moveit_task_constructor_msgs/moveit_task_constructor_msgs/srv
[67.408s] -- Up-to-date: /home/andre/ros2_ws/src/install/moveit_task_constructor_msgs/include/moveit_task_constructor_msgs/moveit_task_constructor_msgs/srv/detail
[67.408s] -- Installing: /home/andre/ros2_ws/src/install/moveit_task_constructor_msgs/include/moveit_task_constructor_msgs/moveit_task_constructor_msgs/srv/detail/dds_fastrtps
[67.408s] -- Installing: /home/andre/ros2_ws/src/install/moveit_task_constructor_msgs/include/moveit_task_constructor_msgs/moveit_task_constructor_msgs/srv/detail/get_solution__rosidl_typesupport_fastrtps_cpp.hpp
[67.408s] -- Up-to-date: /home/andre/ros2_ws/src/install/moveit_task_constructor_msgs/include/moveit_task_constructor_msgs/moveit_task_constructor_msgs/msg
[67.408s] -- Installing: /home/andre/ros2_ws/src/install/moveit_task_constructor_msgs/include/moveit_task_constructor_msgs/moveit_task_constructor_msgs/msg/rosidl_typesupport_fastrtps_cpp__visibility_control.h
[67.408s] -- Up-to-date: /home/andre/ros2_ws/src/install/moveit_task_constructor_msgs/include/moveit_task_constructor_msgs/moveit_task_constructor_msgs/msg/detail
[67.408s] -- Installing: /home/andre/ros2_ws/src/install/moveit_task_constructor_msgs/include/moveit_task_constructor_msgs/moveit_task_constructor_msgs/msg/detail/task_statistics__rosidl_typesupport_fastrtps_cpp.hpp
[67.408s] -- Installing: /home/andre/ros2_ws/src/install/moveit_task_constructor_msgs/include/moveit_task_constructor_msgs/moveit_task_constructor_msgs/msg/detail/solution_info__rosidl_typesupport_fastrtps_cpp.hpp
[67.408s] -- Installing: /home/andre/ros2_ws/src/install/moveit_task_constructor_msgs/include/moveit_task_constructor_msgs/moveit_task_constructor_msgs/msg/detail/stage_description__rosidl_typesupport_fastrtps_cpp.hpp
[67.408s] -- Installing: /home/andre/ros2_ws/src/install/moveit_task_constructor_msgs/include/moveit_task_constructor_msgs/moveit_task_constructor_msgs/msg/detail/sub_solution__rosidl_typesupport_fastrtps_cpp.hpp
[67.408s] -- Installing: /home/andre/ros2_ws/src/install/moveit_task_constructor_msgs/include/moveit_task_constructor_msgs/moveit_task_constructor_msgs/msg/detail/trajectory_execution_info__rosidl_typesupport_fastrtps_cpp.hpp
[67.409s] -- Installing: /home/andre/ros2_ws/src/install/moveit_task_constructor_msgs/include/moveit_task_constructor_msgs/moveit_task_constructor_msgs/msg/detail/dds_fastrtps
[67.409s] -- Installing: /home/andre/ros2_ws/src/install/moveit_task_constructor_msgs/include/moveit_task_constructor_msgs/moveit_task_constructor_msgs/msg/detail/sub_trajectory__rosidl_typesupport_fastrtps_cpp.hpp
[67.409s] -- Installing: /home/andre/ros2_ws/src/install/moveit_task_constructor_msgs/include/moveit_task_constructor_msgs/moveit_task_constructor_msgs/msg/detail/solution__rosidl_typesupport_fastrtps_cpp.hpp
[67.409s] -- Installing: /home/andre/ros2_ws/src/install/moveit_task_constructor_msgs/include/moveit_task_constructor_msgs/moveit_task_constructor_msgs/msg/detail/task_description__rosidl_typesupport_fastrtps_cpp.hpp
[67.409s] -- Installing: /home/andre/ros2_ws/src/install/moveit_task_constructor_msgs/include/moveit_task_constructor_msgs/moveit_task_constructor_msgs/msg/detail/stage_statistics__rosidl_typesupport_fastrtps_cpp.hpp
[67.409s] -- Installing: /home/andre/ros2_ws/src/install/moveit_task_constructor_msgs/include/moveit_task_constructor_msgs/moveit_task_constructor_msgs/msg/detail/property__rosidl_typesupport_fastrtps_cpp.hpp
[67.409s] -- Installing: /home/andre/ros2_ws/src/install/moveit_task_constructor_msgs/lib/libmoveit_task_constructor_msgs__rosidl_typesupport_fastrtps_cpp.so
[67.409s] -- Set non-toolchain portion of runtime path of "/home/andre/ros2_ws/src/install/moveit_task_constructor_msgs/lib/libmoveit_task_constructor_msgs__rosidl_typesupport_fastrtps_cpp.so" to ""
[67.409s] -- Up-to-date: /home/andre/ros2_ws/src/install/moveit_task_constructor_msgs/include/moveit_task_constructor_msgs/moveit_task_constructor_msgs
[67.409s] -- Up-to-date: /home/andre/ros2_ws/src/install/moveit_task_constructor_msgs/include/moveit_task_constructor_msgs/moveit_task_constructor_msgs/action
[67.410s] -- Up-to-date: /home/andre/ros2_ws/src/install/moveit_task_constructor_msgs/include/moveit_task_constructor_msgs/moveit_task_constructor_msgs/action/detail
[67.410s] -- Installing: /home/andre/ros2_ws/src/install/moveit_task_constructor_msgs/include/moveit_task_constructor_msgs/moveit_task_constructor_msgs/action/detail/execute_task_solution__type_support.c
[67.410s] -- Installing: /home/andre/ros2_ws/src/install/moveit_task_constructor_msgs/include/moveit_task_constructor_msgs/moveit_task_constructor_msgs/action/detail/execute_task_solution__rosidl_typesupport_introspection_c.h
[67.410s] -- Up-to-date: /home/andre/ros2_ws/src/install/moveit_task_constructor_msgs/include/moveit_task_constructor_msgs/moveit_task_constructor_msgs/srv
[67.410s] -- Up-to-date: /home/andre/ros2_ws/src/install/moveit_task_constructor_msgs/include/moveit_task_constructor_msgs/moveit_task_constructor_msgs/srv/detail
[67.410s] -- Installing: /home/andre/ros2_ws/src/install/moveit_task_constructor_msgs/include/moveit_task_constructor_msgs/moveit_task_constructor_msgs/srv/detail/get_solution__rosidl_typesupport_introspection_c.h
[67.410s] -- Installing: /home/andre/ros2_ws/src/install/moveit_task_constructor_msgs/include/moveit_task_constructor_msgs/moveit_task_constructor_msgs/srv/detail/get_solution__type_support.c
[67.410s] -- Up-to-date: /home/andre/ros2_ws/src/install/moveit_task_constructor_msgs/include/moveit_task_constructor_msgs/moveit_task_constructor_msgs/msg
[67.410s] -- Installing: /home/andre/ros2_ws/src/install/moveit_task_constructor_msgs/include/moveit_task_constructor_msgs/moveit_task_constructor_msgs/msg/rosidl_typesupport_introspection_c__visibility_control.h
[67.410s] -- Up-to-date: /home/andre/ros2_ws/src/install/moveit_task_constructor_msgs/include/moveit_task_constructor_msgs/moveit_task_constructor_msgs/msg/detail
[67.411s] -- Installing: /home/andre/ros2_ws/src/install/moveit_task_constructor_msgs/include/moveit_task_constructor_msgs/moveit_task_constructor_msgs/msg/detail/property__type_support.c
[67.411s] -- Installing: /home/andre/ros2_ws/src/install/moveit_task_constructor_msgs/include/moveit_task_constructor_msgs/moveit_task_constructor_msgs/msg/detail/sub_solution__type_support.c
[67.411s] -- Installing: /home/andre/ros2_ws/src/install/moveit_task_constructor_msgs/include/moveit_task_constructor_msgs/moveit_task_constructor_msgs/msg/detail/stage_statistics__rosidl_typesupport_introspection_c.h
[67.411s] -- Installing: /home/andre/ros2_ws/src/install/moveit_task_constructor_msgs/include/moveit_task_constructor_msgs/moveit_task_constructor_msgs/msg/detail/task_statistics__rosidl_typesupport_introspection_c.h
[67.411s] -- Installing: /home/andre/ros2_ws/src/install/moveit_task_constructor_msgs/include/moveit_task_constructor_msgs/moveit_task_constructor_msgs/msg/detail/task_description__rosidl_typesupport_introspection_c.h
[67.411s] -- Installing: /home/andre/ros2_ws/src/install/moveit_task_constructor_msgs/include/moveit_task_constructor_msgs/moveit_task_constructor_msgs/msg/detail/sub_trajectory__type_support.c
[67.411s] -- Installing: /home/andre/ros2_ws/src/install/moveit_task_constructor_msgs/include/moveit_task_constructor_msgs/moveit_task_constructor_msgs/msg/detail/stage_statistics__type_support.c
[67.411s] -- Installing: /home/andre/ros2_ws/src/install/moveit_task_constructor_msgs/include/moveit_task_constructor_msgs/moveit_task_constructor_msgs/msg/detail/sub_solution__rosidl_typesupport_introspection_c.h
[67.411s] -- Installing: /home/andre/ros2_ws/src/install/moveit_task_constructor_msgs/include/moveit_task_constructor_msgs/moveit_task_constructor_msgs/msg/detail/solution_info__type_support.c
[67.411s] -- Installing: /home/andre/ros2_ws/src/install/moveit_task_constructor_msgs/include/moveit_task_constructor_msgs/moveit_task_constructor_msgs/msg/detail/trajectory_execution_info__type_support.c
[67.412s] -- Installing: /home/andre/ros2_ws/src/install/moveit_task_constructor_msgs/include/moveit_task_constructor_msgs/moveit_task_constructor_msgs/msg/detail/solution__type_support.c
[67.412s] -- Installing: /home/andre/ros2_ws/src/install/moveit_task_constructor_msgs/include/moveit_task_constructor_msgs/moveit_task_constructor_msgs/msg/detail/solution__rosidl_typesupport_introspection_c.h
[67.412s] -- Installing: /home/andre/ros2_ws/src/install/moveit_task_constructor_msgs/include/moveit_task_constructor_msgs/moveit_task_constructor_msgs/msg/detail/task_statistics__type_support.c
[67.412s] -- Installing: /home/andre/ros2_ws/src/install/moveit_task_constructor_msgs/include/moveit_task_constructor_msgs/moveit_task_constructor_msgs/msg/detail/solution_info__rosidl_typesupport_introspection_c.h
[67.412s] -- Installing: /home/andre/ros2_ws/src/install/moveit_task_constructor_msgs/include/moveit_task_constructor_msgs/moveit_task_constructor_msgs/msg/detail/task_description__type_support.c
[67.412s] -- Installing: /home/andre/ros2_ws/src/install/moveit_task_constructor_msgs/include/moveit_task_constructor_msgs/moveit_task_constructor_msgs/msg/detail/sub_trajectory__rosidl_typesupport_introspection_c.h
[67.412s] -- Installing: /home/andre/ros2_ws/src/install/moveit_task_constructor_msgs/include/moveit_task_constructor_msgs/moveit_task_constructor_msgs/msg/detail/stage_description__rosidl_typesupport_introspection_c.h
[67.412s] -- Installing: /home/andre/ros2_ws/src/install/moveit_task_constructor_msgs/include/moveit_task_constructor_msgs/moveit_task_constructor_msgs/msg/detail/property__rosidl_typesupport_introspection_c.h
[67.412s] -- Installing: /home/andre/ros2_ws/src/install/moveit_task_constructor_msgs/include/moveit_task_constructor_msgs/moveit_task_constructor_msgs/msg/detail/stage_description__type_support.c
[67.412s] -- Installing: /home/andre/ros2_ws/src/install/moveit_task_constructor_msgs/include/moveit_task_constructor_msgs/moveit_task_constructor_msgs/msg/detail/trajectory_execution_info__rosidl_typesupport_introspection_c.h
[67.412s] -- Installing: /home/andre/ros2_ws/src/install/moveit_task_constructor_msgs/lib/libmoveit_task_constructor_msgs__rosidl_typesupport_introspection_c.so
[67.413s] -- Set non-toolchain portion of runtime path of "/home/andre/ros2_ws/src/install/moveit_task_constructor_msgs/lib/libmoveit_task_constructor_msgs__rosidl_typesupport_introspection_c.so" to ""
[67.413s] -- Installing: /home/andre/ros2_ws/src/install/moveit_task_constructor_msgs/lib/libmoveit_task_constructor_msgs__rosidl_typesupport_c.so
[67.413s] -- Set non-toolchain portion of runtime path of "/home/andre/ros2_ws/src/install/moveit_task_constructor_msgs/lib/libmoveit_task_constructor_msgs__rosidl_typesupport_c.so" to ""
[67.413s] -- Up-to-date: /home/andre/ros2_ws/src/install/moveit_task_constructor_msgs/include/moveit_task_constructor_msgs/moveit_task_constructor_msgs
[67.413s] -- Up-to-date: /home/andre/ros2_ws/src/install/moveit_task_constructor_msgs/include/moveit_task_constructor_msgs/moveit_task_constructor_msgs/action
[67.413s] -- Up-to-date: /home/andre/ros2_ws/src/install/moveit_task_constructor_msgs/include/moveit_task_constructor_msgs/moveit_task_constructor_msgs/action/detail
[67.413s] -- Installing: /home/andre/ros2_ws/src/install/moveit_task_constructor_msgs/include/moveit_task_constructor_msgs/moveit_task_constructor_msgs/action/detail/execute_task_solution__rosidl_typesupport_introspection_cpp.hpp
[67.414s] -- Installing: /home/andre/ros2_ws/src/install/moveit_task_constructor_msgs/include/moveit_task_constructor_msgs/moveit_task_constructor_msgs/action/detail/execute_task_solution__type_support.cpp
[67.414s] -- Up-to-date: /home/andre/ros2_ws/src/install/moveit_task_constructor_msgs/include/moveit_task_constructor_msgs/moveit_task_constructor_msgs/srv
[67.414s] -- Up-to-date: /home/andre/ros2_ws/src/install/moveit_task_constructor_msgs/include/moveit_task_constructor_msgs/moveit_task_constructor_msgs/srv/detail
[67.414s] -- Installing: /home/andre/ros2_ws/src/install/moveit_task_constructor_msgs/include/moveit_task_constructor_msgs/moveit_task_constructor_msgs/srv/detail/get_solution__rosidl_typesupport_introspection_cpp.hpp
[67.414s] -- Installing: /home/andre/ros2_ws/src/install/moveit_task_constructor_msgs/include/moveit_task_constructor_msgs/moveit_task_constructor_msgs/srv/detail/get_solution__type_support.cpp
[67.414s] -- Up-to-date: /home/andre/ros2_ws/src/install/moveit_task_constructor_msgs/include/moveit_task_constructor_msgs/moveit_task_constructor_msgs/msg
[67.414s] -- Up-to-date: /home/andre/ros2_ws/src/install/moveit_task_constructor_msgs/include/moveit_task_constructor_msgs/moveit_task_constructor_msgs/msg/detail
[67.414s] -- Installing: /home/andre/ros2_ws/src/install/moveit_task_constructor_msgs/include/moveit_task_constructor_msgs/moveit_task_constructor_msgs/msg/detail/sub_solution__rosidl_typesupport_introspection_cpp.hpp
[67.414s] -- Installing: /home/andre/ros2_ws/src/install/moveit_task_constructor_msgs/include/moveit_task_constructor_msgs/moveit_task_constructor_msgs/msg/detail/trajectory_execution_info__rosidl_typesupport_introspection_cpp.hpp
[67.415s] -- Installing: /home/andre/ros2_ws/src/install/moveit_task_constructor_msgs/include/moveit_task_constructor_msgs/moveit_task_constructor_msgs/msg/detail/task_description__rosidl_typesupport_introspection_cpp.hpp
[67.415s] -- Installing: /home/andre/ros2_ws/src/install/moveit_task_constructor_msgs/include/moveit_task_constructor_msgs/moveit_task_constructor_msgs/msg/detail/sub_solution__type_support.cpp
[67.415s] -- Installing: /home/andre/ros2_ws/src/install/moveit_task_constructor_msgs/include/moveit_task_constructor_msgs/moveit_task_constructor_msgs/msg/detail/property__type_support.cpp
[67.415s] -- Installing: /home/andre/ros2_ws/src/install/moveit_task_constructor_msgs/include/moveit_task_constructor_msgs/moveit_task_constructor_msgs/msg/detail/sub_trajectory__rosidl_typesupport_introspection_cpp.hpp
[67.415s] -- Installing: /home/andre/ros2_ws/src/install/moveit_task_constructor_msgs/include/moveit_task_constructor_msgs/moveit_task_constructor_msgs/msg/detail/solution__type_support.cpp
[67.415s] -- Installing: /home/andre/ros2_ws/src/install/moveit_task_constructor_msgs/include/moveit_task_constructor_msgs/moveit_task_constructor_msgs/msg/detail/stage_statistics__rosidl_typesupport_introspection_cpp.hpp
[67.415s] -- Installing: /home/andre/ros2_ws/src/install/moveit_task_constructor_msgs/include/moveit_task_constructor_msgs/moveit_task_constructor_msgs/msg/detail/task_description__type_support.cpp
[67.415s] -- Installing: /home/andre/ros2_ws/src/install/moveit_task_constructor_msgs/include/moveit_task_constructor_msgs/moveit_task_constructor_msgs/msg/detail/trajectory_execution_info__type_support.cpp
[67.415s] -- Installing: /home/andre/ros2_ws/src/install/moveit_task_constructor_msgs/include/moveit_task_constructor_msgs/moveit_task_constructor_msgs/msg/detail/stage_description__rosidl_typesupport_introspection_cpp.hpp
[67.416s] -- Installing: /home/andre/ros2_ws/src/install/moveit_task_constructor_msgs/include/moveit_task_constructor_msgs/moveit_task_constructor_msgs/msg/detail/sub_trajectory__type_support.cpp
[67.416s] -- Installing: /home/andre/ros2_ws/src/install/moveit_task_constructor_msgs/include/moveit_task_constructor_msgs/moveit_task_constructor_msgs/msg/detail/solution__rosidl_typesupport_introspection_cpp.hpp
[67.416s] -- Installing: /home/andre/ros2_ws/src/install/moveit_task_constructor_msgs/include/moveit_task_constructor_msgs/moveit_task_constructor_msgs/msg/detail/solution_info__rosidl_typesupport_introspection_cpp.hpp
[67.416s] -- Installing: /home/andre/ros2_ws/src/install/moveit_task_constructor_msgs/include/moveit_task_constructor_msgs/moveit_task_constructor_msgs/msg/detail/task_statistics__rosidl_typesupport_introspection_cpp.hpp
[67.416s] -- Installing: /home/andre/ros2_ws/src/install/moveit_task_constructor_msgs/include/moveit_task_constructor_msgs/moveit_task_constructor_msgs/msg/detail/task_statistics__type_support.cpp
[67.416s] -- Installing: /home/andre/ros2_ws/src/install/moveit_task_constructor_msgs/include/moveit_task_constructor_msgs/moveit_task_constructor_msgs/msg/detail/solution_info__type_support.cpp
[67.416s] -- Installing: /home/andre/ros2_ws/src/install/moveit_task_constructor_msgs/include/moveit_task_constructor_msgs/moveit_task_constructor_msgs/msg/detail/stage_statistics__type_support.cpp
[67.416s] -- Installing: /home/andre/ros2_ws/src/install/moveit_task_constructor_msgs/include/moveit_task_constructor_msgs/moveit_task_constructor_msgs/msg/detail/property__rosidl_typesupport_introspection_cpp.hpp
[67.416s] -- Installing: /home/andre/ros2_ws/src/install/moveit_task_constructor_msgs/include/moveit_task_constructor_msgs/moveit_task_constructor_msgs/msg/detail/stage_description__type_support.cpp
[67.416s] -- Installing: /home/andre/ros2_ws/src/install/moveit_task_constructor_msgs/lib/libmoveit_task_constructor_msgs__rosidl_typesupport_introspection_cpp.so
[67.417s] -- Set non-toolchain portion of runtime path of "/home/andre/ros2_ws/src/install/moveit_task_constructor_msgs/lib/libmoveit_task_constructor_msgs__rosidl_typesupport_introspection_cpp.so" to ""
[67.417s] -- Installing: /home/andre/ros2_ws/src/install/moveit_task_constructor_msgs/lib/libmoveit_task_constructor_msgs__rosidl_typesupport_cpp.so
[67.417s] -- Set non-toolchain portion of runtime path of "/home/andre/ros2_ws/src/install/moveit_task_constructor_msgs/lib/libmoveit_task_constructor_msgs__rosidl_typesupport_cpp.so" to ""
[67.417s] -- Installing: /home/andre/ros2_ws/src/install/moveit_task_constructor_msgs/share/moveit_task_constructor_msgs/environment/pythonpath.sh
[67.417s] -- Installing: /home/andre/ros2_ws/src/install/moveit_task_constructor_msgs/share/moveit_task_constructor_msgs/environment/pythonpath.dsv
[67.418s] -- Installing: /home/andre/ros2_ws/src/install/moveit_task_constructor_msgs/lib/python3.12/site-packages/moveit_task_constructor_msgs-0.1.4-py3.12.egg-info
[67.418s] -- Installing: /home/andre/ros2_ws/src/install/moveit_task_constructor_msgs/lib/python3.12/site-packages/moveit_task_constructor_msgs-0.1.4-py3.12.egg-info/dependency_links.txt
[67.418s] -- Installing: /home/andre/ros2_ws/src/install/moveit_task_constructor_msgs/lib/python3.12/site-packages/moveit_task_constructor_msgs-0.1.4-py3.12.egg-info/top_level.txt
[67.418s] -- Installing: /home/andre/ros2_ws/src/install/moveit_task_constructor_msgs/lib/python3.12/site-packages/moveit_task_constructor_msgs-0.1.4-py3.12.egg-info/SOURCES.txt
[67.418s] -- Installing: /home/andre/ros2_ws/src/install/moveit_task_constructor_msgs/lib/python3.12/site-packages/moveit_task_constructor_msgs-0.1.4-py3.12.egg-info/PKG-INFO
[67.418s] -- Installing: /home/andre/ros2_ws/src/install/moveit_task_constructor_msgs/lib/python3.12/site-packages/moveit_task_constructor_msgs
[67.418s] -- Installing: /home/andre/ros2_ws/src/install/moveit_task_constructor_msgs/lib/python3.12/site-packages/moveit_task_constructor_msgs/moveit_task_constructor_msgs_s__rosidl_typesupport_fastrtps_c.so
[67.418s] -- Installing: /home/andre/ros2_ws/src/install/moveit_task_constructor_msgs/lib/python3.12/site-packages/moveit_task_constructor_msgs/_moveit_task_constructor_msgs_s.ep.rosidl_typesupport_fastrtps_c.c
[67.419s] -- Installing: /home/andre/ros2_ws/src/install/moveit_task_constructor_msgs/lib/python3.12/site-packages/moveit_task_constructor_msgs/action
[67.419s] -- Installing: /home/andre/ros2_ws/src/install/moveit_task_constructor_msgs/lib/python3.12/site-packages/moveit_task_constructor_msgs/action/_execute_task_solution_s.c
[67.419s] -- Installing: /home/andre/ros2_ws/src/install/moveit_task_constructor_msgs/lib/python3.12/site-packages/moveit_task_constructor_msgs/action/_execute_task_solution.py
[67.419s] -- Installing: /home/andre/ros2_ws/src/install/moveit_task_constructor_msgs/lib/python3.12/site-packages/moveit_task_constructor_msgs/action/__init__.py
[67.419s] -- Installing: /home/andre/ros2_ws/src/install/moveit_task_constructor_msgs/lib/python3.12/site-packages/moveit_task_constructor_msgs/srv
[67.419s] -- Installing: /home/andre/ros2_ws/src/install/moveit_task_constructor_msgs/lib/python3.12/site-packages/moveit_task_constructor_msgs/srv/_get_solution_s.c
[67.419s] -- Installing: /home/andre/ros2_ws/src/install/moveit_task_constructor_msgs/lib/python3.12/site-packages/moveit_task_constructor_msgs/srv/_get_solution.py
[67.419s] -- Installing: /home/andre/ros2_ws/src/install/moveit_task_constructor_msgs/lib/python3.12/site-packages/moveit_task_constructor_msgs/srv/__init__.py
[67.419s] -- Installing: /home/andre/ros2_ws/src/install/moveit_task_constructor_msgs/lib/python3.12/site-packages/moveit_task_constructor_msgs/_moveit_task_constructor_msgs_s.ep.rosidl_typesupport_introspection_c.c
[67.420s] -- Installing: /home/andre/ros2_ws/src/install/moveit_task_constructor_msgs/lib/python3.12/site-packages/moveit_task_constructor_msgs/_moveit_task_constructor_msgs_s.ep.rosidl_typesupport_c.c
[67.420s] -- Installing: /home/andre/ros2_ws/src/install/moveit_task_constructor_msgs/lib/python3.12/site-packages/moveit_task_constructor_msgs/msg
[67.420s] -- Installing: /home/andre/ros2_ws/src/install/moveit_task_constructor_msgs/lib/python3.12/site-packages/moveit_task_constructor_msgs/msg/_solution_info_s.c
[67.420s] -- Installing: /home/andre/ros2_ws/src/install/moveit_task_constructor_msgs/lib/python3.12/site-packages/moveit_task_constructor_msgs/msg/_sub_solution_s.c
[67.420s] -- Installing: /home/andre/ros2_ws/src/install/moveit_task_constructor_msgs/lib/python3.12/site-packages/moveit_task_constructor_msgs/msg/_stage_description.py
[67.420s] -- Installing: /home/andre/ros2_ws/src/install/moveit_task_constructor_msgs/lib/python3.12/site-packages/moveit_task_constructor_msgs/msg/_stage_description_s.c
[67.420s] -- Installing: /home/andre/ros2_ws/src/install/moveit_task_constructor_msgs/lib/python3.12/site-packages/moveit_task_constructor_msgs/msg/_solution_s.c
[67.420s] -- Installing: /home/andre/ros2_ws/src/install/moveit_task_constructor_msgs/lib/python3.12/site-packages/moveit_task_constructor_msgs/msg/_solution_info.py
[67.421s] -- Installing: /home/andre/ros2_ws/src/install/moveit_task_constructor_msgs/lib/python3.12/site-packages/moveit_task_constructor_msgs/msg/_property_s.c
[67.421s] -- Installing: /home/andre/ros2_ws/src/install/moveit_task_constructor_msgs/lib/python3.12/site-packages/moveit_task_constructor_msgs/msg/_trajectory_execution_info.py
[67.421s] -- Installing: /home/andre/ros2_ws/src/install/moveit_task_constructor_msgs/lib/python3.12/site-packages/moveit_task_constructor_msgs/msg/_task_description.py
[67.422s] -- Installing: /home/andre/ros2_ws/src/install/moveit_task_constructor_msgs/lib/python3.12/site-packages/moveit_task_constructor_msgs/msg/_sub_trajectory.py
[67.422s] -- Installing: /home/andre/ros2_ws/src/install/moveit_task_constructor_msgs/lib/python3.12/site-packages/moveit_task_constructor_msgs/msg/_sub_solution.py
[67.423s] -- Installing: /home/andre/ros2_ws/src/install/moveit_task_constructor_msgs/lib/python3.12/site-packages/moveit_task_constructor_msgs/msg/_stage_statistics_s.c
[67.423s] -- Installing: /home/andre/ros2_ws/src/install/moveit_task_constructor_msgs/lib/python3.12/site-packages/moveit_task_constructor_msgs/msg/_trajectory_execution_info_s.c
[67.423s] -- Installing: /home/andre/ros2_ws/src/install/moveit_task_constructor_msgs/lib/python3.12/site-packages/moveit_task_constructor_msgs/msg/_stage_statistics.py
[67.423s] -- Installing: /home/andre/ros2_ws/src/install/moveit_task_constructor_msgs/lib/python3.12/site-packages/moveit_task_constructor_msgs/msg/_task_description_s.c
[67.423s] -- Installing: /home/andre/ros2_ws/src/install/moveit_task_constructor_msgs/lib/python3.12/site-packages/moveit_task_constructor_msgs/msg/__init__.py
[67.423s] -- Installing: /home/andre/ros2_ws/src/install/moveit_task_constructor_msgs/lib/python3.12/site-packages/moveit_task_constructor_msgs/msg/_task_statistics.py
[67.423s] -- Installing: /home/andre/ros2_ws/src/install/moveit_task_constructor_msgs/lib/python3.12/site-packages/moveit_task_constructor_msgs/msg/_sub_trajectory_s.c
[67.423s] -- Installing: /home/andre/ros2_ws/src/install/moveit_task_constructor_msgs/lib/python3.12/site-packages/moveit_task_constructor_msgs/msg/_task_statistics_s.c
[67.423s] -- Installing: /home/andre/ros2_ws/src/install/moveit_task_constructor_msgs/lib/python3.12/site-packages/moveit_task_constructor_msgs/msg/_solution.py
[67.423s] -- Installing: /home/andre/ros2_ws/src/install/moveit_task_constructor_msgs/lib/python3.12/site-packages/moveit_task_constructor_msgs/msg/_property.py
[67.423s] -- Installing: /home/andre/ros2_ws/src/install/moveit_task_constructor_msgs/lib/python3.12/site-packages/moveit_task_constructor_msgs/moveit_task_constructor_msgs_s__rosidl_typesupport_c.so
[67.424s] -- Installing: /home/andre/ros2_ws/src/install/moveit_task_constructor_msgs/lib/python3.12/site-packages/moveit_task_constructor_msgs/__init__.py
[67.424s] -- Installing: /home/andre/ros2_ws/src/install/moveit_task_constructor_msgs/lib/python3.12/site-packages/moveit_task_constructor_msgs/moveit_task_constructor_msgs_s__rosidl_typesupport_introspection_c.so
[67.491s] Listing '/home/andre/ros2_ws/src/install/moveit_task_constructor_msgs/lib/python3.12/site-packages/moveit_task_constructor_msgs'...
[67.491s] Compiling '/home/andre/ros2_ws/src/install/moveit_task_constructor_msgs/lib/python3.12/site-packages/moveit_task_constructor_msgs/__init__.py'...
[67.491s] Listing '/home/andre/ros2_ws/src/install/moveit_task_constructor_msgs/lib/python3.12/site-packages/moveit_task_constructor_msgs/action'...
[67.491s] Compiling '/home/andre/ros2_ws/src/install/moveit_task_constructor_msgs/lib/python3.12/site-packages/moveit_task_constructor_msgs/action/__init__.py'...
[67.491s] Compiling '/home/andre/ros2_ws/src/install/moveit_task_constructor_msgs/lib/python3.12/site-packages/moveit_task_constructor_msgs/action/_execute_task_solution.py'...
[67.491s] Listing '/home/andre/ros2_ws/src/install/moveit_task_constructor_msgs/lib/python3.12/site-packages/moveit_task_constructor_msgs/msg'...
[67.491s] Compiling '/home/andre/ros2_ws/src/install/moveit_task_constructor_msgs/lib/python3.12/site-packages/moveit_task_constructor_msgs/msg/__init__.py'...
[67.491s] Compiling '/home/andre/ros2_ws/src/install/moveit_task_constructor_msgs/lib/python3.12/site-packages/moveit_task_constructor_msgs/msg/_property.py'...
[67.491s] Compiling '/home/andre/ros2_ws/src/install/moveit_task_constructor_msgs/lib/python3.12/site-packages/moveit_task_constructor_msgs/msg/_solution.py'...
[67.492s] Compiling '/home/andre/ros2_ws/src/install/moveit_task_constructor_msgs/lib/python3.12/site-packages/moveit_task_constructor_msgs/msg/_solution_info.py'...
[67.492s] Compiling '/home/andre/ros2_ws/src/install/moveit_task_constructor_msgs/lib/python3.12/site-packages/moveit_task_constructor_msgs/msg/_stage_description.py'...
[67.492s] Compiling '/home/andre/ros2_ws/src/install/moveit_task_constructor_msgs/lib/python3.12/site-packages/moveit_task_constructor_msgs/msg/_stage_statistics.py'...
[67.492s] Compiling '/home/andre/ros2_ws/src/install/moveit_task_constructor_msgs/lib/python3.12/site-packages/moveit_task_constructor_msgs/msg/_sub_solution.py'...
[67.492s] Compiling '/home/andre/ros2_ws/src/install/moveit_task_constructor_msgs/lib/python3.12/site-packages/moveit_task_constructor_msgs/msg/_sub_trajectory.py'...
[67.492s] Compiling '/home/andre/ros2_ws/src/install/moveit_task_constructor_msgs/lib/python3.12/site-packages/moveit_task_constructor_msgs/msg/_task_description.py'...
[67.492s] Compiling '/home/andre/ros2_ws/src/install/moveit_task_constructor_msgs/lib/python3.12/site-packages/moveit_task_constructor_msgs/msg/_task_statistics.py'...
[67.492s] Compiling '/home/andre/ros2_ws/src/install/moveit_task_constructor_msgs/lib/python3.12/site-packages/moveit_task_constructor_msgs/msg/_trajectory_execution_info.py'...
[67.492s] Listing '/home/andre/ros2_ws/src/install/moveit_task_constructor_msgs/lib/python3.12/site-packages/moveit_task_constructor_msgs/srv'...
[67.492s] Compiling '/home/andre/ros2_ws/src/install/moveit_task_constructor_msgs/lib/python3.12/site-packages/moveit_task_constructor_msgs/srv/__init__.py'...
[67.492s] Compiling '/home/andre/ros2_ws/src/install/moveit_task_constructor_msgs/lib/python3.12/site-packages/moveit_task_constructor_msgs/srv/_get_solution.py'...
[67.498s] -- Installing: /home/andre/ros2_ws/src/install/moveit_task_constructor_msgs/lib/python3.12/site-packages/moveit_task_constructor_msgs/moveit_task_constructor_msgs_s__rosidl_typesupport_fastrtps_c.so
[67.498s] -- Set non-toolchain portion of runtime path of "/home/andre/ros2_ws/src/install/moveit_task_constructor_msgs/lib/python3.12/site-packages/moveit_task_constructor_msgs/moveit_task_constructor_msgs_s__rosidl_typesupport_fastrtps_c.so" to ""
[67.498s] -- Installing: /home/andre/ros2_ws/src/install/moveit_task_constructor_msgs/lib/python3.12/site-packages/moveit_task_constructor_msgs/moveit_task_constructor_msgs_s__rosidl_typesupport_introspection_c.so
[67.499s] -- Set non-toolchain portion of runtime path of "/home/andre/ros2_ws/src/install/moveit_task_constructor_msgs/lib/python3.12/site-packages/moveit_task_constructor_msgs/moveit_task_constructor_msgs_s__rosidl_typesupport_introspection_c.so" to ""
[67.499s] -- Installing: /home/andre/ros2_ws/src/install/moveit_task_constructor_msgs/lib/python3.12/site-packages/moveit_task_constructor_msgs/moveit_task_constructor_msgs_s__rosidl_typesupport_c.so
[67.499s] -- Set non-toolchain portion of runtime path of "/home/andre/ros2_ws/src/install/moveit_task_constructor_msgs/lib/python3.12/site-packages/moveit_task_constructor_msgs/moveit_task_constructor_msgs_s__rosidl_typesupport_c.so" to ""
[67.500s] -- Installing: /home/andre/ros2_ws/src/install/moveit_task_constructor_msgs/lib/libmoveit_task_constructor_msgs__rosidl_generator_py.so
[67.500s] -- Set non-toolchain portion of runtime path of "/home/andre/ros2_ws/src/install/moveit_task_constructor_msgs/lib/libmoveit_task_constructor_msgs__rosidl_generator_py.so" to ""
[67.500s] -- Installing: /home/andre/ros2_ws/src/install/moveit_task_constructor_msgs/share/moveit_task_constructor_msgs/msg/Property.idl
[67.500s] -- Installing: /home/andre/ros2_ws/src/install/moveit_task_constructor_msgs/share/moveit_task_constructor_msgs/msg/Solution.idl
[67.500s] -- Installing: /home/andre/ros2_ws/src/install/moveit_task_constructor_msgs/share/moveit_task_constructor_msgs/msg/SolutionInfo.idl
[67.501s] -- Installing: /home/andre/ros2_ws/src/install/moveit_task_constructor_msgs/share/moveit_task_constructor_msgs/msg/StageDescription.idl
[67.501s] -- Installing: /home/andre/ros2_ws/src/install/moveit_task_constructor_msgs/share/moveit_task_constructor_msgs/msg/StageStatistics.idl
[67.501s] -- Installing: /home/andre/ros2_ws/src/install/moveit_task_constructor_msgs/share/moveit_task_constructor_msgs/msg/SubSolution.idl
[67.501s] -- Installing: /home/andre/ros2_ws/src/install/moveit_task_constructor_msgs/share/moveit_task_constructor_msgs/msg/SubTrajectory.idl
[67.501s] -- Installing: /home/andre/ros2_ws/src/install/moveit_task_constructor_msgs/share/moveit_task_constructor_msgs/msg/TaskDescription.idl
[67.501s] -- Installing: /home/andre/ros2_ws/src/install/moveit_task_constructor_msgs/share/moveit_task_constructor_msgs/msg/TaskStatistics.idl
[67.502s] -- Installing: /home/andre/ros2_ws/src/install/moveit_task_constructor_msgs/share/moveit_task_constructor_msgs/msg/TrajectoryExecutionInfo.idl
[67.502s] -- Installing: /home/andre/ros2_ws/src/install/moveit_task_constructor_msgs/share/moveit_task_constructor_msgs/srv/GetSolution.idl
[67.502s] -- Installing: /home/andre/ros2_ws/src/install/moveit_task_constructor_msgs/share/moveit_task_constructor_msgs/action/ExecuteTaskSolution.idl
[67.502s] -- Installing: /home/andre/ros2_ws/src/install/moveit_task_constructor_msgs/share/moveit_task_constructor_msgs/msg/Property.msg
[67.502s] -- Installing: /home/andre/ros2_ws/src/install/moveit_task_constructor_msgs/share/moveit_task_constructor_msgs/msg/Solution.msg
[67.502s] -- Installing: /home/andre/ros2_ws/src/install/moveit_task_constructor_msgs/share/moveit_task_constructor_msgs/msg/SolutionInfo.msg
[67.502s] -- Installing: /home/andre/ros2_ws/src/install/moveit_task_constructor_msgs/share/moveit_task_constructor_msgs/msg/StageDescription.msg
[67.503s] -- Installing: /home/andre/ros2_ws/src/install/moveit_task_constructor_msgs/share/moveit_task_constructor_msgs/msg/StageStatistics.msg
[67.503s] -- Installing: /home/andre/ros2_ws/src/install/moveit_task_constructor_msgs/share/moveit_task_constructor_msgs/msg/SubSolution.msg
[67.503s] -- Installing: /home/andre/ros2_ws/src/install/moveit_task_constructor_msgs/share/moveit_task_constructor_msgs/msg/SubTrajectory.msg
[67.503s] -- Installing: /home/andre/ros2_ws/src/install/moveit_task_constructor_msgs/share/moveit_task_constructor_msgs/msg/TaskDescription.msg
[67.503s] -- Installing: /home/andre/ros2_ws/src/install/moveit_task_constructor_msgs/share/moveit_task_constructor_msgs/msg/TaskStatistics.msg
[67.503s] -- Installing: /home/andre/ros2_ws/src/install/moveit_task_constructor_msgs/share/moveit_task_constructor_msgs/msg/TrajectoryExecutionInfo.msg
[67.504s] -- Installing: /home/andre/ros2_ws/src/install/moveit_task_constructor_msgs/share/moveit_task_constructor_msgs/srv/GetSolution.srv
[67.504s] -- Installing: /home/andre/ros2_ws/src/install/moveit_task_constructor_msgs/share/moveit_task_constructor_msgs/action/ExecuteTaskSolution.action
[67.504s] -- Installing: /home/andre/ros2_ws/src/install/moveit_task_constructor_msgs/share/ament_index/resource_index/package_run_dependencies/moveit_task_constructor_msgs
[67.504s] -- Installing: /home/andre/ros2_ws/src/install/moveit_task_constructor_msgs/share/ament_index/resource_index/parent_prefix_path/moveit_task_constructor_msgs
[67.504s] -- Installing: /home/andre/ros2_ws/src/install/moveit_task_constructor_msgs/share/moveit_task_constructor_msgs/environment/ament_prefix_path.sh
[67.505s] -- Installing: /home/andre/ros2_ws/src/install/moveit_task_constructor_msgs/share/moveit_task_constructor_msgs/environment/ament_prefix_path.dsv
[67.505s] -- Installing: /home/andre/ros2_ws/src/install/moveit_task_constructor_msgs/share/moveit_task_constructor_msgs/environment/path.sh
[67.505s] -- Installing: /home/andre/ros2_ws/src/install/moveit_task_constructor_msgs/share/moveit_task_constructor_msgs/environment/path.dsv
[67.505s] -- Installing: /home/andre/ros2_ws/src/install/moveit_task_constructor_msgs/share/moveit_task_constructor_msgs/local_setup.bash
[67.505s] -- Installing: /home/andre/ros2_ws/src/install/moveit_task_constructor_msgs/share/moveit_task_constructor_msgs/local_setup.sh
[67.505s] -- Installing: /home/andre/ros2_ws/src/install/moveit_task_constructor_msgs/share/moveit_task_constructor_msgs/local_setup.zsh
[67.505s] -- Installing: /home/andre/ros2_ws/src/install/moveit_task_constructor_msgs/share/moveit_task_constructor_msgs/local_setup.dsv
[67.506s] -- Installing: /home/andre/ros2_ws/src/install/moveit_task_constructor_msgs/share/moveit_task_constructor_msgs/package.dsv
[67.506s] -- Installing: /home/andre/ros2_ws/src/install/moveit_task_constructor_msgs/share/ament_index/resource_index/packages/moveit_task_constructor_msgs
[67.506s] -- Installing: /home/andre/ros2_ws/src/install/moveit_task_constructor_msgs/share/moveit_task_constructor_msgs/cmake/export_moveit_task_constructor_msgs__rosidl_generator_cExport.cmake
[67.506s] -- Installing: /home/andre/ros2_ws/src/install/moveit_task_constructor_msgs/share/moveit_task_constructor_msgs/cmake/export_moveit_task_constructor_msgs__rosidl_generator_cExport-release.cmake
[67.506s] -- Installing: /home/andre/ros2_ws/src/install/moveit_task_constructor_msgs/share/moveit_task_constructor_msgs/cmake/export_moveit_task_constructor_msgs__rosidl_typesupport_fastrtps_cExport.cmake
[67.507s] -- Installing: /home/andre/ros2_ws/src/install/moveit_task_constructor_msgs/share/moveit_task_constructor_msgs/cmake/export_moveit_task_constructor_msgs__rosidl_typesupport_fastrtps_cExport-release.cmake
[67.507s] -- Installing: /home/andre/ros2_ws/src/install/moveit_task_constructor_msgs/share/moveit_task_constructor_msgs/cmake/export_moveit_task_constructor_msgs__rosidl_generator_cppExport.cmake
[67.507s] -- Installing: /home/andre/ros2_ws/src/install/moveit_task_constructor_msgs/share/moveit_task_constructor_msgs/cmake/export_moveit_task_constructor_msgs__rosidl_typesupport_fastrtps_cppExport.cmake
[67.507s] -- Installing: /home/andre/ros2_ws/src/install/moveit_task_constructor_msgs/share/moveit_task_constructor_msgs/cmake/export_moveit_task_constructor_msgs__rosidl_typesupport_fastrtps_cppExport-release.cmake
[67.507s] -- Installing: /home/andre/ros2_ws/src/install/moveit_task_constructor_msgs/share/moveit_task_constructor_msgs/cmake/moveit_task_constructor_msgs__rosidl_typesupport_introspection_cExport.cmake
[67.507s] -- Installing: /home/andre/ros2_ws/src/install/moveit_task_constructor_msgs/share/moveit_task_constructor_msgs/cmake/moveit_task_constructor_msgs__rosidl_typesupport_introspection_cExport-release.cmake
[67.508s] -- Installing: /home/andre/ros2_ws/src/install/moveit_task_constructor_msgs/share/moveit_task_constructor_msgs/cmake/moveit_task_constructor_msgs__rosidl_typesupport_cExport.cmake
[67.508s] -- Installing: /home/andre/ros2_ws/src/install/moveit_task_constructor_msgs/share/moveit_task_constructor_msgs/cmake/moveit_task_constructor_msgs__rosidl_typesupport_cExport-release.cmake
[67.508s] -- Installing: /home/andre/ros2_ws/src/install/moveit_task_constructor_msgs/share/moveit_task_constructor_msgs/cmake/moveit_task_constructor_msgs__rosidl_typesupport_introspection_cppExport.cmake
[67.508s] -- Installing: /home/andre/ros2_ws/src/install/moveit_task_constructor_msgs/share/moveit_task_constructor_msgs/cmake/moveit_task_constructor_msgs__rosidl_typesupport_introspection_cppExport-release.cmake
[67.508s] -- Installing: /home/andre/ros2_ws/src/install/moveit_task_constructor_msgs/share/moveit_task_constructor_msgs/cmake/moveit_task_constructor_msgs__rosidl_typesupport_cppExport.cmake
[67.509s] -- Installing: /home/andre/ros2_ws/src/install/moveit_task_constructor_msgs/share/moveit_task_constructor_msgs/cmake/moveit_task_constructor_msgs__rosidl_typesupport_cppExport-release.cmake
[67.509s] -- Installing: /home/andre/ros2_ws/src/install/moveit_task_constructor_msgs/share/moveit_task_constructor_msgs/cmake/export_moveit_task_constructor_msgs__rosidl_generator_pyExport.cmake
[67.509s] -- Installing: /home/andre/ros2_ws/src/install/moveit_task_constructor_msgs/share/moveit_task_constructor_msgs/cmake/export_moveit_task_constructor_msgs__rosidl_generator_pyExport-release.cmake
[67.509s] -- Installing: /home/andre/ros2_ws/src/install/moveit_task_constructor_msgs/share/moveit_task_constructor_msgs/cmake/rosidl_cmake-extras.cmake
[67.509s] -- Installing: /home/andre/ros2_ws/src/install/moveit_task_constructor_msgs/share/moveit_task_constructor_msgs/cmake/ament_cmake_export_dependencies-extras.cmake
[67.509s] -- Installing: /home/andre/ros2_ws/src/install/moveit_task_constructor_msgs/share/moveit_task_constructor_msgs/cmake/ament_cmake_export_include_directories-extras.cmake
[67.510s] -- Installing: /home/andre/ros2_ws/src/install/moveit_task_constructor_msgs/share/moveit_task_constructor_msgs/cmake/ament_cmake_export_libraries-extras.cmake
[67.510s] -- Installing: /home/andre/ros2_ws/src/install/moveit_task_constructor_msgs/share/moveit_task_constructor_msgs/cmake/ament_cmake_export_targets-extras.cmake
[67.510s] -- Installing: /home/andre/ros2_ws/src/install/moveit_task_constructor_msgs/share/moveit_task_constructor_msgs/cmake/rosidl_cmake_export_typesupport_targets-extras.cmake
[67.510s] -- Installing: /home/andre/ros2_ws/src/install/moveit_task_constructor_msgs/share/moveit_task_constructor_msgs/cmake/rosidl_cmake_export_typesupport_libraries-extras.cmake
[67.510s] -- Installing: /home/andre/ros2_ws/src/install/moveit_task_constructor_msgs/share/moveit_task_constructor_msgs/cmake/moveit_task_constructor_msgsConfig.cmake
[67.510s] -- Installing: /home/andre/ros2_ws/src/install/moveit_task_constructor_msgs/share/moveit_task_constructor_msgs/cmake/moveit_task_constructor_msgsConfig-version.cmake
[67.511s] -- Installing: /home/andre/ros2_ws/src/install/moveit_task_constructor_msgs/share/moveit_task_constructor_msgs/package.xml
[67.513s] Invoked command in '/home/andre/ros2_ws/src/build/moveit_task_constructor_msgs' returned '0': AMENT_PREFIX_PATH=/home/andre/ros2_ws/src/install/moveit_msgs:${AMENT_PREFIX_PATH} CMAKE_PREFIX_PATH=/home/andre/ros2_ws/src/install/moveit_msgs:/home/andre/ros2_ws/install:/opt/ros/jazzy/opt/gz_sim_vendor:/opt/ros/jazzy/opt/gz_sensors_vendor:/opt/ros/jazzy/opt/gz_physics_vendor:/opt/ros/jazzy/opt/sdformat_vendor:/opt/ros/jazzy/opt/gz_gui_vendor:/opt/ros/jazzy/opt/gz_transport_vendor:/opt/ros/jazzy/opt/gz_rendering_vendor:/opt/ros/jazzy/opt/gz_plugin_vendor:/opt/ros/jazzy/opt/gz_fuel_tools_vendor:/opt/ros/jazzy/opt/gz_msgs_vendor:/opt/ros/jazzy/opt/gz_common_vendor:/opt/ros/jazzy/opt/gz_math_vendor:/opt/ros/jazzy/opt/gz_utils_vendor:/opt/ros/jazzy/opt/gz_tools_vendor:/opt/ros/jazzy/opt/gz_ogre_next_vendor:/opt/ros/jazzy/opt/gz_dartsim_vendor:/opt/ros/jazzy/opt/gz_cmake_vendor:/opt/ros/jazzy DEBUGINFOD_URLS=https://debuginfod.ubuntu.com LD_LIBRARY_PATH=/home/andre/ros2_ws/src/install/moveit_msgs/lib:${LD_LIBRARY_PATH} PYTHONPATH=/home/andre/ros2_ws/src/install/moveit_msgs/lib/python3.12/site-packages:${PYTHONPATH} /usr/bin/cmake --install /home/andre/ros2_ws/src/build/moveit_task_constructor_msgs
